date,market_id,market,metric,property_kind,value,n
2026-09-02,py,Paraguay,active_sale,,9335,9335
2026-09-02,py,Paraguay,active_rent,,1042,1042
2026-09-02,py,Paraguay,asking_price_usd,casa,116798,2327
2026-09-02,py,Paraguay,asking_price_usd,departamento,104178,1883
2026-09-02,py,Paraguay,asking_usd_per_m2_built,casa,736,2126
2026-09-02,py,Paraguay,asking_usd_per_m2_built,departamento,1759,471
2026-09-02,py,Paraguay,asking_rent_usd_month,departamento,601,347
2026-09-02,py,Paraguay,asking_rent_usd_month,casa,761,164
2026-09-03,py,Paraguay,active_sale,,9338,9338
2026-09-03,py,Paraguay,active_rent,,1032,1032
2026-09-03,py,Paraguay,asking_price_usd,casa,116798,2332
2026-09-03,py,Paraguay,asking_price_usd,departamento,104112,1882
2026-09-03,py,Paraguay,asking_usd_per_m2_built,casa,736,2130
2026-09-03,py,Paraguay,asking_usd_per_m2_built,departamento,1762,472
2026-09-03,py,Paraguay,asking_rent_usd_month,departamento,601,346
2026-09-03,py,Paraguay,asking_rent_usd_month,casa,687,163
2026-09-04,py,Paraguay,active_sale,,9334,9334
2026-09-04,py,Paraguay,active_rent,,1034,1034
2026-09-04,py,Paraguay,asking_price_usd,casa,116798,2337
2026-09-04,py,Paraguay,asking_price_usd,departamento,103600,1872
2026-09-04,py,Paraguay,asking_usd_per_m2_built,casa,736,2137
2026-09-04,py,Paraguay,asking_usd_per_m2_built,departamento,1760,470
2026-09-04,py,Paraguay,asking_rent_usd_month,departamento,601,349
2026-09-04,py,Paraguay,asking_rent_usd_month,casa,687,162
2026-09-05,py,Paraguay,active_sale,,9318,9318
2026-09-05,py,Paraguay,active_rent,,1040,1040
2026-09-05,py,Paraguay,asking_price_usd,casa,116576,2338
2026-09-05,py,Paraguay,asking_price_usd,departamento,103000,1867
2026-09-05,py,Paraguay,asking_usd_per_m2_built,casa,736,2138
2026-09-05,py,Paraguay,asking_usd_per_m2_built,departamento,1762,472
2026-09-05,py,Paraguay,asking_rent_usd_month,departamento,601,348
2026-09-05,py,Paraguay,asking_rent_usd_month,casa,719,166
2026-09-06,py,Paraguay,active_sale,,9312,9312
2026-09-06,py,Paraguay,active_rent,,1039,1039
2026-09-06,py,Paraguay,asking_price_usd,casa,116147,2336
2026-09-06,py,Paraguay,asking_price_usd,departamento,103000,1866
2026-09-06,py,Paraguay,asking_usd_per_m2_built,casa,736,2136
2026-09-06,py,Paraguay,asking_usd_per_m2_built,departamento,1762,472
2026-09-06,py,Paraguay,asking_rent_usd_month,departamento,601,346
2026-09-06,py,Paraguay,asking_rent_usd_month,casa,719,166
2026-09-07,py,Paraguay,active_sale,,9320,9320
2026-09-07,py,Paraguay,active_rent,,1038,1038
2026-09-07,py,Paraguay,asking_price_usd,casa,116354,2335
2026-09-07,py,Paraguay,asking_price_usd,departamento,102770,1872
2026-09-07,py,Paraguay,asking_usd_per_m2_built,casa,736,2136
2026-09-07,py,Paraguay,asking_usd_per_m2_built,departamento,1763,475
2026-09-07,py,Paraguay,asking_rent_usd_month,departamento,601,347
2026-09-07,py,Paraguay,asking_rent_usd_month,casa,750,165
2026-09-08,py,Paraguay,active_sale,,9300,9300
2026-09-08,py,Paraguay,active_rent,,1037,1037
2026-09-08,py,Paraguay,asking_price_usd,casa,115500,2325
2026-09-08,py,Paraguay,asking_price_usd,departamento,103000,1862
2026-09-08,py,Paraguay,asking_usd_per_m2_built,casa,736,2128
2026-09-08,py,Paraguay,asking_usd_per_m2_built,departamento,1762,472
2026-09-08,py,Paraguay,asking_rent_usd_month,departamento,601,350
2026-09-08,py,Paraguay,asking_rent_usd_month,casa,761,162
2026-09-09,py,Paraguay,active_sale,,9303,9303
2026-09-09,py,Paraguay,active_rent,,1036,1036
2026-09-09,py,Paraguay,asking_price_usd,casa,115720,2326
2026-09-09,py,Paraguay,asking_price_usd,departamento,103000,1862
2026-09-09,py,Paraguay,asking_usd_per_m2_built,casa,736,2129
2026-09-09,py,Paraguay,asking_usd_per_m2_built,departamento,1762,472
2026-09-09,py,Paraguay,asking_rent_usd_month,departamento,601,349
2026-09-09,py,Paraguay,asking_rent_usd_month,casa,761,162
2026-09-10,py,Paraguay,active_sale,,9328,9328
2026-09-10,py,Paraguay,active_rent,,1047,1047
2026-09-10,py,Paraguay,asking_price_usd,casa,115080,2351
2026-09-10,py,Paraguay,asking_price_usd,departamento,103000,1865
2026-09-10,py,Paraguay,asking_usd_per_m2_built,casa,736,2155
2026-09-10,py,Paraguay,asking_usd_per_m2_built,departamento,1762,474
2026-09-10,py,Paraguay,asking_rent_usd_month,departamento,601,356
2026-09-10,py,Paraguay,asking_rent_usd_month,casa,761,162
2026-09-11,py,Paraguay,active_sale,,9331,9331
2026-09-11,py,Paraguay,active_rent,,1048,1048
2026-09-11,py,Paraguay,asking_price_usd,casa,115290,2352
2026-09-11,py,Paraguay,asking_price_usd,departamento,103000,1866
2026-09-11,py,Paraguay,asking_usd_per_m2_built,casa,736,2157
2026-09-11,py,Paraguay,asking_usd_per_m2_built,departamento,1762,474
2026-09-11,py,Paraguay,asking_rent_usd_month,departamento,601,356
2026-09-11,py,Paraguay,asking_rent_usd_month,casa,761,164
2026-09-12,py,Paraguay,active_sale,,9349,9349
2026-09-12,py,Paraguay,active_rent,,1043,1043
2026-09-12,py,Paraguay,asking_price_usd,casa,115080,2356
2026-09-12,py,Paraguay,asking_price_usd,departamento,102740,1877
2026-09-12,py,Paraguay,asking_usd_per_m2_built,casa,736,2163
2026-09-12,py,Paraguay,asking_usd_per_m2_built,departamento,1761,479
2026-09-12,py,Paraguay,asking_rent_usd_month,departamento,618,352
2026-09-12,py,Paraguay,asking_rent_usd_month,casa,761,164
2026-09-13,py,Paraguay,active_sale,,9347,9347
2026-09-13,py,Paraguay,active_rent,,1045,1045
2026-09-13,py,Paraguay,asking_price_usd,casa,115080,2356
2026-09-13,py,Paraguay,asking_price_usd,departamento,102800,1879
2026-09-13,py,Paraguay,asking_usd_per_m2_built,casa,736,2162
2026-09-13,py,Paraguay,asking_usd_per_m2_built,departamento,1763,481
2026-09-13,py,Paraguay,asking_rent_usd_month,departamento,618,355
2026-09-13,py,Paraguay,asking_rent_usd_month,casa,773,165
2026-09-14,py,Paraguay,active_sale,,9344,9344
2026-09-14,py,Paraguay,active_rent,,1048,1048
2026-09-14,py,Paraguay,asking_price_usd,casa,115080,2354
2026-09-14,py,Paraguay,asking_price_usd,departamento,103000,1878
2026-09-14,py,Paraguay,asking_usd_per_m2_built,casa,736,2160
2026-09-14,py,Paraguay,asking_usd_per_m2_built,departamento,1764,482
2026-09-14,py,Paraguay,asking_rent_usd_month,departamento,618,356
2026-09-14,py,Paraguay,asking_rent_usd_month,casa,773,165
2026-09-15,py,Paraguay,active_sale,,9335,9335
2026-09-15,py,Paraguay,active_rent,,1051,1051
2026-09-15,py,Paraguay,asking_price_usd,casa,116798,2342
2026-09-15,py,Paraguay,asking_price_usd,departamento,103000,1881
2026-09-15,py,Paraguay,asking_usd_per_m2_built,casa,736,2148
2026-09-15,py,Paraguay,asking_usd_per_m2_built,departamento,1764,482
2026-09-15,py,Paraguay,asking_rent_usd_month,departamento,618,357
2026-09-15,py,Paraguay,asking_rent_usd_month,casa,773,166
2026-09-16,py,Paraguay,active_sale,,9340,9340
2026-09-16,py,Paraguay,active_rent,,1057,1057
2026-09-16,py,Paraguay,asking_price_usd,casa,116354,2345
2026-09-16,py,Paraguay,asking_price_usd,departamento,103500,1875
2026-09-16,py,Paraguay,asking_usd_per_m2_built,casa,736,2150
2026-09-16,py,Paraguay,asking_usd_per_m2_built,departamento,1768,480
2026-09-16,py,Paraguay,asking_rent_usd_month,departamento,636,359
2026-09-16,py,Paraguay,asking_rent_usd_month,casa,773,167
2026-09-17,py,Paraguay,active_sale,,9334,9334
2026-09-17,py,Paraguay,active_rent,,1055,1055
2026-09-17,py,Paraguay,asking_price_usd,casa,115939,2345
2026-09-17,py,Paraguay,asking_price_usd,departamento,103285,1875
2026-09-17,py,Paraguay,asking_usd_per_m2_built,casa,736,2151
2026-09-17,py,Paraguay,asking_usd_per_m2_built,departamento,1768,480
2026-09-17,py,Paraguay,asking_rent_usd_month,departamento,618,357
2026-09-17,py,Paraguay,asking_rent_usd_month,casa,773,163
2026-09-18,py,Paraguay,active_sale,,9330,9330
2026-09-18,py,Paraguay,active_rent,,1058,1058
2026-09-18,py,Paraguay,asking_price_usd,casa,115080,2341
2026-09-18,py,Paraguay,asking_price_usd,departamento,103285,1879
2026-09-18,py,Paraguay,asking_usd_per_m2_built,casa,736,2149
2026-09-18,py,Paraguay,asking_usd_per_m2_built,departamento,1768,485
2026-09-18,py,Paraguay,asking_rent_usd_month,departamento,630,361
2026-09-18,py,Paraguay,asking_rent_usd_month,casa,773,163
2026-09-19,py,Paraguay,active_sale,,9430,9430
2026-09-19,py,Paraguay,active_rent,,1076,1076
2026-09-19,py,Paraguay,asking_price_usd,casa,115080,2361
2026-09-19,py,Paraguay,asking_price_usd,departamento,103057,1893
2026-09-19,py,Paraguay,asking_usd_per_m2_built,casa,734,2169
2026-09-19,py,Paraguay,asking_usd_per_m2_built,departamento,1765,489
2026-09-19,py,Paraguay,asking_rent_usd_month,departamento,624,366
2026-09-19,py,Paraguay,asking_rent_usd_month,casa,750,165
2026-09-20,py,Paraguay,active_sale,,9422,9422
2026-09-20,py,Paraguay,active_rent,,1076,1076
2026-09-20,py,Paraguay,asking_price_usd,casa,115080,2357
2026-09-20,py,Paraguay,asking_price_usd,departamento,103029,1892
2026-09-20,py,Paraguay,asking_usd_per_m2_built,casa,734,2165
2026-09-20,py,Paraguay,asking_usd_per_m2_built,departamento,1766,488
2026-09-20,py,Paraguay,asking_rent_usd_month,departamento,624,366
2026-09-20,py,Paraguay,asking_rent_usd_month,casa,773,165
2026-09-21,py,Paraguay,active_sale,,9410,9410
2026-09-21,py,Paraguay,active_rent,,1065,1065
2026-09-21,py,Paraguay,asking_price_usd,casa,115080,2352
2026-09-21,py,Paraguay,asking_price_usd,departamento,103000,1897
2026-09-21,py,Paraguay,asking_usd_per_m2_built,casa,736,2162
2026-09-21,py,Paraguay,asking_usd_per_m2_built,departamento,1764,492
2026-09-21,py,Paraguay,asking_rent_usd_month,departamento,633,362
2026-09-21,py,Paraguay,asking_rent_usd_month,casa,773,165
2026-09-22,py,Paraguay,active_sale,,9400,9400
2026-09-22,py,Paraguay,active_rent,,1053,1053
2026-09-22,py,Paraguay,asking_price_usd,casa,115080,2349
2026-09-22,py,Paraguay,asking_price_usd,departamento,102800,1881
2026-09-22,py,Paraguay,asking_usd_per_m2_built,casa,736,2160
2026-09-22,py,Paraguay,asking_usd_per_m2_built,departamento,1763,481
2026-09-22,py,Paraguay,asking_rent_usd_month,departamento,636,356
2026-09-22,py,Paraguay,asking_rent_usd_month,casa,750,167
2026-09-23,py,Paraguay,active_sale,,9410,9410
2026-09-23,py,Paraguay,active_rent,,1050,1050
2026-09-23,py,Paraguay,asking_price_usd,casa,115080,2353
2026-09-23,py,Paraguay,asking_price_usd,departamento,102900,1880
2026-09-23,py,Paraguay,asking_usd_per_m2_built,casa,736,2166
2026-09-23,py,Paraguay,asking_usd_per_m2_built,departamento,1765,478
2026-09-23,py,Paraguay,asking_rent_usd_month,departamento,636,356
2026-09-23,py,Paraguay,asking_rent_usd_month,casa,773,166
2026-09-24,py,Paraguay,active_sale,,9476,9476
2026-09-24,py,Paraguay,active_rent,,1069,1069
2026-09-24,py,Paraguay,asking_price_usd,casa,115080,2379
2026-09-24,py,Paraguay,asking_price_usd,departamento,103000,1902
2026-09-24,py,Paraguay,asking_usd_per_m2_built,casa,736,2193
2026-09-24,py,Paraguay,asking_usd_per_m2_built,departamento,1765,489
2026-09-24,py,Paraguay,asking_rent_usd_month,departamento,633,358
2026-09-24,py,Paraguay,asking_rent_usd_month,casa,773,170
2026-09-25,py,Paraguay,active_sale,,9509,9509
2026-09-25,py,Paraguay,active_rent,,1078,1078
2026-09-25,py,Paraguay,asking_price_usd,casa,116147,2390
2026-09-25,py,Paraguay,asking_price_usd,departamento,102800,1901
2026-09-25,py,Paraguay,asking_usd_per_m2_built,casa,735,2204
2026-09-25,py,Paraguay,asking_usd_per_m2_built,departamento,1768,487
2026-09-25,py,Paraguay,asking_rent_usd_month,departamento,636,359
2026-09-25,py,Paraguay,asking_rent_usd_month,casa,773,173
2026-09-26,py,Paraguay,active_sale,,9513,9513
2026-09-26,py,Paraguay,active_rent,,1075,1075
2026-09-26,py,Paraguay,asking_price_usd,casa,116147,2390
2026-09-26,py,Paraguay,asking_price_usd,departamento,102800,1901
2026-09-26,py,Paraguay,asking_usd_per_m2_built,casa,736,2204
2026-09-26,py,Paraguay,asking_usd_per_m2_built,departamento,1768,487
2026-09-26,py,Paraguay,asking_rent_usd_month,departamento,636,357
2026-09-26,py,Paraguay,asking_rent_usd_month,casa,773,173
2026-09-27,py,Paraguay,active_sale,,9509,9509
2026-09-27,py,Paraguay,active_rent,,1075,1075
2026-09-27,py,Paraguay,asking_price_usd,casa,116798,2387
2026-09-27,py,Paraguay,asking_price_usd,departamento,102770,1902
2026-09-27,py,Paraguay,asking_usd_per_m2_built,casa,735,2201
2026-09-27,py,Paraguay,asking_usd_per_m2_built,departamento,1768,487
2026-09-27,py,Paraguay,asking_rent_usd_month,departamento,636,357
2026-09-27,py,Paraguay,asking_rent_usd_month,casa,773,173
2026-09-28,py,Paraguay,active_sale,,9511,9511
2026-09-28,py,Paraguay,active_rent,,1075,1075
2026-09-28,py,Paraguay,asking_price_usd,casa,115500,2389
2026-09-28,py,Paraguay,asking_price_usd,departamento,102900,1900
2026-09-28,py,Paraguay,asking_usd_per_m2_built,casa,735,2202
2026-09-28,py,Paraguay,asking_usd_per_m2_built,departamento,1766,486
2026-09-28,py,Paraguay,asking_rent_usd_month,departamento,636,357
2026-09-28,py,Paraguay,asking_rent_usd_month,casa,773,173
2026-10-01,py,Paraguay,active_sale,,9484,9484
2026-10-01,py,Paraguay,active_rent,,1061,1061
2026-10-01,py,Paraguay,asking_price_usd,casa,115500,2379
2026-10-01,py,Paraguay,asking_price_usd,departamento,103393,1860
2026-10-01,py,Paraguay,asking_usd_per_m2_built,casa,734,2192
2026-10-01,py,Paraguay,asking_usd_per_m2_built,departamento,1772,471
2026-10-01,py,Paraguay,asking_rent_usd_month,departamento,614,352
2026-10-01,py,Paraguay,asking_rent_usd_month,casa,773,171
2026-09-02,d:asuncion,Asunción,active_sale,,2135,2135
2026-09-02,d:asuncion,Asunción,active_rent,,314,314
2026-09-02,d:asuncion,Asunción,asking_price_usd,casa,231878,324
2026-09-02,d:asuncion,Asunción,asking_price_usd,departamento,115000,1308
2026-09-02,d:asuncion,Asunción,asking_usd_per_m2_built,casa,862,290
2026-09-02,d:asuncion,Asunción,asking_usd_per_m2_built,departamento,1833,361
2026-09-02,d:asuncion,Asunción,asking_rent_usd_month,departamento,859,146
2026-09-02,d:asuncion,Asunción,asking_rent_usd_month,casa,1168,22
2026-09-03,d:asuncion,Asunción,active_sale,,2135,2135
2026-09-03,d:asuncion,Asunción,active_rent,,312,312
2026-09-03,d:asuncion,Asunción,asking_price_usd,casa,231878,325
2026-09-03,d:asuncion,Asunción,asking_price_usd,departamento,115000,1311
2026-09-03,d:asuncion,Asunción,asking_usd_per_m2_built,casa,859,290
2026-09-03,d:asuncion,Asunción,asking_usd_per_m2_built,departamento,1833,363
2026-09-03,d:asuncion,Asunción,asking_rent_usd_month,departamento,859,146
2026-09-03,d:asuncion,Asunción,asking_rent_usd_month,casa,1202,20
2026-09-04,d:asuncion,Asunción,active_sale,,2118,2118
2026-09-04,d:asuncion,Asunción,active_rent,,311,311
2026-09-04,d:asuncion,Asunción,asking_price_usd,casa,232952,326
2026-09-04,d:asuncion,Asunción,asking_price_usd,departamento,115000,1299
2026-09-04,d:asuncion,Asunción,asking_usd_per_m2_built,casa,859,291
2026-09-04,d:asuncion,Asunción,asking_usd_per_m2_built,departamento,1833,362
2026-09-04,d:asuncion,Asunción,asking_rent_usd_month,departamento,859,147
2026-09-04,d:asuncion,Asunción,asking_rent_usd_month,casa,,19
2026-09-05,d:asuncion,Asunción,active_sale,,2099,2099
2026-09-05,d:asuncion,Asunción,active_rent,,310,310
2026-09-05,d:asuncion,Asunción,asking_price_usd,casa,231878,325
2026-09-05,d:asuncion,Asunción,asking_price_usd,departamento,114962,1286
2026-09-05,d:asuncion,Asunción,asking_usd_per_m2_built,casa,859,290
2026-09-05,d:asuncion,Asunción,asking_usd_per_m2_built,departamento,1833,364
2026-09-05,d:asuncion,Asunción,asking_rent_usd_month,departamento,859,144
2026-09-05,d:asuncion,Asunción,asking_rent_usd_month,casa,,19
2026-09-06,d:asuncion,Asunción,active_sale,,2100,2100
2026-09-06,d:asuncion,Asunción,active_rent,,307,307
2026-09-06,d:asuncion,Asunción,asking_price_usd,casa,232952,326
2026-09-06,d:asuncion,Asunción,asking_price_usd,departamento,114962,1286
2026-09-06,d:asuncion,Asunción,asking_usd_per_m2_built,casa,859,291
2026-09-06,d:asuncion,Asunción,asking_usd_per_m2_built,departamento,1833,364
2026-09-06,d:asuncion,Asunción,asking_rent_usd_month,departamento,859,141
2026-09-06,d:asuncion,Asunción,asking_rent_usd_month,casa,,19
2026-09-07,d:asuncion,Asunción,active_sale,,2100,2100
2026-09-07,d:asuncion,Asunción,active_rent,,304,304
2026-09-07,d:asuncion,Asunción,asking_price_usd,casa,232952,326
2026-09-07,d:asuncion,Asunción,asking_price_usd,departamento,114962,1285
2026-09-07,d:asuncion,Asunción,asking_usd_per_m2_built,casa,859,291
2026-09-07,d:asuncion,Asunción,asking_usd_per_m2_built,departamento,1833,364
2026-09-07,d:asuncion,Asunción,asking_rent_usd_month,departamento,859,140
2026-09-07,d:asuncion,Asunción,asking_rent_usd_month,casa,,18
2026-09-08,d:asuncion,Asunción,active_sale,,2090,2090
2026-09-08,d:asuncion,Asunción,active_rent,,304,304
2026-09-08,d:asuncion,Asunción,asking_price_usd,casa,231878,322
2026-09-08,d:asuncion,Asunción,asking_price_usd,departamento,115000,1279
2026-09-08,d:asuncion,Asunción,asking_usd_per_m2_built,casa,859,288
2026-09-08,d:asuncion,Asunción,asking_usd_per_m2_built,departamento,1833,362
2026-09-08,d:asuncion,Asunción,asking_rent_usd_month,departamento,859,143
2026-09-08,d:asuncion,Asunción,asking_rent_usd_month,casa,1202,20
2026-09-09,d:asuncion,Asunción,active_sale,,2090,2090
2026-09-09,d:asuncion,Asunción,active_rent,,303,303
2026-09-09,d:asuncion,Asunción,asking_price_usd,casa,231878,322
2026-09-09,d:asuncion,Asunción,asking_price_usd,departamento,115000,1279
2026-09-09,d:asuncion,Asunción,asking_usd_per_m2_built,casa,859,288
2026-09-09,d:asuncion,Asunción,asking_usd_per_m2_built,departamento,1833,362
2026-09-09,d:asuncion,Asunción,asking_rent_usd_month,departamento,859,142
2026-09-09,d:asuncion,Asunción,asking_rent_usd_month,casa,1202,20
2026-09-10,d:asuncion,Asunción,active_sale,,2093,2093
2026-09-10,d:asuncion,Asunción,active_rent,,311,311
2026-09-10,d:asuncion,Asunción,asking_price_usd,casa,231878,322
2026-09-10,d:asuncion,Asunción,asking_price_usd,departamento,115000,1280
2026-09-10,d:asuncion,Asunción,asking_usd_per_m2_built,casa,859,288
2026-09-10,d:asuncion,Asunción,asking_usd_per_m2_built,departamento,1833,364
2026-09-10,d:asuncion,Asunción,asking_rent_usd_month,departamento,859,147
2026-09-10,d:asuncion,Asunción,asking_rent_usd_month,casa,1202,20
2026-09-11,d:asuncion,Asunción,active_sale,,2095,2095
2026-09-11,d:asuncion,Asunción,active_rent,,313,313
2026-09-11,d:asuncion,Asunción,asking_price_usd,casa,231878,322
2026-09-11,d:asuncion,Asunción,asking_price_usd,departamento,115000,1282
2026-09-11,d:asuncion,Asunción,asking_usd_per_m2_built,casa,859,288
2026-09-11,d:asuncion,Asunción,asking_usd_per_m2_built,departamento,1833,364
2026-09-11,d:asuncion,Asunción,asking_rent_usd_month,departamento,854,148
2026-09-11,d:asuncion,Asunción,asking_rent_usd_month,casa,1202,21
2026-09-12,d:asuncion,Asunción,active_sale,,2103,2103
2026-09-12,d:asuncion,Asunción,active_rent,,317,317
2026-09-12,d:asuncion,Asunción,asking_price_usd,casa,231878,322
2026-09-12,d:asuncion,Asunción,asking_price_usd,departamento,115000,1289
2026-09-12,d:asuncion,Asunción,asking_usd_per_m2_built,casa,859,288
2026-09-12,d:asuncion,Asunción,asking_usd_per_m2_built,departamento,1833,365
2026-09-12,d:asuncion,Asunción,asking_rent_usd_month,departamento,850,151
2026-09-12,d:asuncion,Asunción,asking_rent_usd_month,casa,1202,21
2026-09-13,d:asuncion,Asunción,active_sale,,2101,2101
2026-09-13,d:asuncion,Asunción,active_rent,,320,320
2026-09-13,d:asuncion,Asunción,asking_price_usd,casa,231878,321
2026-09-13,d:asuncion,Asunción,asking_price_usd,departamento,115000,1288
2026-09-13,d:asuncion,Asunción,asking_usd_per_m2_built,casa,859,287
2026-09-13,d:asuncion,Asunción,asking_usd_per_m2_built,departamento,1833,364
2026-09-13,d:asuncion,Asunción,asking_rent_usd_month,departamento,850,154
2026-09-13,d:asuncion,Asunción,asking_rent_usd_month,casa,1314,22
2026-09-14,d:asuncion,Asunción,active_sale,,2100,2100
2026-09-14,d:asuncion,Asunción,active_rent,,320,320
2026-09-14,d:asuncion,Asunción,asking_price_usd,casa,231878,321
2026-09-14,d:asuncion,Asunción,asking_price_usd,departamento,115000,1288
2026-09-14,d:asuncion,Asunción,asking_usd_per_m2_built,casa,859,287
2026-09-14,d:asuncion,Asunción,asking_usd_per_m2_built,departamento,1833,365
2026-09-14,d:asuncion,Asunción,asking_rent_usd_month,departamento,850,155
2026-09-14,d:asuncion,Asunción,asking_rent_usd_month,casa,1426,21
2026-09-15,d:asuncion,Asunción,active_sale,,2100,2100
2026-09-15,d:asuncion,Asunción,active_rent,,322,322
2026-09-15,d:asuncion,Asunción,asking_price_usd,casa,231878,322
2026-09-15,d:asuncion,Asunción,asking_price_usd,departamento,115000,1290
2026-09-15,d:asuncion,Asunción,asking_usd_per_m2_built,casa,862,288
2026-09-15,d:asuncion,Asunción,asking_usd_per_m2_built,departamento,1838,365
2026-09-15,d:asuncion,Asunción,asking_rent_usd_month,departamento,850,155
2026-09-15,d:asuncion,Asunción,asking_rent_usd_month,casa,1202,23
2026-09-16,d:asuncion,Asunción,active_sale,,2096,2096
2026-09-16,d:asuncion,Asunción,active_rent,,323,323
2026-09-16,d:asuncion,Asunción,asking_price_usd,casa,231878,321
2026-09-16,d:asuncion,Asunción,asking_price_usd,departamento,115000,1285
2026-09-16,d:asuncion,Asunción,asking_usd_per_m2_built,casa,865,287
2026-09-16,d:asuncion,Asunción,asking_usd_per_m2_built,departamento,1843,364
2026-09-16,d:asuncion,Asunción,asking_rent_usd_month,departamento,850,155
2026-09-16,d:asuncion,Asunción,asking_rent_usd_month,casa,1202,23
2026-09-17,d:asuncion,Asunción,active_sale,,2093,2093
2026-09-17,d:asuncion,Asunción,active_rent,,317,317
2026-09-17,d:asuncion,Asunción,asking_price_usd,casa,232952,320
2026-09-17,d:asuncion,Asunción,asking_price_usd,departamento,115000,1285
2026-09-17,d:asuncion,Asunción,asking_usd_per_m2_built,casa,866,286
2026-09-17,d:asuncion,Asunción,asking_usd_per_m2_built,departamento,1845,364
2026-09-17,d:asuncion,Asunción,asking_rent_usd_month,departamento,850,151
2026-09-17,d:asuncion,Asunción,asking_rent_usd_month,casa,1202,20
2026-09-18,d:asuncion,Asunción,active_sale,,2095,2095
2026-09-18,d:asuncion,Asunción,active_rent,,314,314
2026-09-18,d:asuncion,Asunción,asking_price_usd,casa,231878,320
2026-09-18,d:asuncion,Asunción,asking_price_usd,departamento,115000,1288
2026-09-18,d:asuncion,Asunción,asking_usd_per_m2_built,casa,859,287
2026-09-18,d:asuncion,Asunción,asking_usd_per_m2_built,departamento,1848,368
2026-09-18,d:asuncion,Asunción,asking_rent_usd_month,departamento,854,152
2026-09-18,d:asuncion,Asunción,asking_rent_usd_month,casa,,19
2026-09-19,d:asuncion,Asunción,active_sale,,2111,2111
2026-09-19,d:asuncion,Asunción,active_rent,,322,322
2026-09-19,d:asuncion,Asunción,asking_price_usd,casa,231878,326
2026-09-19,d:asuncion,Asunción,asking_price_usd,departamento,115000,1297
2026-09-19,d:asuncion,Asunción,asking_usd_per_m2_built,casa,862,294
2026-09-19,d:asuncion,Asunción,asking_usd_per_m2_built,departamento,1847,369
2026-09-19,d:asuncion,Asunción,asking_rent_usd_month,departamento,850,156
2026-09-19,d:asuncion,Asunción,asking_rent_usd_month,casa,1116,20
2026-09-20,d:asuncion,Asunción,active_sale,,2111,2111
2026-09-20,d:asuncion,Asunción,active_rent,,322,322
2026-09-20,d:asuncion,Asunción,asking_price_usd,casa,231878,327
2026-09-20,d:asuncion,Asunción,asking_price_usd,departamento,115000,1296
2026-09-20,d:asuncion,Asunción,asking_usd_per_m2_built,casa,859,295
2026-09-20,d:asuncion,Asunción,asking_usd_per_m2_built,departamento,1848,368
2026-09-20,d:asuncion,Asunción,asking_rent_usd_month,departamento,850,156
2026-09-20,d:asuncion,Asunción,asking_rent_usd_month,casa,1116,20
2026-09-21,d:asuncion,Asunción,active_sale,,2111,2111
2026-09-21,d:asuncion,Asunción,active_rent,,321,321
2026-09-21,d:asuncion,Asunción,asking_price_usd,casa,231878,327
2026-09-21,d:asuncion,Asunción,asking_price_usd,departamento,115000,1299
2026-09-21,d:asuncion,Asunción,asking_usd_per_m2_built,casa,859,295
2026-09-21,d:asuncion,Asunción,asking_usd_per_m2_built,departamento,1845,370
2026-09-21,d:asuncion,Asunción,asking_rent_usd_month,departamento,850,155
2026-09-21,d:asuncion,Asunción,asking_rent_usd_month,casa,1116,20
2026-09-22,d:asuncion,Asunción,active_sale,,2097,2097
2026-09-22,d:asuncion,Asunción,active_rent,,317,317
2026-09-22,d:asuncion,Asunción,asking_price_usd,casa,234513,326
2026-09-22,d:asuncion,Asunción,asking_price_usd,departamento,115000,1284
2026-09-22,d:asuncion,Asunción,asking_usd_per_m2_built,casa,859,294
2026-09-22,d:asuncion,Asunción,asking_usd_per_m2_built,departamento,1843,360
2026-09-22,d:asuncion,Asunción,asking_rent_usd_month,departamento,850,152
2026-09-22,d:asuncion,Asunción,asking_rent_usd_month,casa,1116,20
2026-09-23,d:asuncion,Asunción,active_sale,,2098,2098
2026-09-23,d:asuncion,Asunción,active_rent,,316,316
2026-09-23,d:asuncion,Asunción,asking_price_usd,casa,232952,328
2026-09-23,d:asuncion,Asunción,asking_price_usd,departamento,115000,1281
2026-09-23,d:asuncion,Asunción,asking_usd_per_m2_built,casa,859,295
2026-09-23,d:asuncion,Asunción,asking_usd_per_m2_built,departamento,1847,357
2026-09-23,d:asuncion,Asunción,asking_rent_usd_month,departamento,850,153
2026-09-23,d:asuncion,Asunción,asking_rent_usd_month,casa,1202,21
2026-09-24,d:asuncion,Asunción,active_sale,,2121,2121
2026-09-24,d:asuncion,Asunción,active_rent,,318,318
2026-09-24,d:asuncion,Asunción,asking_price_usd,casa,231878,331
2026-09-24,d:asuncion,Asunción,asking_price_usd,departamento,115000,1301
2026-09-24,d:asuncion,Asunción,asking_usd_per_m2_built,casa,859,298
2026-09-24,d:asuncion,Asunción,asking_usd_per_m2_built,departamento,1850,367
2026-09-24,d:asuncion,Asunción,asking_rent_usd_month,departamento,837,152
2026-09-24,d:asuncion,Asunción,asking_rent_usd_month,casa,1202,23
2026-09-25,d:asuncion,Asunción,active_sale,,2123,2123
2026-09-25,d:asuncion,Asunción,active_rent,,318,318
2026-09-25,d:asuncion,Asunción,asking_price_usd,casa,232952,334
2026-09-25,d:asuncion,Asunción,asking_price_usd,departamento,115000,1299
2026-09-25,d:asuncion,Asunción,asking_usd_per_m2_built,casa,859,301
2026-09-25,d:asuncion,Asunción,asking_usd_per_m2_built,departamento,1852,365
2026-09-25,d:asuncion,Asunción,asking_rent_usd_month,departamento,850,148
2026-09-25,d:asuncion,Asunción,asking_rent_usd_month,casa,1460,25
2026-09-26,d:asuncion,Asunción,active_sale,,2124,2124
2026-09-26,d:asuncion,Asunción,active_rent,,317,317
2026-09-26,d:asuncion,Asunción,asking_price_usd,casa,232952,334
2026-09-26,d:asuncion,Asunción,asking_price_usd,departamento,115000,1299
2026-09-26,d:asuncion,Asunción,asking_usd_per_m2_built,casa,859,301
2026-09-26,d:asuncion,Asunción,asking_usd_per_m2_built,departamento,1852,365
2026-09-26,d:asuncion,Asunción,asking_rent_usd_month,departamento,850,148
2026-09-26,d:asuncion,Asunción,asking_rent_usd_month,casa,1460,25
2026-09-27,d:asuncion,Asunción,active_sale,,2124,2124
2026-09-27,d:asuncion,Asunción,active_rent,,317,317
2026-09-27,d:asuncion,Asunción,asking_price_usd,casa,232952,334
2026-09-27,d:asuncion,Asunción,asking_price_usd,departamento,115000,1299
2026-09-27,d:asuncion,Asunción,asking_usd_per_m2_built,casa,859,301
2026-09-27,d:asuncion,Asunción,asking_usd_per_m2_built,departamento,1852,365
2026-09-27,d:asuncion,Asunción,asking_rent_usd_month,departamento,850,148
2026-09-27,d:asuncion,Asunción,asking_rent_usd_month,casa,1460,25
2026-09-28,d:asuncion,Asunción,active_sale,,2122,2122
2026-09-28,d:asuncion,Asunción,active_rent,,317,317
2026-09-28,d:asuncion,Asunción,asking_price_usd,casa,232952,334
2026-09-28,d:asuncion,Asunción,asking_price_usd,departamento,115000,1299
2026-09-28,d:asuncion,Asunción,asking_usd_per_m2_built,casa,859,301
2026-09-28,d:asuncion,Asunción,asking_usd_per_m2_built,departamento,1851,366
2026-09-28,d:asuncion,Asunción,asking_rent_usd_month,departamento,850,148
2026-09-28,d:asuncion,Asunción,asking_rent_usd_month,casa,1460,25
2026-10-01,d:asuncion,Asunción,active_sale,,2083,2083
2026-10-01,d:asuncion,Asunción,active_rent,,310,310
2026-10-01,d:asuncion,Asunción,asking_price_usd,casa,231878,335
2026-10-01,d:asuncion,Asunción,asking_price_usd,departamento,115000,1266
2026-10-01,d:asuncion,Asunción,asking_usd_per_m2_built,casa,858,302
2026-10-01,d:asuncion,Asunción,asking_usd_per_m2_built,departamento,1852,355
2026-10-01,d:asuncion,Asunción,asking_rent_usd_month,departamento,824,144
2026-10-01,d:asuncion,Asunción,asking_rent_usd_month,casa,1632,23
2026-09-02,d:central,Central,active_sale,,3623,3623
2026-09-02,d:central,Central,active_rent,,450,450
2026-09-02,d:central,Central,asking_price_usd,casa,91034,1303
2026-09-02,d:central,Central,asking_price_usd,departamento,72140,339
2026-09-02,d:central,Central,asking_usd_per_m2_built,casa,728,1216
2026-09-02,d:central,Central,asking_usd_per_m2_built,departamento,1263,62
2026-09-02,d:central,Central,asking_rent_usd_month,departamento,429,144
2026-09-02,d:central,Central,asking_rent_usd_month,casa,550,69
2026-09-03,d:central,Central,active_sale,,3627,3627
2026-09-03,d:central,Central,active_rent,,450,450
2026-09-03,d:central,Central,asking_price_usd,casa,91034,1307
2026-09-03,d:central,Central,asking_price_usd,departamento,72140,336
2026-09-03,d:central,Central,asking_usd_per_m2_built,casa,731,1220
2026-09-03,d:central,Central,asking_usd_per_m2_built,departamento,1250,61
2026-09-03,d:central,Central,asking_rent_usd_month,departamento,429,143
2026-09-03,d:central,Central,asking_rent_usd_month,casa,515,71
2026-09-04,d:central,Central,active_sale,,3642,3642
2026-09-04,d:central,Central,active_rent,,456,456
2026-09-04,d:central,Central,asking_price_usd,casa,91034,1311
2026-09-04,d:central,Central,asking_price_usd,departamento,72140,339
2026-09-04,d:central,Central,asking_usd_per_m2_built,casa,728,1226
2026-09-04,d:central,Central,asking_usd_per_m2_built,departamento,1250,61
2026-09-04,d:central,Central,asking_rent_usd_month,departamento,429,145
2026-09-04,d:central,Central,asking_rent_usd_month,casa,515,71
2026-09-05,d:central,Central,active_sale,,3651,3651
2026-09-05,d:central,Central,active_rent,,459,459
2026-09-05,d:central,Central,asking_price_usd,casa,91034,1313
2026-09-05,d:central,Central,asking_price_usd,departamento,72140,347
2026-09-05,d:central,Central,asking_usd_per_m2_built,casa,727,1228
2026-09-05,d:central,Central,asking_usd_per_m2_built,departamento,1250,61
2026-09-05,d:central,Central,asking_rent_usd_month,departamento,429,145
2026-09-05,d:central,Central,asking_rent_usd_month,casa,515,74
2026-09-06,d:central,Central,active_sale,,3644,3644
2026-09-06,d:central,Central,active_rent,,461,461
2026-09-06,d:central,Central,asking_price_usd,casa,91034,1311
2026-09-06,d:central,Central,asking_price_usd,departamento,72140,346
2026-09-06,d:central,Central,asking_usd_per_m2_built,casa,727,1226
2026-09-06,d:central,Central,asking_usd_per_m2_built,departamento,1250,61
2026-09-06,d:central,Central,asking_rent_usd_month,departamento,429,146
2026-09-06,d:central,Central,asking_rent_usd_month,casa,515,74
2026-09-07,d:central,Central,active_sale,,3644,3644
2026-09-07,d:central,Central,active_rent,,463,463
2026-09-07,d:central,Central,asking_price_usd,casa,91034,1310
2026-09-07,d:central,Central,asking_price_usd,departamento,72140,346
2026-09-07,d:central,Central,asking_usd_per_m2_built,casa,727,1225
2026-09-07,d:central,Central,asking_usd_per_m2_built,departamento,1250,61
2026-09-07,d:central,Central,asking_rent_usd_month,departamento,429,148
2026-09-07,d:central,Central,asking_rent_usd_month,casa,515,74
2026-09-08,d:central,Central,active_sale,,3641,3641
2026-09-08,d:central,Central,active_rent,,459,459
2026-09-08,d:central,Central,asking_price_usd,casa,91034,1305
2026-09-08,d:central,Central,asking_price_usd,departamento,71870,344
2026-09-08,d:central,Central,asking_usd_per_m2_built,casa,728,1219
2026-09-08,d:central,Central,asking_usd_per_m2_built,departamento,1247,60
2026-09-08,d:central,Central,asking_rent_usd_month,departamento,429,147
2026-09-08,d:central,Central,asking_rent_usd_month,casa,552,72
2026-09-09,d:central,Central,active_sale,,3643,3643
2026-09-09,d:central,Central,active_rent,,459,459
2026-09-09,d:central,Central,asking_price_usd,casa,91034,1306
2026-09-09,d:central,Central,asking_price_usd,departamento,71870,344
2026-09-09,d:central,Central,asking_usd_per_m2_built,casa,728,1220
2026-09-09,d:central,Central,asking_usd_per_m2_built,departamento,1247,60
2026-09-09,d:central,Central,asking_rent_usd_month,departamento,429,147
2026-09-09,d:central,Central,asking_rent_usd_month,casa,552,72
2026-09-10,d:central,Central,active_sale,,3658,3658
2026-09-10,d:central,Central,active_rent,,462,462
2026-09-10,d:central,Central,asking_price_usd,casa,90175,1325
2026-09-10,d:central,Central,asking_price_usd,departamento,71450,346
2026-09-10,d:central,Central,asking_usd_per_m2_built,casa,735,1240
2026-09-10,d:central,Central,asking_usd_per_m2_built,departamento,1247,60
2026-09-10,d:central,Central,asking_rent_usd_month,departamento,429,149
2026-09-10,d:central,Central,asking_rent_usd_month,casa,515,71
2026-09-11,d:central,Central,active_sale,,3659,3659
2026-09-11,d:central,Central,active_rent,,461,461
2026-09-11,d:central,Central,asking_price_usd,casa,90433,1324
2026-09-11,d:central,Central,asking_price_usd,departamento,71235,346
2026-09-11,d:central,Central,asking_usd_per_m2_built,casa,734,1240
2026-09-11,d:central,Central,asking_usd_per_m2_built,departamento,1239,60
2026-09-11,d:central,Central,asking_rent_usd_month,departamento,429,148
2026-09-11,d:central,Central,asking_rent_usd_month,casa,515,72
2026-09-12,d:central,Central,active_sale,,3661,3661
2026-09-12,d:central,Central,active_rent,,456,456
2026-09-12,d:central,Central,asking_price_usd,casa,89746,1328
2026-09-12,d:central,Central,asking_price_usd,departamento,71235,344
2026-09-12,d:central,Central,asking_usd_per_m2_built,casa,736,1244
2026-09-12,d:central,Central,asking_usd_per_m2_built,departamento,1244,59
2026-09-12,d:central,Central,asking_rent_usd_month,departamento,429,145
2026-09-12,d:central,Central,asking_rent_usd_month,casa,515,73
2026-09-13,d:central,Central,active_sale,,3657,3657
2026-09-13,d:central,Central,active_rent,,455,455
2026-09-13,d:central,Central,asking_price_usd,casa,89316,1327
2026-09-13,d:central,Central,asking_price_usd,departamento,71235,344
2026-09-13,d:central,Central,asking_usd_per_m2_built,casa,735,1243
2026-09-13,d:central,Central,asking_usd_per_m2_built,departamento,1244,59
2026-09-13,d:central,Central,asking_rent_usd_month,departamento,429,145
2026-09-13,d:central,Central,asking_rent_usd_month,casa,515,73
2026-09-14,d:central,Central,active_sale,,3655,3655
2026-09-14,d:central,Central,active_rent,,457,457
2026-09-14,d:central,Central,asking_price_usd,casa,90175,1325
2026-09-14,d:central,Central,asking_price_usd,departamento,71300,343
2026-09-14,d:central,Central,asking_usd_per_m2_built,casa,735,1241
2026-09-14,d:central,Central,asking_usd_per_m2_built,departamento,1244,59
2026-09-14,d:central,Central,asking_rent_usd_month,departamento,429,145
2026-09-14,d:central,Central,asking_rent_usd_month,casa,515,74
2026-09-15,d:central,Central,active_sale,,3642,3642
2026-09-15,d:central,Central,active_rent,,458,458
2026-09-15,d:central,Central,asking_price_usd,casa,91034,1311
2026-09-15,d:central,Central,asking_price_usd,departamento,71600,345
2026-09-15,d:central,Central,asking_usd_per_m2_built,casa,725,1227
2026-09-15,d:central,Central,asking_usd_per_m2_built,departamento,1244,59
2026-09-15,d:central,Central,asking_rent_usd_month,departamento,429,146
2026-09-15,d:central,Central,asking_rent_usd_month,casa,515,73
2026-09-16,d:central,Central,active_sale,,3644,3644
2026-09-16,d:central,Central,active_rent,,459,459
2026-09-16,d:central,Central,asking_price_usd,casa,91034,1314
2026-09-16,d:central,Central,asking_price_usd,departamento,71870,344
2026-09-16,d:central,Central,asking_usd_per_m2_built,casa,725,1231
2026-09-16,d:central,Central,asking_usd_per_m2_built,departamento,1250,59
2026-09-16,d:central,Central,asking_rent_usd_month,departamento,429,147
2026-09-16,d:central,Central,asking_rent_usd_month,casa,515,73
2026-09-17,d:central,Central,active_sale,,3649,3649
2026-09-17,d:central,Central,active_rent,,461,461
2026-09-17,d:central,Central,asking_price_usd,casa,91034,1318
2026-09-17,d:central,Central,asking_price_usd,departamento,71600,345
2026-09-17,d:central,Central,asking_usd_per_m2_built,casa,725,1235
2026-09-17,d:central,Central,asking_usd_per_m2_built,departamento,1250,59
2026-09-17,d:central,Central,asking_rent_usd_month,departamento,429,147
2026-09-17,d:central,Central,asking_rent_usd_month,casa,515,73
2026-09-18,d:central,Central,active_sale,,3650,3650
2026-09-18,d:central,Central,active_rent,,467,467
2026-09-18,d:central,Central,asking_price_usd,casa,91034,1314
2026-09-18,d:central,Central,asking_price_usd,departamento,71870,346
2026-09-18,d:central,Central,asking_usd_per_m2_built,casa,724,1231
2026-09-18,d:central,Central,asking_usd_per_m2_built,departamento,1250,61
2026-09-18,d:central,Central,asking_rent_usd_month,departamento,429,150
2026-09-18,d:central,Central,asking_rent_usd_month,casa,515,74
2026-09-19,d:central,Central,active_sale,,3701,3701
2026-09-19,d:central,Central,active_rent,,474,474
2026-09-19,d:central,Central,asking_price_usd,casa,89316,1324
2026-09-19,d:central,Central,asking_price_usd,departamento,72140,348
2026-09-19,d:central,Central,asking_usd_per_m2_built,casa,718,1241
2026-09-19,d:central,Central,asking_usd_per_m2_built,departamento,1275,63
2026-09-19,d:central,Central,asking_rent_usd_month,departamento,429,150
2026-09-19,d:central,Central,asking_rent_usd_month,casa,515,73
2026-09-20,d:central,Central,active_sale,,3696,3696
2026-09-20,d:central,Central,active_rent,,474,474
2026-09-20,d:central,Central,asking_price_usd,casa,89316,1320
2026-09-20,d:central,Central,asking_price_usd,departamento,72140,348
2026-09-20,d:central,Central,asking_usd_per_m2_built,casa,718,1237
2026-09-20,d:central,Central,asking_usd_per_m2_built,departamento,1275,63
2026-09-20,d:central,Central,asking_rent_usd_month,departamento,429,150
2026-09-20,d:central,Central,asking_rent_usd_month,casa,515,73
2026-09-21,d:central,Central,active_sale,,3687,3687
2026-09-21,d:central,Central,active_rent,,464,464
2026-09-21,d:central,Central,asking_price_usd,casa,90433,1312
2026-09-21,d:central,Central,asking_price_usd,departamento,72140,348
2026-09-21,d:central,Central,asking_usd_per_m2_built,casa,721,1229
2026-09-21,d:central,Central,asking_usd_per_m2_built,departamento,1275,63
2026-09-21,d:central,Central,asking_rent_usd_month,departamento,429,146
2026-09-21,d:central,Central,asking_rent_usd_month,casa,515,73
2026-09-22,d:central,Central,active_sale,,3685,3685
2026-09-22,d:central,Central,active_rent,,458,458
2026-09-22,d:central,Central,asking_price_usd,casa,90690,1311
2026-09-22,d:central,Central,asking_price_usd,departamento,71600,347
2026-09-22,d:central,Central,asking_usd_per_m2_built,casa,724,1229
2026-09-22,d:central,Central,asking_usd_per_m2_built,departamento,1263,62
2026-09-22,d:central,Central,asking_rent_usd_month,departamento,429,142
2026-09-22,d:central,Central,asking_rent_usd_month,casa,515,75
2026-09-23,d:central,Central,active_sale,,3682,3682
2026-09-23,d:central,Central,active_rent,,458,458
2026-09-23,d:central,Central,asking_price_usd,casa,91034,1312
2026-09-23,d:central,Central,asking_price_usd,departamento,72140,345
2026-09-23,d:central,Central,asking_usd_per_m2_built,casa,724,1233
2026-09-23,d:central,Central,asking_usd_per_m2_built,departamento,1263,62
2026-09-23,d:central,Central,asking_rent_usd_month,departamento,429,142
2026-09-23,d:central,Central,asking_rent_usd_month,casa,515,73
2026-09-24,d:central,Central,active_sale,,3707,3707
2026-09-24,d:central,Central,active_rent,,466,466
2026-09-24,d:central,Central,asking_price_usd,casa,91034,1329
2026-09-24,d:central,Central,asking_price_usd,departamento,72140,346
2026-09-24,d:central,Central,asking_usd_per_m2_built,casa,724,1251
2026-09-24,d:central,Central,asking_usd_per_m2_built,departamento,1275,63
2026-09-24,d:central,Central,asking_rent_usd_month,departamento,429,145
2026-09-24,d:central,Central,asking_rent_usd_month,casa,515,77
2026-09-25,d:central,Central,active_sale,,3722,3722
2026-09-25,d:central,Central,active_rent,,464,464
2026-09-25,d:central,Central,asking_price_usd,casa,91034,1335
2026-09-25,d:central,Central,asking_price_usd,departamento,72140,347
2026-09-25,d:central,Central,asking_usd_per_m2_built,casa,724,1257
2026-09-25,d:central,Central,asking_usd_per_m2_built,departamento,1275,63
2026-09-25,d:central,Central,asking_rent_usd_month,departamento,429,147
2026-09-25,d:central,Central,asking_rent_usd_month,casa,515,76
2026-09-26,d:central,Central,active_sale,,3725,3725
2026-09-26,d:central,Central,active_rent,,463,463
2026-09-26,d:central,Central,asking_price_usd,casa,91034,1335
2026-09-26,d:central,Central,asking_price_usd,departamento,72140,347
2026-09-26,d:central,Central,asking_usd_per_m2_built,casa,725,1257
2026-09-26,d:central,Central,asking_usd_per_m2_built,departamento,1275,63
2026-09-26,d:central,Central,asking_rent_usd_month,departamento,447,146
2026-09-26,d:central,Central,asking_rent_usd_month,casa,515,76
2026-09-27,d:central,Central,active_sale,,3721,3721
2026-09-27,d:central,Central,active_rent,,463,463
2026-09-27,d:central,Central,asking_price_usd,casa,91034,1334
2026-09-27,d:central,Central,asking_price_usd,departamento,72140,346
2026-09-27,d:central,Central,asking_usd_per_m2_built,casa,725,1256
2026-09-27,d:central,Central,asking_usd_per_m2_built,departamento,1276,62
2026-09-27,d:central,Central,asking_rent_usd_month,departamento,447,146
2026-09-27,d:central,Central,asking_rent_usd_month,casa,515,76
2026-09-28,d:central,Central,active_sale,,3724,3724
2026-09-28,d:central,Central,active_rent,,463,463
2026-09-28,d:central,Central,asking_price_usd,casa,91034,1335
2026-09-28,d:central,Central,asking_price_usd,departamento,72140,346
2026-09-28,d:central,Central,asking_usd_per_m2_built,casa,724,1257
2026-09-28,d:central,Central,asking_usd_per_m2_built,departamento,1276,62
2026-09-28,d:central,Central,asking_rent_usd_month,departamento,447,146
2026-09-28,d:central,Central,asking_rent_usd_month,casa,515,76
2026-10-01,d:central,Central,active_sale,,3709,3709
2026-10-01,d:central,Central,active_rent,,453,453
2026-10-01,d:central,Central,asking_price_usd,casa,91034,1321
2026-10-01,d:central,Central,asking_price_usd,departamento,72140,339
2026-10-01,d:central,Central,asking_usd_per_m2_built,casa,721,1245
2026-10-01,d:central,Central,asking_usd_per_m2_built,departamento,1276,60
2026-10-01,d:central,Central,asking_rent_usd_month,departamento,447,144
2026-10-01,d:central,Central,asking_rent_usd_month,casa,515,77
2026-09-02,c:central:luque,Luque,active_sale,,788,788
2026-09-02,c:central:luque,Luque,active_rent,,81,81
2026-09-02,c:central:luque,Luque,asking_price_usd,casa,91034,315
2026-09-02,c:central:luque,Luque,asking_price_usd,departamento,80000,130
2026-09-02,c:central:luque,Luque,asking_usd_per_m2_built,casa,873,296
2026-09-02,c:central:luque,Luque,asking_usd_per_m2_built,departamento,1310,20
2026-09-02,c:central:luque,Luque,asking_rent_usd_month,departamento,601,42
2026-09-02,c:central:luque,Luque,asking_rent_usd_month,casa,,13
2026-09-03,c:central:luque,Luque,active_sale,,791,791
2026-09-03,c:central:luque,Luque,active_rent,,82,82
2026-09-03,c:central:luque,Luque,asking_price_usd,casa,91034,317
2026-09-03,c:central:luque,Luque,asking_price_usd,departamento,80000,128
2026-09-03,c:central:luque,Luque,asking_usd_per_m2_built,casa,871,298
2026-09-03,c:central:luque,Luque,asking_usd_per_m2_built,departamento,,19
2026-09-03,c:central:luque,Luque,asking_rent_usd_month,departamento,601,42
2026-09-03,c:central:luque,Luque,asking_rent_usd_month,casa,,13
2026-09-04,c:central:luque,Luque,active_sale,,795,795
2026-09-04,c:central:luque,Luque,active_rent,,83,83
2026-09-04,c:central:luque,Luque,asking_price_usd,casa,90175,316
2026-09-04,c:central:luque,Luque,asking_price_usd,departamento,80000,129
2026-09-04,c:central:luque,Luque,asking_usd_per_m2_built,casa,870,297
2026-09-04,c:central:luque,Luque,asking_usd_per_m2_built,departamento,,19
2026-09-04,c:central:luque,Luque,asking_rent_usd_month,departamento,601,42
2026-09-04,c:central:luque,Luque,asking_rent_usd_month,casa,,13
2026-09-05,c:central:luque,Luque,active_sale,,804,804
2026-09-05,c:central:luque,Luque,active_rent,,84,84
2026-09-05,c:central:luque,Luque,asking_price_usd,casa,90175,316
2026-09-05,c:central:luque,Luque,asking_price_usd,departamento,78443,136
2026-09-05,c:central:luque,Luque,asking_usd_per_m2_built,casa,870,297
2026-09-05,c:central:luque,Luque,asking_usd_per_m2_built,departamento,,19
2026-09-05,c:central:luque,Luque,asking_rent_usd_month,departamento,601,43
2026-09-05,c:central:luque,Luque,asking_rent_usd_month,casa,,13
2026-09-06,c:central:luque,Luque,active_sale,,803,803
2026-09-06,c:central:luque,Luque,active_rent,,84,84
2026-09-06,c:central:luque,Luque,asking_price_usd,casa,90175,316
2026-09-06,c:central:luque,Luque,asking_price_usd,departamento,78443,136
2026-09-06,c:central:luque,Luque,asking_usd_per_m2_built,casa,870,297
2026-09-06,c:central:luque,Luque,asking_usd_per_m2_built,departamento,,19
2026-09-06,c:central:luque,Luque,asking_rent_usd_month,departamento,601,43
2026-09-06,c:central:luque,Luque,asking_rent_usd_month,casa,,13
2026-09-07,c:central:luque,Luque,active_sale,,803,803
2026-09-07,c:central:luque,Luque,active_rent,,86,86
2026-09-07,c:central:luque,Luque,asking_price_usd,casa,90175,316
2026-09-07,c:central:luque,Luque,asking_price_usd,departamento,78443,136
2026-09-07,c:central:luque,Luque,asking_usd_per_m2_built,casa,870,297
2026-09-07,c:central:luque,Luque,asking_usd_per_m2_built,departamento,,19
2026-09-07,c:central:luque,Luque,asking_rent_usd_month,departamento,601,45
2026-09-07,c:central:luque,Luque,asking_rent_usd_month,casa,,13
2026-09-08,c:central:luque,Luque,active_sale,,804,804
2026-09-08,c:central:luque,Luque,active_rent,,86,86
2026-09-08,c:central:luque,Luque,asking_price_usd,casa,91034,318
2026-09-08,c:central:luque,Luque,asking_price_usd,departamento,78166,134
2026-09-08,c:central:luque,Luque,asking_usd_per_m2_built,casa,870,299
2026-09-08,c:central:luque,Luque,asking_usd_per_m2_built,departamento,,18
2026-09-08,c:central:luque,Luque,asking_rent_usd_month,departamento,601,45
2026-09-08,c:central:luque,Luque,asking_rent_usd_month,casa,,15
2026-09-09,c:central:luque,Luque,active_sale,,806,806
2026-09-09,c:central:luque,Luque,active_rent,,86,86
2026-09-09,c:central:luque,Luque,asking_price_usd,casa,91034,320
2026-09-09,c:central:luque,Luque,asking_price_usd,departamento,78166,134
2026-09-09,c:central:luque,Luque,asking_usd_per_m2_built,casa,870,301
2026-09-09,c:central:luque,Luque,asking_usd_per_m2_built,departamento,,18
2026-09-09,c:central:luque,Luque,asking_rent_usd_month,departamento,601,45
2026-09-09,c:central:luque,Luque,asking_rent_usd_month,casa,,15
2026-09-10,c:central:luque,Luque,active_sale,,816,816
2026-09-10,c:central:luque,Luque,active_rent,,88,88
2026-09-10,c:central:luque,Luque,asking_price_usd,casa,88114,331
2026-09-10,c:central:luque,Luque,asking_price_usd,departamento,78000,137
2026-09-10,c:central:luque,Luque,asking_usd_per_m2_built,casa,878,312
2026-09-10,c:central:luque,Luque,asking_usd_per_m2_built,departamento,,18
2026-09-10,c:central:luque,Luque,asking_rent_usd_month,departamento,601,47
2026-09-10,c:central:luque,Luque,asking_rent_usd_month,casa,,15
2026-09-11,c:central:luque,Luque,active_sale,,813,813
2026-09-11,c:central:luque,Luque,active_rent,,89,89
2026-09-11,c:central:luque,Luque,asking_price_usd,casa,88114,329
2026-09-11,c:central:luque,Luque,asking_price_usd,departamento,78053,136
2026-09-11,c:central:luque,Luque,asking_usd_per_m2_built,casa,879,310
2026-09-11,c:central:luque,Luque,asking_usd_per_m2_built,departamento,,17
2026-09-11,c:central:luque,Luque,asking_rent_usd_month,departamento,601,46
2026-09-11,c:central:luque,Luque,asking_rent_usd_month,casa,,15
2026-09-12,c:central:luque,Luque,active_sale,,814,814
2026-09-12,c:central:luque,Luque,active_rent,,91,91
2026-09-12,c:central:luque,Luque,asking_price_usd,casa,88000,331
2026-09-12,c:central:luque,Luque,asking_price_usd,departamento,78105,135
2026-09-12,c:central:luque,Luque,asking_usd_per_m2_built,casa,879,312
2026-09-12,c:central:luque,Luque,asking_usd_per_m2_built,departamento,,17
2026-09-12,c:central:luque,Luque,asking_rent_usd_month,departamento,601,47
2026-09-12,c:central:luque,Luque,asking_rent_usd_month,casa,,16
2026-09-13,c:central:luque,Luque,active_sale,,811,811
2026-09-13,c:central:luque,Luque,active_rent,,90,90
2026-09-13,c:central:luque,Luque,asking_price_usd,casa,88000,331
2026-09-13,c:central:luque,Luque,asking_price_usd,departamento,78105,135
2026-09-13,c:central:luque,Luque,asking_usd_per_m2_built,casa,879,312
2026-09-13,c:central:luque,Luque,asking_usd_per_m2_built,departamento,,17
2026-09-13,c:central:luque,Luque,asking_rent_usd_month,departamento,601,47
2026-09-13,c:central:luque,Luque,asking_rent_usd_month,casa,,16
2026-09-14,c:central:luque,Luque,active_sale,,810,810
2026-09-14,c:central:luque,Luque,active_rent,,91,91
2026-09-14,c:central:luque,Luque,asking_price_usd,casa,88057,330
2026-09-14,c:central:luque,Luque,asking_price_usd,departamento,78105,135
2026-09-14,c:central:luque,Luque,asking_usd_per_m2_built,casa,879,311
2026-09-14,c:central:luque,Luque,asking_usd_per_m2_built,departamento,,17
2026-09-14,c:central:luque,Luque,asking_rent_usd_month,departamento,601,47
2026-09-14,c:central:luque,Luque,asking_rent_usd_month,casa,,16
2026-09-15,c:central:luque,Luque,active_sale,,807,807
2026-09-15,c:central:luque,Luque,active_rent,,92,92
2026-09-15,c:central:luque,Luque,asking_price_usd,casa,89158,324
2026-09-15,c:central:luque,Luque,asking_price_usd,departamento,78105,137
2026-09-15,c:central:luque,Luque,asking_usd_per_m2_built,casa,878,305
2026-09-15,c:central:luque,Luque,asking_usd_per_m2_built,departamento,,17
2026-09-15,c:central:luque,Luque,asking_rent_usd_month,departamento,601,48
2026-09-15,c:central:luque,Luque,asking_rent_usd_month,casa,,16
2026-09-16,c:central:luque,Luque,active_sale,,801,801
2026-09-16,c:central:luque,Luque,active_rent,,91,91
2026-09-16,c:central:luque,Luque,asking_price_usd,casa,89000,325
2026-09-16,c:central:luque,Luque,asking_price_usd,departamento,78105,135
2026-09-16,c:central:luque,Luque,asking_usd_per_m2_built,casa,878,306
2026-09-16,c:central:luque,Luque,asking_usd_per_m2_built,departamento,,17
2026-09-16,c:central:luque,Luque,asking_rent_usd_month,departamento,601,48
2026-09-16,c:central:luque,Luque,asking_rent_usd_month,casa,,16
2026-09-17,c:central:luque,Luque,active_sale,,802,802
2026-09-17,c:central:luque,Luque,active_rent,,90,90
2026-09-17,c:central:luque,Luque,asking_price_usd,casa,89000,325
2026-09-17,c:central:luque,Luque,asking_price_usd,departamento,78053,136
2026-09-17,c:central:luque,Luque,asking_usd_per_m2_built,casa,878,306
2026-09-17,c:central:luque,Luque,asking_usd_per_m2_built,departamento,,17
2026-09-17,c:central:luque,Luque,asking_rent_usd_month,departamento,601,47
2026-09-17,c:central:luque,Luque,asking_rent_usd_month,casa,,16
2026-09-18,c:central:luque,Luque,active_sale,,803,803
2026-09-18,c:central:luque,Luque,active_rent,,92,92
2026-09-18,c:central:luque,Luque,asking_price_usd,casa,89000,325
2026-09-18,c:central:luque,Luque,asking_price_usd,departamento,78053,136
2026-09-18,c:central:luque,Luque,asking_usd_per_m2_built,casa,877,306
2026-09-18,c:central:luque,Luque,asking_usd_per_m2_built,departamento,,17
2026-09-18,c:central:luque,Luque,asking_rent_usd_month,departamento,601,49
2026-09-18,c:central:luque,Luque,asking_rent_usd_month,casa,,16
2026-09-19,c:central:luque,Luque,active_sale,,809,809
2026-09-19,c:central:luque,Luque,active_rent,,95,95
2026-09-19,c:central:luque,Luque,asking_price_usd,casa,87903,325
2026-09-19,c:central:luque,Luque,asking_price_usd,departamento,78053,138
2026-09-19,c:central:luque,Luque,asking_usd_per_m2_built,casa,879,306
2026-09-19,c:central:luque,Luque,asking_usd_per_m2_built,departamento,,19
2026-09-19,c:central:luque,Luque,asking_rent_usd_month,departamento,601,49
2026-09-19,c:central:luque,Luque,asking_rent_usd_month,casa,,17
2026-09-20,c:central:luque,Luque,active_sale,,809,809
2026-09-20,c:central:luque,Luque,active_rent,,96,96
2026-09-20,c:central:luque,Luque,asking_price_usd,casa,87903,325
2026-09-20,c:central:luque,Luque,asking_price_usd,departamento,78053,138
2026-09-20,c:central:luque,Luque,asking_usd_per_m2_built,casa,879,306
2026-09-20,c:central:luque,Luque,asking_usd_per_m2_built,departamento,,19
2026-09-20,c:central:luque,Luque,asking_rent_usd_month,departamento,601,49
2026-09-20,c:central:luque,Luque,asking_rent_usd_month,casa,,18
2026-09-21,c:central:luque,Luque,active_sale,,806,806
2026-09-21,c:central:luque,Luque,active_rent,,94,94
2026-09-21,c:central:luque,Luque,asking_price_usd,casa,87751,324
2026-09-21,c:central:luque,Luque,asking_price_usd,departamento,78053,138
2026-09-21,c:central:luque,Luque,asking_usd_per_m2_built,casa,879,305
2026-09-21,c:central:luque,Luque,asking_usd_per_m2_built,departamento,,19
2026-09-21,c:central:luque,Luque,asking_rent_usd_month,departamento,601,47
2026-09-21,c:central:luque,Luque,asking_rent_usd_month,casa,,18
2026-09-22,c:central:luque,Luque,active_sale,,804,804
2026-09-22,c:central:luque,Luque,active_rent,,96,96
2026-09-22,c:central:luque,Luque,asking_price_usd,casa,87599,323
2026-09-22,c:central:luque,Luque,asking_price_usd,departamento,77500,138
2026-09-22,c:central:luque,Luque,asking_usd_per_m2_built,casa,879,304
2026-09-22,c:central:luque,Luque,asking_usd_per_m2_built,departamento,,18
2026-09-22,c:central:luque,Luque,asking_rent_usd_month,departamento,610,48
2026-09-22,c:central:luque,Luque,asking_rent_usd_month,casa,,19
2026-09-23,c:central:luque,Luque,active_sale,,801,801
2026-09-23,c:central:luque,Luque,active_rent,,96,96
2026-09-23,c:central:luque,Luque,asking_price_usd,casa,87599,323
2026-09-23,c:central:luque,Luque,asking_price_usd,departamento,78105,135
2026-09-23,c:central:luque,Luque,asking_usd_per_m2_built,casa,879,304
2026-09-23,c:central:luque,Luque,asking_usd_per_m2_built,departamento,,18
2026-09-23,c:central:luque,Luque,asking_rent_usd_month,departamento,610,48
2026-09-23,c:central:luque,Luque,asking_rent_usd_month,casa,,18
2026-09-24,c:central:luque,Luque,active_sale,,805,805
2026-09-24,c:central:luque,Luque,active_rent,,98,98
2026-09-24,c:central:luque,Luque,asking_price_usd,casa,87599,328
2026-09-24,c:central:luque,Luque,asking_price_usd,departamento,78166,136
2026-09-24,c:central:luque,Luque,asking_usd_per_m2_built,casa,879,309
2026-09-24,c:central:luque,Luque,asking_usd_per_m2_built,departamento,,19
2026-09-24,c:central:luque,Luque,asking_rent_usd_month,departamento,610,48
2026-09-24,c:central:luque,Luque,asking_rent_usd_month,casa,601,20
2026-09-25,c:central:luque,Luque,active_sale,,809,809
2026-09-25,c:central:luque,Luque,active_rent,,99,99
2026-09-25,c:central:luque,Luque,asking_price_usd,casa,87599,327
2026-09-25,c:central:luque,Luque,asking_price_usd,departamento,78166,136
2026-09-25,c:central:luque,Luque,asking_usd_per_m2_built,casa,879,308
2026-09-25,c:central:luque,Luque,asking_usd_per_m2_built,departamento,,19
2026-09-25,c:central:luque,Luque,asking_rent_usd_month,departamento,618,49
2026-09-25,c:central:luque,Luque,asking_rent_usd_month,casa,601,20
2026-09-26,c:central:luque,Luque,active_sale,,811,811
2026-09-26,c:central:luque,Luque,active_rent,,99,99
2026-09-26,c:central:luque,Luque,asking_price_usd,casa,87599,327
2026-09-26,c:central:luque,Luque,asking_price_usd,departamento,78166,136
2026-09-26,c:central:luque,Luque,asking_usd_per_m2_built,casa,879,308
2026-09-26,c:central:luque,Luque,asking_usd_per_m2_built,departamento,,19
2026-09-26,c:central:luque,Luque,asking_rent_usd_month,departamento,618,49
2026-09-26,c:central:luque,Luque,asking_rent_usd_month,casa,601,20
2026-09-27,c:central:luque,Luque,active_sale,,811,811
2026-09-27,c:central:luque,Luque,active_rent,,99,99
2026-09-27,c:central:luque,Luque,asking_price_usd,casa,87599,327
2026-09-27,c:central:luque,Luque,asking_price_usd,departamento,78166,136
2026-09-27,c:central:luque,Luque,asking_usd_per_m2_built,casa,879,308
2026-09-27,c:central:luque,Luque,asking_usd_per_m2_built,departamento,,19
2026-09-27,c:central:luque,Luque,asking_rent_usd_month,departamento,618,49
2026-09-27,c:central:luque,Luque,asking_rent_usd_month,casa,601,20
2026-09-28,c:central:luque,Luque,active_sale,,811,811
2026-09-28,c:central:luque,Luque,active_rent,,99,99
2026-09-28,c:central:luque,Luque,asking_price_usd,casa,87599,327
2026-09-28,c:central:luque,Luque,asking_price_usd,departamento,78166,136
2026-09-28,c:central:luque,Luque,asking_usd_per_m2_built,casa,879,308
2026-09-28,c:central:luque,Luque,asking_usd_per_m2_built,departamento,,19
2026-09-28,c:central:luque,Luque,asking_rent_usd_month,departamento,618,49
2026-09-28,c:central:luque,Luque,asking_rent_usd_month,casa,601,20
2026-10-01,c:central:luque,Luque,active_sale,,802,802
2026-10-01,c:central:luque,Luque,active_rent,,95,95
2026-10-01,c:central:luque,Luque,asking_price_usd,casa,87227,322
2026-10-01,c:central:luque,Luque,asking_price_usd,departamento,78830,128
2026-10-01,c:central:luque,Luque,asking_usd_per_m2_built,casa,879,303
2026-10-01,c:central:luque,Luque,asking_usd_per_m2_built,departamento,,15
2026-10-01,c:central:luque,Luque,asking_rent_usd_month,departamento,618,47
2026-10-01,c:central:luque,Luque,asking_rent_usd_month,casa,601,20
2026-09-02,c:central:san-lorenzo,San Lorenzo,active_sale,,375,375
2026-09-02,c:central:san-lorenzo,San Lorenzo,active_rent,,132,132
2026-09-02,c:central:san-lorenzo,San Lorenzo,asking_price_usd,casa,121522,156
2026-09-02,c:central:san-lorenzo,San Lorenzo,asking_price_usd,departamento,35500,20
2026-09-02,c:central:san-lorenzo,San Lorenzo,asking_usd_per_m2_built,casa,773,145
2026-09-02,c:central:san-lorenzo,San Lorenzo,asking_rent_usd_month,departamento,344,52
2026-09-03,c:central:san-lorenzo,San Lorenzo,active_sale,,375,375
2026-09-03,c:central:san-lorenzo,San Lorenzo,active_rent,,130,130
2026-09-03,c:central:san-lorenzo,San Lorenzo,asking_price_usd,casa,122810,157
2026-09-03,c:central:san-lorenzo,San Lorenzo,asking_price_usd,departamento,,19
2026-09-03,c:central:san-lorenzo,San Lorenzo,asking_usd_per_m2_built,casa,781,146
2026-09-03,c:central:san-lorenzo,San Lorenzo,asking_rent_usd_month,departamento,344,50
2026-09-04,c:central:san-lorenzo,San Lorenzo,active_sale,,376,376
2026-09-04,c:central:san-lorenzo,San Lorenzo,active_rent,,132,132
2026-09-04,c:central:san-lorenzo,San Lorenzo,asking_price_usd,casa,120233,159
2026-09-04,c:central:san-lorenzo,San Lorenzo,asking_price_usd,departamento,,19
2026-09-04,c:central:san-lorenzo,San Lorenzo,asking_usd_per_m2_built,casa,773,147
2026-09-04,c:central:san-lorenzo,San Lorenzo,asking_rent_usd_month,departamento,344,51
2026-09-05,c:central:san-lorenzo,San Lorenzo,active_sale,,377,377
2026-09-05,c:central:san-lorenzo,San Lorenzo,active_rent,,131,131
2026-09-05,c:central:san-lorenzo,San Lorenzo,asking_price_usd,casa,121522,160
2026-09-05,c:central:san-lorenzo,San Lorenzo,asking_price_usd,departamento,,19
2026-09-05,c:central:san-lorenzo,San Lorenzo,asking_usd_per_m2_built,casa,781,148
2026-09-05,c:central:san-lorenzo,San Lorenzo,asking_rent_usd_month,departamento,344,50
2026-09-06,c:central:san-lorenzo,San Lorenzo,active_sale,,377,377
2026-09-06,c:central:san-lorenzo,San Lorenzo,active_rent,,131,131
2026-09-06,c:central:san-lorenzo,San Lorenzo,asking_price_usd,casa,121522,160
2026-09-06,c:central:san-lorenzo,San Lorenzo,asking_price_usd,departamento,,19
2026-09-06,c:central:san-lorenzo,San Lorenzo,asking_usd_per_m2_built,casa,781,148
2026-09-06,c:central:san-lorenzo,San Lorenzo,asking_rent_usd_month,departamento,344,50
2026-09-07,c:central:san-lorenzo,San Lorenzo,active_sale,,377,377
2026-09-07,c:central:san-lorenzo,San Lorenzo,active_rent,,131,131
2026-09-07,c:central:san-lorenzo,San Lorenzo,asking_price_usd,casa,121522,160
2026-09-07,c:central:san-lorenzo,San Lorenzo,asking_price_usd,departamento,,19
2026-09-07,c:central:san-lorenzo,San Lorenzo,asking_usd_per_m2_built,casa,781,148
2026-09-07,c:central:san-lorenzo,San Lorenzo,asking_rent_usd_month,departamento,344,50
2026-09-08,c:central:san-lorenzo,San Lorenzo,active_sale,,378,378
2026-09-08,c:central:san-lorenzo,San Lorenzo,active_rent,,130,130
2026-09-08,c:central:san-lorenzo,San Lorenzo,asking_price_usd,casa,122810,159
2026-09-08,c:central:san-lorenzo,San Lorenzo,asking_price_usd,departamento,,19
2026-09-08,c:central:san-lorenzo,San Lorenzo,asking_usd_per_m2_built,casa,773,147
2026-09-08,c:central:san-lorenzo,San Lorenzo,asking_rent_usd_month,departamento,344,49
2026-09-09,c:central:san-lorenzo,San Lorenzo,active_sale,,378,378
2026-09-09,c:central:san-lorenzo,San Lorenzo,active_rent,,130,130
2026-09-09,c:central:san-lorenzo,San Lorenzo,asking_price_usd,casa,122810,159
2026-09-09,c:central:san-lorenzo,San Lorenzo,asking_price_usd,departamento,,19
2026-09-09,c:central:san-lorenzo,San Lorenzo,asking_usd_per_m2_built,casa,773,147
2026-09-09,c:central:san-lorenzo,San Lorenzo,asking_rent_usd_month,departamento,344,49
2026-09-10,c:central:san-lorenzo,San Lorenzo,active_sale,,380,380
2026-09-10,c:central:san-lorenzo,San Lorenzo,active_rent,,132,132
2026-09-10,c:central:san-lorenzo,San Lorenzo,asking_price_usd,casa,123239,162
2026-09-10,c:central:san-lorenzo,San Lorenzo,asking_price_usd,departamento,,19
2026-09-10,c:central:san-lorenzo,San Lorenzo,asking_usd_per_m2_built,casa,773,151
2026-09-10,c:central:san-lorenzo,San Lorenzo,asking_rent_usd_month,departamento,344,49
2026-09-11,c:central:san-lorenzo,San Lorenzo,active_sale,,383,383
2026-09-11,c:central:san-lorenzo,San Lorenzo,active_rent,,130,130
2026-09-11,c:central:san-lorenzo,San Lorenzo,asking_price_usd,casa,121522,164
2026-09-11,c:central:san-lorenzo,San Lorenzo,asking_price_usd,departamento,,19
2026-09-11,c:central:san-lorenzo,San Lorenzo,asking_usd_per_m2_built,casa,756,153
2026-09-11,c:central:san-lorenzo,San Lorenzo,asking_rent_usd_month,departamento,344,49
2026-09-12,c:central:san-lorenzo,San Lorenzo,active_sale,,381,381
2026-09-12,c:central:san-lorenzo,San Lorenzo,active_rent,,126,126
2026-09-12,c:central:san-lorenzo,San Lorenzo,asking_price_usd,casa,122810,163
2026-09-12,c:central:san-lorenzo,San Lorenzo,asking_price_usd,departamento,,18
2026-09-12,c:central:san-lorenzo,San Lorenzo,asking_usd_per_m2_built,casa,754,152
2026-09-12,c:central:san-lorenzo,San Lorenzo,asking_rent_usd_month,departamento,344,45
2026-09-13,c:central:san-lorenzo,San Lorenzo,active_sale,,381,381
2026-09-13,c:central:san-lorenzo,San Lorenzo,active_rent,,126,126
2026-09-13,c:central:san-lorenzo,San Lorenzo,asking_price_usd,casa,122810,163
2026-09-13,c:central:san-lorenzo,San Lorenzo,asking_price_usd,departamento,,18
2026-09-13,c:central:san-lorenzo,San Lorenzo,asking_usd_per_m2_built,casa,754,152
2026-09-13,c:central:san-lorenzo,San Lorenzo,asking_rent_usd_month,departamento,344,45
2026-09-14,c:central:san-lorenzo,San Lorenzo,active_sale,,381,381
2026-09-14,c:central:san-lorenzo,San Lorenzo,active_rent,,126,126
2026-09-14,c:central:san-lorenzo,San Lorenzo,asking_price_usd,casa,122810,163
2026-09-14,c:central:san-lorenzo,San Lorenzo,asking_price_usd,departamento,,18
2026-09-14,c:central:san-lorenzo,San Lorenzo,asking_usd_per_m2_built,casa,754,152
2026-09-14,c:central:san-lorenzo,San Lorenzo,asking_rent_usd_month,departamento,344,45
2026-09-15,c:central:san-lorenzo,San Lorenzo,active_sale,,381,381
2026-09-15,c:central:san-lorenzo,San Lorenzo,active_rent,,127,127
2026-09-15,c:central:san-lorenzo,San Lorenzo,asking_price_usd,casa,120233,163
2026-09-15,c:central:san-lorenzo,San Lorenzo,asking_price_usd,departamento,,19
2026-09-15,c:central:san-lorenzo,San Lorenzo,asking_usd_per_m2_built,casa,754,152
2026-09-15,c:central:san-lorenzo,San Lorenzo,asking_rent_usd_month,departamento,344,46
2026-09-16,c:central:san-lorenzo,San Lorenzo,active_sale,,381,381
2026-09-16,c:central:san-lorenzo,San Lorenzo,active_rent,,129,129
2026-09-16,c:central:san-lorenzo,San Lorenzo,asking_price_usd,casa,120233,162
2026-09-16,c:central:san-lorenzo,San Lorenzo,asking_price_usd,departamento,,19
2026-09-16,c:central:san-lorenzo,San Lorenzo,asking_usd_per_m2_built,casa,751,151
2026-09-16,c:central:san-lorenzo,San Lorenzo,asking_rent_usd_month,departamento,344,47
2026-09-17,c:central:san-lorenzo,San Lorenzo,active_sale,,384,384
2026-09-17,c:central:san-lorenzo,San Lorenzo,active_rent,,130,130
2026-09-17,c:central:san-lorenzo,San Lorenzo,asking_price_usd,casa,120233,165
2026-09-17,c:central:san-lorenzo,San Lorenzo,asking_price_usd,departamento,,19
2026-09-17,c:central:san-lorenzo,San Lorenzo,asking_usd_per_m2_built,casa,764,154
2026-09-17,c:central:san-lorenzo,San Lorenzo,asking_rent_usd_month,departamento,344,47
2026-09-18,c:central:san-lorenzo,San Lorenzo,active_sale,,384,384
2026-09-18,c:central:san-lorenzo,San Lorenzo,active_rent,,133,133
2026-09-18,c:central:san-lorenzo,San Lorenzo,asking_price_usd,casa,120233,165
2026-09-18,c:central:san-lorenzo,San Lorenzo,asking_price_usd,departamento,,18
2026-09-18,c:central:san-lorenzo,San Lorenzo,asking_usd_per_m2_built,casa,764,154
2026-09-18,c:central:san-lorenzo,San Lorenzo,asking_rent_usd_month,departamento,344,49
2026-09-19,c:central:san-lorenzo,San Lorenzo,active_sale,,388,388
2026-09-19,c:central:san-lorenzo,San Lorenzo,active_rent,,130,130
2026-09-19,c:central:san-lorenzo,San Lorenzo,asking_price_usd,casa,120233,166
2026-09-19,c:central:san-lorenzo,San Lorenzo,asking_price_usd,departamento,,18
2026-09-19,c:central:san-lorenzo,San Lorenzo,asking_usd_per_m2_built,casa,751,155
2026-09-19,c:central:san-lorenzo,San Lorenzo,asking_rent_usd_month,departamento,344,48
2026-09-20,c:central:san-lorenzo,San Lorenzo,active_sale,,388,388
2026-09-20,c:central:san-lorenzo,San Lorenzo,active_rent,,130,130
2026-09-20,c:central:san-lorenzo,San Lorenzo,asking_price_usd,casa,120233,166
2026-09-20,c:central:san-lorenzo,San Lorenzo,asking_price_usd,departamento,,18
2026-09-20,c:central:san-lorenzo,San Lorenzo,asking_usd_per_m2_built,casa,751,155
2026-09-20,c:central:san-lorenzo,San Lorenzo,asking_rent_usd_month,departamento,344,48
2026-09-21,c:central:san-lorenzo,San Lorenzo,active_sale,,392,392
2026-09-21,c:central:san-lorenzo,San Lorenzo,active_rent,,130,130
2026-09-21,c:central:san-lorenzo,San Lorenzo,asking_price_usd,casa,120233,167
2026-09-21,c:central:san-lorenzo,San Lorenzo,asking_price_usd,departamento,,18
2026-09-21,c:central:san-lorenzo,San Lorenzo,asking_usd_per_m2_built,casa,764,156
2026-09-21,c:central:san-lorenzo,San Lorenzo,asking_rent_usd_month,departamento,344,48
2026-09-22,c:central:san-lorenzo,San Lorenzo,active_sale,,393,393
2026-09-22,c:central:san-lorenzo,San Lorenzo,active_rent,,125,125
2026-09-22,c:central:san-lorenzo,San Lorenzo,asking_price_usd,casa,120233,166
2026-09-22,c:central:san-lorenzo,San Lorenzo,asking_price_usd,departamento,,18
2026-09-22,c:central:san-lorenzo,San Lorenzo,asking_usd_per_m2_built,casa,773,155
2026-09-22,c:central:san-lorenzo,San Lorenzo,asking_rent_usd_month,departamento,344,45
2026-09-23,c:central:san-lorenzo,San Lorenzo,active_sale,,390,390
2026-09-23,c:central:san-lorenzo,San Lorenzo,active_rent,,125,125
2026-09-23,c:central:san-lorenzo,San Lorenzo,asking_price_usd,casa,124957,164
2026-09-23,c:central:san-lorenzo,San Lorenzo,asking_price_usd,departamento,,18
2026-09-23,c:central:san-lorenzo,San Lorenzo,asking_usd_per_m2_built,casa,789,153
2026-09-23,c:central:san-lorenzo,San Lorenzo,asking_rent_usd_month,departamento,344,45
2026-09-24,c:central:san-lorenzo,San Lorenzo,active_sale,,392,392
2026-09-24,c:central:san-lorenzo,San Lorenzo,active_rent,,127,127
2026-09-24,c:central:san-lorenzo,San Lorenzo,asking_price_usd,casa,122810,167
2026-09-24,c:central:san-lorenzo,San Lorenzo,asking_price_usd,departamento,,18
2026-09-24,c:central:san-lorenzo,San Lorenzo,asking_usd_per_m2_built,casa,781,156
2026-09-24,c:central:san-lorenzo,San Lorenzo,asking_rent_usd_month,departamento,344,46
2026-09-25,c:central:san-lorenzo,San Lorenzo,active_sale,,395,395
2026-09-25,c:central:san-lorenzo,San Lorenzo,active_rent,,127,127
2026-09-25,c:central:san-lorenzo,San Lorenzo,asking_price_usd,casa,122810,167
2026-09-25,c:central:san-lorenzo,San Lorenzo,asking_price_usd,departamento,,19
2026-09-25,c:central:san-lorenzo,San Lorenzo,asking_usd_per_m2_built,casa,781,156
2026-09-25,c:central:san-lorenzo,San Lorenzo,asking_rent_usd_month,departamento,344,46
2026-09-26,c:central:san-lorenzo,San Lorenzo,active_sale,,395,395
2026-09-26,c:central:san-lorenzo,San Lorenzo,active_rent,,127,127
2026-09-26,c:central:san-lorenzo,San Lorenzo,asking_price_usd,casa,122810,167
2026-09-26,c:central:san-lorenzo,San Lorenzo,asking_price_usd,departamento,,19
2026-09-26,c:central:san-lorenzo,San Lorenzo,asking_usd_per_m2_built,casa,781,156
2026-09-26,c:central:san-lorenzo,San Lorenzo,asking_rent_usd_month,departamento,344,46
2026-09-27,c:central:san-lorenzo,San Lorenzo,active_sale,,395,395
2026-09-27,c:central:san-lorenzo,San Lorenzo,active_rent,,127,127
2026-09-27,c:central:san-lorenzo,San Lorenzo,asking_price_usd,casa,122810,167
2026-09-27,c:central:san-lorenzo,San Lorenzo,asking_price_usd,departamento,,19
2026-09-27,c:central:san-lorenzo,San Lorenzo,asking_usd_per_m2_built,casa,781,156
2026-09-27,c:central:san-lorenzo,San Lorenzo,asking_rent_usd_month,departamento,344,46
2026-09-28,c:central:san-lorenzo,San Lorenzo,active_sale,,395,395
2026-09-28,c:central:san-lorenzo,San Lorenzo,active_rent,,127,127
2026-09-28,c:central:san-lorenzo,San Lorenzo,asking_price_usd,casa,122810,167
2026-09-28,c:central:san-lorenzo,San Lorenzo,asking_price_usd,departamento,,19
2026-09-28,c:central:san-lorenzo,San Lorenzo,asking_usd_per_m2_built,casa,781,156
2026-09-28,c:central:san-lorenzo,San Lorenzo,asking_rent_usd_month,departamento,344,46
2026-10-01,c:central:san-lorenzo,San Lorenzo,active_sale,,391,391
2026-10-01,c:central:san-lorenzo,San Lorenzo,active_rent,,130,130
2026-10-01,c:central:san-lorenzo,San Lorenzo,asking_price_usd,casa,121522,164
2026-10-01,c:central:san-lorenzo,San Lorenzo,asking_price_usd,departamento,,18
2026-10-01,c:central:san-lorenzo,San Lorenzo,asking_usd_per_m2_built,casa,764,154
2026-10-01,c:central:san-lorenzo,San Lorenzo,asking_rent_usd_month,departamento,344,46
2026-09-02,c:central:lambare,Lambaré,active_sale,,282,282
2026-09-02,c:central:lambare,Lambaré,active_rent,,38,38
2026-09-02,c:central:lambare,Lambaré,asking_price_usd,casa,170044,111
2026-09-02,c:central:lambare,Lambaré,asking_price_usd,departamento,,19
2026-09-02,c:central:lambare,Lambaré,asking_usd_per_m2_built,casa,687,106
2026-09-03,c:central:lambare,Lambaré,active_sale,,282,282
2026-09-03,c:central:lambare,Lambaré,active_rent,,38,38
2026-09-03,c:central:lambare,Lambaré,asking_price_usd,casa,170044,112
2026-09-03,c:central:lambare,Lambaré,asking_price_usd,departamento,,19
2026-09-03,c:central:lambare,Lambaré,asking_usd_per_m2_built,casa,687,107
2026-09-04,c:central:lambare,Lambaré,active_sale,,283,283
2026-09-04,c:central:lambare,Lambaré,active_rent,,39,39
2026-09-04,c:central:lambare,Lambaré,asking_price_usd,casa,170044,113
2026-09-04,c:central:lambare,Lambaré,asking_price_usd,departamento,,19
2026-09-04,c:central:lambare,Lambaré,asking_usd_per_m2_built,casa,687,108
2026-09-05,c:central:lambare,Lambaré,active_sale,,282,282
2026-09-05,c:central:lambare,Lambaré,active_rent,,41,41
2026-09-05,c:central:lambare,Lambaré,asking_price_usd,casa,170044,113
2026-09-05,c:central:lambare,Lambaré,asking_price_usd,departamento,,19
2026-09-05,c:central:lambare,Lambaré,asking_usd_per_m2_built,casa,687,108
2026-09-06,c:central:lambare,Lambaré,active_sale,,280,280
2026-09-06,c:central:lambare,Lambaré,active_rent,,42,42
2026-09-06,c:central:lambare,Lambaré,asking_price_usd,casa,170022,112
2026-09-06,c:central:lambare,Lambaré,asking_price_usd,departamento,,19
2026-09-06,c:central:lambare,Lambaré,asking_usd_per_m2_built,casa,687,107
2026-09-07,c:central:lambare,Lambaré,active_sale,,280,280
2026-09-07,c:central:lambare,Lambaré,active_rent,,42,42
2026-09-07,c:central:lambare,Lambaré,asking_price_usd,casa,170022,112
2026-09-07,c:central:lambare,Lambaré,asking_price_usd,departamento,,19
2026-09-07,c:central:lambare,Lambaré,asking_usd_per_m2_built,casa,687,107
2026-09-08,c:central:lambare,Lambaré,active_sale,,278,278
2026-09-08,c:central:lambare,Lambaré,active_rent,,41,41
2026-09-08,c:central:lambare,Lambaré,asking_price_usd,casa,170044,110
2026-09-08,c:central:lambare,Lambaré,asking_price_usd,departamento,,19
2026-09-08,c:central:lambare,Lambaré,asking_usd_per_m2_built,casa,687,105
2026-09-09,c:central:lambare,Lambaré,active_sale,,279,279
2026-09-09,c:central:lambare,Lambaré,active_rent,,41,41
2026-09-09,c:central:lambare,Lambaré,asking_price_usd,casa,170044,110
2026-09-09,c:central:lambare,Lambaré,asking_price_usd,departamento,,19
2026-09-09,c:central:lambare,Lambaré,asking_usd_per_m2_built,casa,687,105
2026-09-10,c:central:lambare,Lambaré,active_sale,,278,278
2026-09-10,c:central:lambare,Lambaré,active_rent,,41,41
2026-09-10,c:central:lambare,Lambaré,asking_price_usd,casa,175022,110
2026-09-10,c:central:lambare,Lambaré,asking_price_usd,departamento,,19
2026-09-10,c:central:lambare,Lambaré,asking_usd_per_m2_built,casa,687,105
2026-09-11,c:central:lambare,Lambaré,active_sale,,277,277
2026-09-11,c:central:lambare,Lambaré,active_rent,,42,42
2026-09-11,c:central:lambare,Lambaré,asking_price_usd,casa,180000,109
2026-09-11,c:central:lambare,Lambaré,asking_price_usd,departamento,,19
2026-09-11,c:central:lambare,Lambaré,asking_usd_per_m2_built,casa,687,104
2026-09-12,c:central:lambare,Lambaré,active_sale,,279,279
2026-09-12,c:central:lambare,Lambaré,active_rent,,41,41
2026-09-12,c:central:lambare,Lambaré,asking_price_usd,casa,181291,110
2026-09-12,c:central:lambare,Lambaré,asking_price_usd,departamento,,19
2026-09-12,c:central:lambare,Lambaré,asking_usd_per_m2_built,casa,687,105
2026-09-13,c:central:lambare,Lambaré,active_sale,,278,278
2026-09-13,c:central:lambare,Lambaré,active_rent,,41,41
2026-09-13,c:central:lambare,Lambaré,asking_price_usd,casa,182583,109
2026-09-13,c:central:lambare,Lambaré,asking_price_usd,departamento,,19
2026-09-13,c:central:lambare,Lambaré,asking_usd_per_m2_built,casa,687,104
2026-09-14,c:central:lambare,Lambaré,active_sale,,278,278
2026-09-14,c:central:lambare,Lambaré,active_rent,,41,41
2026-09-14,c:central:lambare,Lambaré,asking_price_usd,casa,182583,109
2026-09-14,c:central:lambare,Lambaré,asking_price_usd,departamento,,19
2026-09-14,c:central:lambare,Lambaré,asking_usd_per_m2_built,casa,687,104
2026-09-15,c:central:lambare,Lambaré,active_sale,,278,278
2026-09-15,c:central:lambare,Lambaré,active_rent,,41,41
2026-09-15,c:central:lambare,Lambaré,asking_price_usd,casa,182583,109
2026-09-15,c:central:lambare,Lambaré,asking_price_usd,departamento,,19
2026-09-15,c:central:lambare,Lambaré,asking_usd_per_m2_built,casa,687,104
2026-09-16,c:central:lambare,Lambaré,active_sale,,280,280
2026-09-16,c:central:lambare,Lambaré,active_rent,,40,40
2026-09-16,c:central:lambare,Lambaré,asking_price_usd,casa,182583,111
2026-09-16,c:central:lambare,Lambaré,asking_price_usd,departamento,,19
2026-09-16,c:central:lambare,Lambaré,asking_usd_per_m2_built,casa,687,106
2026-09-17,c:central:lambare,Lambaré,active_sale,,281,281
2026-09-17,c:central:lambare,Lambaré,active_rent,,39,39
2026-09-17,c:central:lambare,Lambaré,asking_price_usd,casa,182583,111
2026-09-17,c:central:lambare,Lambaré,asking_price_usd,departamento,,19
2026-09-17,c:central:lambare,Lambaré,asking_usd_per_m2_built,casa,687,106
2026-09-18,c:central:lambare,Lambaré,active_sale,,280,280
2026-09-18,c:central:lambare,Lambaré,active_rent,,39,39
2026-09-18,c:central:lambare,Lambaré,asking_price_usd,casa,181291,110
2026-09-18,c:central:lambare,Lambaré,asking_price_usd,departamento,103500,20
2026-09-18,c:central:lambare,Lambaré,asking_usd_per_m2_built,casa,687,105
2026-09-19,c:central:lambare,Lambaré,active_sale,,282,282
2026-09-19,c:central:lambare,Lambaré,active_rent,,38,38
2026-09-19,c:central:lambare,Lambaré,asking_price_usd,casa,180000,111
2026-09-19,c:central:lambare,Lambaré,asking_price_usd,departamento,103500,20
2026-09-19,c:central:lambare,Lambaré,asking_usd_per_m2_built,casa,687,106
2026-09-20,c:central:lambare,Lambaré,active_sale,,283,283
2026-09-20,c:central:lambare,Lambaré,active_rent,,38,38
2026-09-20,c:central:lambare,Lambaré,asking_price_usd,casa,180000,111
2026-09-20,c:central:lambare,Lambaré,asking_price_usd,departamento,103500,20
2026-09-20,c:central:lambare,Lambaré,asking_usd_per_m2_built,casa,687,106
2026-09-21,c:central:lambare,Lambaré,active_sale,,282,282
2026-09-21,c:central:lambare,Lambaré,active_rent,,33,33
2026-09-21,c:central:lambare,Lambaré,asking_price_usd,casa,180000,111
2026-09-21,c:central:lambare,Lambaré,asking_price_usd,departamento,103500,20
2026-09-21,c:central:lambare,Lambaré,asking_usd_per_m2_built,casa,687,106
2026-09-22,c:central:lambare,Lambaré,active_sale,,281,281
2026-09-22,c:central:lambare,Lambaré,active_rent,,32,32
2026-09-22,c:central:lambare,Lambaré,asking_price_usd,casa,180000,111
2026-09-22,c:central:lambare,Lambaré,asking_price_usd,departamento,,19
2026-09-22,c:central:lambare,Lambaré,asking_usd_per_m2_built,casa,687,106
2026-09-23,c:central:lambare,Lambaré,active_sale,,280,280
2026-09-23,c:central:lambare,Lambaré,active_rent,,32,32
2026-09-23,c:central:lambare,Lambaré,asking_price_usd,casa,181291,110
2026-09-23,c:central:lambare,Lambaré,asking_price_usd,departamento,,19
2026-09-23,c:central:lambare,Lambaré,asking_usd_per_m2_built,casa,687,105
2026-09-24,c:central:lambare,Lambaré,active_sale,,278,278
2026-09-24,c:central:lambare,Lambaré,active_rent,,32,32
2026-09-24,c:central:lambare,Lambaré,asking_price_usd,casa,182583,109
2026-09-24,c:central:lambare,Lambaré,asking_price_usd,departamento,,19
2026-09-24,c:central:lambare,Lambaré,asking_usd_per_m2_built,casa,687,104
2026-09-25,c:central:lambare,Lambaré,active_sale,,279,279
2026-09-25,c:central:lambare,Lambaré,active_rent,,32,32
2026-09-25,c:central:lambare,Lambaré,asking_price_usd,casa,184043,110
2026-09-25,c:central:lambare,Lambaré,asking_price_usd,departamento,,19
2026-09-25,c:central:lambare,Lambaré,asking_usd_per_m2_built,casa,687,105
2026-09-26,c:central:lambare,Lambaré,active_sale,,278,278
2026-09-26,c:central:lambare,Lambaré,active_rent,,32,32
2026-09-26,c:central:lambare,Lambaré,asking_price_usd,casa,185503,109
2026-09-26,c:central:lambare,Lambaré,asking_price_usd,departamento,,19
2026-09-26,c:central:lambare,Lambaré,asking_usd_per_m2_built,casa,687,104
2026-09-27,c:central:lambare,Lambaré,active_sale,,278,278
2026-09-27,c:central:lambare,Lambaré,active_rent,,32,32
2026-09-27,c:central:lambare,Lambaré,asking_price_usd,casa,185503,109
2026-09-27,c:central:lambare,Lambaré,asking_price_usd,departamento,,19
2026-09-27,c:central:lambare,Lambaré,asking_usd_per_m2_built,casa,687,104
2026-09-28,c:central:lambare,Lambaré,active_sale,,279,279
2026-09-28,c:central:lambare,Lambaré,active_rent,,32,32
2026-09-28,c:central:lambare,Lambaré,asking_price_usd,casa,185503,109
2026-09-28,c:central:lambare,Lambaré,asking_price_usd,departamento,,19
2026-09-28,c:central:lambare,Lambaré,asking_usd_per_m2_built,casa,687,104
2026-10-01,c:central:lambare,Lambaré,active_sale,,281,281
2026-10-01,c:central:lambare,Lambaré,active_rent,,33,33
2026-10-01,c:central:lambare,Lambaré,asking_price_usd,casa,181291,110
2026-10-01,c:central:lambare,Lambaré,asking_price_usd,departamento,,19
2026-10-01,c:central:lambare,Lambaré,asking_usd_per_m2_built,casa,687,105
2026-09-02,c:central:fernando-de-la-mora,Fernando de la Mora,active_sale,,307,307
2026-09-02,c:central:fernando-de-la-mora,Fernando de la Mora,active_rent,,56,56
2026-09-02,c:central:fernando-de-la-mora,Fernando de la Mora,asking_price_usd,casa,170044,91
2026-09-02,c:central:fernando-de-la-mora,Fernando de la Mora,asking_price_usd,departamento,65500,107
2026-09-02,c:central:fernando-de-la-mora,Fernando de la Mora,asking_usd_per_m2_built,casa,833,89
2026-09-02,c:central:fernando-de-la-mora,Fernando de la Mora,asking_usd_per_m2_built,departamento,1275,27
2026-09-02,c:central:fernando-de-la-mora,Fernando de la Mora,asking_rent_usd_month,departamento,567,21
2026-09-03,c:central:fernando-de-la-mora,Fernando de la Mora,active_sale,,305,305
2026-09-03,c:central:fernando-de-la-mora,Fernando de la Mora,active_rent,,58,58
2026-09-03,c:central:fernando-de-la-mora,Fernando de la Mora,asking_price_usd,casa,170130,92
2026-09-03,c:central:fernando-de-la-mora,Fernando de la Mora,asking_price_usd,departamento,65500,107
2026-09-03,c:central:fernando-de-la-mora,Fernando de la Mora,asking_usd_per_m2_built,casa,833,89
2026-09-03,c:central:fernando-de-la-mora,Fernando de la Mora,asking_usd_per_m2_built,departamento,1275,27
2026-09-03,c:central:fernando-de-la-mora,Fernando de la Mora,asking_rent_usd_month,departamento,567,21
2026-09-04,c:central:fernando-de-la-mora,Fernando de la Mora,active_sale,,306,306
2026-09-04,c:central:fernando-de-la-mora,Fernando de la Mora,active_rent,,60,60
2026-09-04,c:central:fernando-de-la-mora,Fernando de la Mora,asking_price_usd,casa,170130,92
2026-09-04,c:central:fernando-de-la-mora,Fernando de la Mora,asking_price_usd,departamento,65500,107
2026-09-04,c:central:fernando-de-la-mora,Fernando de la Mora,asking_usd_per_m2_built,casa,833,90
2026-09-04,c:central:fernando-de-la-mora,Fernando de la Mora,asking_usd_per_m2_built,departamento,1275,27
2026-09-04,c:central:fernando-de-la-mora,Fernando de la Mora,asking_rent_usd_month,departamento,567,21
2026-09-05,c:central:fernando-de-la-mora,Fernando de la Mora,active_sale,,306,306
2026-09-05,c:central:fernando-de-la-mora,Fernando de la Mora,active_rent,,59,59
2026-09-05,c:central:fernando-de-la-mora,Fernando de la Mora,asking_price_usd,casa,170130,92
2026-09-05,c:central:fernando-de-la-mora,Fernando de la Mora,asking_price_usd,departamento,65500,107
2026-09-05,c:central:fernando-de-la-mora,Fernando de la Mora,asking_usd_per_m2_built,casa,833,90
2026-09-05,c:central:fernando-de-la-mora,Fernando de la Mora,asking_usd_per_m2_built,departamento,1275,27
2026-09-05,c:central:fernando-de-la-mora,Fernando de la Mora,asking_rent_usd_month,departamento,550,20
2026-09-06,c:central:fernando-de-la-mora,Fernando de la Mora,active_sale,,304,304
2026-09-06,c:central:fernando-de-la-mora,Fernando de la Mora,active_rent,,60,60
2026-09-06,c:central:fernando-de-la-mora,Fernando de la Mora,asking_price_usd,casa,170044,91
2026-09-06,c:central:fernando-de-la-mora,Fernando de la Mora,asking_price_usd,departamento,66750,106
2026-09-06,c:central:fernando-de-la-mora,Fernando de la Mora,asking_usd_per_m2_built,casa,833,89
2026-09-06,c:central:fernando-de-la-mora,Fernando de la Mora,asking_usd_per_m2_built,departamento,1275,27
2026-09-06,c:central:fernando-de-la-mora,Fernando de la Mora,asking_rent_usd_month,departamento,610,21
2026-09-07,c:central:fernando-de-la-mora,Fernando de la Mora,active_sale,,304,304
2026-09-07,c:central:fernando-de-la-mora,Fernando de la Mora,active_rent,,60,60
2026-09-07,c:central:fernando-de-la-mora,Fernando de la Mora,asking_price_usd,casa,170044,91
2026-09-07,c:central:fernando-de-la-mora,Fernando de la Mora,asking_price_usd,departamento,66750,106
2026-09-07,c:central:fernando-de-la-mora,Fernando de la Mora,asking_usd_per_m2_built,casa,833,89
2026-09-07,c:central:fernando-de-la-mora,Fernando de la Mora,asking_usd_per_m2_built,departamento,1275,27
2026-09-07,c:central:fernando-de-la-mora,Fernando de la Mora,asking_rent_usd_month,departamento,610,21
2026-09-08,c:central:fernando-de-la-mora,Fernando de la Mora,active_sale,,300,300
2026-09-08,c:central:fernando-de-la-mora,Fernando de la Mora,active_rent,,59,59
2026-09-08,c:central:fernando-de-la-mora,Fernando de la Mora,asking_price_usd,casa,170044,89
2026-09-08,c:central:fernando-de-la-mora,Fernando de la Mora,asking_price_usd,departamento,68000,105
2026-09-08,c:central:fernando-de-la-mora,Fernando de la Mora,asking_usd_per_m2_built,casa,837,87
2026-09-08,c:central:fernando-de-la-mora,Fernando de la Mora,asking_usd_per_m2_built,departamento,1275,27
2026-09-08,c:central:fernando-de-la-mora,Fernando de la Mora,asking_rent_usd_month,departamento,610,21
2026-09-09,c:central:fernando-de-la-mora,Fernando de la Mora,active_sale,,299,299
2026-09-09,c:central:fernando-de-la-mora,Fernando de la Mora,active_rent,,59,59
2026-09-09,c:central:fernando-de-la-mora,Fernando de la Mora,asking_price_usd,casa,169185,88
2026-09-09,c:central:fernando-de-la-mora,Fernando de la Mora,asking_price_usd,departamento,68000,105
2026-09-09,c:central:fernando-de-la-mora,Fernando de la Mora,asking_usd_per_m2_built,casa,835,86
2026-09-09,c:central:fernando-de-la-mora,Fernando de la Mora,asking_usd_per_m2_built,departamento,1275,27
2026-09-09,c:central:fernando-de-la-mora,Fernando de la Mora,asking_rent_usd_month,departamento,610,21
2026-09-10,c:central:fernando-de-la-mora,Fernando de la Mora,active_sale,,301,301
2026-09-10,c:central:fernando-de-la-mora,Fernando de la Mora,active_rent,,60,60
2026-09-10,c:central:fernando-de-la-mora,Fernando de la Mora,asking_price_usd,casa,170130,90
2026-09-10,c:central:fernando-de-la-mora,Fernando de la Mora,asking_price_usd,departamento,68000,105
2026-09-10,c:central:fernando-de-la-mora,Fernando de la Mora,asking_usd_per_m2_built,casa,832,88
2026-09-10,c:central:fernando-de-la-mora,Fernando de la Mora,asking_usd_per_m2_built,departamento,1275,27
2026-09-10,c:central:fernando-de-la-mora,Fernando de la Mora,asking_rent_usd_month,departamento,610,21
2026-09-11,c:central:fernando-de-la-mora,Fernando de la Mora,active_sale,,301,301
2026-09-11,c:central:fernando-de-la-mora,Fernando de la Mora,active_rent,,61,61
2026-09-11,c:central:fernando-de-la-mora,Fernando de la Mora,asking_price_usd,casa,170130,90
2026-09-11,c:central:fernando-de-la-mora,Fernando de la Mora,asking_price_usd,departamento,68000,105
2026-09-11,c:central:fernando-de-la-mora,Fernando de la Mora,asking_usd_per_m2_built,casa,832,88
2026-09-11,c:central:fernando-de-la-mora,Fernando de la Mora,asking_usd_per_m2_built,departamento,1275,27
2026-09-11,c:central:fernando-de-la-mora,Fernando de la Mora,asking_rent_usd_month,departamento,610,21
2026-09-12,c:central:fernando-de-la-mora,Fernando de la Mora,active_sale,,301,301
2026-09-12,c:central:fernando-de-la-mora,Fernando de la Mora,active_rent,,60,60
2026-09-12,c:central:fernando-de-la-mora,Fernando de la Mora,asking_price_usd,casa,170130,90
2026-09-12,c:central:fernando-de-la-mora,Fernando de la Mora,asking_price_usd,departamento,68000,105
2026-09-12,c:central:fernando-de-la-mora,Fernando de la Mora,asking_usd_per_m2_built,casa,832,88
2026-09-12,c:central:fernando-de-la-mora,Fernando de la Mora,asking_usd_per_m2_built,departamento,1275,27
2026-09-12,c:central:fernando-de-la-mora,Fernando de la Mora,asking_rent_usd_month,departamento,623,22
2026-09-13,c:central:fernando-de-la-mora,Fernando de la Mora,active_sale,,301,301
2026-09-13,c:central:fernando-de-la-mora,Fernando de la Mora,active_rent,,60,60
2026-09-13,c:central:fernando-de-la-mora,Fernando de la Mora,asking_price_usd,casa,170130,90
2026-09-13,c:central:fernando-de-la-mora,Fernando de la Mora,asking_price_usd,departamento,68000,105
2026-09-13,c:central:fernando-de-la-mora,Fernando de la Mora,asking_usd_per_m2_built,casa,832,88
2026-09-13,c:central:fernando-de-la-mora,Fernando de la Mora,asking_usd_per_m2_built,departamento,1275,27
2026-09-13,c:central:fernando-de-la-mora,Fernando de la Mora,asking_rent_usd_month,departamento,623,22
2026-09-14,c:central:fernando-de-la-mora,Fernando de la Mora,active_sale,,300,300
2026-09-14,c:central:fernando-de-la-mora,Fernando de la Mora,active_rent,,60,60
2026-09-14,c:central:fernando-de-la-mora,Fernando de la Mora,asking_price_usd,casa,170216,89
2026-09-14,c:central:fernando-de-la-mora,Fernando de la Mora,asking_price_usd,departamento,68500,104
2026-09-14,c:central:fernando-de-la-mora,Fernando de la Mora,asking_usd_per_m2_built,casa,831,87
2026-09-14,c:central:fernando-de-la-mora,Fernando de la Mora,asking_usd_per_m2_built,departamento,1275,27
2026-09-14,c:central:fernando-de-la-mora,Fernando de la Mora,asking_rent_usd_month,departamento,623,22
2026-09-15,c:central:fernando-de-la-mora,Fernando de la Mora,active_sale,,297,297
2026-09-15,c:central:fernando-de-la-mora,Fernando de la Mora,active_rent,,59,59
2026-09-15,c:central:fernando-de-la-mora,Fernando de la Mora,asking_price_usd,casa,170989,88
2026-09-15,c:central:fernando-de-la-mora,Fernando de la Mora,asking_price_usd,departamento,69000,103
2026-09-15,c:central:fernando-de-la-mora,Fernando de la Mora,asking_usd_per_m2_built,casa,828,86
2026-09-15,c:central:fernando-de-la-mora,Fernando de la Mora,asking_usd_per_m2_built,departamento,1275,27
2026-09-15,c:central:fernando-de-la-mora,Fernando de la Mora,asking_rent_usd_month,departamento,623,22
2026-09-16,c:central:fernando-de-la-mora,Fernando de la Mora,active_sale,,297,297
2026-09-16,c:central:fernando-de-la-mora,Fernando de la Mora,active_rent,,58,58
2026-09-16,c:central:fernando-de-la-mora,Fernando de la Mora,asking_price_usd,casa,170989,88
2026-09-16,c:central:fernando-de-la-mora,Fernando de la Mora,asking_price_usd,departamento,69000,103
2026-09-16,c:central:fernando-de-la-mora,Fernando de la Mora,asking_usd_per_m2_built,casa,828,86
2026-09-16,c:central:fernando-de-la-mora,Fernando de la Mora,asking_usd_per_m2_built,departamento,1275,27
2026-09-16,c:central:fernando-de-la-mora,Fernando de la Mora,asking_rent_usd_month,departamento,636,21
2026-09-17,c:central:fernando-de-la-mora,Fernando de la Mora,active_sale,,296,296
2026-09-17,c:central:fernando-de-la-mora,Fernando de la Mora,active_rent,,60,60
2026-09-17,c:central:fernando-de-la-mora,Fernando de la Mora,asking_price_usd,casa,171762,87
2026-09-17,c:central:fernando-de-la-mora,Fernando de la Mora,asking_price_usd,departamento,69000,103
2026-09-17,c:central:fernando-de-la-mora,Fernando de la Mora,asking_usd_per_m2_built,casa,824,85
2026-09-17,c:central:fernando-de-la-mora,Fernando de la Mora,asking_usd_per_m2_built,departamento,1275,27
2026-09-17,c:central:fernando-de-la-mora,Fernando de la Mora,asking_rent_usd_month,departamento,623,22
2026-09-18,c:central:fernando-de-la-mora,Fernando de la Mora,active_sale,,297,297
2026-09-18,c:central:fernando-de-la-mora,Fernando de la Mora,active_rent,,59,59
2026-09-18,c:central:fernando-de-la-mora,Fernando de la Mora,asking_price_usd,casa,171762,87
2026-09-18,c:central:fernando-de-la-mora,Fernando de la Mora,asking_price_usd,departamento,67250,104
2026-09-18,c:central:fernando-de-la-mora,Fernando de la Mora,asking_usd_per_m2_built,casa,824,85
2026-09-18,c:central:fernando-de-la-mora,Fernando de la Mora,asking_usd_per_m2_built,departamento,1260,28
2026-09-18,c:central:fernando-de-la-mora,Fernando de la Mora,asking_rent_usd_month,departamento,610,21
2026-09-19,c:central:fernando-de-la-mora,Fernando de la Mora,active_sale,,295,295
2026-09-19,c:central:fernando-de-la-mora,Fernando de la Mora,active_rent,,61,61
2026-09-19,c:central:fernando-de-la-mora,Fernando de la Mora,asking_price_usd,casa,171762,85
2026-09-19,c:central:fernando-de-la-mora,Fernando de la Mora,asking_price_usd,departamento,67250,104
2026-09-19,c:central:fernando-de-la-mora,Fernando de la Mora,asking_usd_per_m2_built,casa,831,83
2026-09-19,c:central:fernando-de-la-mora,Fernando de la Mora,asking_usd_per_m2_built,departamento,1260,28
2026-09-19,c:central:fernando-de-la-mora,Fernando de la Mora,asking_rent_usd_month,departamento,623,22
2026-09-20,c:central:fernando-de-la-mora,Fernando de la Mora,active_sale,,293,293
2026-09-20,c:central:fernando-de-la-mora,Fernando de la Mora,active_rent,,61,61
2026-09-20,c:central:fernando-de-la-mora,Fernando de la Mora,asking_price_usd,casa,171762,83
2026-09-20,c:central:fernando-de-la-mora,Fernando de la Mora,asking_price_usd,departamento,67250,104
2026-09-20,c:central:fernando-de-la-mora,Fernando de la Mora,asking_usd_per_m2_built,casa,833,81
2026-09-20,c:central:fernando-de-la-mora,Fernando de la Mora,asking_usd_per_m2_built,departamento,1260,28
2026-09-20,c:central:fernando-de-la-mora,Fernando de la Mora,asking_rent_usd_month,departamento,623,22
2026-09-21,c:central:fernando-de-la-mora,Fernando de la Mora,active_sale,,291,291
2026-09-21,c:central:fernando-de-la-mora,Fernando de la Mora,active_rent,,61,61
2026-09-21,c:central:fernando-de-la-mora,Fernando de la Mora,asking_price_usd,casa,171762,83
2026-09-21,c:central:fernando-de-la-mora,Fernando de la Mora,asking_price_usd,departamento,67250,104
2026-09-21,c:central:fernando-de-la-mora,Fernando de la Mora,asking_usd_per_m2_built,casa,831,81
2026-09-21,c:central:fernando-de-la-mora,Fernando de la Mora,asking_usd_per_m2_built,departamento,1260,28
2026-09-21,c:central:fernando-de-la-mora,Fernando de la Mora,asking_rent_usd_month,departamento,636,21
2026-09-22,c:central:fernando-de-la-mora,Fernando de la Mora,active_sale,,293,293
2026-09-22,c:central:fernando-de-la-mora,Fernando de la Mora,active_rent,,61,61
2026-09-22,c:central:fernando-de-la-mora,Fernando de la Mora,asking_price_usd,casa,170216,85
2026-09-22,c:central:fernando-de-la-mora,Fernando de la Mora,asking_price_usd,departamento,67250,104
2026-09-22,c:central:fernando-de-la-mora,Fernando de la Mora,asking_usd_per_m2_built,casa,831,83
2026-09-22,c:central:fernando-de-la-mora,Fernando de la Mora,asking_usd_per_m2_built,departamento,1260,28
2026-09-22,c:central:fernando-de-la-mora,Fernando de la Mora,asking_rent_usd_month,departamento,640,20
2026-09-23,c:central:fernando-de-la-mora,Fernando de la Mora,active_sale,,295,295
2026-09-23,c:central:fernando-de-la-mora,Fernando de la Mora,active_rent,,62,62
2026-09-23,c:central:fernando-de-la-mora,Fernando de la Mora,asking_price_usd,casa,170216,87
2026-09-23,c:central:fernando-de-la-mora,Fernando de la Mora,asking_price_usd,departamento,65500,105
2026-09-23,c:central:fernando-de-la-mora,Fernando de la Mora,asking_usd_per_m2_built,casa,831,85
2026-09-23,c:central:fernando-de-la-mora,Fernando de la Mora,asking_usd_per_m2_built,departamento,1260,28
2026-09-23,c:central:fernando-de-la-mora,Fernando de la Mora,asking_rent_usd_month,departamento,640,20
2026-09-24,c:central:fernando-de-la-mora,Fernando de la Mora,active_sale,,296,296
2026-09-24,c:central:fernando-de-la-mora,Fernando de la Mora,active_rent,,63,63
2026-09-24,c:central:fernando-de-la-mora,Fernando de la Mora,asking_price_usd,casa,170130,90
2026-09-24,c:central:fernando-de-la-mora,Fernando de la Mora,asking_price_usd,departamento,65500,105
2026-09-24,c:central:fernando-de-la-mora,Fernando de la Mora,asking_usd_per_m2_built,casa,812,88
2026-09-24,c:central:fernando-de-la-mora,Fernando de la Mora,asking_usd_per_m2_built,departamento,1260,28
2026-09-24,c:central:fernando-de-la-mora,Fernando de la Mora,asking_rent_usd_month,departamento,636,21
2026-09-25,c:central:fernando-de-la-mora,Fernando de la Mora,active_sale,,295,295
2026-09-25,c:central:fernando-de-la-mora,Fernando de la Mora,active_rent,,59,59
2026-09-25,c:central:fernando-de-la-mora,Fernando de la Mora,asking_price_usd,casa,170216,91
2026-09-25,c:central:fernando-de-la-mora,Fernando de la Mora,asking_price_usd,departamento,65500,105
2026-09-25,c:central:fernando-de-la-mora,Fernando de la Mora,asking_usd_per_m2_built,casa,800,89
2026-09-25,c:central:fernando-de-la-mora,Fernando de la Mora,asking_usd_per_m2_built,departamento,1260,28
2026-09-25,c:central:fernando-de-la-mora,Fernando de la Mora,asking_rent_usd_month,departamento,636,21
2026-09-26,c:central:fernando-de-la-mora,Fernando de la Mora,active_sale,,295,295
2026-09-26,c:central:fernando-de-la-mora,Fernando de la Mora,active_rent,,59,59
2026-09-26,c:central:fernando-de-la-mora,Fernando de la Mora,asking_price_usd,casa,170216,91
2026-09-26,c:central:fernando-de-la-mora,Fernando de la Mora,asking_price_usd,departamento,65500,105
2026-09-26,c:central:fernando-de-la-mora,Fernando de la Mora,asking_usd_per_m2_built,casa,800,89
2026-09-26,c:central:fernando-de-la-mora,Fernando de la Mora,asking_usd_per_m2_built,departamento,1260,28
2026-09-26,c:central:fernando-de-la-mora,Fernando de la Mora,asking_rent_usd_month,departamento,636,21
2026-09-27,c:central:fernando-de-la-mora,Fernando de la Mora,active_sale,,293,293
2026-09-27,c:central:fernando-de-la-mora,Fernando de la Mora,active_rent,,59,59
2026-09-27,c:central:fernando-de-la-mora,Fernando de la Mora,asking_price_usd,casa,170216,91
2026-09-27,c:central:fernando-de-la-mora,Fernando de la Mora,asking_price_usd,departamento,69250,104
2026-09-27,c:central:fernando-de-la-mora,Fernando de la Mora,asking_usd_per_m2_built,casa,800,89
2026-09-27,c:central:fernando-de-la-mora,Fernando de la Mora,asking_usd_per_m2_built,departamento,1275,27
2026-09-27,c:central:fernando-de-la-mora,Fernando de la Mora,asking_rent_usd_month,departamento,636,21
2026-09-28,c:central:fernando-de-la-mora,Fernando de la Mora,active_sale,,293,293
2026-09-28,c:central:fernando-de-la-mora,Fernando de la Mora,active_rent,,59,59
2026-09-28,c:central:fernando-de-la-mora,Fernando de la Mora,asking_price_usd,casa,170216,91
2026-09-28,c:central:fernando-de-la-mora,Fernando de la Mora,asking_price_usd,departamento,69250,104
2026-09-28,c:central:fernando-de-la-mora,Fernando de la Mora,asking_usd_per_m2_built,casa,800,89
2026-09-28,c:central:fernando-de-la-mora,Fernando de la Mora,asking_usd_per_m2_built,departamento,1275,27
2026-09-28,c:central:fernando-de-la-mora,Fernando de la Mora,asking_rent_usd_month,departamento,636,21
2026-10-01,c:central:fernando-de-la-mora,Fernando de la Mora,active_sale,,296,296
2026-10-01,c:central:fernando-de-la-mora,Fernando de la Mora,active_rent,,55,55
2026-10-01,c:central:fernando-de-la-mora,Fernando de la Mora,asking_price_usd,casa,170216,89
2026-10-01,c:central:fernando-de-la-mora,Fernando de la Mora,asking_price_usd,departamento,69250,104
2026-10-01,c:central:fernando-de-la-mora,Fernando de la Mora,asking_usd_per_m2_built,casa,800,87
2026-10-01,c:central:fernando-de-la-mora,Fernando de la Mora,asking_usd_per_m2_built,departamento,1275,27
2026-10-01,c:central:fernando-de-la-mora,Fernando de la Mora,asking_rent_usd_month,departamento,640,20
2026-09-02,c:central:capiata,Capiatá,active_sale,,250,250
2026-09-02,c:central:capiata,Capiatá,active_rent,,25,25
2026-09-02,c:central:capiata,Capiatá,asking_price_usd,casa,61834,138
2026-09-02,c:central:capiata,Capiatá,asking_usd_per_m2_built,casa,611,129
2026-09-03,c:central:capiata,Capiatá,active_sale,,251,251
2026-09-03,c:central:capiata,Capiatá,active_rent,,26,26
2026-09-03,c:central:capiata,Capiatá,asking_price_usd,casa,60975,138
2026-09-03,c:central:capiata,Capiatá,asking_usd_per_m2_built,casa,611,129
2026-09-04,c:central:capiata,Capiatá,active_sale,,252,252
2026-09-04,c:central:capiata,Capiatá,active_rent,,26,26
2026-09-04,c:central:capiata,Capiatá,asking_price_usd,casa,60975,138
2026-09-04,c:central:capiata,Capiatá,asking_usd_per_m2_built,casa,611,129
2026-09-05,c:central:capiata,Capiatá,active_sale,,251,251
2026-09-05,c:central:capiata,Capiatá,active_rent,,26,26
2026-09-05,c:central:capiata,Capiatá,asking_price_usd,casa,60975,138
2026-09-05,c:central:capiata,Capiatá,asking_usd_per_m2_built,casa,611,129
2026-09-06,c:central:capiata,Capiatá,active_sale,,252,252
2026-09-06,c:central:capiata,Capiatá,active_rent,,26,26
2026-09-06,c:central:capiata,Capiatá,asking_price_usd,casa,61834,139
2026-09-06,c:central:capiata,Capiatá,asking_usd_per_m2_built,casa,613,130
2026-09-07,c:central:capiata,Capiatá,active_sale,,252,252
2026-09-07,c:central:capiata,Capiatá,active_rent,,26,26
2026-09-07,c:central:capiata,Capiatá,asking_price_usd,casa,61834,139
2026-09-07,c:central:capiata,Capiatá,asking_usd_per_m2_built,casa,613,130
2026-09-08,c:central:capiata,Capiatá,active_sale,,252,252
2026-09-08,c:central:capiata,Capiatá,active_rent,,26,26
2026-09-08,c:central:capiata,Capiatá,asking_price_usd,casa,61834,139
2026-09-08,c:central:capiata,Capiatá,asking_usd_per_m2_built,casa,613,130
2026-09-09,c:central:capiata,Capiatá,active_sale,,252,252
2026-09-09,c:central:capiata,Capiatá,active_rent,,26,26
2026-09-09,c:central:capiata,Capiatá,asking_price_usd,casa,61834,139
2026-09-09,c:central:capiata,Capiatá,asking_usd_per_m2_built,casa,613,130
2026-09-10,c:central:capiata,Capiatá,active_sale,,252,252
2026-09-10,c:central:capiata,Capiatá,active_rent,,27,27
2026-09-10,c:central:capiata,Capiatá,asking_price_usd,casa,61834,139
2026-09-10,c:central:capiata,Capiatá,asking_usd_per_m2_built,casa,613,130
2026-09-11,c:central:capiata,Capiatá,active_sale,,250,250
2026-09-11,c:central:capiata,Capiatá,active_rent,,27,27
2026-09-11,c:central:capiata,Capiatá,asking_price_usd,casa,60117,138
2026-09-11,c:central:capiata,Capiatá,asking_usd_per_m2_built,casa,611,130
2026-09-12,c:central:capiata,Capiatá,active_sale,,250,250
2026-09-12,c:central:capiata,Capiatá,active_rent,,26,26
2026-09-12,c:central:capiata,Capiatá,asking_price_usd,casa,60117,138
2026-09-12,c:central:capiata,Capiatá,asking_usd_per_m2_built,casa,611,130
2026-09-13,c:central:capiata,Capiatá,active_sale,,250,250
2026-09-13,c:central:capiata,Capiatá,active_rent,,26,26
2026-09-13,c:central:capiata,Capiatá,asking_price_usd,casa,60117,138
2026-09-13,c:central:capiata,Capiatá,asking_usd_per_m2_built,casa,611,130
2026-09-14,c:central:capiata,Capiatá,active_sale,,250,250
2026-09-14,c:central:capiata,Capiatá,active_rent,,27,27
2026-09-14,c:central:capiata,Capiatá,asking_price_usd,casa,60117,138
2026-09-14,c:central:capiata,Capiatá,asking_usd_per_m2_built,casa,611,130
2026-09-15,c:central:capiata,Capiatá,active_sale,,246,246
2026-09-15,c:central:capiata,Capiatá,active_rent,,27,27
2026-09-15,c:central:capiata,Capiatá,asking_price_usd,casa,60117,133
2026-09-15,c:central:capiata,Capiatá,asking_usd_per_m2_built,casa,581,125
2026-09-16,c:central:capiata,Capiatá,active_sale,,248,248
2026-09-16,c:central:capiata,Capiatá,active_rent,,28,28
2026-09-16,c:central:capiata,Capiatá,asking_price_usd,casa,60117,135
2026-09-16,c:central:capiata,Capiatá,asking_usd_per_m2_built,casa,593,127
2026-09-17,c:central:capiata,Capiatá,active_sale,,248,248
2026-09-17,c:central:capiata,Capiatá,active_rent,,28,28
2026-09-17,c:central:capiata,Capiatá,asking_price_usd,casa,60117,135
2026-09-17,c:central:capiata,Capiatá,asking_usd_per_m2_built,casa,593,127
2026-09-18,c:central:capiata,Capiatá,active_sale,,248,248
2026-09-18,c:central:capiata,Capiatá,active_rent,,28,28
2026-09-18,c:central:capiata,Capiatá,asking_price_usd,casa,60117,135
2026-09-18,c:central:capiata,Capiatá,asking_usd_per_m2_built,casa,593,127
2026-09-19,c:central:capiata,Capiatá,active_sale,,251,251
2026-09-19,c:central:capiata,Capiatá,active_rent,,28,28
2026-09-19,c:central:capiata,Capiatá,asking_price_usd,casa,60975,136
2026-09-19,c:central:capiata,Capiatá,asking_usd_per_m2_built,casa,587,128
2026-09-20,c:central:capiata,Capiatá,active_sale,,251,251
2026-09-20,c:central:capiata,Capiatá,active_rent,,28,28
2026-09-20,c:central:capiata,Capiatá,asking_price_usd,casa,60975,136
2026-09-20,c:central:capiata,Capiatá,asking_usd_per_m2_built,casa,587,128
2026-09-21,c:central:capiata,Capiatá,active_sale,,248,248
2026-09-21,c:central:capiata,Capiatá,active_rent,,28,28
2026-09-21,c:central:capiata,Capiatá,asking_price_usd,casa,61834,133
2026-09-21,c:central:capiata,Capiatá,asking_usd_per_m2_built,casa,581,125
2026-09-22,c:central:capiata,Capiatá,active_sale,,249,249
2026-09-22,c:central:capiata,Capiatá,active_rent,,28,28
2026-09-22,c:central:capiata,Capiatá,asking_price_usd,casa,61834,135
2026-09-22,c:central:capiata,Capiatá,asking_usd_per_m2_built,casa,593,127
2026-09-23,c:central:capiata,Capiatá,active_sale,,250,250
2026-09-23,c:central:capiata,Capiatá,active_rent,,27,27
2026-09-23,c:central:capiata,Capiatá,asking_price_usd,casa,61834,135
2026-09-23,c:central:capiata,Capiatá,asking_usd_per_m2_built,casa,593,127
2026-09-24,c:central:capiata,Capiatá,active_sale,,257,257
2026-09-24,c:central:capiata,Capiatá,active_rent,,27,27
2026-09-24,c:central:capiata,Capiatá,asking_price_usd,casa,61834,136
2026-09-24,c:central:capiata,Capiatá,asking_usd_per_m2_built,casa,597,128
2026-09-25,c:central:capiata,Capiatá,active_sale,,257,257
2026-09-25,c:central:capiata,Capiatá,active_rent,,27,27
2026-09-25,c:central:capiata,Capiatá,asking_price_usd,casa,61834,136
2026-09-25,c:central:capiata,Capiatá,asking_usd_per_m2_built,casa,597,128
2026-09-26,c:central:capiata,Capiatá,active_sale,,257,257
2026-09-26,c:central:capiata,Capiatá,active_rent,,26,26
2026-09-26,c:central:capiata,Capiatá,asking_price_usd,casa,61834,136
2026-09-26,c:central:capiata,Capiatá,asking_usd_per_m2_built,casa,597,128
2026-09-27,c:central:capiata,Capiatá,active_sale,,258,258
2026-09-27,c:central:capiata,Capiatá,active_rent,,26,26
2026-09-27,c:central:capiata,Capiatá,asking_price_usd,casa,61834,135
2026-09-27,c:central:capiata,Capiatá,asking_usd_per_m2_built,casa,593,127
2026-09-28,c:central:capiata,Capiatá,active_sale,,259,259
2026-09-28,c:central:capiata,Capiatá,active_rent,,26,26
2026-09-28,c:central:capiata,Capiatá,asking_price_usd,casa,61834,136
2026-09-28,c:central:capiata,Capiatá,asking_usd_per_m2_built,casa,587,128
2026-10-01,c:central:capiata,Capiatá,active_sale,,258,258
2026-10-01,c:central:capiata,Capiatá,active_rent,,25,25
2026-10-01,c:central:capiata,Capiatá,asking_price_usd,casa,61834,134
2026-10-01,c:central:capiata,Capiatá,asking_usd_per_m2_built,casa,581,127
2026-09-02,c:central:nemby,Ñemby,active_sale,,186,186
2026-09-02,c:central:nemby,Ñemby,active_rent,,31,31
2026-09-02,c:central:nemby,Ñemby,asking_price_usd,casa,72140,78
2026-09-02,c:central:nemby,Ñemby,asking_usd_per_m2_built,casa,710,73
2026-09-03,c:central:nemby,Ñemby,active_sale,,187,187
2026-09-03,c:central:nemby,Ñemby,active_rent,,31,31
2026-09-03,c:central:nemby,Ñemby,asking_price_usd,casa,72140,79
2026-09-03,c:central:nemby,Ñemby,asking_usd_per_m2_built,casa,727,74
2026-09-04,c:central:nemby,Ñemby,active_sale,,187,187
2026-09-04,c:central:nemby,Ñemby,active_rent,,31,31
2026-09-04,c:central:nemby,Ñemby,asking_price_usd,casa,72140,79
2026-09-04,c:central:nemby,Ñemby,asking_usd_per_m2_built,casa,710,75
2026-09-05,c:central:nemby,Ñemby,active_sale,,187,187
2026-09-05,c:central:nemby,Ñemby,active_rent,,31,31
2026-09-05,c:central:nemby,Ñemby,asking_price_usd,casa,72140,79
2026-09-05,c:central:nemby,Ñemby,asking_usd_per_m2_built,casa,710,75
2026-09-06,c:central:nemby,Ñemby,active_sale,,187,187
2026-09-06,c:central:nemby,Ñemby,active_rent,,31,31
2026-09-06,c:central:nemby,Ñemby,asking_price_usd,casa,72140,79
2026-09-06,c:central:nemby,Ñemby,asking_usd_per_m2_built,casa,710,75
2026-09-07,c:central:nemby,Ñemby,active_sale,,187,187
2026-09-07,c:central:nemby,Ñemby,active_rent,,31,31
2026-09-07,c:central:nemby,Ñemby,asking_price_usd,casa,72140,79
2026-09-07,c:central:nemby,Ñemby,asking_usd_per_m2_built,casa,710,75
2026-09-08,c:central:nemby,Ñemby,active_sale,,186,186
2026-09-08,c:central:nemby,Ñemby,active_rent,,33,33
2026-09-08,c:central:nemby,Ñemby,asking_price_usd,casa,72140,79
2026-09-08,c:central:nemby,Ñemby,asking_usd_per_m2_built,casa,710,75
2026-09-09,c:central:nemby,Ñemby,active_sale,,186,186
2026-09-09,c:central:nemby,Ñemby,active_rent,,33,33
2026-09-09,c:central:nemby,Ñemby,asking_price_usd,casa,72140,79
2026-09-09,c:central:nemby,Ñemby,asking_usd_per_m2_built,casa,710,75
2026-09-10,c:central:nemby,Ñemby,active_sale,,186,186
2026-09-10,c:central:nemby,Ñemby,active_rent,,33,33
2026-09-10,c:central:nemby,Ñemby,asking_price_usd,casa,72999,81
2026-09-10,c:central:nemby,Ñemby,asking_usd_per_m2_built,casa,710,77
2026-09-11,c:central:nemby,Ñemby,active_sale,,187,187
2026-09-11,c:central:nemby,Ñemby,active_rent,,32,32
2026-09-11,c:central:nemby,Ñemby,asking_price_usd,casa,72999,81
2026-09-11,c:central:nemby,Ñemby,asking_usd_per_m2_built,casa,710,77
2026-09-12,c:central:nemby,Ñemby,active_sale,,188,188
2026-09-12,c:central:nemby,Ñemby,active_rent,,32,32
2026-09-12,c:central:nemby,Ñemby,asking_price_usd,casa,72999,83
2026-09-12,c:central:nemby,Ñemby,asking_usd_per_m2_built,casa,744,79
2026-09-13,c:central:nemby,Ñemby,active_sale,,188,188
2026-09-13,c:central:nemby,Ñemby,active_rent,,32,32
2026-09-13,c:central:nemby,Ñemby,asking_price_usd,casa,72999,83
2026-09-13,c:central:nemby,Ñemby,asking_usd_per_m2_built,casa,744,79
2026-09-14,c:central:nemby,Ñemby,active_sale,,188,188
2026-09-14,c:central:nemby,Ñemby,active_rent,,32,32
2026-09-14,c:central:nemby,Ñemby,asking_price_usd,casa,72999,83
2026-09-14,c:central:nemby,Ñemby,asking_usd_per_m2_built,casa,744,79
2026-09-15,c:central:nemby,Ñemby,active_sale,,186,186
2026-09-15,c:central:nemby,Ñemby,active_rent,,32,32
2026-09-15,c:central:nemby,Ñemby,asking_price_usd,casa,72569,82
2026-09-15,c:central:nemby,Ñemby,asking_usd_per_m2_built,casa,744,78
2026-09-16,c:central:nemby,Ñemby,active_sale,,185,185
2026-09-16,c:central:nemby,Ñemby,active_rent,,32,32
2026-09-16,c:central:nemby,Ñemby,asking_price_usd,casa,72140,81
2026-09-16,c:central:nemby,Ñemby,asking_usd_per_m2_built,casa,744,77
2026-09-17,c:central:nemby,Ñemby,active_sale,,186,186
2026-09-17,c:central:nemby,Ñemby,active_rent,,32,32
2026-09-17,c:central:nemby,Ñemby,asking_price_usd,casa,72140,81
2026-09-17,c:central:nemby,Ñemby,asking_usd_per_m2_built,casa,744,77
2026-09-18,c:central:nemby,Ñemby,active_sale,,185,185
2026-09-18,c:central:nemby,Ñemby,active_rent,,32,32
2026-09-18,c:central:nemby,Ñemby,asking_price_usd,casa,72140,80
2026-09-18,c:central:nemby,Ñemby,asking_usd_per_m2_built,casa,727,76
2026-09-19,c:central:nemby,Ñemby,active_sale,,190,190
2026-09-19,c:central:nemby,Ñemby,active_rent,,35,35
2026-09-19,c:central:nemby,Ñemby,asking_price_usd,casa,72140,83
2026-09-19,c:central:nemby,Ñemby,asking_usd_per_m2_built,casa,710,79
2026-09-20,c:central:nemby,Ñemby,active_sale,,187,187
2026-09-20,c:central:nemby,Ñemby,active_rent,,34,34
2026-09-20,c:central:nemby,Ñemby,asking_price_usd,casa,72140,81
2026-09-20,c:central:nemby,Ñemby,asking_usd_per_m2_built,casa,704,77
2026-09-21,c:central:nemby,Ñemby,active_sale,,187,187
2026-09-21,c:central:nemby,Ñemby,active_rent,,34,34
2026-09-21,c:central:nemby,Ñemby,asking_price_usd,casa,72140,81
2026-09-21,c:central:nemby,Ñemby,asking_usd_per_m2_built,casa,704,77
2026-09-22,c:central:nemby,Ñemby,active_sale,,187,187
2026-09-22,c:central:nemby,Ñemby,active_rent,,32,32
2026-09-22,c:central:nemby,Ñemby,asking_price_usd,casa,72140,81
2026-09-22,c:central:nemby,Ñemby,asking_usd_per_m2_built,casa,704,77
2026-09-23,c:central:nemby,Ñemby,active_sale,,190,190
2026-09-23,c:central:nemby,Ñemby,active_rent,,32,32
2026-09-23,c:central:nemby,Ñemby,asking_price_usd,casa,72140,83
2026-09-23,c:central:nemby,Ñemby,asking_usd_per_m2_built,casa,704,79
2026-09-24,c:central:nemby,Ñemby,active_sale,,193,193
2026-09-24,c:central:nemby,Ñemby,active_rent,,32,32
2026-09-24,c:central:nemby,Ñemby,asking_price_usd,casa,73428,86
2026-09-24,c:central:nemby,Ñemby,asking_usd_per_m2_built,casa,707,82
2026-09-25,c:central:nemby,Ñemby,active_sale,,193,193
2026-09-25,c:central:nemby,Ñemby,active_rent,,32,32
2026-09-25,c:central:nemby,Ñemby,asking_price_usd,casa,74716,88
2026-09-25,c:central:nemby,Ñemby,asking_usd_per_m2_built,casa,727,84
2026-09-26,c:central:nemby,Ñemby,active_sale,,194,194
2026-09-26,c:central:nemby,Ñemby,active_rent,,32,32
2026-09-26,c:central:nemby,Ñemby,asking_price_usd,casa,74716,88
2026-09-26,c:central:nemby,Ñemby,asking_usd_per_m2_built,casa,727,84
2026-09-27,c:central:nemby,Ñemby,active_sale,,194,194
2026-09-27,c:central:nemby,Ñemby,active_rent,,32,32
2026-09-27,c:central:nemby,Ñemby,asking_price_usd,casa,74716,88
2026-09-27,c:central:nemby,Ñemby,asking_usd_per_m2_built,casa,727,84
2026-09-28,c:central:nemby,Ñemby,active_sale,,194,194
2026-09-28,c:central:nemby,Ñemby,active_rent,,32,32
2026-09-28,c:central:nemby,Ñemby,asking_price_usd,casa,74716,88
2026-09-28,c:central:nemby,Ñemby,asking_usd_per_m2_built,casa,727,84
2026-10-01,c:central:nemby,Ñemby,active_sale,,193,193
2026-10-01,c:central:nemby,Ñemby,active_rent,,31,31
2026-10-01,c:central:nemby,Ñemby,asking_price_usd,casa,73858,85
2026-10-01,c:central:nemby,Ñemby,asking_usd_per_m2_built,casa,710,81
2026-09-02,c:central:villa-elisa,Villa Elisa,active_sale,,119,119
2026-09-02,c:central:villa-elisa,Villa Elisa,active_rent,,12,12
2026-09-02,c:central:villa-elisa,Villa Elisa,asking_price_usd,casa,91893,57
2026-09-02,c:central:villa-elisa,Villa Elisa,asking_usd_per_m2_built,casa,768,56
2026-09-03,c:central:villa-elisa,Villa Elisa,active_sale,,118,118
2026-09-03,c:central:villa-elisa,Villa Elisa,active_rent,,12,12
2026-09-03,c:central:villa-elisa,Villa Elisa,asking_price_usd,casa,91893,57
2026-09-03,c:central:villa-elisa,Villa Elisa,asking_usd_per_m2_built,casa,768,56
2026-09-04,c:central:villa-elisa,Villa Elisa,active_sale,,118,118
2026-09-04,c:central:villa-elisa,Villa Elisa,active_rent,,12,12
2026-09-04,c:central:villa-elisa,Villa Elisa,asking_price_usd,casa,91893,57
2026-09-04,c:central:villa-elisa,Villa Elisa,asking_usd_per_m2_built,casa,762,57
2026-09-05,c:central:villa-elisa,Villa Elisa,active_sale,,119,119
2026-09-05,c:central:villa-elisa,Villa Elisa,active_rent,,12,12
2026-09-05,c:central:villa-elisa,Villa Elisa,asking_price_usd,casa,92322,58
2026-09-05,c:central:villa-elisa,Villa Elisa,asking_usd_per_m2_built,casa,752,58
2026-09-06,c:central:villa-elisa,Villa Elisa,active_sale,,119,119
2026-09-06,c:central:villa-elisa,Villa Elisa,active_rent,,12,12
2026-09-06,c:central:villa-elisa,Villa Elisa,asking_price_usd,casa,92322,58
2026-09-06,c:central:villa-elisa,Villa Elisa,asking_usd_per_m2_built,casa,752,58
2026-09-07,c:central:villa-elisa,Villa Elisa,active_sale,,118,118
2026-09-07,c:central:villa-elisa,Villa Elisa,active_rent,,12,12
2026-09-07,c:central:villa-elisa,Villa Elisa,asking_price_usd,casa,92751,57
2026-09-07,c:central:villa-elisa,Villa Elisa,asking_usd_per_m2_built,casa,741,57
2026-09-08,c:central:villa-elisa,Villa Elisa,active_sale,,115,115
2026-09-08,c:central:villa-elisa,Villa Elisa,active_rent,,11,11
2026-09-08,c:central:villa-elisa,Villa Elisa,asking_price_usd,casa,91893,55
2026-09-08,c:central:villa-elisa,Villa Elisa,asking_usd_per_m2_built,casa,738,55
2026-09-09,c:central:villa-elisa,Villa Elisa,active_sale,,115,115
2026-09-09,c:central:villa-elisa,Villa Elisa,active_rent,,11,11
2026-09-09,c:central:villa-elisa,Villa Elisa,asking_price_usd,casa,91893,55
2026-09-09,c:central:villa-elisa,Villa Elisa,asking_usd_per_m2_built,casa,738,55
2026-09-10,c:central:villa-elisa,Villa Elisa,active_sale,,116,116
2026-09-10,c:central:villa-elisa,Villa Elisa,active_rent,,11,11
2026-09-10,c:central:villa-elisa,Villa Elisa,asking_price_usd,casa,92322,56
2026-09-10,c:central:villa-elisa,Villa Elisa,asking_usd_per_m2_built,casa,739,56
2026-09-11,c:central:villa-elisa,Villa Elisa,active_sale,,117,117
2026-09-11,c:central:villa-elisa,Villa Elisa,active_rent,,11,11
2026-09-11,c:central:villa-elisa,Villa Elisa,asking_price_usd,casa,92322,56
2026-09-11,c:central:villa-elisa,Villa Elisa,asking_usd_per_m2_built,casa,739,56
2026-09-12,c:central:villa-elisa,Villa Elisa,active_sale,,117,117
2026-09-12,c:central:villa-elisa,Villa Elisa,active_rent,,11,11
2026-09-12,c:central:villa-elisa,Villa Elisa,asking_price_usd,casa,92322,56
2026-09-12,c:central:villa-elisa,Villa Elisa,asking_usd_per_m2_built,casa,739,56
2026-09-13,c:central:villa-elisa,Villa Elisa,active_sale,,117,117
2026-09-13,c:central:villa-elisa,Villa Elisa,active_rent,,11,11
2026-09-13,c:central:villa-elisa,Villa Elisa,asking_price_usd,casa,92322,56
2026-09-13,c:central:villa-elisa,Villa Elisa,asking_usd_per_m2_built,casa,739,56
2026-09-14,c:central:villa-elisa,Villa Elisa,active_sale,,117,117
2026-09-14,c:central:villa-elisa,Villa Elisa,active_rent,,11,11
2026-09-14,c:central:villa-elisa,Villa Elisa,asking_price_usd,casa,92322,56
2026-09-14,c:central:villa-elisa,Villa Elisa,asking_usd_per_m2_built,casa,739,56
2026-09-15,c:central:villa-elisa,Villa Elisa,active_sale,,118,118
2026-09-15,c:central:villa-elisa,Villa Elisa,active_rent,,11,11
2026-09-15,c:central:villa-elisa,Villa Elisa,asking_price_usd,casa,92751,57
2026-09-15,c:central:villa-elisa,Villa Elisa,asking_usd_per_m2_built,casa,738,57
2026-09-16,c:central:villa-elisa,Villa Elisa,active_sale,,119,119
2026-09-16,c:central:villa-elisa,Villa Elisa,active_rent,,11,11
2026-09-16,c:central:villa-elisa,Villa Elisa,asking_price_usd,casa,92751,57
2026-09-16,c:central:villa-elisa,Villa Elisa,asking_usd_per_m2_built,casa,738,57
2026-09-17,c:central:villa-elisa,Villa Elisa,active_sale,,119,119
2026-09-17,c:central:villa-elisa,Villa Elisa,active_rent,,12,12
2026-09-17,c:central:villa-elisa,Villa Elisa,asking_price_usd,casa,92751,57
2026-09-17,c:central:villa-elisa,Villa Elisa,asking_usd_per_m2_built,casa,738,57
2026-09-18,c:central:villa-elisa,Villa Elisa,active_sale,,118,118
2026-09-18,c:central:villa-elisa,Villa Elisa,active_rent,,12,12
2026-09-18,c:central:villa-elisa,Villa Elisa,asking_price_usd,casa,91893,55
2026-09-18,c:central:villa-elisa,Villa Elisa,asking_usd_per_m2_built,casa,738,55
2026-09-19,c:central:villa-elisa,Villa Elisa,active_sale,,120,120
2026-09-19,c:central:villa-elisa,Villa Elisa,active_rent,,13,13
2026-09-19,c:central:villa-elisa,Villa Elisa,asking_price_usd,casa,91893,55
2026-09-19,c:central:villa-elisa,Villa Elisa,asking_usd_per_m2_built,casa,738,55
2026-09-20,c:central:villa-elisa,Villa Elisa,active_sale,,120,120
2026-09-20,c:central:villa-elisa,Villa Elisa,active_rent,,13,13
2026-09-20,c:central:villa-elisa,Villa Elisa,asking_price_usd,casa,91893,55
2026-09-20,c:central:villa-elisa,Villa Elisa,asking_usd_per_m2_built,casa,738,55
2026-09-21,c:central:villa-elisa,Villa Elisa,active_sale,,118,118
2026-09-21,c:central:villa-elisa,Villa Elisa,active_rent,,13,13
2026-09-21,c:central:villa-elisa,Villa Elisa,asking_price_usd,casa,92322,54
2026-09-21,c:central:villa-elisa,Villa Elisa,asking_usd_per_m2_built,casa,739,54
2026-09-22,c:central:villa-elisa,Villa Elisa,active_sale,,118,118
2026-09-22,c:central:villa-elisa,Villa Elisa,active_rent,,13,13
2026-09-22,c:central:villa-elisa,Villa Elisa,asking_price_usd,casa,92322,54
2026-09-22,c:central:villa-elisa,Villa Elisa,asking_usd_per_m2_built,casa,739,54
2026-09-23,c:central:villa-elisa,Villa Elisa,active_sale,,119,119
2026-09-23,c:central:villa-elisa,Villa Elisa,active_rent,,13,13
2026-09-23,c:central:villa-elisa,Villa Elisa,asking_price_usd,casa,92751,55
2026-09-23,c:central:villa-elisa,Villa Elisa,asking_usd_per_m2_built,casa,741,55
2026-09-24,c:central:villa-elisa,Villa Elisa,active_sale,,120,120
2026-09-24,c:central:villa-elisa,Villa Elisa,active_rent,,14,14
2026-09-24,c:central:villa-elisa,Villa Elisa,asking_price_usd,casa,92322,56
2026-09-24,c:central:villa-elisa,Villa Elisa,asking_usd_per_m2_built,casa,739,56
2026-09-25,c:central:villa-elisa,Villa Elisa,active_sale,,121,121
2026-09-25,c:central:villa-elisa,Villa Elisa,active_rent,,14,14
2026-09-25,c:central:villa-elisa,Villa Elisa,asking_price_usd,casa,92322,56
2026-09-25,c:central:villa-elisa,Villa Elisa,asking_usd_per_m2_built,casa,739,56
2026-09-26,c:central:villa-elisa,Villa Elisa,active_sale,,121,121
2026-09-26,c:central:villa-elisa,Villa Elisa,active_rent,,14,14
2026-09-26,c:central:villa-elisa,Villa Elisa,asking_price_usd,casa,92322,56
2026-09-26,c:central:villa-elisa,Villa Elisa,asking_usd_per_m2_built,casa,739,56
2026-09-27,c:central:villa-elisa,Villa Elisa,active_sale,,120,120
2026-09-27,c:central:villa-elisa,Villa Elisa,active_rent,,14,14
2026-09-27,c:central:villa-elisa,Villa Elisa,asking_price_usd,casa,92322,56
2026-09-27,c:central:villa-elisa,Villa Elisa,asking_usd_per_m2_built,casa,739,56
2026-09-28,c:central:villa-elisa,Villa Elisa,active_sale,,120,120
2026-09-28,c:central:villa-elisa,Villa Elisa,active_rent,,14,14
2026-09-28,c:central:villa-elisa,Villa Elisa,asking_price_usd,casa,92322,56
2026-09-28,c:central:villa-elisa,Villa Elisa,asking_usd_per_m2_built,casa,739,56
2026-10-01,c:central:villa-elisa,Villa Elisa,active_sale,,120,120
2026-10-01,c:central:villa-elisa,Villa Elisa,active_rent,,13,13
2026-10-01,c:central:villa-elisa,Villa Elisa,asking_price_usd,casa,92751,57
2026-10-01,c:central:villa-elisa,Villa Elisa,asking_usd_per_m2_built,casa,738,57
2026-09-02,c:central:limpio,Limpio,active_sale,,211,211
2026-09-02,c:central:limpio,Limpio,active_rent,,12,12
2026-09-02,c:central:limpio,Limpio,asking_price_usd,casa,60117,89
2026-09-02,c:central:limpio,Limpio,asking_usd_per_m2_built,casa,661,77
2026-09-03,c:central:limpio,Limpio,active_sale,,211,211
2026-09-03,c:central:limpio,Limpio,active_rent,,12,12
2026-09-03,c:central:limpio,Limpio,asking_price_usd,casa,60117,88
2026-09-03,c:central:limpio,Limpio,asking_usd_per_m2_built,casa,687,76
2026-09-04,c:central:limpio,Limpio,active_sale,,211,211
2026-09-04,c:central:limpio,Limpio,active_rent,,12,12
2026-09-04,c:central:limpio,Limpio,asking_price_usd,casa,60117,88
2026-09-04,c:central:limpio,Limpio,asking_usd_per_m2_built,casa,714,76
2026-09-05,c:central:limpio,Limpio,active_sale,,211,211
2026-09-05,c:central:limpio,Limpio,active_rent,,12,12
2026-09-05,c:central:limpio,Limpio,asking_price_usd,casa,60117,88
2026-09-05,c:central:limpio,Limpio,asking_usd_per_m2_built,casa,714,76
2026-09-06,c:central:limpio,Limpio,active_sale,,210,210
2026-09-06,c:central:limpio,Limpio,active_rent,,12,12
2026-09-06,c:central:limpio,Limpio,asking_price_usd,casa,60117,87
2026-09-06,c:central:limpio,Limpio,asking_usd_per_m2_built,casa,713,75
2026-09-07,c:central:limpio,Limpio,active_sale,,210,210
2026-09-07,c:central:limpio,Limpio,active_rent,,12,12
2026-09-07,c:central:limpio,Limpio,asking_price_usd,casa,60117,87
2026-09-07,c:central:limpio,Limpio,asking_usd_per_m2_built,casa,713,75
2026-09-08,c:central:limpio,Limpio,active_sale,,212,212
2026-09-08,c:central:limpio,Limpio,active_rent,,11,11
2026-09-08,c:central:limpio,Limpio,asking_price_usd,casa,60117,87
2026-09-08,c:central:limpio,Limpio,asking_usd_per_m2_built,casa,713,75
2026-09-09,c:central:limpio,Limpio,active_sale,,212,212
2026-09-09,c:central:limpio,Limpio,active_rent,,11,11
2026-09-09,c:central:limpio,Limpio,asking_price_usd,casa,60117,87
2026-09-09,c:central:limpio,Limpio,asking_usd_per_m2_built,casa,713,75
2026-09-10,c:central:limpio,Limpio,active_sale,,215,215
2026-09-10,c:central:limpio,Limpio,active_rent,,10,10
2026-09-10,c:central:limpio,Limpio,asking_price_usd,casa,60117,88
2026-09-10,c:central:limpio,Limpio,asking_usd_per_m2_built,casa,687,76
2026-09-11,c:central:limpio,Limpio,active_sale,,215,215
2026-09-11,c:central:limpio,Limpio,active_rent,,10,10
2026-09-11,c:central:limpio,Limpio,asking_price_usd,casa,60117,88
2026-09-11,c:central:limpio,Limpio,asking_usd_per_m2_built,casa,687,76
2026-09-12,c:central:limpio,Limpio,active_sale,,215,215
2026-09-12,c:central:limpio,Limpio,active_rent,,10,10
2026-09-12,c:central:limpio,Limpio,asking_price_usd,casa,60117,88
2026-09-12,c:central:limpio,Limpio,asking_usd_per_m2_built,casa,687,76
2026-09-13,c:central:limpio,Limpio,active_sale,,215,215
2026-09-13,c:central:limpio,Limpio,active_rent,,10,10
2026-09-13,c:central:limpio,Limpio,asking_price_usd,casa,60117,88
2026-09-13,c:central:limpio,Limpio,asking_usd_per_m2_built,casa,687,76
2026-09-14,c:central:limpio,Limpio,active_sale,,214,214
2026-09-14,c:central:limpio,Limpio,active_rent,,10,10
2026-09-14,c:central:limpio,Limpio,asking_price_usd,casa,60117,87
2026-09-14,c:central:limpio,Limpio,asking_usd_per_m2_built,casa,713,75
2026-09-15,c:central:limpio,Limpio,active_sale,,216,216
2026-09-15,c:central:limpio,Limpio,active_rent,,11,11
2026-09-15,c:central:limpio,Limpio,asking_price_usd,casa,60117,88
2026-09-15,c:central:limpio,Limpio,asking_usd_per_m2_built,casa,661,76
2026-09-16,c:central:limpio,Limpio,active_sale,,217,217
2026-09-16,c:central:limpio,Limpio,active_rent,,11,11
2026-09-16,c:central:limpio,Limpio,asking_price_usd,casa,60117,87
2026-09-16,c:central:limpio,Limpio,asking_usd_per_m2_built,casa,661,76
2026-09-17,c:central:limpio,Limpio,active_sale,,217,217
2026-09-17,c:central:limpio,Limpio,active_rent,,11,11
2026-09-17,c:central:limpio,Limpio,asking_price_usd,casa,60117,87
2026-09-17,c:central:limpio,Limpio,asking_usd_per_m2_built,casa,661,76
2026-09-18,c:central:limpio,Limpio,active_sale,,219,219
2026-09-18,c:central:limpio,Limpio,active_rent,,11,11
2026-09-18,c:central:limpio,Limpio,asking_price_usd,casa,60117,87
2026-09-18,c:central:limpio,Limpio,asking_usd_per_m2_built,casa,661,76
2026-09-19,c:central:limpio,Limpio,active_sale,,234,234
2026-09-19,c:central:limpio,Limpio,active_rent,,11,11
2026-09-19,c:central:limpio,Limpio,asking_price_usd,casa,60117,88
2026-09-19,c:central:limpio,Limpio,asking_usd_per_m2_built,casa,661,77
2026-09-20,c:central:limpio,Limpio,active_sale,,234,234
2026-09-20,c:central:limpio,Limpio,active_rent,,11,11
2026-09-20,c:central:limpio,Limpio,asking_price_usd,casa,60117,88
2026-09-20,c:central:limpio,Limpio,asking_usd_per_m2_built,casa,661,77
2026-09-21,c:central:limpio,Limpio,active_sale,,234,234
2026-09-21,c:central:limpio,Limpio,active_rent,,10,10
2026-09-21,c:central:limpio,Limpio,asking_price_usd,casa,60117,88
2026-09-21,c:central:limpio,Limpio,asking_usd_per_m2_built,casa,661,77
2026-09-22,c:central:limpio,Limpio,active_sale,,230,230
2026-09-22,c:central:limpio,Limpio,active_rent,,10,10
2026-09-22,c:central:limpio,Limpio,asking_price_usd,casa,60117,86
2026-09-22,c:central:limpio,Limpio,asking_usd_per_m2_built,casa,685,76
2026-09-23,c:central:limpio,Limpio,active_sale,,230,230
2026-09-23,c:central:limpio,Limpio,active_rent,,9,9
2026-09-23,c:central:limpio,Limpio,asking_price_usd,casa,60117,87
2026-09-23,c:central:limpio,Limpio,asking_usd_per_m2_built,casa,705,78
2026-09-24,c:central:limpio,Limpio,active_sale,,232,232
2026-09-24,c:central:limpio,Limpio,active_rent,,8,8
2026-09-24,c:central:limpio,Limpio,asking_price_usd,casa,60117,88
2026-09-24,c:central:limpio,Limpio,asking_usd_per_m2_built,casa,705,80
2026-09-25,c:central:limpio,Limpio,active_sale,,232,232
2026-09-25,c:central:limpio,Limpio,active_rent,,8,8
2026-09-25,c:central:limpio,Limpio,asking_price_usd,casa,60117,88
2026-09-25,c:central:limpio,Limpio,asking_usd_per_m2_built,casa,705,80
2026-09-26,c:central:limpio,Limpio,active_sale,,232,232
2026-09-26,c:central:limpio,Limpio,active_rent,,8,8
2026-09-26,c:central:limpio,Limpio,asking_price_usd,casa,60117,88
2026-09-26,c:central:limpio,Limpio,asking_usd_per_m2_built,casa,705,80
2026-09-27,c:central:limpio,Limpio,active_sale,,232,232
2026-09-27,c:central:limpio,Limpio,active_rent,,8,8
2026-09-27,c:central:limpio,Limpio,asking_price_usd,casa,60117,88
2026-09-27,c:central:limpio,Limpio,asking_usd_per_m2_built,casa,705,80
2026-09-28,c:central:limpio,Limpio,active_sale,,233,233
2026-09-28,c:central:limpio,Limpio,active_rent,,8,8
2026-09-28,c:central:limpio,Limpio,asking_price_usd,casa,60117,88
2026-09-28,c:central:limpio,Limpio,asking_usd_per_m2_built,casa,705,80
2026-10-01,c:central:limpio,Limpio,active_sale,,232,232
2026-10-01,c:central:limpio,Limpio,active_rent,,8,8
2026-10-01,c:central:limpio,Limpio,asking_price_usd,casa,60117,88
2026-10-01,c:central:limpio,Limpio,asking_usd_per_m2_built,casa,705,80
2026-09-02,c:central:mariano-roque-alonso,Mariano Roque Alonso,active_sale,,233,233
2026-09-02,c:central:mariano-roque-alonso,Mariano Roque Alonso,active_rent,,15,15
2026-09-02,c:central:mariano-roque-alonso,Mariano Roque Alonso,asking_price_usd,casa,103916,54
2026-09-02,c:central:mariano-roque-alonso,Mariano Roque Alonso,asking_price_usd,departamento,61135,49
2026-09-02,c:central:mariano-roque-alonso,Mariano Roque Alonso,asking_usd_per_m2_built,casa,676,50
2026-09-03,c:central:mariano-roque-alonso,Mariano Roque Alonso,active_sale,,234,234
2026-09-03,c:central:mariano-roque-alonso,Mariano Roque Alonso,active_rent,,14,14
2026-09-03,c:central:mariano-roque-alonso,Mariano Roque Alonso,asking_price_usd,casa,103916,54
2026-09-03,c:central:mariano-roque-alonso,Mariano Roque Alonso,asking_price_usd,departamento,61135,49
2026-09-03,c:central:mariano-roque-alonso,Mariano Roque Alonso,asking_usd_per_m2_built,casa,676,50
2026-09-04,c:central:mariano-roque-alonso,Mariano Roque Alonso,active_sale,,236,236
2026-09-04,c:central:mariano-roque-alonso,Mariano Roque Alonso,active_rent,,14,14
2026-09-04,c:central:mariano-roque-alonso,Mariano Roque Alonso,asking_price_usd,casa,103916,54
2026-09-04,c:central:mariano-roque-alonso,Mariano Roque Alonso,asking_price_usd,departamento,61135,51
2026-09-04,c:central:mariano-roque-alonso,Mariano Roque Alonso,asking_usd_per_m2_built,casa,676,50
2026-09-05,c:central:mariano-roque-alonso,Mariano Roque Alonso,active_sale,,235,235
2026-09-05,c:central:mariano-roque-alonso,Mariano Roque Alonso,active_rent,,15,15
2026-09-05,c:central:mariano-roque-alonso,Mariano Roque Alonso,asking_price_usd,casa,102885,54
2026-09-05,c:central:mariano-roque-alonso,Mariano Roque Alonso,asking_price_usd,departamento,60568,52
2026-09-05,c:central:mariano-roque-alonso,Mariano Roque Alonso,asking_usd_per_m2_built,casa,676,50
2026-09-06,c:central:mariano-roque-alonso,Mariano Roque Alonso,active_sale,,235,235
2026-09-06,c:central:mariano-roque-alonso,Mariano Roque Alonso,active_rent,,15,15
2026-09-06,c:central:mariano-roque-alonso,Mariano Roque Alonso,asking_price_usd,casa,102885,54
2026-09-06,c:central:mariano-roque-alonso,Mariano Roque Alonso,asking_price_usd,departamento,60568,52
2026-09-06,c:central:mariano-roque-alonso,Mariano Roque Alonso,asking_usd_per_m2_built,casa,676,50
2026-09-07,c:central:mariano-roque-alonso,Mariano Roque Alonso,active_sale,,236,236
2026-09-07,c:central:mariano-roque-alonso,Mariano Roque Alonso,active_rent,,15,15
2026-09-07,c:central:mariano-roque-alonso,Mariano Roque Alonso,asking_price_usd,casa,102885,54
2026-09-07,c:central:mariano-roque-alonso,Mariano Roque Alonso,asking_price_usd,departamento,60568,52
2026-09-07,c:central:mariano-roque-alonso,Mariano Roque Alonso,asking_usd_per_m2_built,casa,676,50
2026-09-08,c:central:mariano-roque-alonso,Mariano Roque Alonso,active_sale,,237,237
2026-09-08,c:central:mariano-roque-alonso,Mariano Roque Alonso,active_rent,,15,15
2026-09-08,c:central:mariano-roque-alonso,Mariano Roque Alonso,asking_price_usd,casa,102885,54
2026-09-08,c:central:mariano-roque-alonso,Mariano Roque Alonso,asking_price_usd,departamento,61135,53
2026-09-08,c:central:mariano-roque-alonso,Mariano Roque Alonso,asking_usd_per_m2_built,casa,676,50
2026-09-09,c:central:mariano-roque-alonso,Mariano Roque Alonso,active_sale,,237,237
2026-09-09,c:central:mariano-roque-alonso,Mariano Roque Alonso,active_rent,,15,15
2026-09-09,c:central:mariano-roque-alonso,Mariano Roque Alonso,asking_price_usd,casa,102885,54
2026-09-09,c:central:mariano-roque-alonso,Mariano Roque Alonso,asking_price_usd,departamento,61135,53
2026-09-09,c:central:mariano-roque-alonso,Mariano Roque Alonso,asking_usd_per_m2_built,casa,676,50
2026-09-10,c:central:mariano-roque-alonso,Mariano Roque Alonso,active_sale,,237,237
2026-09-10,c:central:mariano-roque-alonso,Mariano Roque Alonso,active_rent,,13,13
2026-09-10,c:central:mariano-roque-alonso,Mariano Roque Alonso,asking_price_usd,casa,102885,54
2026-09-10,c:central:mariano-roque-alonso,Mariano Roque Alonso,asking_price_usd,departamento,62068,52
2026-09-10,c:central:mariano-roque-alonso,Mariano Roque Alonso,asking_usd_per_m2_built,casa,642,50
2026-09-11,c:central:mariano-roque-alonso,Mariano Roque Alonso,active_sale,,238,238
2026-09-11,c:central:mariano-roque-alonso,Mariano Roque Alonso,active_rent,,13,13
2026-09-11,c:central:mariano-roque-alonso,Mariano Roque Alonso,asking_price_usd,casa,103057,55
2026-09-11,c:central:mariano-roque-alonso,Mariano Roque Alonso,asking_price_usd,departamento,62068,52
2026-09-11,c:central:mariano-roque-alonso,Mariano Roque Alonso,asking_usd_per_m2_built,casa,613,51
2026-09-12,c:central:mariano-roque-alonso,Mariano Roque Alonso,active_sale,,237,237
2026-09-12,c:central:mariano-roque-alonso,Mariano Roque Alonso,active_rent,,13,13
2026-09-12,c:central:mariano-roque-alonso,Mariano Roque Alonso,asking_price_usd,casa,103916,54
2026-09-12,c:central:mariano-roque-alonso,Mariano Roque Alonso,asking_price_usd,departamento,62068,52
2026-09-12,c:central:mariano-roque-alonso,Mariano Roque Alonso,asking_usd_per_m2_built,casa,642,50
2026-09-13,c:central:mariano-roque-alonso,Mariano Roque Alonso,active_sale,,237,237
2026-09-13,c:central:mariano-roque-alonso,Mariano Roque Alonso,active_rent,,13,13
2026-09-13,c:central:mariano-roque-alonso,Mariano Roque Alonso,asking_price_usd,casa,103916,54
2026-09-13,c:central:mariano-roque-alonso,Mariano Roque Alonso,asking_price_usd,departamento,62068,52
2026-09-13,c:central:mariano-roque-alonso,Mariano Roque Alonso,asking_usd_per_m2_built,casa,642,50
2026-09-14,c:central:mariano-roque-alonso,Mariano Roque Alonso,active_sale,,238,238
2026-09-14,c:central:mariano-roque-alonso,Mariano Roque Alonso,active_rent,,13,13
2026-09-14,c:central:mariano-roque-alonso,Mariano Roque Alonso,asking_price_usd,casa,103057,55
2026-09-14,c:central:mariano-roque-alonso,Mariano Roque Alonso,asking_price_usd,departamento,62068,52
2026-09-14,c:central:mariano-roque-alonso,Mariano Roque Alonso,asking_usd_per_m2_built,casa,671,51
2026-09-15,c:central:mariano-roque-alonso,Mariano Roque Alonso,active_sale,,236,236
2026-09-15,c:central:mariano-roque-alonso,Mariano Roque Alonso,active_rent,,12,12
2026-09-15,c:central:mariano-roque-alonso,Mariano Roque Alonso,asking_price_usd,casa,103057,55
2026-09-15,c:central:mariano-roque-alonso,Mariano Roque Alonso,asking_price_usd,departamento,62068,52
2026-09-15,c:central:mariano-roque-alonso,Mariano Roque Alonso,asking_usd_per_m2_built,casa,671,51
2026-09-16,c:central:mariano-roque-alonso,Mariano Roque Alonso,active_sale,,236,236
2026-09-16,c:central:mariano-roque-alonso,Mariano Roque Alonso,active_rent,,13,13
2026-09-16,c:central:mariano-roque-alonso,Mariano Roque Alonso,asking_price_usd,casa,103057,55
2026-09-16,c:central:mariano-roque-alonso,Mariano Roque Alonso,asking_price_usd,departamento,63000,53
2026-09-16,c:central:mariano-roque-alonso,Mariano Roque Alonso,asking_usd_per_m2_built,casa,671,51
2026-09-17,c:central:mariano-roque-alonso,Mariano Roque Alonso,active_sale,,233,233
2026-09-17,c:central:mariano-roque-alonso,Mariano Roque Alonso,active_rent,,13,13
2026-09-17,c:central:mariano-roque-alonso,Mariano Roque Alonso,asking_price_usd,casa,103057,55
2026-09-17,c:central:mariano-roque-alonso,Mariano Roque Alonso,asking_price_usd,departamento,63000,53
2026-09-17,c:central:mariano-roque-alonso,Mariano Roque Alonso,asking_usd_per_m2_built,casa,671,51
2026-09-18,c:central:mariano-roque-alonso,Mariano Roque Alonso,active_sale,,233,233
2026-09-18,c:central:mariano-roque-alonso,Mariano Roque Alonso,active_rent,,13,13
2026-09-18,c:central:mariano-roque-alonso,Mariano Roque Alonso,asking_price_usd,casa,103057,55
2026-09-18,c:central:mariano-roque-alonso,Mariano Roque Alonso,asking_price_usd,departamento,63000,53
2026-09-18,c:central:mariano-roque-alonso,Mariano Roque Alonso,asking_usd_per_m2_built,casa,671,51
2026-09-19,c:central:mariano-roque-alonso,Mariano Roque Alonso,active_sale,,235,235
2026-09-19,c:central:mariano-roque-alonso,Mariano Roque Alonso,active_rent,,14,14
2026-09-19,c:central:mariano-roque-alonso,Mariano Roque Alonso,asking_price_usd,casa,102714,57
2026-09-19,c:central:mariano-roque-alonso,Mariano Roque Alonso,asking_price_usd,departamento,63000,53
2026-09-19,c:central:mariano-roque-alonso,Mariano Roque Alonso,asking_usd_per_m2_built,casa,623,53
2026-09-20,c:central:mariano-roque-alonso,Mariano Roque Alonso,active_sale,,235,235
2026-09-20,c:central:mariano-roque-alonso,Mariano Roque Alonso,active_rent,,14,14
2026-09-20,c:central:mariano-roque-alonso,Mariano Roque Alonso,asking_price_usd,casa,102714,57
2026-09-20,c:central:mariano-roque-alonso,Mariano Roque Alonso,asking_price_usd,departamento,63000,53
2026-09-20,c:central:mariano-roque-alonso,Mariano Roque Alonso,asking_usd_per_m2_built,casa,623,53
2026-09-21,c:central:mariano-roque-alonso,Mariano Roque Alonso,active_sale,,235,235
2026-09-21,c:central:mariano-roque-alonso,Mariano Roque Alonso,active_rent,,13,13
2026-09-21,c:central:mariano-roque-alonso,Mariano Roque Alonso,asking_price_usd,casa,102714,57
2026-09-21,c:central:mariano-roque-alonso,Mariano Roque Alonso,asking_price_usd,departamento,63000,53
2026-09-21,c:central:mariano-roque-alonso,Mariano Roque Alonso,asking_usd_per_m2_built,casa,623,53
2026-09-22,c:central:mariano-roque-alonso,Mariano Roque Alonso,active_sale,,235,235
2026-09-22,c:central:mariano-roque-alonso,Mariano Roque Alonso,active_rent,,13,13
2026-09-22,c:central:mariano-roque-alonso,Mariano Roque Alonso,asking_price_usd,casa,102714,57
2026-09-22,c:central:mariano-roque-alonso,Mariano Roque Alonso,asking_price_usd,departamento,63000,53
2026-09-22,c:central:mariano-roque-alonso,Mariano Roque Alonso,asking_usd_per_m2_built,casa,623,53
2026-09-23,c:central:mariano-roque-alonso,Mariano Roque Alonso,active_sale,,236,236
2026-09-23,c:central:mariano-roque-alonso,Mariano Roque Alonso,active_rent,,14,14
2026-09-23,c:central:mariano-roque-alonso,Mariano Roque Alonso,asking_price_usd,casa,102714,57
2026-09-23,c:central:mariano-roque-alonso,Mariano Roque Alonso,asking_price_usd,departamento,63000,53
2026-09-23,c:central:mariano-roque-alonso,Mariano Roque Alonso,asking_usd_per_m2_built,casa,623,53
2026-09-24,c:central:mariano-roque-alonso,Mariano Roque Alonso,active_sale,,236,236
2026-09-24,c:central:mariano-roque-alonso,Mariano Roque Alonso,active_rent,,15,15
2026-09-24,c:central:mariano-roque-alonso,Mariano Roque Alonso,asking_price_usd,casa,102714,57
2026-09-24,c:central:mariano-roque-alonso,Mariano Roque Alonso,asking_price_usd,departamento,63000,53
2026-09-24,c:central:mariano-roque-alonso,Mariano Roque Alonso,asking_usd_per_m2_built,casa,623,53
2026-09-25,c:central:mariano-roque-alonso,Mariano Roque Alonso,active_sale,,236,236
2026-09-25,c:central:mariano-roque-alonso,Mariano Roque Alonso,active_rent,,15,15
2026-09-25,c:central:mariano-roque-alonso,Mariano Roque Alonso,asking_price_usd,casa,102714,57
2026-09-25,c:central:mariano-roque-alonso,Mariano Roque Alonso,asking_price_usd,departamento,63000,53
2026-09-25,c:central:mariano-roque-alonso,Mariano Roque Alonso,asking_usd_per_m2_built,casa,623,53
2026-09-26,c:central:mariano-roque-alonso,Mariano Roque Alonso,active_sale,,236,236
2026-09-26,c:central:mariano-roque-alonso,Mariano Roque Alonso,active_rent,,15,15
2026-09-26,c:central:mariano-roque-alonso,Mariano Roque Alonso,asking_price_usd,casa,102714,57
2026-09-26,c:central:mariano-roque-alonso,Mariano Roque Alonso,asking_price_usd,departamento,63000,53
2026-09-26,c:central:mariano-roque-alonso,Mariano Roque Alonso,asking_usd_per_m2_built,casa,623,53
2026-09-27,c:central:mariano-roque-alonso,Mariano Roque Alonso,active_sale,,236,236
2026-09-27,c:central:mariano-roque-alonso,Mariano Roque Alonso,active_rent,,15,15
2026-09-27,c:central:mariano-roque-alonso,Mariano Roque Alonso,asking_price_usd,casa,102714,57
2026-09-27,c:central:mariano-roque-alonso,Mariano Roque Alonso,asking_price_usd,departamento,63000,53
2026-09-27,c:central:mariano-roque-alonso,Mariano Roque Alonso,asking_usd_per_m2_built,casa,623,53
2026-09-28,c:central:mariano-roque-alonso,Mariano Roque Alonso,active_sale,,236,236
2026-09-28,c:central:mariano-roque-alonso,Mariano Roque Alonso,active_rent,,15,15
2026-09-28,c:central:mariano-roque-alonso,Mariano Roque Alonso,asking_price_usd,casa,102714,57
2026-09-28,c:central:mariano-roque-alonso,Mariano Roque Alonso,asking_price_usd,departamento,63000,53
2026-09-28,c:central:mariano-roque-alonso,Mariano Roque Alonso,asking_usd_per_m2_built,casa,623,53
2026-10-01,c:central:mariano-roque-alonso,Mariano Roque Alonso,active_sale,,233,233
2026-10-01,c:central:mariano-roque-alonso,Mariano Roque Alonso,active_rent,,15,15
2026-10-01,c:central:mariano-roque-alonso,Mariano Roque Alonso,asking_price_usd,casa,100000,55
2026-10-01,c:central:mariano-roque-alonso,Mariano Roque Alonso,asking_price_usd,departamento,63000,53
2026-10-01,c:central:mariano-roque-alonso,Mariano Roque Alonso,asking_usd_per_m2_built,casa,623,51
2026-09-02,c:central:aregua,Areguá,active_sale,,156,156
2026-09-02,c:central:aregua,Areguá,active_rent,,2,2
2026-09-02,c:central:aregua,Areguá,asking_price_usd,casa,85881,46
2026-09-02,c:central:aregua,Areguá,asking_usd_per_m2_built,casa,657,44
2026-09-03,c:central:aregua,Areguá,active_sale,,156,156
2026-09-03,c:central:aregua,Areguá,active_rent,,2,2
2026-09-03,c:central:aregua,Areguá,asking_price_usd,casa,85881,46
2026-09-03,c:central:aregua,Areguá,asking_usd_per_m2_built,casa,657,44
2026-09-04,c:central:aregua,Areguá,active_sale,,157,157
2026-09-04,c:central:aregua,Areguá,active_rent,,2,2
2026-09-04,c:central:aregua,Areguá,asking_price_usd,casa,85881,47
2026-09-04,c:central:aregua,Areguá,asking_usd_per_m2_built,casa,650,45
2026-09-05,c:central:aregua,Areguá,active_sale,,157,157
2026-09-05,c:central:aregua,Areguá,active_rent,,2,2
2026-09-05,c:central:aregua,Areguá,asking_price_usd,casa,85881,47
2026-09-05,c:central:aregua,Areguá,asking_usd_per_m2_built,casa,650,45
2026-09-06,c:central:aregua,Areguá,active_sale,,157,157
2026-09-06,c:central:aregua,Areguá,active_rent,,2,2
2026-09-06,c:central:aregua,Areguá,asking_price_usd,casa,85881,47
2026-09-06,c:central:aregua,Areguá,asking_usd_per_m2_built,casa,650,45
2026-09-07,c:central:aregua,Areguá,active_sale,,157,157
2026-09-07,c:central:aregua,Areguá,active_rent,,2,2
2026-09-07,c:central:aregua,Areguá,asking_price_usd,casa,85881,47
2026-09-07,c:central:aregua,Areguá,asking_usd_per_m2_built,casa,650,45
2026-09-08,c:central:aregua,Areguá,active_sale,,155,155
2026-09-08,c:central:aregua,Areguá,active_rent,,2,2
2026-09-08,c:central:aregua,Areguá,asking_price_usd,casa,83262,46
2026-09-08,c:central:aregua,Areguá,asking_usd_per_m2_built,casa,648,44
2026-09-09,c:central:aregua,Areguá,active_sale,,155,155
2026-09-09,c:central:aregua,Areguá,active_rent,,2,2
2026-09-09,c:central:aregua,Areguá,asking_price_usd,casa,83262,46
2026-09-09,c:central:aregua,Areguá,asking_usd_per_m2_built,casa,648,44
2026-09-10,c:central:aregua,Areguá,active_sale,,156,156
2026-09-10,c:central:aregua,Areguá,active_rent,,2,2
2026-09-10,c:central:aregua,Areguá,asking_price_usd,casa,83262,46
2026-09-10,c:central:aregua,Areguá,asking_usd_per_m2_built,casa,648,44
2026-09-11,c:central:aregua,Areguá,active_sale,,157,157
2026-09-11,c:central:aregua,Areguá,active_rent,,2,2
2026-09-11,c:central:aregua,Areguá,asking_price_usd,casa,83262,46
2026-09-11,c:central:aregua,Areguá,asking_usd_per_m2_built,casa,648,44
2026-09-12,c:central:aregua,Areguá,active_sale,,157,157
2026-09-12,c:central:aregua,Areguá,active_rent,,2,2
2026-09-12,c:central:aregua,Areguá,asking_price_usd,casa,83262,46
2026-09-12,c:central:aregua,Areguá,asking_usd_per_m2_built,casa,648,44
2026-09-13,c:central:aregua,Areguá,active_sale,,157,157
2026-09-13,c:central:aregua,Areguá,active_rent,,2,2
2026-09-13,c:central:aregua,Areguá,asking_price_usd,casa,83262,46
2026-09-13,c:central:aregua,Areguá,asking_usd_per_m2_built,casa,648,44
2026-09-14,c:central:aregua,Areguá,active_sale,,157,157
2026-09-14,c:central:aregua,Areguá,active_rent,,2,2
2026-09-14,c:central:aregua,Areguá,asking_price_usd,casa,83262,46
2026-09-14,c:central:aregua,Areguá,asking_usd_per_m2_built,casa,648,44
2026-09-15,c:central:aregua,Areguá,active_sale,,157,157
2026-09-15,c:central:aregua,Areguá,active_rent,,2,2
2026-09-15,c:central:aregua,Areguá,asking_price_usd,casa,83262,46
2026-09-15,c:central:aregua,Areguá,asking_usd_per_m2_built,casa,648,44
2026-09-16,c:central:aregua,Areguá,active_sale,,157,157
2026-09-16,c:central:aregua,Areguá,active_rent,,2,2
2026-09-16,c:central:aregua,Areguá,asking_price_usd,casa,80642,47
2026-09-16,c:central:aregua,Areguá,asking_usd_per_m2_built,casa,668,45
2026-09-17,c:central:aregua,Areguá,active_sale,,156,156
2026-09-17,c:central:aregua,Areguá,active_rent,,2,2
2026-09-17,c:central:aregua,Areguá,asking_price_usd,casa,80642,47
2026-09-17,c:central:aregua,Areguá,asking_usd_per_m2_built,casa,668,45
2026-09-18,c:central:aregua,Areguá,active_sale,,156,156
2026-09-18,c:central:aregua,Areguá,active_rent,,2,2
2026-09-18,c:central:aregua,Areguá,asking_price_usd,casa,80642,47
2026-09-18,c:central:aregua,Areguá,asking_usd_per_m2_built,casa,668,45
2026-09-19,c:central:aregua,Areguá,active_sale,,156,156
2026-09-19,c:central:aregua,Areguá,active_rent,,2,2
2026-09-19,c:central:aregua,Areguá,asking_price_usd,casa,80642,47
2026-09-19,c:central:aregua,Areguá,asking_usd_per_m2_built,casa,668,45
2026-09-20,c:central:aregua,Areguá,active_sale,,156,156
2026-09-20,c:central:aregua,Areguá,active_rent,,2,2
2026-09-20,c:central:aregua,Areguá,asking_price_usd,casa,80642,47
2026-09-20,c:central:aregua,Areguá,asking_usd_per_m2_built,casa,668,45
2026-09-21,c:central:aregua,Areguá,active_sale,,154,154
2026-09-21,c:central:aregua,Areguá,active_rent,,2,2
2026-09-21,c:central:aregua,Areguá,asking_price_usd,casa,77293,45
2026-09-21,c:central:aregua,Areguá,asking_usd_per_m2_built,casa,645,43
2026-09-22,c:central:aregua,Areguá,active_sale,,154,154
2026-09-22,c:central:aregua,Areguá,active_rent,,2,2
2026-09-22,c:central:aregua,Areguá,asking_price_usd,casa,77293,45
2026-09-22,c:central:aregua,Areguá,asking_usd_per_m2_built,casa,645,43
2026-09-23,c:central:aregua,Areguá,active_sale,,153,153
2026-09-23,c:central:aregua,Areguá,active_rent,,2,2
2026-09-23,c:central:aregua,Areguá,asking_price_usd,casa,72999,44
2026-09-23,c:central:aregua,Areguá,asking_usd_per_m2_built,casa,657,42
2026-09-24,c:central:aregua,Areguá,active_sale,,152,152
2026-09-24,c:central:aregua,Areguá,active_rent,,3,3
2026-09-24,c:central:aregua,Areguá,asking_price_usd,casa,77293,45
2026-09-24,c:central:aregua,Areguá,asking_usd_per_m2_built,casa,645,43
2026-09-25,c:central:aregua,Areguá,active_sale,,152,152
2026-09-25,c:central:aregua,Areguá,active_rent,,3,3
2026-09-25,c:central:aregua,Areguá,asking_price_usd,casa,77293,45
2026-09-25,c:central:aregua,Areguá,asking_usd_per_m2_built,casa,645,43
2026-09-26,c:central:aregua,Areguá,active_sale,,152,152
2026-09-26,c:central:aregua,Areguá,active_rent,,3,3
2026-09-26,c:central:aregua,Areguá,asking_price_usd,casa,77293,45
2026-09-26,c:central:aregua,Areguá,asking_usd_per_m2_built,casa,645,43
2026-09-27,c:central:aregua,Areguá,active_sale,,152,152
2026-09-27,c:central:aregua,Areguá,active_rent,,3,3
2026-09-27,c:central:aregua,Areguá,asking_price_usd,casa,77293,45
2026-09-27,c:central:aregua,Areguá,asking_usd_per_m2_built,casa,645,43
2026-09-28,c:central:aregua,Areguá,active_sale,,152,152
2026-09-28,c:central:aregua,Areguá,active_rent,,3,3
2026-09-28,c:central:aregua,Areguá,asking_price_usd,casa,77293,45
2026-09-28,c:central:aregua,Areguá,asking_usd_per_m2_built,casa,645,43
2026-10-01,c:central:aregua,Areguá,active_sale,,150,150
2026-10-01,c:central:aregua,Areguá,active_rent,,3,3
2026-10-01,c:central:aregua,Areguá,asking_price_usd,casa,77293,43
2026-10-01,c:central:aregua,Areguá,asking_usd_per_m2_built,casa,668,41
2026-09-02,c:central:itaugua,Itauguá,active_sale,,218,218
2026-09-02,c:central:itaugua,Itauguá,active_rent,,25,25
2026-09-02,c:central:itaugua,Itauguá,asking_price_usd,casa,55738,66
2026-09-02,c:central:itaugua,Itauguá,asking_usd_per_m2_built,casa,589,62
2026-09-03,c:central:itaugua,Itauguá,active_sale,,221,221
2026-09-03,c:central:itaugua,Itauguá,active_rent,,24,24
2026-09-03,c:central:itaugua,Itauguá,asking_price_usd,casa,55738,66
2026-09-03,c:central:itaugua,Itauguá,asking_usd_per_m2_built,casa,589,62
2026-09-04,c:central:itaugua,Itauguá,active_sale,,221,221
2026-09-04,c:central:itaugua,Itauguá,active_rent,,24,24
2026-09-04,c:central:itaugua,Itauguá,asking_price_usd,casa,55738,66
2026-09-04,c:central:itaugua,Itauguá,asking_usd_per_m2_built,casa,589,62
2026-09-05,c:central:itaugua,Itauguá,active_sale,,219,219
2026-09-05,c:central:itaugua,Itauguá,active_rent,,24,24
2026-09-05,c:central:itaugua,Itauguá,asking_price_usd,casa,56681,65
2026-09-05,c:central:itaugua,Itauguá,asking_usd_per_m2_built,casa,594,61
2026-09-06,c:central:itaugua,Itauguá,active_sale,,219,219
2026-09-06,c:central:itaugua,Itauguá,active_rent,,24,24
2026-09-06,c:central:itaugua,Itauguá,asking_price_usd,casa,56681,65
2026-09-06,c:central:itaugua,Itauguá,asking_usd_per_m2_built,casa,594,61
2026-09-07,c:central:itaugua,Itauguá,active_sale,,219,219
2026-09-07,c:central:itaugua,Itauguá,active_rent,,24,24
2026-09-07,c:central:itaugua,Itauguá,asking_price_usd,casa,56681,65
2026-09-07,c:central:itaugua,Itauguá,asking_usd_per_m2_built,casa,594,61
2026-09-08,c:central:itaugua,Itauguá,active_sale,,219,219
2026-09-08,c:central:itaugua,Itauguá,active_rent,,23,23
2026-09-08,c:central:itaugua,Itauguá,asking_price_usd,casa,56681,65
2026-09-08,c:central:itaugua,Itauguá,asking_usd_per_m2_built,casa,594,61
2026-09-09,c:central:itaugua,Itauguá,active_sale,,219,219
2026-09-09,c:central:itaugua,Itauguá,active_rent,,23,23
2026-09-09,c:central:itaugua,Itauguá,asking_price_usd,casa,56681,65
2026-09-09,c:central:itaugua,Itauguá,asking_usd_per_m2_built,casa,594,61
2026-09-10,c:central:itaugua,Itauguá,active_sale,,219,219
2026-09-10,c:central:itaugua,Itauguá,active_rent,,23,23
2026-09-10,c:central:itaugua,Itauguá,asking_price_usd,casa,56681,65
2026-09-10,c:central:itaugua,Itauguá,asking_usd_per_m2_built,casa,594,61
2026-09-11,c:central:itaugua,Itauguá,active_sale,,219,219
2026-09-11,c:central:itaugua,Itauguá,active_rent,,22,22
2026-09-11,c:central:itaugua,Itauguá,asking_price_usd,casa,56681,65
2026-09-11,c:central:itaugua,Itauguá,asking_usd_per_m2_built,casa,594,61
2026-09-12,c:central:itaugua,Itauguá,active_sale,,219,219
2026-09-12,c:central:itaugua,Itauguá,active_rent,,22,22
2026-09-12,c:central:itaugua,Itauguá,asking_price_usd,casa,55738,66
2026-09-12,c:central:itaugua,Itauguá,asking_usd_per_m2_built,casa,589,62
2026-09-13,c:central:itaugua,Itauguá,active_sale,,219,219
2026-09-13,c:central:itaugua,Itauguá,active_rent,,22,22
2026-09-13,c:central:itaugua,Itauguá,asking_price_usd,casa,55738,66
2026-09-13,c:central:itaugua,Itauguá,asking_usd_per_m2_built,casa,589,62
2026-09-14,c:central:itaugua,Itauguá,active_sale,,219,219
2026-09-14,c:central:itaugua,Itauguá,active_rent,,22,22
2026-09-14,c:central:itaugua,Itauguá,asking_price_usd,casa,55738,66
2026-09-14,c:central:itaugua,Itauguá,asking_usd_per_m2_built,casa,589,62
2026-09-15,c:central:itaugua,Itauguá,active_sale,,216,216
2026-09-15,c:central:itaugua,Itauguá,active_rent,,22,22
2026-09-15,c:central:itaugua,Itauguá,asking_price_usd,casa,56681,63
2026-09-15,c:central:itaugua,Itauguá,asking_usd_per_m2_built,casa,594,59
2026-09-16,c:central:itaugua,Itauguá,active_sale,,215,215
2026-09-16,c:central:itaugua,Itauguá,active_rent,,22,22
2026-09-16,c:central:itaugua,Itauguá,asking_price_usd,casa,56681,63
2026-09-16,c:central:itaugua,Itauguá,asking_usd_per_m2_built,casa,594,59
2026-09-17,c:central:itaugua,Itauguá,active_sale,,216,216
2026-09-17,c:central:itaugua,Itauguá,active_rent,,22,22
2026-09-17,c:central:itaugua,Itauguá,asking_price_usd,casa,56681,63
2026-09-17,c:central:itaugua,Itauguá,asking_usd_per_m2_built,casa,594,59
2026-09-18,c:central:itaugua,Itauguá,active_sale,,216,216
2026-09-18,c:central:itaugua,Itauguá,active_rent,,23,23
2026-09-18,c:central:itaugua,Itauguá,asking_price_usd,casa,56681,63
2026-09-18,c:central:itaugua,Itauguá,asking_usd_per_m2_built,casa,594,59
2026-09-19,c:central:itaugua,Itauguá,active_sale,,222,222
2026-09-19,c:central:itaugua,Itauguá,active_rent,,23,23
2026-09-19,c:central:itaugua,Itauguá,asking_price_usd,casa,55738,66
2026-09-19,c:central:itaugua,Itauguá,asking_usd_per_m2_built,casa,589,62
2026-09-20,c:central:itaugua,Itauguá,active_sale,,222,222
2026-09-20,c:central:itaugua,Itauguá,active_rent,,23,23
2026-09-20,c:central:itaugua,Itauguá,asking_price_usd,casa,55738,66
2026-09-20,c:central:itaugua,Itauguá,asking_usd_per_m2_built,casa,589,62
2026-09-21,c:central:itaugua,Itauguá,active_sale,,221,221
2026-09-21,c:central:itaugua,Itauguá,active_rent,,23,23
2026-09-21,c:central:itaugua,Itauguá,asking_price_usd,casa,58399,64
2026-09-21,c:central:itaugua,Itauguá,asking_usd_per_m2_built,casa,598,60
2026-09-22,c:central:itaugua,Itauguá,active_sale,,221,221
2026-09-22,c:central:itaugua,Itauguá,active_rent,,22,22
2026-09-22,c:central:itaugua,Itauguá,asking_price_usd,casa,58399,64
2026-09-22,c:central:itaugua,Itauguá,asking_usd_per_m2_built,casa,598,60
2026-09-23,c:central:itaugua,Itauguá,active_sale,,220,220
2026-09-23,c:central:itaugua,Itauguá,active_rent,,22,22
2026-09-23,c:central:itaugua,Itauguá,asking_price_usd,casa,57456,64
2026-09-23,c:central:itaugua,Itauguá,asking_usd_per_m2_built,casa,594,61
2026-09-24,c:central:itaugua,Itauguá,active_sale,,221,221
2026-09-24,c:central:itaugua,Itauguá,active_rent,,23,23
2026-09-24,c:central:itaugua,Itauguá,asking_price_usd,casa,57456,64
2026-09-24,c:central:itaugua,Itauguá,asking_usd_per_m2_built,casa,594,61
2026-09-25,c:central:itaugua,Itauguá,active_sale,,222,222
2026-09-25,c:central:itaugua,Itauguá,active_rent,,24,24
2026-09-25,c:central:itaugua,Itauguá,asking_price_usd,casa,60117,65
2026-09-25,c:central:itaugua,Itauguá,asking_usd_per_m2_built,casa,598,62
2026-09-26,c:central:itaugua,Itauguá,active_sale,,223,223
2026-09-26,c:central:itaugua,Itauguá,active_rent,,24,24
2026-09-26,c:central:itaugua,Itauguá,asking_price_usd,casa,60117,66
2026-09-26,c:central:itaugua,Itauguá,asking_usd_per_m2_built,casa,601,63
2026-09-27,c:central:itaugua,Itauguá,active_sale,,223,223
2026-09-27,c:central:itaugua,Itauguá,active_rent,,24,24
2026-09-27,c:central:itaugua,Itauguá,asking_price_usd,casa,60117,66
2026-09-27,c:central:itaugua,Itauguá,asking_usd_per_m2_built,casa,601,63
2026-09-28,c:central:itaugua,Itauguá,active_sale,,223,223
2026-09-28,c:central:itaugua,Itauguá,active_rent,,24,24
2026-09-28,c:central:itaugua,Itauguá,asking_price_usd,casa,60117,66
2026-09-28,c:central:itaugua,Itauguá,asking_usd_per_m2_built,casa,601,63
2026-10-01,c:central:itaugua,Itauguá,active_sale,,225,225
2026-10-01,c:central:itaugua,Itauguá,active_rent,,21,21
2026-10-01,c:central:itaugua,Itauguá,asking_price_usd,casa,57456,68
2026-10-01,c:central:itaugua,Itauguá,asking_usd_per_m2_built,casa,594,65
2026-09-02,c:central:ypane,Ypané,active_sale,,117,117
2026-09-02,c:central:ypane,Ypané,active_rent,,5,5
2026-09-02,c:central:ypane,Ypané,asking_price_usd,casa,51529,25
2026-09-02,c:central:ypane,Ypané,asking_usd_per_m2_built,casa,484,24
2026-09-03,c:central:ypane,Ypané,active_sale,,117,117
2026-09-03,c:central:ypane,Ypané,active_rent,,5,5
2026-09-03,c:central:ypane,Ypané,asking_price_usd,casa,51529,25
2026-09-03,c:central:ypane,Ypané,asking_usd_per_m2_built,casa,484,24
2026-09-04,c:central:ypane,Ypané,active_sale,,119,119
2026-09-04,c:central:ypane,Ypané,active_rent,,5,5
2026-09-04,c:central:ypane,Ypané,asking_price_usd,casa,51529,25
2026-09-04,c:central:ypane,Ypané,asking_usd_per_m2_built,casa,484,24
2026-09-05,c:central:ypane,Ypané,active_sale,,120,120
2026-09-05,c:central:ypane,Ypané,active_rent,,5,5
2026-09-05,c:central:ypane,Ypané,asking_price_usd,casa,51529,25
2026-09-05,c:central:ypane,Ypané,asking_usd_per_m2_built,casa,484,24
2026-09-06,c:central:ypane,Ypané,active_sale,,120,120
2026-09-06,c:central:ypane,Ypané,active_rent,,5,5
2026-09-06,c:central:ypane,Ypané,asking_price_usd,casa,51529,25
2026-09-06,c:central:ypane,Ypané,asking_usd_per_m2_built,casa,484,24
2026-09-07,c:central:ypane,Ypané,active_sale,,120,120
2026-09-07,c:central:ypane,Ypané,active_rent,,5,5
2026-09-07,c:central:ypane,Ypané,asking_price_usd,casa,51529,25
2026-09-07,c:central:ypane,Ypané,asking_usd_per_m2_built,casa,484,24
2026-09-08,c:central:ypane,Ypané,active_sale,,121,121
2026-09-08,c:central:ypane,Ypané,active_rent,,5,5
2026-09-08,c:central:ypane,Ypané,asking_price_usd,casa,51529,25
2026-09-08,c:central:ypane,Ypané,asking_usd_per_m2_built,casa,484,24
2026-09-09,c:central:ypane,Ypané,active_sale,,121,121
2026-09-09,c:central:ypane,Ypané,active_rent,,5,5
2026-09-09,c:central:ypane,Ypané,asking_price_usd,casa,51529,25
2026-09-09,c:central:ypane,Ypané,asking_usd_per_m2_built,casa,484,24
2026-09-10,c:central:ypane,Ypané,active_sale,,121,121
2026-09-10,c:central:ypane,Ypané,active_rent,,5,5
2026-09-10,c:central:ypane,Ypané,asking_price_usd,casa,51529,25
2026-09-10,c:central:ypane,Ypané,asking_usd_per_m2_built,casa,484,24
2026-09-11,c:central:ypane,Ypané,active_sale,,121,121
2026-09-11,c:central:ypane,Ypané,active_rent,,5,5
2026-09-11,c:central:ypane,Ypané,asking_price_usd,casa,51529,25
2026-09-11,c:central:ypane,Ypané,asking_usd_per_m2_built,casa,484,24
2026-09-12,c:central:ypane,Ypané,active_sale,,122,122
2026-09-12,c:central:ypane,Ypané,active_rent,,5,5
2026-09-12,c:central:ypane,Ypané,asking_price_usd,casa,51529,25
2026-09-12,c:central:ypane,Ypané,asking_usd_per_m2_built,casa,484,24
2026-09-13,c:central:ypane,Ypané,active_sale,,122,122
2026-09-13,c:central:ypane,Ypané,active_rent,,5,5
2026-09-13,c:central:ypane,Ypané,asking_price_usd,casa,51529,25
2026-09-13,c:central:ypane,Ypané,asking_usd_per_m2_built,casa,484,24
2026-09-14,c:central:ypane,Ypané,active_sale,,122,122
2026-09-14,c:central:ypane,Ypané,active_rent,,5,5
2026-09-14,c:central:ypane,Ypané,asking_price_usd,casa,51529,25
2026-09-14,c:central:ypane,Ypané,asking_usd_per_m2_built,casa,484,24
2026-09-15,c:central:ypane,Ypané,active_sale,,122,122
2026-09-15,c:central:ypane,Ypané,active_rent,,5,5
2026-09-15,c:central:ypane,Ypané,asking_price_usd,casa,51529,25
2026-09-15,c:central:ypane,Ypané,asking_usd_per_m2_built,casa,484,24
2026-09-16,c:central:ypane,Ypané,active_sale,,124,124
2026-09-16,c:central:ypane,Ypané,active_rent,,5,5
2026-09-16,c:central:ypane,Ypané,asking_price_usd,casa,51529,25
2026-09-16,c:central:ypane,Ypané,asking_usd_per_m2_built,casa,484,24
2026-09-17,c:central:ypane,Ypané,active_sale,,125,125
2026-09-17,c:central:ypane,Ypané,active_rent,,5,5
2026-09-17,c:central:ypane,Ypané,asking_price_usd,casa,53074,26
2026-09-17,c:central:ypane,Ypané,asking_usd_per_m2_built,casa,494,25
2026-09-18,c:central:ypane,Ypané,active_sale,,125,125
2026-09-18,c:central:ypane,Ypané,active_rent,,5,5
2026-09-18,c:central:ypane,Ypané,asking_price_usd,casa,53074,26
2026-09-18,c:central:ypane,Ypané,asking_usd_per_m2_built,casa,494,25
2026-09-19,c:central:ypane,Ypané,active_sale,,128,128
2026-09-19,c:central:ypane,Ypané,active_rent,,5,5
2026-09-19,c:central:ypane,Ypané,asking_price_usd,casa,53074,26
2026-09-19,c:central:ypane,Ypané,asking_usd_per_m2_built,casa,494,25
2026-09-20,c:central:ypane,Ypané,active_sale,,127,127
2026-09-20,c:central:ypane,Ypané,active_rent,,5,5
2026-09-20,c:central:ypane,Ypané,asking_price_usd,casa,53074,26
2026-09-20,c:central:ypane,Ypané,asking_usd_per_m2_built,casa,494,25
2026-09-21,c:central:ypane,Ypané,active_sale,,128,128
2026-09-21,c:central:ypane,Ypané,active_rent,,5,5
2026-09-21,c:central:ypane,Ypané,asking_price_usd,casa,53074,26
2026-09-21,c:central:ypane,Ypané,asking_usd_per_m2_built,casa,494,25
2026-09-22,c:central:ypane,Ypané,active_sale,,126,126
2026-09-22,c:central:ypane,Ypané,active_rent,,5,5
2026-09-22,c:central:ypane,Ypané,asking_price_usd,casa,51529,25
2026-09-22,c:central:ypane,Ypané,asking_usd_per_m2_built,casa,508,24
2026-09-23,c:central:ypane,Ypané,active_sale,,126,126
2026-09-23,c:central:ypane,Ypané,active_rent,,5,5
2026-09-23,c:central:ypane,Ypané,asking_price_usd,casa,51529,25
2026-09-23,c:central:ypane,Ypané,asking_usd_per_m2_built,casa,508,24
2026-09-24,c:central:ypane,Ypané,active_sale,,127,127
2026-09-24,c:central:ypane,Ypané,active_rent,,5,5
2026-09-24,c:central:ypane,Ypané,asking_price_usd,casa,54620,25
2026-09-24,c:central:ypane,Ypané,asking_usd_per_m2_built,casa,508,24
2026-09-25,c:central:ypane,Ypané,active_sale,,127,127
2026-09-25,c:central:ypane,Ypané,active_rent,,5,5
2026-09-25,c:central:ypane,Ypané,asking_price_usd,casa,54620,25
2026-09-25,c:central:ypane,Ypané,asking_usd_per_m2_built,casa,508,24
2026-09-26,c:central:ypane,Ypané,active_sale,,127,127
2026-09-26,c:central:ypane,Ypané,active_rent,,5,5
2026-09-26,c:central:ypane,Ypané,asking_price_usd,casa,54620,25
2026-09-26,c:central:ypane,Ypané,asking_usd_per_m2_built,casa,508,24
2026-09-27,c:central:ypane,Ypané,active_sale,,125,125
2026-09-27,c:central:ypane,Ypané,active_rent,,5,5
2026-09-27,c:central:ypane,Ypané,asking_price_usd,casa,54620,25
2026-09-27,c:central:ypane,Ypané,asking_usd_per_m2_built,casa,508,24
2026-09-28,c:central:ypane,Ypané,active_sale,,125,125
2026-09-28,c:central:ypane,Ypané,active_rent,,5,5
2026-09-28,c:central:ypane,Ypané,asking_price_usd,casa,54620,25
2026-09-28,c:central:ypane,Ypané,asking_usd_per_m2_built,casa,508,24
2026-10-01,c:central:ypane,Ypané,active_sale,,124,124
2026-10-01,c:central:ypane,Ypané,active_rent,,5,5
2026-10-01,c:central:ypane,Ypané,asking_price_usd,casa,53074,24
2026-10-01,c:central:ypane,Ypané,asking_usd_per_m2_built,casa,522,23
2026-09-02,c:central:villeta,Villeta,active_sale,,58,58
2026-09-02,c:central:villeta,Villeta,active_rent,,5,5
2026-09-03,c:central:villeta,Villeta,active_sale,,59,59
2026-09-03,c:central:villeta,Villeta,active_rent,,5,5
2026-09-04,c:central:villeta,Villeta,active_sale,,60,60
2026-09-04,c:central:villeta,Villeta,active_rent,,5,5
2026-09-05,c:central:villeta,Villeta,active_sale,,60,60
2026-09-05,c:central:villeta,Villeta,active_rent,,5,5
2026-09-06,c:central:villeta,Villeta,active_sale,,60,60
2026-09-06,c:central:villeta,Villeta,active_rent,,5,5
2026-09-07,c:central:villeta,Villeta,active_sale,,60,60
2026-09-07,c:central:villeta,Villeta,active_rent,,5,5
2026-09-08,c:central:villeta,Villeta,active_sale,,60,60
2026-09-08,c:central:villeta,Villeta,active_rent,,5,5
2026-09-09,c:central:villeta,Villeta,active_sale,,60,60
2026-09-09,c:central:villeta,Villeta,active_rent,,5,5
2026-09-10,c:central:villeta,Villeta,active_sale,,60,60
2026-09-10,c:central:villeta,Villeta,active_rent,,5,5
2026-09-11,c:central:villeta,Villeta,active_sale,,60,60
2026-09-11,c:central:villeta,Villeta,active_rent,,5,5
2026-09-12,c:central:villeta,Villeta,active_sale,,60,60
2026-09-12,c:central:villeta,Villeta,active_rent,,5,5
2026-09-13,c:central:villeta,Villeta,active_sale,,60,60
2026-09-13,c:central:villeta,Villeta,active_rent,,5,5
2026-09-14,c:central:villeta,Villeta,active_sale,,60,60
2026-09-14,c:central:villeta,Villeta,active_rent,,5,5
2026-09-15,c:central:villeta,Villeta,active_sale,,60,60
2026-09-15,c:central:villeta,Villeta,active_rent,,5,5
2026-09-16,c:central:villeta,Villeta,active_sale,,60,60
2026-09-16,c:central:villeta,Villeta,active_rent,,5,5
2026-09-17,c:central:villeta,Villeta,active_sale,,61,61
2026-09-17,c:central:villeta,Villeta,active_rent,,5,5
2026-09-18,c:central:villeta,Villeta,active_sale,,61,61
2026-09-18,c:central:villeta,Villeta,active_rent,,5,5
2026-09-19,c:central:villeta,Villeta,active_sale,,61,61
2026-09-19,c:central:villeta,Villeta,active_rent,,5,5
2026-09-20,c:central:villeta,Villeta,active_sale,,61,61
2026-09-20,c:central:villeta,Villeta,active_rent,,5,5
2026-09-21,c:central:villeta,Villeta,active_sale,,61,61
2026-09-21,c:central:villeta,Villeta,active_rent,,5,5
2026-09-22,c:central:villeta,Villeta,active_sale,,61,61
2026-09-22,c:central:villeta,Villeta,active_rent,,5,5
2026-09-23,c:central:villeta,Villeta,active_sale,,61,61
2026-09-23,c:central:villeta,Villeta,active_rent,,5,5
2026-09-24,c:central:villeta,Villeta,active_sale,,61,61
2026-09-24,c:central:villeta,Villeta,active_rent,,5,5
2026-09-25,c:central:villeta,Villeta,active_sale,,63,63
2026-09-25,c:central:villeta,Villeta,active_rent,,5,5
2026-09-26,c:central:villeta,Villeta,active_sale,,63,63
2026-09-26,c:central:villeta,Villeta,active_rent,,5,5
2026-09-27,c:central:villeta,Villeta,active_sale,,63,63
2026-09-27,c:central:villeta,Villeta,active_rent,,5,5
2026-09-28,c:central:villeta,Villeta,active_sale,,63,63
2026-09-28,c:central:villeta,Villeta,active_rent,,5,5
2026-10-01,c:central:villeta,Villeta,active_sale,,64,64
2026-10-01,c:central:villeta,Villeta,active_rent,,5,5
2026-09-02,c:central:ypacarai,Ypacaraí,active_sale,,118,118
2026-09-02,c:central:ypacarai,Ypacaraí,active_rent,,3,3
2026-09-03,c:central:ypacarai,Ypacaraí,active_sale,,118,118
2026-09-03,c:central:ypacarai,Ypacaraí,active_rent,,3,3
2026-09-04,c:central:ypacarai,Ypacaraí,active_sale,,118,118
2026-09-04,c:central:ypacarai,Ypacaraí,active_rent,,3,3
2026-09-05,c:central:ypacarai,Ypacaraí,active_sale,,118,118
2026-09-05,c:central:ypacarai,Ypacaraí,active_rent,,3,3
2026-09-06,c:central:ypacarai,Ypacaraí,active_sale,,118,118
2026-09-06,c:central:ypacarai,Ypacaraí,active_rent,,3,3
2026-09-07,c:central:ypacarai,Ypacaraí,active_sale,,118,118
2026-09-07,c:central:ypacarai,Ypacaraí,active_rent,,3,3
2026-09-08,c:central:ypacarai,Ypacaraí,active_sale,,118,118
2026-09-08,c:central:ypacarai,Ypacaraí,active_rent,,3,3
2026-09-09,c:central:ypacarai,Ypacaraí,active_sale,,118,118
2026-09-09,c:central:ypacarai,Ypacaraí,active_rent,,3,3
2026-09-10,c:central:ypacarai,Ypacaraí,active_sale,,117,117
2026-09-10,c:central:ypacarai,Ypacaraí,active_rent,,3,3
2026-09-11,c:central:ypacarai,Ypacaraí,active_sale,,117,117
2026-09-11,c:central:ypacarai,Ypacaraí,active_rent,,3,3
2026-09-12,c:central:ypacarai,Ypacaraí,active_sale,,117,117
2026-09-12,c:central:ypacarai,Ypacaraí,active_rent,,3,3
2026-09-13,c:central:ypacarai,Ypacaraí,active_sale,,117,117
2026-09-13,c:central:ypacarai,Ypacaraí,active_rent,,3,3
2026-09-14,c:central:ypacarai,Ypacaraí,active_sale,,117,117
2026-09-14,c:central:ypacarai,Ypacaraí,active_rent,,3,3
2026-09-15,c:central:ypacarai,Ypacaraí,active_sale,,117,117
2026-09-15,c:central:ypacarai,Ypacaraí,active_rent,,3,3
2026-09-16,c:central:ypacarai,Ypacaraí,active_sale,,117,117
2026-09-16,c:central:ypacarai,Ypacaraí,active_rent,,3,3
2026-09-17,c:central:ypacarai,Ypacaraí,active_sale,,117,117
2026-09-17,c:central:ypacarai,Ypacaraí,active_rent,,3,3
2026-09-18,c:central:ypacarai,Ypacaraí,active_sale,,117,117
2026-09-18,c:central:ypacarai,Ypacaraí,active_rent,,3,3
2026-09-19,c:central:ypacarai,Ypacaraí,active_sale,,118,118
2026-09-19,c:central:ypacarai,Ypacaraí,active_rent,,3,3
2026-09-20,c:central:ypacarai,Ypacaraí,active_sale,,118,118
2026-09-20,c:central:ypacarai,Ypacaraí,active_rent,,3,3
2026-09-21,c:central:ypacarai,Ypacaraí,active_sale,,118,118
2026-09-21,c:central:ypacarai,Ypacaraí,active_rent,,3,3
2026-09-22,c:central:ypacarai,Ypacaraí,active_sale,,119,119
2026-09-22,c:central:ypacarai,Ypacaraí,active_rent,,3,3
2026-09-23,c:central:ypacarai,Ypacaraí,active_sale,,119,119
2026-09-23,c:central:ypacarai,Ypacaraí,active_rent,,3,3
2026-09-24,c:central:ypacarai,Ypacaraí,active_sale,,119,119
2026-09-24,c:central:ypacarai,Ypacaraí,active_rent,,3,3
2026-09-25,c:central:ypacarai,Ypacaraí,active_sale,,121,121
2026-09-25,c:central:ypacarai,Ypacaraí,active_rent,,3,3
2026-09-26,c:central:ypacarai,Ypacaraí,active_sale,,121,121
2026-09-26,c:central:ypacarai,Ypacaraí,active_rent,,3,3
2026-09-27,c:central:ypacarai,Ypacaraí,active_sale,,121,121
2026-09-27,c:central:ypacarai,Ypacaraí,active_rent,,3,3
2026-09-28,c:central:ypacarai,Ypacaraí,active_sale,,121,121
2026-09-28,c:central:ypacarai,Ypacaraí,active_rent,,3,3
2026-10-01,c:central:ypacarai,Ypacaraí,active_sale,,120,120
2026-10-01,c:central:ypacarai,Ypacaraí,active_rent,,3,3
2026-09-02,c:central:san-antonio,San Antonio,active_sale,,36,36
2026-09-02,c:central:san-antonio,San Antonio,active_rent,,3,3
2026-09-03,c:central:san-antonio,San Antonio,active_sale,,36,36
2026-09-03,c:central:san-antonio,San Antonio,active_rent,,3,3
2026-09-04,c:central:san-antonio,San Antonio,active_sale,,37,37
2026-09-04,c:central:san-antonio,San Antonio,active_rent,,3,3
2026-09-05,c:central:san-antonio,San Antonio,active_sale,,37,37
2026-09-05,c:central:san-antonio,San Antonio,active_rent,,3,3
2026-09-06,c:central:san-antonio,San Antonio,active_sale,,37,37
2026-09-06,c:central:san-antonio,San Antonio,active_rent,,3,3
2026-09-07,c:central:san-antonio,San Antonio,active_sale,,37,37
2026-09-07,c:central:san-antonio,San Antonio,active_rent,,3,3
2026-09-08,c:central:san-antonio,San Antonio,active_sale,,39,39
2026-09-08,c:central:san-antonio,San Antonio,active_rent,,3,3
2026-09-09,c:central:san-antonio,San Antonio,active_sale,,39,39
2026-09-09,c:central:san-antonio,San Antonio,active_rent,,3,3
2026-09-10,c:central:san-antonio,San Antonio,active_sale,,39,39
2026-09-10,c:central:san-antonio,San Antonio,active_rent,,3,3
2026-09-11,c:central:san-antonio,San Antonio,active_sale,,40,40
2026-09-11,c:central:san-antonio,San Antonio,active_rent,,3,3
2026-09-12,c:central:san-antonio,San Antonio,active_sale,,40,40
2026-09-12,c:central:san-antonio,San Antonio,active_rent,,3,3
2026-09-13,c:central:san-antonio,San Antonio,active_sale,,40,40
2026-09-13,c:central:san-antonio,San Antonio,active_rent,,3,3
2026-09-14,c:central:san-antonio,San Antonio,active_sale,,40,40
2026-09-14,c:central:san-antonio,San Antonio,active_rent,,3,3
2026-09-15,c:central:san-antonio,San Antonio,active_sale,,39,39
2026-09-15,c:central:san-antonio,San Antonio,active_rent,,3,3
2026-09-16,c:central:san-antonio,San Antonio,active_sale,,39,39
2026-09-16,c:central:san-antonio,San Antonio,active_rent,,3,3
2026-09-17,c:central:san-antonio,San Antonio,active_sale,,40,40
2026-09-17,c:central:san-antonio,San Antonio,active_rent,,3,3
2026-09-18,c:central:san-antonio,San Antonio,active_sale,,40,40
2026-09-18,c:central:san-antonio,San Antonio,active_rent,,3,3
2026-09-19,c:central:san-antonio,San Antonio,active_sale,,42,42
2026-09-19,c:central:san-antonio,San Antonio,active_rent,,4,4
2026-09-20,c:central:san-antonio,San Antonio,active_sale,,42,42
2026-09-20,c:central:san-antonio,San Antonio,active_rent,,4,4
2026-09-21,c:central:san-antonio,San Antonio,active_sale,,42,42
2026-09-21,c:central:san-antonio,San Antonio,active_rent,,4,4
2026-09-22,c:central:san-antonio,San Antonio,active_sale,,43,43
2026-09-22,c:central:san-antonio,San Antonio,active_rent,,5,5
2026-09-23,c:central:san-antonio,San Antonio,active_sale,,43,43
2026-09-23,c:central:san-antonio,San Antonio,active_rent,,5,5
2026-09-24,c:central:san-antonio,San Antonio,active_sale,,43,43
2026-09-24,c:central:san-antonio,San Antonio,active_rent,,5,5
2026-09-25,c:central:san-antonio,San Antonio,active_sale,,43,43
2026-09-25,c:central:san-antonio,San Antonio,active_rent,,5,5
2026-09-26,c:central:san-antonio,San Antonio,active_sale,,43,43
2026-09-26,c:central:san-antonio,San Antonio,active_rent,,5,5
2026-09-27,c:central:san-antonio,San Antonio,active_sale,,43,43
2026-09-27,c:central:san-antonio,San Antonio,active_rent,,5,5
2026-09-28,c:central:san-antonio,San Antonio,active_sale,,43,43
2026-09-28,c:central:san-antonio,San Antonio,active_rent,,5,5
2026-10-01,c:central:san-antonio,San Antonio,active_sale,,43,43
2026-10-01,c:central:san-antonio,San Antonio,active_rent,,5,5
2026-09-02,c:central:julian-augusto-saldivar,Julián Augusto Saldívar,active_sale,,54,54
2026-09-02,c:central:julian-augusto-saldivar,Julián Augusto Saldívar,active_rent,,0,0
2026-09-03,c:central:julian-augusto-saldivar,Julián Augusto Saldívar,active_sale,,54,54
2026-09-03,c:central:julian-augusto-saldivar,Julián Augusto Saldívar,active_rent,,0,0
2026-09-04,c:central:julian-augusto-saldivar,Julián Augusto Saldívar,active_sale,,54,54
2026-09-04,c:central:julian-augusto-saldivar,Julián Augusto Saldívar,active_rent,,0,0
2026-09-05,c:central:julian-augusto-saldivar,Julián Augusto Saldívar,active_sale,,54,54
2026-09-05,c:central:julian-augusto-saldivar,Julián Augusto Saldívar,active_rent,,0,0
2026-09-06,c:central:julian-augusto-saldivar,Julián Augusto Saldívar,active_sale,,54,54
2026-09-06,c:central:julian-augusto-saldivar,Julián Augusto Saldívar,active_rent,,0,0
2026-09-07,c:central:julian-augusto-saldivar,Julián Augusto Saldívar,active_sale,,54,54
2026-09-07,c:central:julian-augusto-saldivar,Julián Augusto Saldívar,active_rent,,0,0
2026-09-08,c:central:julian-augusto-saldivar,Julián Augusto Saldívar,active_sale,,54,54
2026-09-08,c:central:julian-augusto-saldivar,Julián Augusto Saldívar,active_rent,,0,0
2026-09-09,c:central:julian-augusto-saldivar,Julián Augusto Saldívar,active_sale,,54,54
2026-09-09,c:central:julian-augusto-saldivar,Julián Augusto Saldívar,active_rent,,0,0
2026-09-10,c:central:julian-augusto-saldivar,Julián Augusto Saldívar,active_sale,,53,53
2026-09-10,c:central:julian-augusto-saldivar,Julián Augusto Saldívar,active_rent,,0,0
2026-09-11,c:central:julian-augusto-saldivar,Julián Augusto Saldívar,active_sale,,53,53
2026-09-11,c:central:julian-augusto-saldivar,Julián Augusto Saldívar,active_rent,,0,0
2026-09-12,c:central:julian-augusto-saldivar,Julián Augusto Saldívar,active_sale,,53,53
2026-09-12,c:central:julian-augusto-saldivar,Julián Augusto Saldívar,active_rent,,0,0
2026-09-13,c:central:julian-augusto-saldivar,Julián Augusto Saldívar,active_sale,,53,53
2026-09-13,c:central:julian-augusto-saldivar,Julián Augusto Saldívar,active_rent,,0,0
2026-09-14,c:central:julian-augusto-saldivar,Julián Augusto Saldívar,active_sale,,53,53
2026-09-14,c:central:julian-augusto-saldivar,Julián Augusto Saldívar,active_rent,,0,0
2026-09-15,c:central:julian-augusto-saldivar,Julián Augusto Saldívar,active_sale,,54,54
2026-09-15,c:central:julian-augusto-saldivar,Julián Augusto Saldívar,active_rent,,0,0
2026-09-16,c:central:julian-augusto-saldivar,Julián Augusto Saldívar,active_sale,,54,54
2026-09-16,c:central:julian-augusto-saldivar,Julián Augusto Saldívar,active_rent,,0,0
2026-09-17,c:central:julian-augusto-saldivar,Julián Augusto Saldívar,active_sale,,54,54
2026-09-17,c:central:julian-augusto-saldivar,Julián Augusto Saldívar,active_rent,,0,0
2026-09-18,c:central:julian-augusto-saldivar,Julián Augusto Saldívar,active_sale,,54,54
2026-09-18,c:central:julian-augusto-saldivar,Julián Augusto Saldívar,active_rent,,0,0
2026-09-19,c:central:julian-augusto-saldivar,Julián Augusto Saldívar,active_sale,,55,55
2026-09-19,c:central:julian-augusto-saldivar,Julián Augusto Saldívar,active_rent,,0,0
2026-09-20,c:central:julian-augusto-saldivar,Julián Augusto Saldívar,active_sale,,55,55
2026-09-20,c:central:julian-augusto-saldivar,Julián Augusto Saldívar,active_rent,,0,0
2026-09-21,c:central:julian-augusto-saldivar,Julián Augusto Saldívar,active_sale,,55,55
2026-09-21,c:central:julian-augusto-saldivar,Julián Augusto Saldívar,active_rent,,0,0
2026-09-22,c:central:julian-augusto-saldivar,Julián Augusto Saldívar,active_sale,,55,55
2026-09-22,c:central:julian-augusto-saldivar,Julián Augusto Saldívar,active_rent,,0,0
2026-09-23,c:central:julian-augusto-saldivar,Julián Augusto Saldívar,active_sale,,54,54
2026-09-23,c:central:julian-augusto-saldivar,Julián Augusto Saldívar,active_rent,,0,0
2026-09-24,c:central:julian-augusto-saldivar,Julián Augusto Saldívar,active_sale,,54,54
2026-09-24,c:central:julian-augusto-saldivar,Julián Augusto Saldívar,active_rent,,0,0
2026-09-25,c:central:julian-augusto-saldivar,Julián Augusto Saldívar,active_sale,,55,55
2026-09-25,c:central:julian-augusto-saldivar,Julián Augusto Saldívar,active_rent,,0,0
2026-09-26,c:central:julian-augusto-saldivar,Julián Augusto Saldívar,active_sale,,55,55
2026-09-26,c:central:julian-augusto-saldivar,Julián Augusto Saldívar,active_rent,,0,0
2026-09-27,c:central:julian-augusto-saldivar,Julián Augusto Saldívar,active_sale,,55,55
2026-09-27,c:central:julian-augusto-saldivar,Julián Augusto Saldívar,active_rent,,0,0
2026-09-28,c:central:julian-augusto-saldivar,Julián Augusto Saldívar,active_sale,,55,55
2026-09-28,c:central:julian-augusto-saldivar,Julián Augusto Saldívar,active_rent,,0,0
2026-10-01,c:central:julian-augusto-saldivar,Julián Augusto Saldívar,active_sale,,56,56
2026-10-01,c:central:julian-augusto-saldivar,Julián Augusto Saldívar,active_rent,,0,0
2026-09-02,c:central:ita,Itá,active_sale,,69,69
2026-09-02,c:central:ita,Itá,active_rent,,2,2
2026-09-03,c:central:ita,Itá,active_sale,,66,66
2026-09-03,c:central:ita,Itá,active_rent,,2,2
2026-09-04,c:central:ita,Itá,active_sale,,66,66
2026-09-04,c:central:ita,Itá,active_rent,,2,2
2026-09-05,c:central:ita,Itá,active_sale,,67,67
2026-09-05,c:central:ita,Itá,active_rent,,3,3
2026-09-06,c:central:ita,Itá,active_sale,,65,65
2026-09-06,c:central:ita,Itá,active_rent,,3,3
2026-09-07,c:central:ita,Itá,active_sale,,65,65
2026-09-07,c:central:ita,Itá,active_rent,,3,3
2026-09-08,c:central:ita,Itá,active_sale,,65,65
2026-09-08,c:central:ita,Itá,active_rent,,3,3
2026-09-09,c:central:ita,Itá,active_sale,,65,65
2026-09-09,c:central:ita,Itá,active_rent,,3,3
2026-09-10,c:central:ita,Itá,active_sale,,65,65
2026-09-10,c:central:ita,Itá,active_rent,,3,3
2026-09-11,c:central:ita,Itá,active_sale,,64,64
2026-09-11,c:central:ita,Itá,active_rent,,3,3
2026-09-12,c:central:ita,Itá,active_sale,,64,64
2026-09-12,c:central:ita,Itá,active_rent,,3,3
2026-09-13,c:central:ita,Itá,active_sale,,64,64
2026-09-13,c:central:ita,Itá,active_rent,,3,3
2026-09-14,c:central:ita,Itá,active_sale,,64,64
2026-09-14,c:central:ita,Itá,active_rent,,3,3
2026-09-15,c:central:ita,Itá,active_sale,,64,64
2026-09-15,c:central:ita,Itá,active_rent,,3,3
2026-09-16,c:central:ita,Itá,active_sale,,66,66
2026-09-16,c:central:ita,Itá,active_rent,,3,3
2026-09-17,c:central:ita,Itá,active_sale,,66,66
2026-09-17,c:central:ita,Itá,active_rent,,3,3
2026-09-18,c:central:ita,Itá,active_sale,,66,66
2026-09-18,c:central:ita,Itá,active_rent,,4,4
2026-09-19,c:central:ita,Itá,active_sale,,67,67
2026-09-19,c:central:ita,Itá,active_rent,,4,4
2026-09-20,c:central:ita,Itá,active_sale,,67,67
2026-09-20,c:central:ita,Itá,active_rent,,4,4
2026-09-21,c:central:ita,Itá,active_sale,,67,67
2026-09-21,c:central:ita,Itá,active_rent,,3,3
2026-09-22,c:central:ita,Itá,active_sale,,67,67
2026-09-22,c:central:ita,Itá,active_rent,,3,3
2026-09-23,c:central:ita,Itá,active_sale,,67,67
2026-09-23,c:central:ita,Itá,active_rent,,3,3
2026-09-24,c:central:ita,Itá,active_sale,,72,72
2026-09-24,c:central:ita,Itá,active_rent,,3,3
2026-09-25,c:central:ita,Itá,active_sale,,72,72
2026-09-25,c:central:ita,Itá,active_rent,,3,3
2026-09-26,c:central:ita,Itá,active_sale,,72,72
2026-09-26,c:central:ita,Itá,active_rent,,3,3
2026-09-27,c:central:ita,Itá,active_sale,,72,72
2026-09-27,c:central:ita,Itá,active_rent,,3,3
2026-09-28,c:central:ita,Itá,active_sale,,72,72
2026-09-28,c:central:ita,Itá,active_rent,,3,3
2026-10-01,c:central:ita,Itá,active_sale,,73,73
2026-10-01,c:central:ita,Itá,active_rent,,3,3
2026-09-02,c:central:nueva-italia,Nueva Italia,active_sale,,11,11
2026-09-02,c:central:nueva-italia,Nueva Italia,active_rent,,0,0
2026-09-03,c:central:nueva-italia,Nueva Italia,active_sale,,11,11
2026-09-03,c:central:nueva-italia,Nueva Italia,active_rent,,0,0
2026-09-04,c:central:nueva-italia,Nueva Italia,active_sale,,11,11
2026-09-04,c:central:nueva-italia,Nueva Italia,active_rent,,0,0
2026-09-05,c:central:nueva-italia,Nueva Italia,active_sale,,11,11
2026-09-05,c:central:nueva-italia,Nueva Italia,active_rent,,0,0
2026-09-06,c:central:nueva-italia,Nueva Italia,active_sale,,11,11
2026-09-06,c:central:nueva-italia,Nueva Italia,active_rent,,0,0
2026-09-07,c:central:nueva-italia,Nueva Italia,active_sale,,11,11
2026-09-07,c:central:nueva-italia,Nueva Italia,active_rent,,0,0
2026-09-08,c:central:nueva-italia,Nueva Italia,active_sale,,11,11
2026-09-08,c:central:nueva-italia,Nueva Italia,active_rent,,0,0
2026-09-09,c:central:nueva-italia,Nueva Italia,active_sale,,11,11
2026-09-09,c:central:nueva-italia,Nueva Italia,active_rent,,0,0
2026-09-10,c:central:nueva-italia,Nueva Italia,active_sale,,11,11
2026-09-10,c:central:nueva-italia,Nueva Italia,active_rent,,0,0
2026-09-11,c:central:nueva-italia,Nueva Italia,active_sale,,11,11
2026-09-11,c:central:nueva-italia,Nueva Italia,active_rent,,0,0
2026-09-12,c:central:nueva-italia,Nueva Italia,active_sale,,11,11
2026-09-12,c:central:nueva-italia,Nueva Italia,active_rent,,0,0
2026-09-13,c:central:nueva-italia,Nueva Italia,active_sale,,11,11
2026-09-13,c:central:nueva-italia,Nueva Italia,active_rent,,0,0
2026-09-14,c:central:nueva-italia,Nueva Italia,active_sale,,11,11
2026-09-14,c:central:nueva-italia,Nueva Italia,active_rent,,0,0
2026-09-15,c:central:nueva-italia,Nueva Italia,active_sale,,11,11
2026-09-15,c:central:nueva-italia,Nueva Italia,active_rent,,0,0
2026-09-16,c:central:nueva-italia,Nueva Italia,active_sale,,11,11
2026-09-16,c:central:nueva-italia,Nueva Italia,active_rent,,0,0
2026-09-17,c:central:nueva-italia,Nueva Italia,active_sale,,11,11
2026-09-17,c:central:nueva-italia,Nueva Italia,active_rent,,0,0
2026-09-18,c:central:nueva-italia,Nueva Italia,active_sale,,11,11
2026-09-18,c:central:nueva-italia,Nueva Italia,active_rent,,0,0
2026-09-19,c:central:nueva-italia,Nueva Italia,active_sale,,11,11
2026-09-19,c:central:nueva-italia,Nueva Italia,active_rent,,0,0
2026-09-20,c:central:nueva-italia,Nueva Italia,active_sale,,11,11
2026-09-20,c:central:nueva-italia,Nueva Italia,active_rent,,0,0
2026-09-21,c:central:nueva-italia,Nueva Italia,active_sale,,11,11
2026-09-21,c:central:nueva-italia,Nueva Italia,active_rent,,0,0
2026-09-22,c:central:nueva-italia,Nueva Italia,active_sale,,11,11
2026-09-22,c:central:nueva-italia,Nueva Italia,active_rent,,0,0
2026-09-23,c:central:nueva-italia,Nueva Italia,active_sale,,13,13
2026-09-23,c:central:nueva-italia,Nueva Italia,active_rent,,0,0
2026-09-24,c:central:nueva-italia,Nueva Italia,active_sale,,13,13
2026-09-24,c:central:nueva-italia,Nueva Italia,active_rent,,0,0
2026-09-25,c:central:nueva-italia,Nueva Italia,active_sale,,13,13
2026-09-25,c:central:nueva-italia,Nueva Italia,active_rent,,0,0
2026-09-26,c:central:nueva-italia,Nueva Italia,active_sale,,13,13
2026-09-26,c:central:nueva-italia,Nueva Italia,active_rent,,0,0
2026-09-27,c:central:nueva-italia,Nueva Italia,active_sale,,13,13
2026-09-27,c:central:nueva-italia,Nueva Italia,active_rent,,0,0
2026-09-28,c:central:nueva-italia,Nueva Italia,active_sale,,13,13
2026-09-28,c:central:nueva-italia,Nueva Italia,active_rent,,0,0
2026-10-01,c:central:nueva-italia,Nueva Italia,active_sale,,12,12
2026-10-01,c:central:nueva-italia,Nueva Italia,active_rent,,0,0
2026-09-02,d:itapua,Itapúa,active_sale,,1382,1382
2026-09-02,d:itapua,Itapúa,active_rent,,136,136
2026-09-02,d:itapua,Itapúa,asking_price_usd,casa,111645,253
2026-09-02,d:itapua,Itapúa,asking_price_usd,departamento,95000,139
2026-09-02,d:itapua,Itapúa,asking_usd_per_m2_built,casa,668,227
2026-09-02,d:itapua,Itapúa,asking_usd_per_m2_built,departamento,1213,20
2026-09-02,d:itapua,Itapúa,asking_rent_usd_month,departamento,429,49
2026-09-02,d:itapua,Itapúa,asking_rent_usd_month,casa,750,23
2026-09-03,d:itapua,Itapúa,active_sale,,1381,1381
2026-09-03,d:itapua,Itapúa,active_rent,,130,130
2026-09-03,d:itapua,Itapúa,asking_price_usd,casa,111645,253
2026-09-03,d:itapua,Itapúa,asking_price_usd,departamento,95000,139
2026-09-03,d:itapua,Itapúa,asking_usd_per_m2_built,casa,668,227
2026-09-03,d:itapua,Itapúa,asking_usd_per_m2_built,departamento,1213,20
2026-09-03,d:itapua,Itapúa,asking_rent_usd_month,departamento,429,49
2026-09-03,d:itapua,Itapúa,asking_rent_usd_month,casa,750,23
2026-09-04,d:itapua,Itapúa,active_sale,,1379,1379
2026-09-04,d:itapua,Itapúa,active_rent,,127,127
2026-09-04,d:itapua,Itapúa,asking_price_usd,casa,111645,253
2026-09-04,d:itapua,Itapúa,asking_price_usd,departamento,95000,140
2026-09-04,d:itapua,Itapúa,asking_usd_per_m2_built,casa,668,227
2026-09-04,d:itapua,Itapúa,asking_usd_per_m2_built,departamento,1213,20
2026-09-04,d:itapua,Itapúa,asking_rent_usd_month,departamento,429,50
2026-09-04,d:itapua,Itapúa,asking_rent_usd_month,casa,750,23
2026-09-05,d:itapua,Itapúa,active_sale,,1378,1378
2026-09-05,d:itapua,Itapúa,active_rent,,130,130
2026-09-05,d:itapua,Itapúa,asking_price_usd,casa,111645,253
2026-09-05,d:itapua,Itapúa,asking_price_usd,departamento,95000,140
2026-09-05,d:itapua,Itapúa,asking_usd_per_m2_built,casa,668,227
2026-09-05,d:itapua,Itapúa,asking_usd_per_m2_built,departamento,1213,20
2026-09-05,d:itapua,Itapúa,asking_rent_usd_month,departamento,429,52
2026-09-05,d:itapua,Itapúa,asking_rent_usd_month,casa,761,24
2026-09-06,d:itapua,Itapúa,active_sale,,1378,1378
2026-09-06,d:itapua,Itapúa,active_rent,,130,130
2026-09-06,d:itapua,Itapúa,asking_price_usd,casa,111645,253
2026-09-06,d:itapua,Itapúa,asking_price_usd,departamento,95000,140
2026-09-06,d:itapua,Itapúa,asking_usd_per_m2_built,casa,668,227
2026-09-06,d:itapua,Itapúa,asking_usd_per_m2_built,departamento,1213,20
2026-09-06,d:itapua,Itapúa,asking_rent_usd_month,departamento,429,52
2026-09-06,d:itapua,Itapúa,asking_rent_usd_month,casa,761,24
2026-09-07,d:itapua,Itapúa,active_sale,,1379,1379
2026-09-07,d:itapua,Itapúa,active_rent,,130,130
2026-09-07,d:itapua,Itapúa,asking_price_usd,casa,111645,254
2026-09-07,d:itapua,Itapúa,asking_price_usd,departamento,95000,140
2026-09-07,d:itapua,Itapúa,asking_usd_per_m2_built,casa,667,228
2026-09-07,d:itapua,Itapúa,asking_usd_per_m2_built,departamento,1213,20
2026-09-07,d:itapua,Itapúa,asking_rent_usd_month,departamento,429,52
2026-09-07,d:itapua,Itapúa,asking_rent_usd_month,casa,761,24
2026-09-08,d:itapua,Itapúa,active_sale,,1377,1377
2026-09-08,d:itapua,Itapúa,active_rent,,132,132
2026-09-08,d:itapua,Itapúa,asking_price_usd,casa,111645,252
2026-09-08,d:itapua,Itapúa,asking_price_usd,departamento,95000,139
2026-09-08,d:itapua,Itapúa,asking_usd_per_m2_built,casa,668,227
2026-09-08,d:itapua,Itapúa,asking_usd_per_m2_built,departamento,1213,20
2026-09-08,d:itapua,Itapúa,asking_rent_usd_month,departamento,429,53
2026-09-08,d:itapua,Itapúa,asking_rent_usd_month,casa,773,23
2026-09-09,d:itapua,Itapúa,active_sale,,1377,1377
2026-09-09,d:itapua,Itapúa,active_rent,,132,132
2026-09-09,d:itapua,Itapúa,asking_price_usd,casa,111645,252
2026-09-09,d:itapua,Itapúa,asking_price_usd,departamento,95000,139
2026-09-09,d:itapua,Itapúa,asking_usd_per_m2_built,casa,668,227
2026-09-09,d:itapua,Itapúa,asking_usd_per_m2_built,departamento,1213,20
2026-09-09,d:itapua,Itapúa,asking_rent_usd_month,departamento,429,53
2026-09-09,d:itapua,Itapúa,asking_rent_usd_month,casa,773,23
2026-09-10,d:itapua,Itapúa,active_sale,,1380,1380
2026-09-10,d:itapua,Itapúa,active_rent,,132,132
2026-09-10,d:itapua,Itapúa,asking_price_usd,casa,111645,254
2026-09-10,d:itapua,Itapúa,asking_price_usd,departamento,95000,139
2026-09-10,d:itapua,Itapúa,asking_usd_per_m2_built,casa,669,229
2026-09-10,d:itapua,Itapúa,asking_usd_per_m2_built,departamento,1213,20
2026-09-10,d:itapua,Itapúa,asking_rent_usd_month,departamento,429,53
2026-09-10,d:itapua,Itapúa,asking_rent_usd_month,casa,773,23
2026-09-11,d:itapua,Itapúa,active_sale,,1380,1380
2026-09-11,d:itapua,Itapúa,active_rent,,133,133
2026-09-11,d:itapua,Itapúa,asking_price_usd,casa,111645,254
2026-09-11,d:itapua,Itapúa,asking_price_usd,departamento,95000,139
2026-09-11,d:itapua,Itapúa,asking_usd_per_m2_built,casa,669,229
2026-09-11,d:itapua,Itapúa,asking_usd_per_m2_built,departamento,1213,20
2026-09-11,d:itapua,Itapúa,asking_rent_usd_month,departamento,429,53
2026-09-11,d:itapua,Itapúa,asking_rent_usd_month,casa,773,23
2026-09-12,d:itapua,Itapúa,active_sale,,1387,1387
2026-09-12,d:itapua,Itapúa,active_rent,,130,130
2026-09-12,d:itapua,Itapúa,asking_price_usd,casa,111645,254
2026-09-12,d:itapua,Itapúa,asking_price_usd,departamento,90000,146
2026-09-12,d:itapua,Itapúa,asking_usd_per_m2_built,casa,669,229
2026-09-12,d:itapua,Itapúa,asking_usd_per_m2_built,departamento,1126,25
2026-09-12,d:itapua,Itapúa,asking_rent_usd_month,departamento,429,50
2026-09-12,d:itapua,Itapúa,asking_rent_usd_month,casa,773,23
2026-09-13,d:itapua,Itapúa,active_sale,,1387,1387
2026-09-13,d:itapua,Itapúa,active_rent,,130,130
2026-09-13,d:itapua,Itapúa,asking_price_usd,casa,111645,254
2026-09-13,d:itapua,Itapúa,asking_price_usd,departamento,90000,146
2026-09-13,d:itapua,Itapúa,asking_usd_per_m2_built,casa,669,229
2026-09-13,d:itapua,Itapúa,asking_usd_per_m2_built,departamento,1126,25
2026-09-13,d:itapua,Itapúa,asking_rent_usd_month,departamento,429,50
2026-09-13,d:itapua,Itapúa,asking_rent_usd_month,casa,773,23
2026-09-14,d:itapua,Itapúa,active_sale,,1387,1387
2026-09-14,d:itapua,Itapúa,active_rent,,130,130
2026-09-14,d:itapua,Itapúa,asking_price_usd,casa,111645,254
2026-09-14,d:itapua,Itapúa,asking_price_usd,departamento,90000,146
2026-09-14,d:itapua,Itapúa,asking_usd_per_m2_built,casa,669,229
2026-09-14,d:itapua,Itapúa,asking_usd_per_m2_built,departamento,1126,25
2026-09-14,d:itapua,Itapúa,asking_rent_usd_month,departamento,429,50
2026-09-14,d:itapua,Itapúa,asking_rent_usd_month,casa,773,23
2026-09-15,d:itapua,Itapúa,active_sale,,1392,1392
2026-09-15,d:itapua,Itapúa,active_rent,,131,131
2026-09-15,d:itapua,Itapúa,asking_price_usd,casa,111645,255
2026-09-15,d:itapua,Itapúa,asking_price_usd,departamento,90000,146
2026-09-15,d:itapua,Itapúa,asking_usd_per_m2_built,casa,671,230
2026-09-15,d:itapua,Itapúa,asking_usd_per_m2_built,departamento,1126,25
2026-09-15,d:itapua,Itapúa,asking_rent_usd_month,departamento,429,51
2026-09-15,d:itapua,Itapúa,asking_rent_usd_month,casa,773,23
2026-09-16,d:itapua,Itapúa,active_sale,,1393,1393
2026-09-16,d:itapua,Itapúa,active_rent,,132,132
2026-09-16,d:itapua,Itapúa,asking_price_usd,casa,113900,255
2026-09-16,d:itapua,Itapúa,asking_price_usd,departamento,90000,147
2026-09-16,d:itapua,Itapúa,asking_usd_per_m2_built,casa,671,230
2026-09-16,d:itapua,Itapúa,asking_usd_per_m2_built,departamento,1126,25
2026-09-16,d:itapua,Itapúa,asking_rent_usd_month,departamento,429,52
2026-09-16,d:itapua,Itapúa,asking_rent_usd_month,casa,773,23
2026-09-17,d:itapua,Itapúa,active_sale,,1393,1393
2026-09-17,d:itapua,Itapúa,active_rent,,136,136
2026-09-17,d:itapua,Itapúa,asking_price_usd,casa,120000,253
2026-09-17,d:itapua,Itapúa,asking_price_usd,departamento,90000,146
2026-09-17,d:itapua,Itapúa,asking_usd_per_m2_built,casa,678,228
2026-09-17,d:itapua,Itapúa,asking_usd_per_m2_built,departamento,1126,25
2026-09-17,d:itapua,Itapúa,asking_rent_usd_month,departamento,429,54
2026-09-17,d:itapua,Itapúa,asking_rent_usd_month,casa,761,24
2026-09-18,d:itapua,Itapúa,active_sale,,1380,1380
2026-09-18,d:itapua,Itapúa,active_rent,,134,134
2026-09-18,d:itapua,Itapúa,asking_price_usd,casa,116950,252
2026-09-18,d:itapua,Itapúa,asking_price_usd,departamento,90000,146
2026-09-18,d:itapua,Itapúa,asking_usd_per_m2_built,casa,678,228
2026-09-18,d:itapua,Itapúa,asking_usd_per_m2_built,departamento,1123,24
2026-09-18,d:itapua,Itapúa,asking_rent_usd_month,departamento,429,54
2026-09-18,d:itapua,Itapúa,asking_rent_usd_month,casa,761,24
2026-09-19,d:itapua,Itapúa,active_sale,,1388,1388
2026-09-19,d:itapua,Itapúa,active_rent,,136,136
2026-09-19,d:itapua,Itapúa,asking_price_usd,casa,116950,252
2026-09-19,d:itapua,Itapúa,asking_price_usd,departamento,90000,143
2026-09-19,d:itapua,Itapúa,asking_usd_per_m2_built,casa,678,228
2026-09-19,d:itapua,Itapúa,asking_usd_per_m2_built,departamento,1123,24
2026-09-19,d:itapua,Itapúa,asking_rent_usd_month,departamento,429,55
2026-09-19,d:itapua,Itapúa,asking_rent_usd_month,casa,761,24
2026-09-20,d:itapua,Itapúa,active_sale,,1387,1387
2026-09-20,d:itapua,Itapúa,active_rent,,136,136
2026-09-20,d:itapua,Itapúa,asking_price_usd,casa,113900,251
2026-09-20,d:itapua,Itapúa,asking_price_usd,departamento,90000,143
2026-09-20,d:itapua,Itapúa,asking_usd_per_m2_built,casa,673,227
2026-09-20,d:itapua,Itapúa,asking_usd_per_m2_built,departamento,1123,24
2026-09-20,d:itapua,Itapúa,asking_rent_usd_month,departamento,429,55
2026-09-20,d:itapua,Itapúa,asking_rent_usd_month,casa,761,24
2026-09-21,d:itapua,Itapúa,active_sale,,1389,1389
2026-09-21,d:itapua,Itapúa,active_rent,,136,136
2026-09-21,d:itapua,Itapúa,asking_price_usd,casa,120000,253
2026-09-21,d:itapua,Itapúa,asking_price_usd,departamento,90000,144
2026-09-21,d:itapua,Itapúa,asking_usd_per_m2_built,casa,684,229
2026-09-21,d:itapua,Itapúa,asking_usd_per_m2_built,departamento,1121,25
2026-09-21,d:itapua,Itapúa,asking_rent_usd_month,departamento,429,55
2026-09-21,d:itapua,Itapúa,asking_rent_usd_month,casa,761,24
2026-09-22,d:itapua,Itapúa,active_sale,,1390,1390
2026-09-22,d:itapua,Itapúa,active_rent,,136,136
2026-09-22,d:itapua,Itapúa,asking_price_usd,casa,120000,253
2026-09-22,d:itapua,Itapúa,asking_price_usd,departamento,90000,144
2026-09-22,d:itapua,Itapúa,asking_usd_per_m2_built,casa,684,229
2026-09-22,d:itapua,Itapúa,asking_usd_per_m2_built,departamento,1121,25
2026-09-22,d:itapua,Itapúa,asking_rent_usd_month,departamento,429,55
2026-09-22,d:itapua,Itapúa,asking_rent_usd_month,casa,761,24
2026-09-23,d:itapua,Itapúa,active_sale,,1393,1393
2026-09-23,d:itapua,Itapúa,active_rent,,135,135
2026-09-23,d:itapua,Itapúa,asking_price_usd,casa,113900,253
2026-09-23,d:itapua,Itapúa,asking_price_usd,departamento,90000,146
2026-09-23,d:itapua,Itapúa,asking_usd_per_m2_built,casa,677,229
2026-09-23,d:itapua,Itapúa,asking_usd_per_m2_built,departamento,1121,25
2026-09-23,d:itapua,Itapúa,asking_rent_usd_month,departamento,429,54
2026-09-23,d:itapua,Itapúa,asking_rent_usd_month,casa,761,24
2026-09-24,d:itapua,Itapúa,active_sale,,1397,1397
2026-09-24,d:itapua,Itapúa,active_rent,,134,134
2026-09-24,d:itapua,Itapúa,asking_price_usd,casa,113900,255
2026-09-24,d:itapua,Itapúa,asking_price_usd,departamento,90000,147
2026-09-24,d:itapua,Itapúa,asking_usd_per_m2_built,casa,677,231
2026-09-24,d:itapua,Itapúa,asking_usd_per_m2_built,departamento,1121,25
2026-09-24,d:itapua,Itapúa,asking_rent_usd_month,departamento,429,54
2026-09-24,d:itapua,Itapúa,asking_rent_usd_month,casa,773,23
2026-09-25,d:itapua,Itapúa,active_sale,,1404,1404
2026-09-25,d:itapua,Itapúa,active_rent,,135,135
2026-09-25,d:itapua,Itapúa,asking_price_usd,casa,113900,255
2026-09-25,d:itapua,Itapúa,asking_price_usd,departamento,90000,147
2026-09-25,d:itapua,Itapúa,asking_usd_per_m2_built,casa,677,231
2026-09-25,d:itapua,Itapúa,asking_usd_per_m2_built,departamento,1121,25
2026-09-25,d:itapua,Itapúa,asking_rent_usd_month,departamento,429,56
2026-09-25,d:itapua,Itapúa,asking_rent_usd_month,casa,816,22
2026-09-26,d:itapua,Itapúa,active_sale,,1404,1404
2026-09-26,d:itapua,Itapúa,active_rent,,134,134
2026-09-26,d:itapua,Itapúa,asking_price_usd,casa,113900,255
2026-09-26,d:itapua,Itapúa,asking_price_usd,departamento,90000,147
2026-09-26,d:itapua,Itapúa,asking_usd_per_m2_built,casa,677,231
2026-09-26,d:itapua,Itapúa,asking_usd_per_m2_built,departamento,1121,25
2026-09-26,d:itapua,Itapúa,asking_rent_usd_month,departamento,429,55
2026-09-26,d:itapua,Itapúa,asking_rent_usd_month,casa,816,22
2026-09-27,d:itapua,Itapúa,active_sale,,1405,1405
2026-09-27,d:itapua,Itapúa,active_rent,,134,134
2026-09-27,d:itapua,Itapúa,asking_price_usd,casa,113900,255
2026-09-27,d:itapua,Itapúa,asking_price_usd,departamento,90000,147
2026-09-27,d:itapua,Itapúa,asking_usd_per_m2_built,casa,677,231
2026-09-27,d:itapua,Itapúa,asking_usd_per_m2_built,departamento,1121,25
2026-09-27,d:itapua,Itapúa,asking_rent_usd_month,departamento,429,55
2026-09-27,d:itapua,Itapúa,asking_rent_usd_month,casa,816,22
2026-09-28,d:itapua,Itapúa,active_sale,,1406,1406
2026-09-28,d:itapua,Itapúa,active_rent,,134,134
2026-09-28,d:itapua,Itapúa,asking_price_usd,casa,112773,256
2026-09-28,d:itapua,Itapúa,asking_price_usd,departamento,90000,147
2026-09-28,d:itapua,Itapúa,asking_usd_per_m2_built,casa,681,232
2026-09-28,d:itapua,Itapúa,asking_usd_per_m2_built,departamento,1126,25
2026-09-28,d:itapua,Itapúa,asking_rent_usd_month,departamento,429,55
2026-09-28,d:itapua,Itapúa,asking_rent_usd_month,casa,816,22
2026-10-01,d:itapua,Itapúa,active_sale,,1420,1420
2026-10-01,d:itapua,Itapúa,active_rent,,135,135
2026-10-01,d:itapua,Itapúa,asking_price_usd,casa,111645,255
2026-10-01,d:itapua,Itapúa,asking_price_usd,departamento,90000,150
2026-10-01,d:itapua,Itapúa,asking_usd_per_m2_built,casa,681,230
2026-10-01,d:itapua,Itapúa,asking_usd_per_m2_built,departamento,1126,25
2026-10-01,d:itapua,Itapúa,asking_rent_usd_month,departamento,429,56
2026-10-01,d:itapua,Itapúa,asking_rent_usd_month,casa,816,22
2026-09-02,c:itapua:encarnacion,Encarnación,active_sale,,665,665
2026-09-02,c:itapua:encarnacion,Encarnación,active_rent,,101,101
2026-09-02,c:itapua:encarnacion,Encarnación,asking_price_usd,casa,140000,132
2026-09-02,c:itapua:encarnacion,Encarnación,asking_price_usd,departamento,95000,137
2026-09-02,c:itapua:encarnacion,Encarnación,asking_usd_per_m2_built,casa,678,118
2026-09-02,c:itapua:encarnacion,Encarnación,asking_usd_per_m2_built,departamento,1213,20
2026-09-02,c:itapua:encarnacion,Encarnación,asking_rent_usd_month,departamento,429,47
2026-09-03,c:itapua:encarnacion,Encarnación,active_sale,,665,665
2026-09-03,c:itapua:encarnacion,Encarnación,active_rent,,95,95
2026-09-03,c:itapua:encarnacion,Encarnación,asking_price_usd,casa,140000,132
2026-09-03,c:itapua:encarnacion,Encarnación,asking_price_usd,departamento,95000,137
2026-09-03,c:itapua:encarnacion,Encarnación,asking_usd_per_m2_built,casa,678,118
2026-09-03,c:itapua:encarnacion,Encarnación,asking_usd_per_m2_built,departamento,1213,20
2026-09-03,c:itapua:encarnacion,Encarnación,asking_rent_usd_month,departamento,429,47
2026-09-04,c:itapua:encarnacion,Encarnación,active_sale,,666,666
2026-09-04,c:itapua:encarnacion,Encarnación,active_rent,,95,95
2026-09-04,c:itapua:encarnacion,Encarnación,asking_price_usd,casa,140000,132
2026-09-04,c:itapua:encarnacion,Encarnación,asking_price_usd,departamento,95000,138
2026-09-04,c:itapua:encarnacion,Encarnación,asking_usd_per_m2_built,casa,678,118
2026-09-04,c:itapua:encarnacion,Encarnación,asking_usd_per_m2_built,departamento,1213,20
2026-09-04,c:itapua:encarnacion,Encarnación,asking_rent_usd_month,departamento,429,48
2026-09-05,c:itapua:encarnacion,Encarnación,active_sale,,666,666
2026-09-05,c:itapua:encarnacion,Encarnación,active_rent,,96,96
2026-09-05,c:itapua:encarnacion,Encarnación,asking_price_usd,casa,140000,132
2026-09-05,c:itapua:encarnacion,Encarnación,asking_price_usd,departamento,95000,138
2026-09-05,c:itapua:encarnacion,Encarnación,asking_usd_per_m2_built,casa,678,118
2026-09-05,c:itapua:encarnacion,Encarnación,asking_usd_per_m2_built,departamento,1213,20
2026-09-05,c:itapua:encarnacion,Encarnación,asking_rent_usd_month,departamento,429,49
2026-09-06,c:itapua:encarnacion,Encarnación,active_sale,,666,666
2026-09-06,c:itapua:encarnacion,Encarnación,active_rent,,96,96
2026-09-06,c:itapua:encarnacion,Encarnación,asking_price_usd,casa,140000,132
2026-09-06,c:itapua:encarnacion,Encarnación,asking_price_usd,departamento,95000,138
2026-09-06,c:itapua:encarnacion,Encarnación,asking_usd_per_m2_built,casa,678,118
2026-09-06,c:itapua:encarnacion,Encarnación,asking_usd_per_m2_built,departamento,1213,20
2026-09-06,c:itapua:encarnacion,Encarnación,asking_rent_usd_month,departamento,429,49
2026-09-07,c:itapua:encarnacion,Encarnación,active_sale,,667,667
2026-09-07,c:itapua:encarnacion,Encarnación,active_rent,,96,96
2026-09-07,c:itapua:encarnacion,Encarnación,asking_price_usd,casa,140000,133
2026-09-07,c:itapua:encarnacion,Encarnación,asking_price_usd,departamento,95000,138
2026-09-07,c:itapua:encarnacion,Encarnación,asking_usd_per_m2_built,casa,669,119
2026-09-07,c:itapua:encarnacion,Encarnación,asking_usd_per_m2_built,departamento,1213,20
2026-09-07,c:itapua:encarnacion,Encarnación,asking_rent_usd_month,departamento,429,49
2026-09-08,c:itapua:encarnacion,Encarnación,active_sale,,667,667
2026-09-08,c:itapua:encarnacion,Encarnación,active_rent,,98,98
2026-09-08,c:itapua:encarnacion,Encarnación,asking_price_usd,casa,137409,133
2026-09-08,c:itapua:encarnacion,Encarnación,asking_price_usd,departamento,95000,137
2026-09-08,c:itapua:encarnacion,Encarnación,asking_usd_per_m2_built,casa,678,120
2026-09-08,c:itapua:encarnacion,Encarnación,asking_usd_per_m2_built,departamento,1213,20
2026-09-08,c:itapua:encarnacion,Encarnación,asking_rent_usd_month,departamento,429,51
2026-09-09,c:itapua:encarnacion,Encarnación,active_sale,,667,667
2026-09-09,c:itapua:encarnacion,Encarnación,active_rent,,98,98
2026-09-09,c:itapua:encarnacion,Encarnación,asking_price_usd,casa,137409,133
2026-09-09,c:itapua:encarnacion,Encarnación,asking_price_usd,departamento,95000,137
2026-09-09,c:itapua:encarnacion,Encarnación,asking_usd_per_m2_built,casa,678,120
2026-09-09,c:itapua:encarnacion,Encarnación,asking_usd_per_m2_built,departamento,1213,20
2026-09-09,c:itapua:encarnacion,Encarnación,asking_rent_usd_month,departamento,429,51
2026-09-10,c:itapua:encarnacion,Encarnación,active_sale,,667,667
2026-09-10,c:itapua:encarnacion,Encarnación,active_rent,,98,98
2026-09-10,c:itapua:encarnacion,Encarnación,asking_price_usd,casa,137409,133
2026-09-10,c:itapua:encarnacion,Encarnación,asking_price_usd,departamento,95000,137
2026-09-10,c:itapua:encarnacion,Encarnación,asking_usd_per_m2_built,casa,678,120
2026-09-10,c:itapua:encarnacion,Encarnación,asking_usd_per_m2_built,departamento,1213,20
2026-09-10,c:itapua:encarnacion,Encarnación,asking_rent_usd_month,departamento,429,51
2026-09-11,c:itapua:encarnacion,Encarnación,active_sale,,667,667
2026-09-11,c:itapua:encarnacion,Encarnación,active_rent,,99,99
2026-09-11,c:itapua:encarnacion,Encarnación,asking_price_usd,casa,137409,133
2026-09-11,c:itapua:encarnacion,Encarnación,asking_price_usd,departamento,95000,137
2026-09-11,c:itapua:encarnacion,Encarnación,asking_usd_per_m2_built,casa,678,120
2026-09-11,c:itapua:encarnacion,Encarnación,asking_usd_per_m2_built,departamento,1213,20
2026-09-11,c:itapua:encarnacion,Encarnación,asking_rent_usd_month,departamento,429,51
2026-09-12,c:itapua:encarnacion,Encarnación,active_sale,,674,674
2026-09-12,c:itapua:encarnacion,Encarnación,active_rent,,97,97
2026-09-12,c:itapua:encarnacion,Encarnación,asking_price_usd,casa,137409,133
2026-09-12,c:itapua:encarnacion,Encarnación,asking_price_usd,departamento,90000,144
2026-09-12,c:itapua:encarnacion,Encarnación,asking_usd_per_m2_built,casa,678,120
2026-09-12,c:itapua:encarnacion,Encarnación,asking_usd_per_m2_built,departamento,1126,25
2026-09-12,c:itapua:encarnacion,Encarnación,asking_rent_usd_month,departamento,429,49
2026-09-13,c:itapua:encarnacion,Encarnación,active_sale,,674,674
2026-09-13,c:itapua:encarnacion,Encarnación,active_rent,,97,97
2026-09-13,c:itapua:encarnacion,Encarnación,asking_price_usd,casa,137409,133
2026-09-13,c:itapua:encarnacion,Encarnación,asking_price_usd,departamento,90000,144
2026-09-13,c:itapua:encarnacion,Encarnación,asking_usd_per_m2_built,casa,678,120
2026-09-13,c:itapua:encarnacion,Encarnación,asking_usd_per_m2_built,departamento,1126,25
2026-09-13,c:itapua:encarnacion,Encarnación,asking_rent_usd_month,departamento,429,49
2026-09-14,c:itapua:encarnacion,Encarnación,active_sale,,674,674
2026-09-14,c:itapua:encarnacion,Encarnación,active_rent,,97,97
2026-09-14,c:itapua:encarnacion,Encarnación,asking_price_usd,casa,137409,133
2026-09-14,c:itapua:encarnacion,Encarnación,asking_price_usd,departamento,90000,144
2026-09-14,c:itapua:encarnacion,Encarnación,asking_usd_per_m2_built,casa,678,120
2026-09-14,c:itapua:encarnacion,Encarnación,asking_usd_per_m2_built,departamento,1126,25
2026-09-14,c:itapua:encarnacion,Encarnación,asking_rent_usd_month,departamento,429,49
2026-09-15,c:itapua:encarnacion,Encarnación,active_sale,,675,675
2026-09-15,c:itapua:encarnacion,Encarnación,active_rent,,99,99
2026-09-15,c:itapua:encarnacion,Encarnación,asking_price_usd,casa,138705,134
2026-09-15,c:itapua:encarnacion,Encarnación,asking_price_usd,departamento,90000,144
2026-09-15,c:itapua:encarnacion,Encarnación,asking_usd_per_m2_built,casa,686,121
2026-09-15,c:itapua:encarnacion,Encarnación,asking_usd_per_m2_built,departamento,1126,25
2026-09-15,c:itapua:encarnacion,Encarnación,asking_rent_usd_month,departamento,429,50
2026-09-16,c:itapua:encarnacion,Encarnación,active_sale,,675,675
2026-09-16,c:itapua:encarnacion,Encarnación,active_rent,,100,100
2026-09-16,c:itapua:encarnacion,Encarnación,asking_price_usd,casa,140000,133
2026-09-16,c:itapua:encarnacion,Encarnación,asking_price_usd,departamento,90000,145
2026-09-16,c:itapua:encarnacion,Encarnación,asking_usd_per_m2_built,casa,687,120
2026-09-16,c:itapua:encarnacion,Encarnación,asking_usd_per_m2_built,departamento,1126,25
2026-09-16,c:itapua:encarnacion,Encarnación,asking_rent_usd_month,departamento,429,51
2026-09-17,c:itapua:encarnacion,Encarnación,active_sale,,675,675
2026-09-17,c:itapua:encarnacion,Encarnación,active_rent,,102,102
2026-09-17,c:itapua:encarnacion,Encarnación,asking_price_usd,casa,140000,133
2026-09-17,c:itapua:encarnacion,Encarnación,asking_price_usd,departamento,90000,144
2026-09-17,c:itapua:encarnacion,Encarnación,asking_usd_per_m2_built,casa,687,120
2026-09-17,c:itapua:encarnacion,Encarnación,asking_usd_per_m2_built,departamento,1126,25
2026-09-17,c:itapua:encarnacion,Encarnación,asking_rent_usd_month,departamento,429,53
2026-09-18,c:itapua:encarnacion,Encarnación,active_sale,,674,674
2026-09-18,c:itapua:encarnacion,Encarnación,active_rent,,101,101
2026-09-18,c:itapua:encarnacion,Encarnación,asking_price_usd,casa,138705,132
2026-09-18,c:itapua:encarnacion,Encarnación,asking_price_usd,departamento,90000,144
2026-09-18,c:itapua:encarnacion,Encarnación,asking_usd_per_m2_built,casa,687,120
2026-09-18,c:itapua:encarnacion,Encarnación,asking_usd_per_m2_built,departamento,1123,24
2026-09-18,c:itapua:encarnacion,Encarnación,asking_rent_usd_month,departamento,429,53
2026-09-19,c:itapua:encarnacion,Encarnación,active_sale,,671,671
2026-09-19,c:itapua:encarnacion,Encarnación,active_rent,,102,102
2026-09-19,c:itapua:encarnacion,Encarnación,asking_price_usd,casa,138705,132
2026-09-19,c:itapua:encarnacion,Encarnación,asking_price_usd,departamento,90000,141
2026-09-19,c:itapua:encarnacion,Encarnación,asking_usd_per_m2_built,casa,687,120
2026-09-19,c:itapua:encarnacion,Encarnación,asking_usd_per_m2_built,departamento,1123,24
2026-09-19,c:itapua:encarnacion,Encarnación,asking_rent_usd_month,departamento,429,54
2026-09-20,c:itapua:encarnacion,Encarnación,active_sale,,670,670
2026-09-20,c:itapua:encarnacion,Encarnación,active_rent,,102,102
2026-09-20,c:itapua:encarnacion,Encarnación,asking_price_usd,casa,137409,131
2026-09-20,c:itapua:encarnacion,Encarnación,asking_price_usd,departamento,90000,141
2026-09-20,c:itapua:encarnacion,Encarnación,asking_usd_per_m2_built,casa,686,119
2026-09-20,c:itapua:encarnacion,Encarnación,asking_usd_per_m2_built,departamento,1123,24
2026-09-20,c:itapua:encarnacion,Encarnación,asking_rent_usd_month,departamento,429,54
2026-09-21,c:itapua:encarnacion,Encarnación,active_sale,,672,672
2026-09-21,c:itapua:encarnacion,Encarnación,active_rent,,102,102
2026-09-21,c:itapua:encarnacion,Encarnación,asking_price_usd,casa,140000,133
2026-09-21,c:itapua:encarnacion,Encarnación,asking_price_usd,departamento,90000,142
2026-09-21,c:itapua:encarnacion,Encarnación,asking_usd_per_m2_built,casa,687,121
2026-09-21,c:itapua:encarnacion,Encarnación,asking_usd_per_m2_built,departamento,1121,25
2026-09-21,c:itapua:encarnacion,Encarnación,asking_rent_usd_month,departamento,429,54
2026-09-22,c:itapua:encarnacion,Encarnación,active_sale,,673,673
2026-09-22,c:itapua:encarnacion,Encarnación,active_rent,,102,102
2026-09-22,c:itapua:encarnacion,Encarnación,asking_price_usd,casa,140000,133
2026-09-22,c:itapua:encarnacion,Encarnación,asking_price_usd,departamento,90000,142
2026-09-22,c:itapua:encarnacion,Encarnación,asking_usd_per_m2_built,casa,687,121
2026-09-22,c:itapua:encarnacion,Encarnación,asking_usd_per_m2_built,departamento,1121,25
2026-09-22,c:itapua:encarnacion,Encarnación,asking_rent_usd_month,departamento,429,54
2026-09-23,c:itapua:encarnacion,Encarnación,active_sale,,676,676
2026-09-23,c:itapua:encarnacion,Encarnación,active_rent,,101,101
2026-09-23,c:itapua:encarnacion,Encarnación,asking_price_usd,casa,138705,132
2026-09-23,c:itapua:encarnacion,Encarnación,asking_price_usd,departamento,90000,144
2026-09-23,c:itapua:encarnacion,Encarnación,asking_usd_per_m2_built,casa,687,120
2026-09-23,c:itapua:encarnacion,Encarnación,asking_usd_per_m2_built,departamento,1121,25
2026-09-23,c:itapua:encarnacion,Encarnación,asking_rent_usd_month,departamento,429,53
2026-09-24,c:itapua:encarnacion,Encarnación,active_sale,,680,680
2026-09-24,c:itapua:encarnacion,Encarnación,active_rent,,100,100
2026-09-24,c:itapua:encarnacion,Encarnación,asking_price_usd,casa,138705,134
2026-09-24,c:itapua:encarnacion,Encarnación,asking_price_usd,departamento,90000,145
2026-09-24,c:itapua:encarnacion,Encarnación,asking_usd_per_m2_built,casa,687,122
2026-09-24,c:itapua:encarnacion,Encarnación,asking_usd_per_m2_built,departamento,1121,25
2026-09-24,c:itapua:encarnacion,Encarnación,asking_rent_usd_month,departamento,429,53
2026-09-25,c:itapua:encarnacion,Encarnación,active_sale,,685,685
2026-09-25,c:itapua:encarnacion,Encarnación,active_rent,,102,102
2026-09-25,c:itapua:encarnacion,Encarnación,asking_price_usd,casa,138705,134
2026-09-25,c:itapua:encarnacion,Encarnación,asking_price_usd,departamento,90000,145
2026-09-25,c:itapua:encarnacion,Encarnación,asking_usd_per_m2_built,casa,687,122
2026-09-25,c:itapua:encarnacion,Encarnación,asking_usd_per_m2_built,departamento,1121,25
2026-09-25,c:itapua:encarnacion,Encarnación,asking_rent_usd_month,departamento,429,54
2026-09-26,c:itapua:encarnacion,Encarnación,active_sale,,685,685
2026-09-26,c:itapua:encarnacion,Encarnación,active_rent,,101,101
2026-09-26,c:itapua:encarnacion,Encarnación,asking_price_usd,casa,138705,134
2026-09-26,c:itapua:encarnacion,Encarnación,asking_price_usd,departamento,90000,145
2026-09-26,c:itapua:encarnacion,Encarnación,asking_usd_per_m2_built,casa,687,122
2026-09-26,c:itapua:encarnacion,Encarnación,asking_usd_per_m2_built,departamento,1121,25
2026-09-26,c:itapua:encarnacion,Encarnación,asking_rent_usd_month,departamento,429,53
2026-09-27,c:itapua:encarnacion,Encarnación,active_sale,,685,685
2026-09-27,c:itapua:encarnacion,Encarnación,active_rent,,101,101
2026-09-27,c:itapua:encarnacion,Encarnación,asking_price_usd,casa,138705,134
2026-09-27,c:itapua:encarnacion,Encarnación,asking_price_usd,departamento,90000,145
2026-09-27,c:itapua:encarnacion,Encarnación,asking_usd_per_m2_built,casa,687,122
2026-09-27,c:itapua:encarnacion,Encarnación,asking_usd_per_m2_built,departamento,1121,25
2026-09-27,c:itapua:encarnacion,Encarnación,asking_rent_usd_month,departamento,429,53
2026-09-28,c:itapua:encarnacion,Encarnación,active_sale,,686,686
2026-09-28,c:itapua:encarnacion,Encarnación,active_rent,,101,101
2026-09-28,c:itapua:encarnacion,Encarnación,asking_price_usd,casa,137409,135
2026-09-28,c:itapua:encarnacion,Encarnación,asking_price_usd,departamento,90000,145
2026-09-28,c:itapua:encarnacion,Encarnación,asking_usd_per_m2_built,casa,687,123
2026-09-28,c:itapua:encarnacion,Encarnación,asking_usd_per_m2_built,departamento,1126,25
2026-09-28,c:itapua:encarnacion,Encarnación,asking_rent_usd_month,departamento,429,53
2026-10-01,c:itapua:encarnacion,Encarnación,active_sale,,696,696
2026-10-01,c:itapua:encarnacion,Encarnación,active_rent,,101,101
2026-10-01,c:itapua:encarnacion,Encarnación,asking_price_usd,casa,137409,134
2026-10-01,c:itapua:encarnacion,Encarnación,asking_price_usd,departamento,90000,148
2026-10-01,c:itapua:encarnacion,Encarnación,asking_usd_per_m2_built,casa,687,121
2026-10-01,c:itapua:encarnacion,Encarnación,asking_usd_per_m2_built,departamento,1126,25
2026-10-01,c:itapua:encarnacion,Encarnación,asking_rent_usd_month,departamento,429,54
2026-09-02,c:itapua:san-juan-del-parana,San Juan del Paraná,active_sale,,140,140
2026-09-02,c:itapua:san-juan-del-parana,San Juan del Paraná,active_rent,,4,4
2026-09-03,c:itapua:san-juan-del-parana,San Juan del Paraná,active_sale,,140,140
2026-09-03,c:itapua:san-juan-del-parana,San Juan del Paraná,active_rent,,4,4
2026-09-04,c:itapua:san-juan-del-parana,San Juan del Paraná,active_sale,,140,140
2026-09-04,c:itapua:san-juan-del-parana,San Juan del Paraná,active_rent,,4,4
2026-09-05,c:itapua:san-juan-del-parana,San Juan del Paraná,active_sale,,140,140
2026-09-05,c:itapua:san-juan-del-parana,San Juan del Paraná,active_rent,,4,4
2026-09-06,c:itapua:san-juan-del-parana,San Juan del Paraná,active_sale,,140,140
2026-09-06,c:itapua:san-juan-del-parana,San Juan del Paraná,active_rent,,4,4
2026-09-07,c:itapua:san-juan-del-parana,San Juan del Paraná,active_sale,,140,140
2026-09-07,c:itapua:san-juan-del-parana,San Juan del Paraná,active_rent,,4,4
2026-09-08,c:itapua:san-juan-del-parana,San Juan del Paraná,active_sale,,141,141
2026-09-08,c:itapua:san-juan-del-parana,San Juan del Paraná,active_rent,,4,4
2026-09-09,c:itapua:san-juan-del-parana,San Juan del Paraná,active_sale,,141,141
2026-09-09,c:itapua:san-juan-del-parana,San Juan del Paraná,active_rent,,4,4
2026-09-10,c:itapua:san-juan-del-parana,San Juan del Paraná,active_sale,,141,141
2026-09-10,c:itapua:san-juan-del-parana,San Juan del Paraná,active_rent,,4,4
2026-09-11,c:itapua:san-juan-del-parana,San Juan del Paraná,active_sale,,141,141
2026-09-11,c:itapua:san-juan-del-parana,San Juan del Paraná,active_rent,,4,4
2026-09-12,c:itapua:san-juan-del-parana,San Juan del Paraná,active_sale,,141,141
2026-09-12,c:itapua:san-juan-del-parana,San Juan del Paraná,active_rent,,4,4
2026-09-13,c:itapua:san-juan-del-parana,San Juan del Paraná,active_sale,,141,141
2026-09-13,c:itapua:san-juan-del-parana,San Juan del Paraná,active_rent,,4,4
2026-09-14,c:itapua:san-juan-del-parana,San Juan del Paraná,active_sale,,141,141
2026-09-14,c:itapua:san-juan-del-parana,San Juan del Paraná,active_rent,,4,4
2026-09-15,c:itapua:san-juan-del-parana,San Juan del Paraná,active_sale,,146,146
2026-09-15,c:itapua:san-juan-del-parana,San Juan del Paraná,active_rent,,4,4
2026-09-16,c:itapua:san-juan-del-parana,San Juan del Paraná,active_sale,,145,145
2026-09-16,c:itapua:san-juan-del-parana,San Juan del Paraná,active_rent,,4,4
2026-09-17,c:itapua:san-juan-del-parana,San Juan del Paraná,active_sale,,147,147
2026-09-17,c:itapua:san-juan-del-parana,San Juan del Paraná,active_rent,,4,4
2026-09-18,c:itapua:san-juan-del-parana,San Juan del Paraná,active_sale,,139,139
2026-09-18,c:itapua:san-juan-del-parana,San Juan del Paraná,active_rent,,4,4
2026-09-19,c:itapua:san-juan-del-parana,San Juan del Paraná,active_sale,,139,139
2026-09-19,c:itapua:san-juan-del-parana,San Juan del Paraná,active_rent,,4,4
2026-09-20,c:itapua:san-juan-del-parana,San Juan del Paraná,active_sale,,139,139
2026-09-20,c:itapua:san-juan-del-parana,San Juan del Paraná,active_rent,,4,4
2026-09-21,c:itapua:san-juan-del-parana,San Juan del Paraná,active_sale,,139,139
2026-09-21,c:itapua:san-juan-del-parana,San Juan del Paraná,active_rent,,4,4
2026-09-22,c:itapua:san-juan-del-parana,San Juan del Paraná,active_sale,,139,139
2026-09-22,c:itapua:san-juan-del-parana,San Juan del Paraná,active_rent,,4,4
2026-09-23,c:itapua:san-juan-del-parana,San Juan del Paraná,active_sale,,139,139
2026-09-23,c:itapua:san-juan-del-parana,San Juan del Paraná,active_rent,,4,4
2026-09-24,c:itapua:san-juan-del-parana,San Juan del Paraná,active_sale,,139,139
2026-09-24,c:itapua:san-juan-del-parana,San Juan del Paraná,active_rent,,4,4
2026-09-25,c:itapua:san-juan-del-parana,San Juan del Paraná,active_sale,,141,141
2026-09-25,c:itapua:san-juan-del-parana,San Juan del Paraná,active_rent,,4,4
2026-09-26,c:itapua:san-juan-del-parana,San Juan del Paraná,active_sale,,141,141
2026-09-26,c:itapua:san-juan-del-parana,San Juan del Paraná,active_rent,,4,4
2026-09-27,c:itapua:san-juan-del-parana,San Juan del Paraná,active_sale,,141,141
2026-09-27,c:itapua:san-juan-del-parana,San Juan del Paraná,active_rent,,4,4
2026-09-28,c:itapua:san-juan-del-parana,San Juan del Paraná,active_sale,,141,141
2026-09-28,c:itapua:san-juan-del-parana,San Juan del Paraná,active_rent,,4,4
2026-10-01,c:itapua:san-juan-del-parana,San Juan del Paraná,active_sale,,143,143
2026-10-01,c:itapua:san-juan-del-parana,San Juan del Paraná,active_rent,,4,4
2026-09-02,c:itapua:capitan-miranda,Capitán Miranda,active_sale,,109,109
2026-09-02,c:itapua:capitan-miranda,Capitán Miranda,active_rent,,13,13
2026-09-03,c:itapua:capitan-miranda,Capitán Miranda,active_sale,,109,109
2026-09-03,c:itapua:capitan-miranda,Capitán Miranda,active_rent,,13,13
2026-09-04,c:itapua:capitan-miranda,Capitán Miranda,active_sale,,109,109
2026-09-04,c:itapua:capitan-miranda,Capitán Miranda,active_rent,,13,13
2026-09-05,c:itapua:capitan-miranda,Capitán Miranda,active_sale,,109,109
2026-09-05,c:itapua:capitan-miranda,Capitán Miranda,active_rent,,13,13
2026-09-06,c:itapua:capitan-miranda,Capitán Miranda,active_sale,,109,109
2026-09-06,c:itapua:capitan-miranda,Capitán Miranda,active_rent,,13,13
2026-09-07,c:itapua:capitan-miranda,Capitán Miranda,active_sale,,109,109
2026-09-07,c:itapua:capitan-miranda,Capitán Miranda,active_rent,,13,13
2026-09-08,c:itapua:capitan-miranda,Capitán Miranda,active_sale,,109,109
2026-09-08,c:itapua:capitan-miranda,Capitán Miranda,active_rent,,13,13
2026-09-09,c:itapua:capitan-miranda,Capitán Miranda,active_sale,,109,109
2026-09-09,c:itapua:capitan-miranda,Capitán Miranda,active_rent,,13,13
2026-09-10,c:itapua:capitan-miranda,Capitán Miranda,active_sale,,109,109
2026-09-10,c:itapua:capitan-miranda,Capitán Miranda,active_rent,,13,13
2026-09-11,c:itapua:capitan-miranda,Capitán Miranda,active_sale,,109,109
2026-09-11,c:itapua:capitan-miranda,Capitán Miranda,active_rent,,13,13
2026-09-12,c:itapua:capitan-miranda,Capitán Miranda,active_sale,,109,109
2026-09-12,c:itapua:capitan-miranda,Capitán Miranda,active_rent,,13,13
2026-09-13,c:itapua:capitan-miranda,Capitán Miranda,active_sale,,109,109
2026-09-13,c:itapua:capitan-miranda,Capitán Miranda,active_rent,,13,13
2026-09-14,c:itapua:capitan-miranda,Capitán Miranda,active_sale,,109,109
2026-09-14,c:itapua:capitan-miranda,Capitán Miranda,active_rent,,13,13
2026-09-15,c:itapua:capitan-miranda,Capitán Miranda,active_sale,,109,109
2026-09-15,c:itapua:capitan-miranda,Capitán Miranda,active_rent,,13,13
2026-09-16,c:itapua:capitan-miranda,Capitán Miranda,active_sale,,109,109
2026-09-16,c:itapua:capitan-miranda,Capitán Miranda,active_rent,,13,13
2026-09-17,c:itapua:capitan-miranda,Capitán Miranda,active_sale,,109,109
2026-09-17,c:itapua:capitan-miranda,Capitán Miranda,active_rent,,13,13
2026-09-18,c:itapua:capitan-miranda,Capitán Miranda,active_sale,,109,109
2026-09-18,c:itapua:capitan-miranda,Capitán Miranda,active_rent,,13,13
2026-09-19,c:itapua:capitan-miranda,Capitán Miranda,active_sale,,108,108
2026-09-19,c:itapua:capitan-miranda,Capitán Miranda,active_rent,,13,13
2026-09-20,c:itapua:capitan-miranda,Capitán Miranda,active_sale,,108,108
2026-09-20,c:itapua:capitan-miranda,Capitán Miranda,active_rent,,13,13
2026-09-21,c:itapua:capitan-miranda,Capitán Miranda,active_sale,,108,108
2026-09-21,c:itapua:capitan-miranda,Capitán Miranda,active_rent,,13,13
2026-09-22,c:itapua:capitan-miranda,Capitán Miranda,active_sale,,108,108
2026-09-22,c:itapua:capitan-miranda,Capitán Miranda,active_rent,,13,13
2026-09-23,c:itapua:capitan-miranda,Capitán Miranda,active_sale,,109,109
2026-09-23,c:itapua:capitan-miranda,Capitán Miranda,active_rent,,13,13
2026-09-24,c:itapua:capitan-miranda,Capitán Miranda,active_sale,,109,109
2026-09-24,c:itapua:capitan-miranda,Capitán Miranda,active_rent,,13,13
2026-09-25,c:itapua:capitan-miranda,Capitán Miranda,active_sale,,109,109
2026-09-25,c:itapua:capitan-miranda,Capitán Miranda,active_rent,,14,14
2026-09-26,c:itapua:capitan-miranda,Capitán Miranda,active_sale,,109,109
2026-09-26,c:itapua:capitan-miranda,Capitán Miranda,active_rent,,14,14
2026-09-27,c:itapua:capitan-miranda,Capitán Miranda,active_sale,,109,109
2026-09-27,c:itapua:capitan-miranda,Capitán Miranda,active_rent,,14,14
2026-09-28,c:itapua:capitan-miranda,Capitán Miranda,active_sale,,109,109
2026-09-28,c:itapua:capitan-miranda,Capitán Miranda,active_rent,,14,14
2026-10-01,c:itapua:capitan-miranda,Capitán Miranda,active_sale,,109,109
2026-10-01,c:itapua:capitan-miranda,Capitán Miranda,active_rent,,14,14
2026-09-02,d:alto-parana,Alto Paraná,active_sale,,794,794
2026-09-02,d:alto-parana,Alto Paraná,active_rent,,56,56
2026-09-02,d:alto-parana,Alto Paraná,asking_price_usd,casa,113323,208
2026-09-02,d:alto-parana,Alto Paraná,asking_price_usd,departamento,89000,78
2026-09-02,d:alto-parana,Alto Paraná,asking_usd_per_m2_built,casa,727,183
2026-09-02,d:alto-parana,Alto Paraná,asking_usd_per_m2_built,departamento,1481,20
2026-09-03,d:alto-parana,Alto Paraná,active_sale,,795,795
2026-09-03,d:alto-parana,Alto Paraná,active_rent,,56,56
2026-09-03,d:alto-parana,Alto Paraná,asking_price_usd,casa,115000,209
2026-09-03,d:alto-parana,Alto Paraná,asking_price_usd,departamento,89000,77
2026-09-03,d:alto-parana,Alto Paraná,asking_usd_per_m2_built,casa,729,184
2026-09-03,d:alto-parana,Alto Paraná,asking_usd_per_m2_built,departamento,1481,20
2026-09-04,d:alto-parana,Alto Paraná,active_sale,,794,794
2026-09-04,d:alto-parana,Alto Paraná,active_rent,,55,55
2026-09-04,d:alto-parana,Alto Paraná,asking_price_usd,casa,116243,210
2026-09-04,d:alto-parana,Alto Paraná,asking_price_usd,departamento,89000,77
2026-09-04,d:alto-parana,Alto Paraná,asking_usd_per_m2_built,casa,727,185
2026-09-04,d:alto-parana,Alto Paraná,asking_usd_per_m2_built,departamento,1481,20
2026-09-05,d:alto-parana,Alto Paraná,active_sale,,794,794
2026-09-05,d:alto-parana,Alto Paraná,active_rent,,56,56
2026-09-05,d:alto-parana,Alto Paraná,asking_price_usd,casa,116243,210
2026-09-05,d:alto-parana,Alto Paraná,asking_price_usd,departamento,89000,77
2026-09-05,d:alto-parana,Alto Paraná,asking_usd_per_m2_built,casa,727,185
2026-09-05,d:alto-parana,Alto Paraná,asking_usd_per_m2_built,departamento,1481,20
2026-09-06,d:alto-parana,Alto Paraná,active_sale,,796,796
2026-09-06,d:alto-parana,Alto Paraná,active_rent,,56,56
2026-09-06,d:alto-parana,Alto Paraná,asking_price_usd,casa,116243,210
2026-09-06,d:alto-parana,Alto Paraná,asking_price_usd,departamento,89000,77
2026-09-06,d:alto-parana,Alto Paraná,asking_usd_per_m2_built,casa,727,185
2026-09-06,d:alto-parana,Alto Paraná,asking_usd_per_m2_built,departamento,1481,20
2026-09-07,d:alto-parana,Alto Paraná,active_sale,,803,803
2026-09-07,d:alto-parana,Alto Paraná,active_rent,,56,56
2026-09-07,d:alto-parana,Alto Paraná,asking_price_usd,casa,117485,209
2026-09-07,d:alto-parana,Alto Paraná,asking_price_usd,departamento,89000,84
2026-09-07,d:alto-parana,Alto Paraná,asking_usd_per_m2_built,casa,727,185
2026-09-07,d:alto-parana,Alto Paraná,asking_usd_per_m2_built,departamento,1599,23
2026-09-08,d:alto-parana,Alto Paraná,active_sale,,801,801
2026-09-08,d:alto-parana,Alto Paraná,active_rent,,56,56
2026-09-08,d:alto-parana,Alto Paraná,asking_price_usd,casa,120000,208
2026-09-08,d:alto-parana,Alto Paraná,asking_price_usd,departamento,89000,83
2026-09-08,d:alto-parana,Alto Paraná,asking_usd_per_m2_built,casa,730,185
2026-09-08,d:alto-parana,Alto Paraná,asking_usd_per_m2_built,departamento,1599,23
2026-09-09,d:alto-parana,Alto Paraná,active_sale,,802,802
2026-09-09,d:alto-parana,Alto Paraná,active_rent,,56,56
2026-09-09,d:alto-parana,Alto Paraná,asking_price_usd,casa,120000,208
2026-09-09,d:alto-parana,Alto Paraná,asking_price_usd,departamento,89000,83
2026-09-09,d:alto-parana,Alto Paraná,asking_usd_per_m2_built,casa,730,185
2026-09-09,d:alto-parana,Alto Paraná,asking_usd_per_m2_built,departamento,1599,23
2026-09-10,d:alto-parana,Alto Paraná,active_sale,,806,806
2026-09-10,d:alto-parana,Alto Paraná,active_rent,,54,54
2026-09-10,d:alto-parana,Alto Paraná,asking_price_usd,casa,120000,211
2026-09-10,d:alto-parana,Alto Paraná,asking_price_usd,departamento,89000,83
2026-09-10,d:alto-parana,Alto Paraná,asking_usd_per_m2_built,casa,734,188
2026-09-10,d:alto-parana,Alto Paraná,asking_usd_per_m2_built,departamento,1599,23
2026-09-11,d:alto-parana,Alto Paraná,active_sale,,807,807
2026-09-11,d:alto-parana,Alto Paraná,active_rent,,52,52
2026-09-11,d:alto-parana,Alto Paraná,asking_price_usd,casa,120000,213
2026-09-11,d:alto-parana,Alto Paraná,asking_price_usd,departamento,89000,82
2026-09-11,d:alto-parana,Alto Paraná,asking_usd_per_m2_built,casa,729,190
2026-09-11,d:alto-parana,Alto Paraná,asking_usd_per_m2_built,departamento,1599,23
2026-09-12,d:alto-parana,Alto Paraná,active_sale,,806,806
2026-09-12,d:alto-parana,Alto Paraná,active_rent,,52,52
2026-09-12,d:alto-parana,Alto Paraná,asking_price_usd,casa,120000,214
2026-09-12,d:alto-parana,Alto Paraná,asking_price_usd,departamento,89000,81
2026-09-12,d:alto-parana,Alto Paraná,asking_usd_per_m2_built,casa,727,193
2026-09-12,d:alto-parana,Alto Paraná,asking_usd_per_m2_built,departamento,1599,23
2026-09-13,d:alto-parana,Alto Paraná,active_sale,,809,809
2026-09-13,d:alto-parana,Alto Paraná,active_rent,,52,52
2026-09-13,d:alto-parana,Alto Paraná,asking_price_usd,casa,120000,214
2026-09-13,d:alto-parana,Alto Paraná,asking_price_usd,departamento,89000,84
2026-09-13,d:alto-parana,Alto Paraná,asking_usd_per_m2_built,casa,727,193
2026-09-13,d:alto-parana,Alto Paraná,asking_usd_per_m2_built,departamento,1710,26
2026-09-14,d:alto-parana,Alto Paraná,active_sale,,809,809
2026-09-14,d:alto-parana,Alto Paraná,active_rent,,52,52
2026-09-14,d:alto-parana,Alto Paraná,asking_price_usd,casa,120000,214
2026-09-14,d:alto-parana,Alto Paraná,asking_price_usd,departamento,89000,84
2026-09-14,d:alto-parana,Alto Paraná,asking_usd_per_m2_built,casa,727,193
2026-09-14,d:alto-parana,Alto Paraná,asking_usd_per_m2_built,departamento,1710,26
2026-09-15,d:alto-parana,Alto Paraná,active_sale,,807,807
2026-09-15,d:alto-parana,Alto Paraná,active_rent,,53,53
2026-09-15,d:alto-parana,Alto Paraná,asking_price_usd,casa,120000,215
2026-09-15,d:alto-parana,Alto Paraná,asking_price_usd,departamento,89000,83
2026-09-15,d:alto-parana,Alto Paraná,asking_usd_per_m2_built,casa,725,194
2026-09-15,d:alto-parana,Alto Paraná,asking_usd_per_m2_built,departamento,1710,26
2026-09-16,d:alto-parana,Alto Paraná,active_sale,,810,810
2026-09-16,d:alto-parana,Alto Paraná,active_rent,,56,56
2026-09-16,d:alto-parana,Alto Paraná,asking_price_usd,casa,120117,214
2026-09-16,d:alto-parana,Alto Paraná,asking_price_usd,departamento,89000,82
2026-09-16,d:alto-parana,Alto Paraná,asking_usd_per_m2_built,casa,727,193
2026-09-16,d:alto-parana,Alto Paraná,asking_usd_per_m2_built,departamento,1750,25
2026-09-17,d:alto-parana,Alto Paraná,active_sale,,806,806
2026-09-17,d:alto-parana,Alto Paraná,active_rent,,55,55
2026-09-17,d:alto-parana,Alto Paraná,asking_price_usd,casa,120117,214
2026-09-17,d:alto-parana,Alto Paraná,asking_price_usd,departamento,89000,82
2026-09-17,d:alto-parana,Alto Paraná,asking_usd_per_m2_built,casa,727,193
2026-09-17,d:alto-parana,Alto Paraná,asking_usd_per_m2_built,departamento,1750,25
2026-09-18,d:alto-parana,Alto Paraná,active_sale,,809,809
2026-09-18,d:alto-parana,Alto Paraná,active_rent,,57,57
2026-09-18,d:alto-parana,Alto Paraná,asking_price_usd,casa,120000,215
2026-09-18,d:alto-parana,Alto Paraná,asking_price_usd,departamento,89000,82
2026-09-18,d:alto-parana,Alto Paraná,asking_usd_per_m2_built,casa,729,194
2026-09-18,d:alto-parana,Alto Paraná,asking_usd_per_m2_built,departamento,1750,25
2026-09-19,d:alto-parana,Alto Paraná,active_sale,,812,812
2026-09-19,d:alto-parana,Alto Paraná,active_rent,,57,57
2026-09-19,d:alto-parana,Alto Paraná,asking_price_usd,casa,120000,215
2026-09-19,d:alto-parana,Alto Paraná,asking_price_usd,departamento,89500,88
2026-09-19,d:alto-parana,Alto Paraná,asking_usd_per_m2_built,casa,729,194
2026-09-19,d:alto-parana,Alto Paraná,asking_usd_per_m2_built,departamento,1710,26
2026-09-20,d:alto-parana,Alto Paraná,active_sale,,812,812
2026-09-20,d:alto-parana,Alto Paraná,active_rent,,57,57
2026-09-20,d:alto-parana,Alto Paraná,asking_price_usd,casa,120000,215
2026-09-20,d:alto-parana,Alto Paraná,asking_price_usd,departamento,89500,88
2026-09-20,d:alto-parana,Alto Paraná,asking_usd_per_m2_built,casa,729,194
2026-09-20,d:alto-parana,Alto Paraná,asking_usd_per_m2_built,departamento,1710,26
2026-09-21,d:alto-parana,Alto Paraná,active_sale,,814,814
2026-09-21,d:alto-parana,Alto Paraná,active_rent,,58,58
2026-09-21,d:alto-parana,Alto Paraná,asking_price_usd,casa,120000,218
2026-09-21,d:alto-parana,Alto Paraná,asking_price_usd,departamento,89000,89
2026-09-21,d:alto-parana,Alto Paraná,asking_usd_per_m2_built,casa,727,197
2026-09-21,d:alto-parana,Alto Paraná,asking_usd_per_m2_built,departamento,1727,27
2026-09-22,d:alto-parana,Alto Paraná,active_sale,,816,816
2026-09-22,d:alto-parana,Alto Paraná,active_rent,,56,56
2026-09-22,d:alto-parana,Alto Paraná,asking_price_usd,casa,120000,218
2026-09-22,d:alto-parana,Alto Paraná,asking_price_usd,departamento,89000,89
2026-09-22,d:alto-parana,Alto Paraná,asking_usd_per_m2_built,casa,730,197
2026-09-22,d:alto-parana,Alto Paraná,asking_usd_per_m2_built,departamento,1727,27
2026-09-23,d:alto-parana,Alto Paraná,active_sale,,822,822
2026-09-23,d:alto-parana,Alto Paraná,active_rent,,55,55
2026-09-23,d:alto-parana,Alto Paraná,asking_price_usd,casa,120000,218
2026-09-23,d:alto-parana,Alto Paraná,asking_price_usd,departamento,89000,91
2026-09-23,d:alto-parana,Alto Paraná,asking_usd_per_m2_built,casa,730,197
2026-09-23,d:alto-parana,Alto Paraná,asking_usd_per_m2_built,departamento,1727,27
2026-09-24,d:alto-parana,Alto Paraná,active_sale,,833,833
2026-09-24,d:alto-parana,Alto Paraná,active_rent,,63,63
2026-09-24,d:alto-parana,Alto Paraná,asking_price_usd,casa,120117,222
2026-09-24,d:alto-parana,Alto Paraná,asking_price_usd,departamento,89000,91
2026-09-24,d:alto-parana,Alto Paraná,asking_usd_per_m2_built,casa,739,201
2026-09-24,d:alto-parana,Alto Paraná,asking_usd_per_m2_built,departamento,1727,27
2026-09-25,d:alto-parana,Alto Paraná,active_sale,,839,839
2026-09-25,d:alto-parana,Alto Paraná,active_rent,,72,72
2026-09-25,d:alto-parana,Alto Paraná,asking_price_usd,casa,120000,223
2026-09-25,d:alto-parana,Alto Paraná,asking_price_usd,departamento,89000,91
2026-09-25,d:alto-parana,Alto Paraná,asking_usd_per_m2_built,casa,729,202
2026-09-25,d:alto-parana,Alto Paraná,asking_usd_per_m2_built,departamento,1727,27
2026-09-26,d:alto-parana,Alto Paraná,active_sale,,840,840
2026-09-26,d:alto-parana,Alto Paraná,active_rent,,72,72
2026-09-26,d:alto-parana,Alto Paraná,asking_price_usd,casa,120000,223
2026-09-26,d:alto-parana,Alto Paraná,asking_price_usd,departamento,89000,91
2026-09-26,d:alto-parana,Alto Paraná,asking_usd_per_m2_built,casa,729,202
2026-09-26,d:alto-parana,Alto Paraná,asking_usd_per_m2_built,departamento,1727,27
2026-09-27,d:alto-parana,Alto Paraná,active_sale,,839,839
2026-09-27,d:alto-parana,Alto Paraná,active_rent,,72,72
2026-09-27,d:alto-parana,Alto Paraná,asking_price_usd,casa,120233,221
2026-09-27,d:alto-parana,Alto Paraná,asking_price_usd,departamento,89000,93
2026-09-27,d:alto-parana,Alto Paraná,asking_usd_per_m2_built,casa,725,200
2026-09-27,d:alto-parana,Alto Paraná,asking_usd_per_m2_built,departamento,1738,28
2026-09-28,d:alto-parana,Alto Paraná,active_sale,,838,838
2026-09-28,d:alto-parana,Alto Paraná,active_rent,,72,72
2026-09-28,d:alto-parana,Alto Paraná,asking_price_usd,casa,120000,223
2026-09-28,d:alto-parana,Alto Paraná,asking_price_usd,departamento,89000,91
2026-09-28,d:alto-parana,Alto Paraná,asking_usd_per_m2_built,casa,727,201
2026-09-28,d:alto-parana,Alto Paraná,asking_usd_per_m2_built,departamento,1698,26
2026-10-01,d:alto-parana,Alto Paraná,active_sale,,837,837
2026-10-01,d:alto-parana,Alto Paraná,active_rent,,71,71
2026-10-01,d:alto-parana,Alto Paraná,asking_price_usd,casa,120000,225
2026-10-01,d:alto-parana,Alto Paraná,asking_price_usd,departamento,89000,88
2026-10-01,d:alto-parana,Alto Paraná,asking_usd_per_m2_built,casa,722,203
2026-10-01,d:alto-parana,Alto Paraná,asking_usd_per_m2_built,departamento,1635,24
2026-09-02,c:alto-parana:ciudad-del-este,Ciudad del Este,active_sale,,359,359
2026-09-02,c:alto-parana:ciudad-del-este,Ciudad del Este,active_rent,,25,25
2026-09-02,c:alto-parana:ciudad-del-este,Ciudad del Este,asking_price_usd,casa,129411,92
2026-09-02,c:alto-parana:ciudad-del-este,Ciudad del Este,asking_price_usd,departamento,83903,69
2026-09-02,c:alto-parana:ciudad-del-este,Ciudad del Este,asking_usd_per_m2_built,casa,767,82
2026-09-02,c:alto-parana:ciudad-del-este,Ciudad del Este,asking_usd_per_m2_built,departamento,,18
2026-09-03,c:alto-parana:ciudad-del-este,Ciudad del Este,active_sale,,357,357
2026-09-03,c:alto-parana:ciudad-del-este,Ciudad del Este,active_rent,,25,25
2026-09-03,c:alto-parana:ciudad-del-este,Ciudad del Este,asking_price_usd,casa,130000,93
2026-09-03,c:alto-parana:ciudad-del-este,Ciudad del Este,asking_price_usd,departamento,83488,68
2026-09-03,c:alto-parana:ciudad-del-este,Ciudad del Este,asking_usd_per_m2_built,casa,768,83
2026-09-03,c:alto-parana:ciudad-del-este,Ciudad del Este,asking_usd_per_m2_built,departamento,,18
2026-09-04,c:alto-parana:ciudad-del-este,Ciudad del Este,active_sale,,356,356
2026-09-04,c:alto-parana:ciudad-del-este,Ciudad del Este,active_rent,,24,24
2026-09-04,c:alto-parana:ciudad-del-este,Ciudad del Este,asking_price_usd,casa,130000,94
2026-09-04,c:alto-parana:ciudad-del-este,Ciudad del Este,asking_price_usd,departamento,83488,68
2026-09-04,c:alto-parana:ciudad-del-este,Ciudad del Este,asking_usd_per_m2_built,casa,767,84
2026-09-04,c:alto-parana:ciudad-del-este,Ciudad del Este,asking_usd_per_m2_built,departamento,,18
2026-09-05,c:alto-parana:ciudad-del-este,Ciudad del Este,active_sale,,356,356
2026-09-05,c:alto-parana:ciudad-del-este,Ciudad del Este,active_rent,,25,25
2026-09-05,c:alto-parana:ciudad-del-este,Ciudad del Este,asking_price_usd,casa,130000,94
2026-09-05,c:alto-parana:ciudad-del-este,Ciudad del Este,asking_price_usd,departamento,83488,68
2026-09-05,c:alto-parana:ciudad-del-este,Ciudad del Este,asking_usd_per_m2_built,casa,767,84
2026-09-05,c:alto-parana:ciudad-del-este,Ciudad del Este,asking_usd_per_m2_built,departamento,,18
2026-09-06,c:alto-parana:ciudad-del-este,Ciudad del Este,active_sale,,357,357
2026-09-06,c:alto-parana:ciudad-del-este,Ciudad del Este,active_rent,,25,25
2026-09-06,c:alto-parana:ciudad-del-este,Ciudad del Este,asking_price_usd,casa,130000,94
2026-09-06,c:alto-parana:ciudad-del-este,Ciudad del Este,asking_price_usd,departamento,83488,68
2026-09-06,c:alto-parana:ciudad-del-este,Ciudad del Este,asking_usd_per_m2_built,casa,767,84
2026-09-06,c:alto-parana:ciudad-del-este,Ciudad del Este,asking_usd_per_m2_built,departamento,,18
2026-09-07,c:alto-parana:ciudad-del-este,Ciudad del Este,active_sale,,363,363
2026-09-07,c:alto-parana:ciudad-del-este,Ciudad del Este,active_rent,,25,25
2026-09-07,c:alto-parana:ciudad-del-este,Ciudad del Este,asking_price_usd,casa,130000,93
2026-09-07,c:alto-parana:ciudad-del-este,Ciudad del Este,asking_price_usd,departamento,83073,75
2026-09-07,c:alto-parana:ciudad-del-este,Ciudad del Este,asking_usd_per_m2_built,casa,767,84
2026-09-07,c:alto-parana:ciudad-del-este,Ciudad del Este,asking_usd_per_m2_built,departamento,1670,21
2026-09-08,c:alto-parana:ciudad-del-este,Ciudad del Este,active_sale,,362,362
2026-09-08,c:alto-parana:ciudad-del-este,Ciudad del Este,active_rent,,26,26
2026-09-08,c:alto-parana:ciudad-del-este,Ciudad del Este,asking_price_usd,casa,130000,93
2026-09-08,c:alto-parana:ciudad-del-este,Ciudad del Este,asking_price_usd,departamento,83488,74
2026-09-08,c:alto-parana:ciudad-del-este,Ciudad del Este,asking_usd_per_m2_built,casa,767,85
2026-09-08,c:alto-parana:ciudad-del-este,Ciudad del Este,asking_usd_per_m2_built,departamento,1670,21
2026-09-09,c:alto-parana:ciudad-del-este,Ciudad del Este,active_sale,,363,363
2026-09-09,c:alto-parana:ciudad-del-este,Ciudad del Este,active_rent,,26,26
2026-09-09,c:alto-parana:ciudad-del-este,Ciudad del Este,asking_price_usd,casa,130000,93
2026-09-09,c:alto-parana:ciudad-del-este,Ciudad del Este,asking_price_usd,departamento,83488,74
2026-09-09,c:alto-parana:ciudad-del-este,Ciudad del Este,asking_usd_per_m2_built,casa,767,85
2026-09-09,c:alto-parana:ciudad-del-este,Ciudad del Este,asking_usd_per_m2_built,departamento,1670,21
2026-09-10,c:alto-parana:ciudad-del-este,Ciudad del Este,active_sale,,364,364
2026-09-10,c:alto-parana:ciudad-del-este,Ciudad del Este,active_rent,,25,25
2026-09-10,c:alto-parana:ciudad-del-este,Ciudad del Este,asking_price_usd,casa,130000,94
2026-09-10,c:alto-parana:ciudad-del-este,Ciudad del Este,asking_price_usd,departamento,83488,74
2026-09-10,c:alto-parana:ciudad-del-este,Ciudad del Este,asking_usd_per_m2_built,casa,758,86
2026-09-10,c:alto-parana:ciudad-del-este,Ciudad del Este,asking_usd_per_m2_built,departamento,1670,21
2026-09-11,c:alto-parana:ciudad-del-este,Ciudad del Este,active_sale,,364,364
2026-09-11,c:alto-parana:ciudad-del-este,Ciudad del Este,active_rent,,23,23
2026-09-11,c:alto-parana:ciudad-del-este,Ciudad del Este,asking_price_usd,casa,130000,95
2026-09-11,c:alto-parana:ciudad-del-este,Ciudad del Este,asking_price_usd,departamento,83903,73
2026-09-11,c:alto-parana:ciudad-del-este,Ciudad del Este,asking_usd_per_m2_built,casa,750,87
2026-09-11,c:alto-parana:ciudad-del-este,Ciudad del Este,asking_usd_per_m2_built,departamento,1670,21
2026-09-12,c:alto-parana:ciudad-del-este,Ciudad del Este,active_sale,,364,364
2026-09-12,c:alto-parana:ciudad-del-este,Ciudad del Este,active_rent,,24,24
2026-09-12,c:alto-parana:ciudad-del-este,Ciudad del Este,asking_price_usd,casa,130000,96
2026-09-12,c:alto-parana:ciudad-del-este,Ciudad del Este,asking_price_usd,departamento,86452,72
2026-09-12,c:alto-parana:ciudad-del-este,Ciudad del Este,asking_usd_per_m2_built,casa,750,89
2026-09-12,c:alto-parana:ciudad-del-este,Ciudad del Este,asking_usd_per_m2_built,departamento,1670,21
2026-09-13,c:alto-parana:ciudad-del-este,Ciudad del Este,active_sale,,367,367
2026-09-13,c:alto-parana:ciudad-del-este,Ciudad del Este,active_rent,,24,24
2026-09-13,c:alto-parana:ciudad-del-este,Ciudad del Este,asking_price_usd,casa,130000,96
2026-09-13,c:alto-parana:ciudad-del-este,Ciudad del Este,asking_price_usd,departamento,89000,75
2026-09-13,c:alto-parana:ciudad-del-este,Ciudad del Este,asking_usd_per_m2_built,casa,750,89
2026-09-13,c:alto-parana:ciudad-del-este,Ciudad del Este,asking_usd_per_m2_built,departamento,1750,24
2026-09-14,c:alto-parana:ciudad-del-este,Ciudad del Este,active_sale,,367,367
2026-09-14,c:alto-parana:ciudad-del-este,Ciudad del Este,active_rent,,24,24
2026-09-14,c:alto-parana:ciudad-del-este,Ciudad del Este,asking_price_usd,casa,130000,96
2026-09-14,c:alto-parana:ciudad-del-este,Ciudad del Este,asking_price_usd,departamento,89000,75
2026-09-14,c:alto-parana:ciudad-del-este,Ciudad del Este,asking_usd_per_m2_built,casa,750,89
2026-09-14,c:alto-parana:ciudad-del-este,Ciudad del Este,asking_usd_per_m2_built,departamento,1750,24
2026-09-15,c:alto-parana:ciudad-del-este,Ciudad del Este,active_sale,,366,366
2026-09-15,c:alto-parana:ciudad-del-este,Ciudad del Este,active_rent,,25,25
2026-09-15,c:alto-parana:ciudad-del-este,Ciudad del Este,asking_price_usd,casa,130000,97
2026-09-15,c:alto-parana:ciudad-del-este,Ciudad del Este,asking_price_usd,departamento,89000,74
2026-09-15,c:alto-parana:ciudad-del-este,Ciudad del Este,asking_usd_per_m2_built,casa,747,90
2026-09-15,c:alto-parana:ciudad-del-este,Ciudad del Este,asking_usd_per_m2_built,departamento,1750,24
2026-09-16,c:alto-parana:ciudad-del-este,Ciudad del Este,active_sale,,367,367
2026-09-16,c:alto-parana:ciudad-del-este,Ciudad del Este,active_rent,,27,27
2026-09-16,c:alto-parana:ciudad-del-este,Ciudad del Este,asking_price_usd,casa,133705,96
2026-09-16,c:alto-parana:ciudad-del-este,Ciudad del Este,asking_price_usd,departamento,89000,74
2026-09-16,c:alto-parana:ciudad-del-este,Ciudad del Este,asking_usd_per_m2_built,casa,750,89
2026-09-16,c:alto-parana:ciudad-del-este,Ciudad del Este,asking_usd_per_m2_built,departamento,1750,24
2026-09-17,c:alto-parana:ciudad-del-este,Ciudad del Este,active_sale,,365,365
2026-09-17,c:alto-parana:ciudad-del-este,Ciudad del Este,active_rent,,26,26
2026-09-17,c:alto-parana:ciudad-del-este,Ciudad del Este,asking_price_usd,casa,133705,96
2026-09-17,c:alto-parana:ciudad-del-este,Ciudad del Este,asking_price_usd,departamento,89000,74
2026-09-17,c:alto-parana:ciudad-del-este,Ciudad del Este,asking_usd_per_m2_built,casa,750,89
2026-09-17,c:alto-parana:ciudad-del-este,Ciudad del Este,asking_usd_per_m2_built,departamento,1750,24
2026-09-18,c:alto-parana:ciudad-del-este,Ciudad del Este,active_sale,,367,367
2026-09-18,c:alto-parana:ciudad-del-este,Ciudad del Este,active_rent,,28,28
2026-09-18,c:alto-parana:ciudad-del-este,Ciudad del Este,asking_price_usd,casa,133705,96
2026-09-18,c:alto-parana:ciudad-del-este,Ciudad del Este,asking_price_usd,departamento,89000,74
2026-09-18,c:alto-parana:ciudad-del-este,Ciudad del Este,asking_usd_per_m2_built,casa,750,89
2026-09-18,c:alto-parana:ciudad-del-este,Ciudad del Este,asking_usd_per_m2_built,departamento,1750,24
2026-09-19,c:alto-parana:ciudad-del-este,Ciudad del Este,active_sale,,371,371
2026-09-19,c:alto-parana:ciudad-del-este,Ciudad del Este,active_rent,,28,28
2026-09-19,c:alto-parana:ciudad-del-este,Ciudad del Este,asking_price_usd,casa,130000,95
2026-09-19,c:alto-parana:ciudad-del-este,Ciudad del Este,asking_price_usd,departamento,89000,80
2026-09-19,c:alto-parana:ciudad-del-este,Ciudad del Este,asking_usd_per_m2_built,casa,747,88
2026-09-19,c:alto-parana:ciudad-del-este,Ciudad del Este,asking_usd_per_m2_built,departamento,1750,25
2026-09-20,c:alto-parana:ciudad-del-este,Ciudad del Este,active_sale,,371,371
2026-09-20,c:alto-parana:ciudad-del-este,Ciudad del Este,active_rent,,28,28
2026-09-20,c:alto-parana:ciudad-del-este,Ciudad del Este,asking_price_usd,casa,130000,95
2026-09-20,c:alto-parana:ciudad-del-este,Ciudad del Este,asking_price_usd,departamento,89000,80
2026-09-20,c:alto-parana:ciudad-del-este,Ciudad del Este,asking_usd_per_m2_built,casa,747,88
2026-09-20,c:alto-parana:ciudad-del-este,Ciudad del Este,asking_usd_per_m2_built,departamento,1750,25
2026-09-21,c:alto-parana:ciudad-del-este,Ciudad del Este,active_sale,,375,375
2026-09-21,c:alto-parana:ciudad-del-este,Ciudad del Este,active_rent,,29,29
2026-09-21,c:alto-parana:ciudad-del-este,Ciudad del Este,asking_price_usd,casa,133705,98
2026-09-21,c:alto-parana:ciudad-del-este,Ciudad del Este,asking_price_usd,departamento,89000,81
2026-09-21,c:alto-parana:ciudad-del-este,Ciudad del Este,asking_usd_per_m2_built,casa,744,91
2026-09-21,c:alto-parana:ciudad-del-este,Ciudad del Este,asking_usd_per_m2_built,departamento,1738,26
2026-09-22,c:alto-parana:ciudad-del-este,Ciudad del Este,active_sale,,372,372
2026-09-22,c:alto-parana:ciudad-del-este,Ciudad del Este,active_rent,,27,27
2026-09-22,c:alto-parana:ciudad-del-este,Ciudad del Este,asking_price_usd,casa,133705,98
2026-09-22,c:alto-parana:ciudad-del-este,Ciudad del Este,asking_price_usd,departamento,89000,81
2026-09-22,c:alto-parana:ciudad-del-este,Ciudad del Este,asking_usd_per_m2_built,casa,744,91
2026-09-22,c:alto-parana:ciudad-del-este,Ciudad del Este,asking_usd_per_m2_built,departamento,1738,26
2026-09-23,c:alto-parana:ciudad-del-este,Ciudad del Este,active_sale,,374,374
2026-09-23,c:alto-parana:ciudad-del-este,Ciudad del Este,active_rent,,25,25
2026-09-23,c:alto-parana:ciudad-del-este,Ciudad del Este,asking_price_usd,casa,133705,98
2026-09-23,c:alto-parana:ciudad-del-este,Ciudad del Este,asking_price_usd,departamento,89000,82
2026-09-23,c:alto-parana:ciudad-del-este,Ciudad del Este,asking_usd_per_m2_built,casa,744,91
2026-09-23,c:alto-parana:ciudad-del-este,Ciudad del Este,asking_usd_per_m2_built,departamento,1738,26
2026-09-24,c:alto-parana:ciudad-del-este,Ciudad del Este,active_sale,,378,378
2026-09-24,c:alto-parana:ciudad-del-este,Ciudad del Este,active_rent,,33,33
2026-09-24,c:alto-parana:ciudad-del-este,Ciudad del Este,asking_price_usd,casa,137409,100
2026-09-24,c:alto-parana:ciudad-del-este,Ciudad del Este,asking_price_usd,departamento,89000,82
2026-09-24,c:alto-parana:ciudad-del-este,Ciudad del Este,asking_usd_per_m2_built,casa,750,93
2026-09-24,c:alto-parana:ciudad-del-este,Ciudad del Este,asking_usd_per_m2_built,departamento,1738,26
2026-09-25,c:alto-parana:ciudad-del-este,Ciudad del Este,active_sale,,379,379
2026-09-25,c:alto-parana:ciudad-del-este,Ciudad del Este,active_rent,,42,42
2026-09-25,c:alto-parana:ciudad-del-este,Ciudad del Este,asking_price_usd,casa,137409,98
2026-09-25,c:alto-parana:ciudad-del-este,Ciudad del Este,asking_price_usd,departamento,89000,82
2026-09-25,c:alto-parana:ciudad-del-este,Ciudad del Este,asking_usd_per_m2_built,casa,750,91
2026-09-25,c:alto-parana:ciudad-del-este,Ciudad del Este,asking_usd_per_m2_built,departamento,1738,26
2026-09-26,c:alto-parana:ciudad-del-este,Ciudad del Este,active_sale,,380,380
2026-09-26,c:alto-parana:ciudad-del-este,Ciudad del Este,active_rent,,42,42
2026-09-26,c:alto-parana:ciudad-del-este,Ciudad del Este,asking_price_usd,casa,137409,98
2026-09-26,c:alto-parana:ciudad-del-este,Ciudad del Este,asking_price_usd,departamento,89000,82
2026-09-26,c:alto-parana:ciudad-del-este,Ciudad del Este,asking_usd_per_m2_built,casa,750,91
2026-09-26,c:alto-parana:ciudad-del-este,Ciudad del Este,asking_usd_per_m2_built,departamento,1738,26
2026-09-27,c:alto-parana:ciudad-del-este,Ciudad del Este,active_sale,,380,380
2026-09-27,c:alto-parana:ciudad-del-este,Ciudad del Este,active_rent,,42,42
2026-09-27,c:alto-parana:ciudad-del-este,Ciudad del Este,asking_price_usd,casa,137409,97
2026-09-27,c:alto-parana:ciudad-del-este,Ciudad del Este,asking_price_usd,departamento,88999,84
2026-09-27,c:alto-parana:ciudad-del-este,Ciudad del Este,asking_usd_per_m2_built,casa,747,90
2026-09-27,c:alto-parana:ciudad-del-este,Ciudad del Este,asking_usd_per_m2_built,departamento,1750,27
2026-09-28,c:alto-parana:ciudad-del-este,Ciudad del Este,active_sale,,378,378
2026-09-28,c:alto-parana:ciudad-del-este,Ciudad del Este,active_rent,,42,42
2026-09-28,c:alto-parana:ciudad-del-este,Ciudad del Este,asking_price_usd,casa,137409,98
2026-09-28,c:alto-parana:ciudad-del-este,Ciudad del Este,asking_price_usd,departamento,86450,82
2026-09-28,c:alto-parana:ciudad-del-este,Ciudad del Este,asking_usd_per_m2_built,casa,747,90
2026-09-28,c:alto-parana:ciudad-del-este,Ciudad del Este,asking_usd_per_m2_built,departamento,1727,25
2026-10-01,c:alto-parana:ciudad-del-este,Ciudad del Este,active_sale,,375,375
2026-10-01,c:alto-parana:ciudad-del-este,Ciudad del Este,active_rent,,41,41
2026-10-01,c:alto-parana:ciudad-del-este,Ciudad del Este,asking_price_usd,casa,137409,99
2026-10-01,c:alto-parana:ciudad-del-este,Ciudad del Este,asking_price_usd,departamento,88997,79
2026-10-01,c:alto-parana:ciudad-del-este,Ciudad del Este,asking_usd_per_m2_built,casa,744,91
2026-10-01,c:alto-parana:ciudad-del-este,Ciudad del Este,asking_usd_per_m2_built,departamento,1670,23
2026-09-02,c:alto-parana:hernandarias,Hernandarias,active_sale,,121,121
2026-09-02,c:alto-parana:hernandarias,Hernandarias,active_rent,,7,7
2026-09-02,c:alto-parana:hernandarias,Hernandarias,asking_price_usd,casa,91034,43
2026-09-02,c:alto-parana:hernandarias,Hernandarias,asking_usd_per_m2_built,casa,501,39
2026-09-03,c:alto-parana:hernandarias,Hernandarias,active_sale,,122,122
2026-09-03,c:alto-parana:hernandarias,Hernandarias,active_rent,,7,7
2026-09-03,c:alto-parana:hernandarias,Hernandarias,asking_price_usd,casa,91034,43
2026-09-03,c:alto-parana:hernandarias,Hernandarias,asking_usd_per_m2_built,casa,501,39
2026-09-04,c:alto-parana:hernandarias,Hernandarias,active_sale,,122,122
2026-09-04,c:alto-parana:hernandarias,Hernandarias,active_rent,,7,7
2026-09-04,c:alto-parana:hernandarias,Hernandarias,asking_price_usd,casa,91034,43
2026-09-04,c:alto-parana:hernandarias,Hernandarias,asking_usd_per_m2_built,casa,501,39
2026-09-05,c:alto-parana:hernandarias,Hernandarias,active_sale,,122,122
2026-09-05,c:alto-parana:hernandarias,Hernandarias,active_rent,,7,7
2026-09-05,c:alto-parana:hernandarias,Hernandarias,asking_price_usd,casa,91034,43
2026-09-05,c:alto-parana:hernandarias,Hernandarias,asking_usd_per_m2_built,casa,501,39
2026-09-06,c:alto-parana:hernandarias,Hernandarias,active_sale,,122,122
2026-09-06,c:alto-parana:hernandarias,Hernandarias,active_rent,,7,7
2026-09-06,c:alto-parana:hernandarias,Hernandarias,asking_price_usd,casa,91034,43
2026-09-06,c:alto-parana:hernandarias,Hernandarias,asking_usd_per_m2_built,casa,501,39
2026-09-07,c:alto-parana:hernandarias,Hernandarias,active_sale,,123,123
2026-09-07,c:alto-parana:hernandarias,Hernandarias,active_rent,,7,7
2026-09-07,c:alto-parana:hernandarias,Hernandarias,asking_price_usd,casa,91034,43
2026-09-07,c:alto-parana:hernandarias,Hernandarias,asking_usd_per_m2_built,casa,501,39
2026-09-08,c:alto-parana:hernandarias,Hernandarias,active_sale,,123,123
2026-09-08,c:alto-parana:hernandarias,Hernandarias,active_rent,,7,7
2026-09-08,c:alto-parana:hernandarias,Hernandarias,asking_price_usd,casa,92751,42
2026-09-08,c:alto-parana:hernandarias,Hernandarias,asking_usd_per_m2_built,casa,525,38
2026-09-09,c:alto-parana:hernandarias,Hernandarias,active_sale,,123,123
2026-09-09,c:alto-parana:hernandarias,Hernandarias,active_rent,,7,7
2026-09-09,c:alto-parana:hernandarias,Hernandarias,asking_price_usd,casa,92751,42
2026-09-09,c:alto-parana:hernandarias,Hernandarias,asking_usd_per_m2_built,casa,525,38
2026-09-10,c:alto-parana:hernandarias,Hernandarias,active_sale,,123,123
2026-09-10,c:alto-parana:hernandarias,Hernandarias,active_rent,,7,7
2026-09-10,c:alto-parana:hernandarias,Hernandarias,asking_price_usd,casa,94469,43
2026-09-10,c:alto-parana:hernandarias,Hernandarias,asking_usd_per_m2_built,casa,550,39
2026-09-11,c:alto-parana:hernandarias,Hernandarias,active_sale,,123,123
2026-09-11,c:alto-parana:hernandarias,Hernandarias,active_rent,,6,6
2026-09-11,c:alto-parana:hernandarias,Hernandarias,asking_price_usd,casa,94469,43
2026-09-11,c:alto-parana:hernandarias,Hernandarias,asking_usd_per_m2_built,casa,550,39
2026-09-12,c:alto-parana:hernandarias,Hernandarias,active_sale,,122,122
2026-09-12,c:alto-parana:hernandarias,Hernandarias,active_rent,,6,6
2026-09-12,c:alto-parana:hernandarias,Hernandarias,asking_price_usd,casa,94469,43
2026-09-12,c:alto-parana:hernandarias,Hernandarias,asking_usd_per_m2_built,casa,550,39
2026-09-13,c:alto-parana:hernandarias,Hernandarias,active_sale,,122,122
2026-09-13,c:alto-parana:hernandarias,Hernandarias,active_rent,,6,6
2026-09-13,c:alto-parana:hernandarias,Hernandarias,asking_price_usd,casa,94469,43
2026-09-13,c:alto-parana:hernandarias,Hernandarias,asking_usd_per_m2_built,casa,550,39
2026-09-14,c:alto-parana:hernandarias,Hernandarias,active_sale,,122,122
2026-09-14,c:alto-parana:hernandarias,Hernandarias,active_rent,,6,6
2026-09-14,c:alto-parana:hernandarias,Hernandarias,asking_price_usd,casa,94469,43
2026-09-14,c:alto-parana:hernandarias,Hernandarias,asking_usd_per_m2_built,casa,550,39
2026-09-15,c:alto-parana:hernandarias,Hernandarias,active_sale,,122,122
2026-09-15,c:alto-parana:hernandarias,Hernandarias,active_rent,,6,6
2026-09-15,c:alto-parana:hernandarias,Hernandarias,asking_price_usd,casa,94469,43
2026-09-15,c:alto-parana:hernandarias,Hernandarias,asking_usd_per_m2_built,casa,550,39
2026-09-16,c:alto-parana:hernandarias,Hernandarias,active_sale,,125,125
2026-09-16,c:alto-parana:hernandarias,Hernandarias,active_rent,,6,6
2026-09-16,c:alto-parana:hernandarias,Hernandarias,asking_price_usd,casa,94469,43
2026-09-16,c:alto-parana:hernandarias,Hernandarias,asking_usd_per_m2_built,casa,550,39
2026-09-17,c:alto-parana:hernandarias,Hernandarias,active_sale,,125,125
2026-09-17,c:alto-parana:hernandarias,Hernandarias,active_rent,,6,6
2026-09-17,c:alto-parana:hernandarias,Hernandarias,asking_price_usd,casa,94469,43
2026-09-17,c:alto-parana:hernandarias,Hernandarias,asking_usd_per_m2_built,casa,550,39
2026-09-18,c:alto-parana:hernandarias,Hernandarias,active_sale,,125,125
2026-09-18,c:alto-parana:hernandarias,Hernandarias,active_rent,,6,6
2026-09-18,c:alto-parana:hernandarias,Hernandarias,asking_price_usd,casa,94469,43
2026-09-18,c:alto-parana:hernandarias,Hernandarias,asking_usd_per_m2_built,casa,550,39
2026-09-19,c:alto-parana:hernandarias,Hernandarias,active_sale,,127,127
2026-09-19,c:alto-parana:hernandarias,Hernandarias,active_rent,,6,6
2026-09-19,c:alto-parana:hernandarias,Hernandarias,asking_price_usd,casa,94469,43
2026-09-19,c:alto-parana:hernandarias,Hernandarias,asking_usd_per_m2_built,casa,550,39
2026-09-20,c:alto-parana:hernandarias,Hernandarias,active_sale,,127,127
2026-09-20,c:alto-parana:hernandarias,Hernandarias,active_rent,,6,6
2026-09-20,c:alto-parana:hernandarias,Hernandarias,asking_price_usd,casa,94469,43
2026-09-20,c:alto-parana:hernandarias,Hernandarias,asking_usd_per_m2_built,casa,550,39
2026-09-21,c:alto-parana:hernandarias,Hernandarias,active_sale,,126,126
2026-09-21,c:alto-parana:hernandarias,Hernandarias,active_rent,,6,6
2026-09-21,c:alto-parana:hernandarias,Hernandarias,asking_price_usd,casa,94469,43
2026-09-21,c:alto-parana:hernandarias,Hernandarias,asking_usd_per_m2_built,casa,550,39
2026-09-22,c:alto-parana:hernandarias,Hernandarias,active_sale,,128,128
2026-09-22,c:alto-parana:hernandarias,Hernandarias,active_rent,,6,6
2026-09-22,c:alto-parana:hernandarias,Hernandarias,asking_price_usd,casa,94469,43
2026-09-22,c:alto-parana:hernandarias,Hernandarias,asking_usd_per_m2_built,casa,550,39
2026-09-23,c:alto-parana:hernandarias,Hernandarias,active_sale,,129,129
2026-09-23,c:alto-parana:hernandarias,Hernandarias,active_rent,,7,7
2026-09-23,c:alto-parana:hernandarias,Hernandarias,asking_price_usd,casa,94469,43
2026-09-23,c:alto-parana:hernandarias,Hernandarias,asking_usd_per_m2_built,casa,550,39
2026-09-24,c:alto-parana:hernandarias,Hernandarias,active_sale,,132,132
2026-09-24,c:alto-parana:hernandarias,Hernandarias,active_rent,,7,7
2026-09-24,c:alto-parana:hernandarias,Hernandarias,asking_price_usd,casa,94469,43
2026-09-24,c:alto-parana:hernandarias,Hernandarias,asking_usd_per_m2_built,casa,550,39
2026-09-25,c:alto-parana:hernandarias,Hernandarias,active_sale,,133,133
2026-09-25,c:alto-parana:hernandarias,Hernandarias,active_rent,,6,6
2026-09-25,c:alto-parana:hernandarias,Hernandarias,asking_price_usd,casa,97235,44
2026-09-25,c:alto-parana:hernandarias,Hernandarias,asking_usd_per_m2_built,casa,525,40
2026-09-26,c:alto-parana:hernandarias,Hernandarias,active_sale,,133,133
2026-09-26,c:alto-parana:hernandarias,Hernandarias,active_rent,,6,6
2026-09-26,c:alto-parana:hernandarias,Hernandarias,asking_price_usd,casa,97235,44
2026-09-26,c:alto-parana:hernandarias,Hernandarias,asking_usd_per_m2_built,casa,525,40
2026-09-27,c:alto-parana:hernandarias,Hernandarias,active_sale,,132,132
2026-09-27,c:alto-parana:hernandarias,Hernandarias,active_rent,,6,6
2026-09-27,c:alto-parana:hernandarias,Hernandarias,asking_price_usd,casa,100000,43
2026-09-27,c:alto-parana:hernandarias,Hernandarias,asking_usd_per_m2_built,casa,501,39
2026-09-28,c:alto-parana:hernandarias,Hernandarias,active_sale,,133,133
2026-09-28,c:alto-parana:hernandarias,Hernandarias,active_rent,,6,6
2026-09-28,c:alto-parana:hernandarias,Hernandarias,asking_price_usd,casa,97235,44
2026-09-28,c:alto-parana:hernandarias,Hernandarias,asking_usd_per_m2_built,casa,525,40
2026-10-01,c:alto-parana:hernandarias,Hernandarias,active_sale,,134,134
2026-10-01,c:alto-parana:hernandarias,Hernandarias,active_rent,,7,7
2026-10-01,c:alto-parana:hernandarias,Hernandarias,asking_price_usd,casa,94469,45
2026-10-01,c:alto-parana:hernandarias,Hernandarias,asking_usd_per_m2_built,casa,501,41
2026-09-02,c:alto-parana:minga-guazu,Minga Guazú,active_sale,,89,89
2026-09-02,c:alto-parana:minga-guazu,Minga Guazú,active_rent,,2,2
2026-09-03,c:alto-parana:minga-guazu,Minga Guazú,active_sale,,89,89
2026-09-03,c:alto-parana:minga-guazu,Minga Guazú,active_rent,,2,2
2026-09-04,c:alto-parana:minga-guazu,Minga Guazú,active_sale,,89,89
2026-09-04,c:alto-parana:minga-guazu,Minga Guazú,active_rent,,2,2
2026-09-05,c:alto-parana:minga-guazu,Minga Guazú,active_sale,,89,89
2026-09-05,c:alto-parana:minga-guazu,Minga Guazú,active_rent,,2,2
2026-09-06,c:alto-parana:minga-guazu,Minga Guazú,active_sale,,89,89
2026-09-06,c:alto-parana:minga-guazu,Minga Guazú,active_rent,,2,2
2026-09-07,c:alto-parana:minga-guazu,Minga Guazú,active_sale,,89,89
2026-09-07,c:alto-parana:minga-guazu,Minga Guazú,active_rent,,2,2
2026-09-08,c:alto-parana:minga-guazu,Minga Guazú,active_sale,,90,90
2026-09-08,c:alto-parana:minga-guazu,Minga Guazú,active_rent,,2,2
2026-09-09,c:alto-parana:minga-guazu,Minga Guazú,active_sale,,90,90
2026-09-09,c:alto-parana:minga-guazu,Minga Guazú,active_rent,,2,2
2026-09-10,c:alto-parana:minga-guazu,Minga Guazú,active_sale,,90,90
2026-09-10,c:alto-parana:minga-guazu,Minga Guazú,active_rent,,2,2
2026-09-11,c:alto-parana:minga-guazu,Minga Guazú,active_sale,,89,89
2026-09-11,c:alto-parana:minga-guazu,Minga Guazú,active_rent,,2,2
2026-09-12,c:alto-parana:minga-guazu,Minga Guazú,active_sale,,89,89
2026-09-12,c:alto-parana:minga-guazu,Minga Guazú,active_rent,,2,2
2026-09-13,c:alto-parana:minga-guazu,Minga Guazú,active_sale,,89,89
2026-09-13,c:alto-parana:minga-guazu,Minga Guazú,active_rent,,2,2
2026-09-14,c:alto-parana:minga-guazu,Minga Guazú,active_sale,,89,89
2026-09-14,c:alto-parana:minga-guazu,Minga Guazú,active_rent,,2,2
2026-09-15,c:alto-parana:minga-guazu,Minga Guazú,active_sale,,89,89
2026-09-15,c:alto-parana:minga-guazu,Minga Guazú,active_rent,,2,2
2026-09-16,c:alto-parana:minga-guazu,Minga Guazú,active_sale,,87,87
2026-09-16,c:alto-parana:minga-guazu,Minga Guazú,active_rent,,2,2
2026-09-17,c:alto-parana:minga-guazu,Minga Guazú,active_sale,,85,85
2026-09-17,c:alto-parana:minga-guazu,Minga Guazú,active_rent,,2,2
2026-09-18,c:alto-parana:minga-guazu,Minga Guazú,active_sale,,85,85
2026-09-18,c:alto-parana:minga-guazu,Minga Guazú,active_rent,,2,2
2026-09-19,c:alto-parana:minga-guazu,Minga Guazú,active_sale,,86,86
2026-09-19,c:alto-parana:minga-guazu,Minga Guazú,active_rent,,2,2
2026-09-20,c:alto-parana:minga-guazu,Minga Guazú,active_sale,,86,86
2026-09-20,c:alto-parana:minga-guazu,Minga Guazú,active_rent,,2,2
2026-09-21,c:alto-parana:minga-guazu,Minga Guazú,active_sale,,85,85
2026-09-21,c:alto-parana:minga-guazu,Minga Guazú,active_rent,,2,2
2026-09-22,c:alto-parana:minga-guazu,Minga Guazú,active_sale,,87,87
2026-09-22,c:alto-parana:minga-guazu,Minga Guazú,active_rent,,2,2
2026-09-23,c:alto-parana:minga-guazu,Minga Guazú,active_sale,,88,88
2026-09-23,c:alto-parana:minga-guazu,Minga Guazú,active_rent,,2,2
2026-09-24,c:alto-parana:minga-guazu,Minga Guazú,active_sale,,91,91
2026-09-24,c:alto-parana:minga-guazu,Minga Guazú,active_rent,,2,2
2026-09-25,c:alto-parana:minga-guazu,Minga Guazú,active_sale,,92,92
2026-09-25,c:alto-parana:minga-guazu,Minga Guazú,active_rent,,2,2
2026-09-26,c:alto-parana:minga-guazu,Minga Guazú,active_sale,,92,92
2026-09-26,c:alto-parana:minga-guazu,Minga Guazú,active_rent,,2,2
2026-09-27,c:alto-parana:minga-guazu,Minga Guazú,active_sale,,92,92
2026-09-27,c:alto-parana:minga-guazu,Minga Guazú,active_rent,,2,2
2026-09-28,c:alto-parana:minga-guazu,Minga Guazú,active_sale,,92,92
2026-09-28,c:alto-parana:minga-guazu,Minga Guazú,active_rent,,2,2
2026-10-01,c:alto-parana:minga-guazu,Minga Guazú,active_sale,,90,90
2026-10-01,c:alto-parana:minga-guazu,Minga Guazú,active_rent,,2,2
2026-09-02,d:cordillera,Cordillera,active_sale,,735,735
2026-09-02,d:cordillera,Cordillera,active_rent,,42,42
2026-09-02,d:cordillera,Cordillera,asking_price_usd,casa,188938,141
2026-09-02,d:cordillera,Cordillera,asking_usd_per_m2_built,casa,878,127
2026-09-02,d:cordillera,Cordillera,asking_rent_usd_month,casa,1374,29
2026-09-03,d:cordillera,Cordillera,active_sale,,735,735
2026-09-03,d:cordillera,Cordillera,active_rent,,42,42
2026-09-03,d:cordillera,Cordillera,asking_price_usd,casa,188938,141
2026-09-03,d:cordillera,Cordillera,asking_usd_per_m2_built,casa,878,127
2026-09-03,d:cordillera,Cordillera,asking_rent_usd_month,casa,1374,29
2026-09-04,d:cordillera,Cordillera,active_sale,,737,737
2026-09-04,d:cordillera,Cordillera,active_rent,,42,42
2026-09-04,d:cordillera,Cordillera,asking_price_usd,casa,185469,140
2026-09-04,d:cordillera,Cordillera,asking_usd_per_m2_built,casa,873,126
2026-09-04,d:cordillera,Cordillera,asking_rent_usd_month,casa,1374,29
2026-09-05,d:cordillera,Cordillera,active_sale,,734,734
2026-09-05,d:cordillera,Cordillera,active_rent,,42,42
2026-09-05,d:cordillera,Cordillera,asking_price_usd,casa,185469,140
2026-09-05,d:cordillera,Cordillera,asking_usd_per_m2_built,casa,873,126
2026-09-05,d:cordillera,Cordillera,asking_rent_usd_month,casa,1374,29
2026-09-06,d:cordillera,Cordillera,active_sale,,733,733
2026-09-06,d:cordillera,Cordillera,active_rent,,42,42
2026-09-06,d:cordillera,Cordillera,asking_price_usd,casa,185469,140
2026-09-06,d:cordillera,Cordillera,asking_usd_per_m2_built,casa,873,126
2026-09-06,d:cordillera,Cordillera,asking_rent_usd_month,casa,1374,29
2026-09-07,d:cordillera,Cordillera,active_sale,,733,733
2026-09-07,d:cordillera,Cordillera,active_rent,,42,42
2026-09-07,d:cordillera,Cordillera,asking_price_usd,casa,185469,140
2026-09-07,d:cordillera,Cordillera,asking_usd_per_m2_built,casa,873,126
2026-09-07,d:cordillera,Cordillera,asking_rent_usd_month,casa,1374,29
2026-09-08,d:cordillera,Cordillera,active_sale,,735,735
2026-09-08,d:cordillera,Cordillera,active_rent,,42,42
2026-09-08,d:cordillera,Cordillera,asking_price_usd,casa,182000,141
2026-09-08,d:cordillera,Cordillera,asking_usd_per_m2_built,casa,867,127
2026-09-08,d:cordillera,Cordillera,asking_rent_usd_month,casa,1374,29
2026-09-09,d:cordillera,Cordillera,active_sale,,735,735
2026-09-09,d:cordillera,Cordillera,active_rent,,42,42
2026-09-09,d:cordillera,Cordillera,asking_price_usd,casa,182000,141
2026-09-09,d:cordillera,Cordillera,asking_usd_per_m2_built,casa,867,127
2026-09-09,d:cordillera,Cordillera,asking_rent_usd_month,casa,1374,29
2026-09-10,d:cordillera,Cordillera,active_sale,,735,735
2026-09-10,d:cordillera,Cordillera,active_rent,,43,43
2026-09-10,d:cordillera,Cordillera,asking_price_usd,casa,182000,141
2026-09-10,d:cordillera,Cordillera,asking_usd_per_m2_built,casa,867,127
2026-09-10,d:cordillera,Cordillera,asking_rent_usd_month,casa,1460,30
2026-09-11,d:cordillera,Cordillera,active_sale,,734,734
2026-09-11,d:cordillera,Cordillera,active_rent,,43,43
2026-09-11,d:cordillera,Cordillera,asking_price_usd,casa,182000,141
2026-09-11,d:cordillera,Cordillera,asking_usd_per_m2_built,casa,867,127
2026-09-11,d:cordillera,Cordillera,asking_rent_usd_month,casa,1460,30
2026-09-12,d:cordillera,Cordillera,active_sale,,735,735
2026-09-12,d:cordillera,Cordillera,active_rent,,43,43
2026-09-12,d:cordillera,Cordillera,asking_price_usd,casa,181000,140
2026-09-12,d:cordillera,Cordillera,asking_usd_per_m2_built,casa,863,126
2026-09-12,d:cordillera,Cordillera,asking_rent_usd_month,casa,1460,30
2026-09-13,d:cordillera,Cordillera,active_sale,,736,736
2026-09-13,d:cordillera,Cordillera,active_rent,,43,43
2026-09-13,d:cordillera,Cordillera,asking_price_usd,casa,180000,141
2026-09-13,d:cordillera,Cordillera,asking_usd_per_m2_built,casa,859,127
2026-09-13,d:cordillera,Cordillera,asking_rent_usd_month,casa,1460,30
2026-09-14,d:cordillera,Cordillera,active_sale,,737,737
2026-09-14,d:cordillera,Cordillera,active_rent,,43,43
2026-09-14,d:cordillera,Cordillera,asking_price_usd,casa,180000,141
2026-09-14,d:cordillera,Cordillera,asking_usd_per_m2_built,casa,859,127
2026-09-14,d:cordillera,Cordillera,asking_rent_usd_month,casa,1460,30
2026-09-15,d:cordillera,Cordillera,active_sale,,736,736
2026-09-15,d:cordillera,Cordillera,active_rent,,43,43
2026-09-15,d:cordillera,Cordillera,asking_price_usd,casa,177000,139
2026-09-15,d:cordillera,Cordillera,asking_usd_per_m2_built,casa,854,125
2026-09-15,d:cordillera,Cordillera,asking_rent_usd_month,casa,1460,30
2026-09-16,d:cordillera,Cordillera,active_sale,,735,735
2026-09-16,d:cordillera,Cordillera,active_rent,,43,43
2026-09-16,d:cordillera,Cordillera,asking_price_usd,casa,176000,138
2026-09-16,d:cordillera,Cordillera,asking_usd_per_m2_built,casa,857,124
2026-09-16,d:cordillera,Cordillera,asking_rent_usd_month,casa,1460,30
2026-09-17,d:cordillera,Cordillera,active_sale,,732,732
2026-09-17,d:cordillera,Cordillera,active_rent,,42,42
2026-09-17,d:cordillera,Cordillera,asking_price_usd,casa,176000,138
2026-09-17,d:cordillera,Cordillera,asking_usd_per_m2_built,casa,857,124
2026-09-17,d:cordillera,Cordillera,asking_rent_usd_month,casa,1374,29
2026-09-18,d:cordillera,Cordillera,active_sale,,734,734
2026-09-18,d:cordillera,Cordillera,active_rent,,42,42
2026-09-18,d:cordillera,Cordillera,asking_price_usd,casa,176000,138
2026-09-18,d:cordillera,Cordillera,asking_usd_per_m2_built,casa,857,124
2026-09-18,d:cordillera,Cordillera,asking_rent_usd_month,casa,1374,29
2026-09-19,d:cordillera,Cordillera,active_sale,,752,752
2026-09-19,d:cordillera,Cordillera,active_rent,,43,43
2026-09-19,d:cordillera,Cordillera,asking_price_usd,casa,175000,141
2026-09-19,d:cordillera,Cordillera,asking_usd_per_m2_built,casa,857,126
2026-09-19,d:cordillera,Cordillera,asking_rent_usd_month,casa,1331,30
2026-09-20,d:cordillera,Cordillera,active_sale,,753,753
2026-09-20,d:cordillera,Cordillera,active_rent,,43,43
2026-09-20,d:cordillera,Cordillera,asking_price_usd,casa,175000,141
2026-09-20,d:cordillera,Cordillera,asking_usd_per_m2_built,casa,857,126
2026-09-20,d:cordillera,Cordillera,asking_rent_usd_month,casa,1331,30
2026-09-21,d:cordillera,Cordillera,active_sale,,750,750
2026-09-21,d:cordillera,Cordillera,active_rent,,43,43
2026-09-21,d:cordillera,Cordillera,asking_price_usd,casa,175000,141
2026-09-21,d:cordillera,Cordillera,asking_usd_per_m2_built,casa,857,126
2026-09-21,d:cordillera,Cordillera,asking_rent_usd_month,casa,1331,30
2026-09-22,d:cordillera,Cordillera,active_sale,,753,753
2026-09-22,d:cordillera,Cordillera,active_rent,,43,43
2026-09-22,d:cordillera,Cordillera,asking_price_usd,casa,175000,140
2026-09-22,d:cordillera,Cordillera,asking_usd_per_m2_built,casa,859,125
2026-09-22,d:cordillera,Cordillera,asking_rent_usd_month,casa,1331,30
2026-09-23,d:cordillera,Cordillera,active_sale,,753,753
2026-09-23,d:cordillera,Cordillera,active_rent,,43,43
2026-09-23,d:cordillera,Cordillera,asking_price_usd,casa,175000,141
2026-09-23,d:cordillera,Cordillera,asking_usd_per_m2_built,casa,863,126
2026-09-23,d:cordillera,Cordillera,asking_rent_usd_month,casa,1331,30
2026-09-24,d:cordillera,Cordillera,active_sale,,752,752
2026-09-24,d:cordillera,Cordillera,active_rent,,43,43
2026-09-24,d:cordillera,Cordillera,asking_price_usd,casa,176000,140
2026-09-24,d:cordillera,Cordillera,asking_usd_per_m2_built,casa,859,125
2026-09-24,d:cordillera,Cordillera,asking_rent_usd_month,casa,1331,30
2026-09-25,d:cordillera,Cordillera,active_sale,,754,754
2026-09-25,d:cordillera,Cordillera,active_rent,,43,43
2026-09-25,d:cordillera,Cordillera,asking_price_usd,casa,175000,142
2026-09-25,d:cordillera,Cordillera,asking_usd_per_m2_built,casa,854,127
2026-09-25,d:cordillera,Cordillera,asking_rent_usd_month,casa,1331,30
2026-09-26,d:cordillera,Cordillera,active_sale,,753,753
2026-09-26,d:cordillera,Cordillera,active_rent,,43,43
2026-09-26,d:cordillera,Cordillera,asking_price_usd,casa,175000,142
2026-09-26,d:cordillera,Cordillera,asking_usd_per_m2_built,casa,854,127
2026-09-26,d:cordillera,Cordillera,asking_rent_usd_month,casa,1331,30
2026-09-27,d:cordillera,Cordillera,active_sale,,753,753
2026-09-27,d:cordillera,Cordillera,active_rent,,43,43
2026-09-27,d:cordillera,Cordillera,asking_price_usd,casa,175000,142
2026-09-27,d:cordillera,Cordillera,asking_usd_per_m2_built,casa,854,127
2026-09-27,d:cordillera,Cordillera,asking_rent_usd_month,casa,1331,30
2026-09-28,d:cordillera,Cordillera,active_sale,,756,756
2026-09-28,d:cordillera,Cordillera,active_rent,,43,43
2026-09-28,d:cordillera,Cordillera,asking_price_usd,casa,175000,142
2026-09-28,d:cordillera,Cordillera,asking_usd_per_m2_built,casa,854,127
2026-09-28,d:cordillera,Cordillera,asking_rent_usd_month,casa,1331,30
2026-10-01,d:cordillera,Cordillera,active_sale,,772,772
2026-10-01,d:cordillera,Cordillera,active_rent,,43,43
2026-10-01,d:cordillera,Cordillera,asking_price_usd,casa,175000,144
2026-10-01,d:cordillera,Cordillera,asking_usd_per_m2_built,casa,850,129
2026-10-01,d:cordillera,Cordillera,asking_rent_usd_month,casa,1374,29
2026-09-02,c:cordillera:san-bernardino,San Bernardino,active_sale,,320,320
2026-09-02,c:cordillera:san-bernardino,San Bernardino,active_rent,,23,23
2026-09-02,c:cordillera:san-bernardino,San Bernardino,asking_price_usd,casa,221573,75
2026-09-02,c:cordillera:san-bernardino,San Bernardino,asking_usd_per_m2_built,casa,1025,70
2026-09-02,c:cordillera:san-bernardino,San Bernardino,asking_rent_usd_month,casa,1589,20
2026-09-03,c:cordillera:san-bernardino,San Bernardino,active_sale,,319,319
2026-09-03,c:cordillera:san-bernardino,San Bernardino,active_rent,,23,23
2026-09-03,c:cordillera:san-bernardino,San Bernardino,asking_price_usd,casa,221573,75
2026-09-03,c:cordillera:san-bernardino,San Bernardino,asking_usd_per_m2_built,casa,1025,70
2026-09-03,c:cordillera:san-bernardino,San Bernardino,asking_rent_usd_month,casa,1589,20
2026-09-04,c:cordillera:san-bernardino,San Bernardino,active_sale,,321,321
2026-09-04,c:cordillera:san-bernardino,San Bernardino,active_rent,,23,23
2026-09-04,c:cordillera:san-bernardino,San Bernardino,asking_price_usd,casa,225786,74
2026-09-04,c:cordillera:san-bernardino,San Bernardino,asking_usd_per_m2_built,casa,1025,69
2026-09-04,c:cordillera:san-bernardino,San Bernardino,asking_rent_usd_month,casa,1589,20
2026-09-05,c:cordillera:san-bernardino,San Bernardino,active_sale,,319,319
2026-09-05,c:cordillera:san-bernardino,San Bernardino,active_rent,,23,23
2026-09-05,c:cordillera:san-bernardino,San Bernardino,asking_price_usd,casa,225786,74
2026-09-05,c:cordillera:san-bernardino,San Bernardino,asking_usd_per_m2_built,casa,1025,69
2026-09-05,c:cordillera:san-bernardino,San Bernardino,asking_rent_usd_month,casa,1589,20
2026-09-06,c:cordillera:san-bernardino,San Bernardino,active_sale,,319,319
2026-09-06,c:cordillera:san-bernardino,San Bernardino,active_rent,,23,23
2026-09-06,c:cordillera:san-bernardino,San Bernardino,asking_price_usd,casa,225786,74
2026-09-06,c:cordillera:san-bernardino,San Bernardino,asking_usd_per_m2_built,casa,1025,69
2026-09-06,c:cordillera:san-bernardino,San Bernardino,asking_rent_usd_month,casa,1589,20
2026-09-07,c:cordillera:san-bernardino,San Bernardino,active_sale,,319,319
2026-09-07,c:cordillera:san-bernardino,San Bernardino,active_rent,,23,23
2026-09-07,c:cordillera:san-bernardino,San Bernardino,asking_price_usd,casa,225786,74
2026-09-07,c:cordillera:san-bernardino,San Bernardino,asking_usd_per_m2_built,casa,1025,69
2026-09-07,c:cordillera:san-bernardino,San Bernardino,asking_rent_usd_month,casa,1589,20
2026-09-08,c:cordillera:san-bernardino,San Bernardino,active_sale,,319,319
2026-09-08,c:cordillera:san-bernardino,San Bernardino,active_rent,,23,23
2026-09-08,c:cordillera:san-bernardino,San Bernardino,asking_price_usd,casa,225786,74
2026-09-08,c:cordillera:san-bernardino,San Bernardino,asking_usd_per_m2_built,casa,1025,69
2026-09-08,c:cordillera:san-bernardino,San Bernardino,asking_rent_usd_month,casa,1589,20
2026-09-09,c:cordillera:san-bernardino,San Bernardino,active_sale,,319,319
2026-09-09,c:cordillera:san-bernardino,San Bernardino,active_rent,,23,23
2026-09-09,c:cordillera:san-bernardino,San Bernardino,asking_price_usd,casa,225786,74
2026-09-09,c:cordillera:san-bernardino,San Bernardino,asking_usd_per_m2_built,casa,1025,69
2026-09-09,c:cordillera:san-bernardino,San Bernardino,asking_rent_usd_month,casa,1589,20
2026-09-10,c:cordillera:san-bernardino,San Bernardino,active_sale,,321,321
2026-09-10,c:cordillera:san-bernardino,San Bernardino,active_rent,,24,24
2026-09-10,c:cordillera:san-bernardino,San Bernardino,asking_price_usd,casa,225786,74
2026-09-10,c:cordillera:san-bernardino,San Bernardino,asking_usd_per_m2_built,casa,1025,69
2026-09-10,c:cordillera:san-bernardino,San Bernardino,asking_rent_usd_month,casa,1632,21
2026-09-11,c:cordillera:san-bernardino,San Bernardino,active_sale,,320,320
2026-09-11,c:cordillera:san-bernardino,San Bernardino,active_rent,,24,24
2026-09-11,c:cordillera:san-bernardino,San Bernardino,asking_price_usd,casa,225786,74
2026-09-11,c:cordillera:san-bernardino,San Bernardino,asking_usd_per_m2_built,casa,1025,69
2026-09-11,c:cordillera:san-bernardino,San Bernardino,asking_rent_usd_month,casa,1632,21
2026-09-12,c:cordillera:san-bernardino,San Bernardino,active_sale,,319,319
2026-09-12,c:cordillera:san-bernardino,San Bernardino,active_rent,,24,24
2026-09-12,c:cordillera:san-bernardino,San Bernardino,asking_price_usd,casa,221573,73
2026-09-12,c:cordillera:san-bernardino,San Bernardino,asking_usd_per_m2_built,casa,1025,68
2026-09-12,c:cordillera:san-bernardino,San Bernardino,asking_rent_usd_month,casa,1632,21
2026-09-13,c:cordillera:san-bernardino,San Bernardino,active_sale,,320,320
2026-09-13,c:cordillera:san-bernardino,San Bernardino,active_rent,,24,24
2026-09-13,c:cordillera:san-bernardino,San Bernardino,asking_price_usd,casa,220786,74
2026-09-13,c:cordillera:san-bernardino,San Bernardino,asking_usd_per_m2_built,casa,1025,69
2026-09-13,c:cordillera:san-bernardino,San Bernardino,asking_rent_usd_month,casa,1632,21
2026-09-14,c:cordillera:san-bernardino,San Bernardino,active_sale,,321,321
2026-09-14,c:cordillera:san-bernardino,San Bernardino,active_rent,,24,24
2026-09-14,c:cordillera:san-bernardino,San Bernardino,asking_price_usd,casa,220786,74
2026-09-14,c:cordillera:san-bernardino,San Bernardino,asking_usd_per_m2_built,casa,1025,69
2026-09-14,c:cordillera:san-bernardino,San Bernardino,asking_rent_usd_month,casa,1632,21
2026-09-15,c:cordillera:san-bernardino,San Bernardino,active_sale,,319,319
2026-09-15,c:cordillera:san-bernardino,San Bernardino,active_rent,,24,24
2026-09-15,c:cordillera:san-bernardino,San Bernardino,asking_price_usd,casa,230000,72
2026-09-15,c:cordillera:san-bernardino,San Bernardino,asking_usd_per_m2_built,casa,997,67
2026-09-15,c:cordillera:san-bernardino,San Bernardino,asking_rent_usd_month,casa,1632,21
2026-09-16,c:cordillera:san-bernardino,San Bernardino,active_sale,,320,320
2026-09-16,c:cordillera:san-bernardino,San Bernardino,active_rent,,24,24
2026-09-16,c:cordillera:san-bernardino,San Bernardino,asking_price_usd,casa,230000,71
2026-09-16,c:cordillera:san-bernardino,San Bernardino,asking_usd_per_m2_built,casa,1011,66
2026-09-16,c:cordillera:san-bernardino,San Bernardino,asking_rent_usd_month,casa,1632,21
2026-09-17,c:cordillera:san-bernardino,San Bernardino,active_sale,,318,318
2026-09-17,c:cordillera:san-bernardino,San Bernardino,active_rent,,24,24
2026-09-17,c:cordillera:san-bernardino,San Bernardino,asking_price_usd,casa,230000,71
2026-09-17,c:cordillera:san-bernardino,San Bernardino,asking_usd_per_m2_built,casa,1011,66
2026-09-17,c:cordillera:san-bernardino,San Bernardino,asking_rent_usd_month,casa,1632,21
2026-09-18,c:cordillera:san-bernardino,San Bernardino,active_sale,,319,319
2026-09-18,c:cordillera:san-bernardino,San Bernardino,active_rent,,24,24
2026-09-18,c:cordillera:san-bernardino,San Bernardino,asking_price_usd,casa,230000,71
2026-09-18,c:cordillera:san-bernardino,San Bernardino,asking_usd_per_m2_built,casa,1011,66
2026-09-18,c:cordillera:san-bernardino,San Bernardino,asking_rent_usd_month,casa,1632,21
2026-09-19,c:cordillera:san-bernardino,San Bernardino,active_sale,,326,326
2026-09-19,c:cordillera:san-bernardino,San Bernardino,active_rent,,24,24
2026-09-19,c:cordillera:san-bernardino,San Bernardino,asking_price_usd,casa,225786,72
2026-09-19,c:cordillera:san-bernardino,San Bernardino,asking_usd_per_m2_built,casa,997,67
2026-09-19,c:cordillera:san-bernardino,San Bernardino,asking_rent_usd_month,casa,1632,21
2026-09-20,c:cordillera:san-bernardino,San Bernardino,active_sale,,327,327
2026-09-20,c:cordillera:san-bernardino,San Bernardino,active_rent,,24,24
2026-09-20,c:cordillera:san-bernardino,San Bernardino,asking_price_usd,casa,225786,72
2026-09-20,c:cordillera:san-bernardino,San Bernardino,asking_usd_per_m2_built,casa,997,67
2026-09-20,c:cordillera:san-bernardino,San Bernardino,asking_rent_usd_month,casa,1632,21
2026-09-21,c:cordillera:san-bernardino,San Bernardino,active_sale,,326,326
2026-09-21,c:cordillera:san-bernardino,San Bernardino,active_rent,,24,24
2026-09-21,c:cordillera:san-bernardino,San Bernardino,asking_price_usd,casa,225786,72
2026-09-21,c:cordillera:san-bernardino,San Bernardino,asking_usd_per_m2_built,casa,997,67
2026-09-21,c:cordillera:san-bernardino,San Bernardino,asking_rent_usd_month,casa,1632,21
2026-09-22,c:cordillera:san-bernardino,San Bernardino,active_sale,,328,328
2026-09-22,c:cordillera:san-bernardino,San Bernardino,active_rent,,23,23
2026-09-22,c:cordillera:san-bernardino,San Bernardino,asking_price_usd,casa,230000,71
2026-09-22,c:cordillera:san-bernardino,San Bernardino,asking_usd_per_m2_built,casa,1011,66
2026-09-22,c:cordillera:san-bernardino,San Bernardino,asking_rent_usd_month,casa,1658,20
2026-09-23,c:cordillera:san-bernardino,San Bernardino,active_sale,,327,327
2026-09-23,c:cordillera:san-bernardino,San Bernardino,active_rent,,23,23
2026-09-23,c:cordillera:san-bernardino,San Bernardino,asking_price_usd,casa,230000,71
2026-09-23,c:cordillera:san-bernardino,San Bernardino,asking_usd_per_m2_built,casa,1011,66
2026-09-23,c:cordillera:san-bernardino,San Bernardino,asking_rent_usd_month,casa,1658,20
2026-09-24,c:cordillera:san-bernardino,San Bernardino,active_sale,,328,328
2026-09-24,c:cordillera:san-bernardino,San Bernardino,active_rent,,23,23
2026-09-24,c:cordillera:san-bernardino,San Bernardino,asking_price_usd,casa,230000,71
2026-09-24,c:cordillera:san-bernardino,San Bernardino,asking_usd_per_m2_built,casa,1011,66
2026-09-24,c:cordillera:san-bernardino,San Bernardino,asking_rent_usd_month,casa,1658,20
2026-09-25,c:cordillera:san-bernardino,San Bernardino,active_sale,,331,331
2026-09-25,c:cordillera:san-bernardino,San Bernardino,active_rent,,23,23
2026-09-25,c:cordillera:san-bernardino,San Bernardino,asking_price_usd,casa,221573,73
2026-09-25,c:cordillera:san-bernardino,San Bernardino,asking_usd_per_m2_built,casa,987,68
2026-09-25,c:cordillera:san-bernardino,San Bernardino,asking_rent_usd_month,casa,1658,20
2026-09-26,c:cordillera:san-bernardino,San Bernardino,active_sale,,331,331
2026-09-26,c:cordillera:san-bernardino,San Bernardino,active_rent,,23,23
2026-09-26,c:cordillera:san-bernardino,San Bernardino,asking_price_usd,casa,221573,73
2026-09-26,c:cordillera:san-bernardino,San Bernardino,asking_usd_per_m2_built,casa,987,68
2026-09-26,c:cordillera:san-bernardino,San Bernardino,asking_rent_usd_month,casa,1658,20
2026-09-27,c:cordillera:san-bernardino,San Bernardino,active_sale,,331,331
2026-09-27,c:cordillera:san-bernardino,San Bernardino,active_rent,,23,23
2026-09-27,c:cordillera:san-bernardino,San Bernardino,asking_price_usd,casa,221573,73
2026-09-27,c:cordillera:san-bernardino,San Bernardino,asking_usd_per_m2_built,casa,987,68
2026-09-27,c:cordillera:san-bernardino,San Bernardino,asking_rent_usd_month,casa,1658,20
2026-09-28,c:cordillera:san-bernardino,San Bernardino,active_sale,,334,334
2026-09-28,c:cordillera:san-bernardino,San Bernardino,active_rent,,23,23
2026-09-28,c:cordillera:san-bernardino,San Bernardino,asking_price_usd,casa,221573,73
2026-09-28,c:cordillera:san-bernardino,San Bernardino,asking_usd_per_m2_built,casa,987,68
2026-09-28,c:cordillera:san-bernardino,San Bernardino,asking_rent_usd_month,casa,1658,20
2026-10-01,c:cordillera:san-bernardino,San Bernardino,active_sale,,336,336
2026-10-01,c:cordillera:san-bernardino,San Bernardino,active_rent,,24,24
2026-10-01,c:cordillera:san-bernardino,San Bernardino,asking_price_usd,casa,221573,73
2026-10-01,c:cordillera:san-bernardino,San Bernardino,asking_usd_per_m2_built,casa,987,68
2026-10-01,c:cordillera:san-bernardino,San Bernardino,asking_rent_usd_month,casa,1658,20
2026-09-02,c:cordillera:caacupe,Caacupé,active_sale,,131,131
2026-09-02,c:cordillera:caacupe,Caacupé,active_rent,,5,5
2026-09-02,c:cordillera:caacupe,Caacupé,asking_price_usd,casa,88457,29
2026-09-02,c:cordillera:caacupe,Caacupé,asking_usd_per_m2_built,casa,474,24
2026-09-03,c:cordillera:caacupe,Caacupé,active_sale,,131,131
2026-09-03,c:cordillera:caacupe,Caacupé,active_rent,,5,5
2026-09-03,c:cordillera:caacupe,Caacupé,asking_price_usd,casa,88457,29
2026-09-03,c:cordillera:caacupe,Caacupé,asking_usd_per_m2_built,casa,474,24
2026-09-04,c:cordillera:caacupe,Caacupé,active_sale,,132,132
2026-09-04,c:cordillera:caacupe,Caacupé,active_rent,,5,5
2026-09-04,c:cordillera:caacupe,Caacupé,asking_price_usd,casa,88457,29
2026-09-04,c:cordillera:caacupe,Caacupé,asking_usd_per_m2_built,casa,474,24
2026-09-05,c:cordillera:caacupe,Caacupé,active_sale,,132,132
2026-09-05,c:cordillera:caacupe,Caacupé,active_rent,,5,5
2026-09-05,c:cordillera:caacupe,Caacupé,asking_price_usd,casa,88457,29
2026-09-05,c:cordillera:caacupe,Caacupé,asking_usd_per_m2_built,casa,474,24
2026-09-06,c:cordillera:caacupe,Caacupé,active_sale,,131,131
2026-09-06,c:cordillera:caacupe,Caacupé,active_rent,,5,5
2026-09-06,c:cordillera:caacupe,Caacupé,asking_price_usd,casa,88457,29
2026-09-06,c:cordillera:caacupe,Caacupé,asking_usd_per_m2_built,casa,474,24
2026-09-07,c:cordillera:caacupe,Caacupé,active_sale,,131,131
2026-09-07,c:cordillera:caacupe,Caacupé,active_rent,,5,5
2026-09-07,c:cordillera:caacupe,Caacupé,asking_price_usd,casa,88457,29
2026-09-07,c:cordillera:caacupe,Caacupé,asking_usd_per_m2_built,casa,474,24
2026-09-08,c:cordillera:caacupe,Caacupé,active_sale,,132,132
2026-09-08,c:cordillera:caacupe,Caacupé,active_rent,,5,5
2026-09-08,c:cordillera:caacupe,Caacupé,asking_price_usd,casa,87169,30
2026-09-08,c:cordillera:caacupe,Caacupé,asking_usd_per_m2_built,casa,470,25
2026-09-09,c:cordillera:caacupe,Caacupé,active_sale,,132,132
2026-09-09,c:cordillera:caacupe,Caacupé,active_rent,,5,5
2026-09-09,c:cordillera:caacupe,Caacupé,asking_price_usd,casa,87169,30
2026-09-09,c:cordillera:caacupe,Caacupé,asking_usd_per_m2_built,casa,470,25
2026-09-10,c:cordillera:caacupe,Caacupé,active_sale,,132,132
2026-09-10,c:cordillera:caacupe,Caacupé,active_rent,,5,5
2026-09-10,c:cordillera:caacupe,Caacupé,asking_price_usd,casa,87169,30
2026-09-10,c:cordillera:caacupe,Caacupé,asking_usd_per_m2_built,casa,470,25
2026-09-11,c:cordillera:caacupe,Caacupé,active_sale,,132,132
2026-09-11,c:cordillera:caacupe,Caacupé,active_rent,,5,5
2026-09-11,c:cordillera:caacupe,Caacupé,asking_price_usd,casa,87169,30
2026-09-11,c:cordillera:caacupe,Caacupé,asking_usd_per_m2_built,casa,470,25
2026-09-12,c:cordillera:caacupe,Caacupé,active_sale,,133,133
2026-09-12,c:cordillera:caacupe,Caacupé,active_rent,,5,5
2026-09-12,c:cordillera:caacupe,Caacupé,asking_price_usd,casa,87169,30
2026-09-12,c:cordillera:caacupe,Caacupé,asking_usd_per_m2_built,casa,470,25
2026-09-13,c:cordillera:caacupe,Caacupé,active_sale,,133,133
2026-09-13,c:cordillera:caacupe,Caacupé,active_rent,,5,5
2026-09-13,c:cordillera:caacupe,Caacupé,asking_price_usd,casa,87169,30
2026-09-13,c:cordillera:caacupe,Caacupé,asking_usd_per_m2_built,casa,470,25
2026-09-14,c:cordillera:caacupe,Caacupé,active_sale,,133,133
2026-09-14,c:cordillera:caacupe,Caacupé,active_rent,,5,5
2026-09-14,c:cordillera:caacupe,Caacupé,asking_price_usd,casa,87169,30
2026-09-14,c:cordillera:caacupe,Caacupé,asking_usd_per_m2_built,casa,470,25
2026-09-15,c:cordillera:caacupe,Caacupé,active_sale,,133,133
2026-09-15,c:cordillera:caacupe,Caacupé,active_rent,,5,5
2026-09-15,c:cordillera:caacupe,Caacupé,asking_price_usd,casa,87169,30
2026-09-15,c:cordillera:caacupe,Caacupé,asking_usd_per_m2_built,casa,470,25
2026-09-16,c:cordillera:caacupe,Caacupé,active_sale,,132,132
2026-09-16,c:cordillera:caacupe,Caacupé,active_rent,,5,5
2026-09-16,c:cordillera:caacupe,Caacupé,asking_price_usd,casa,87169,30
2026-09-16,c:cordillera:caacupe,Caacupé,asking_usd_per_m2_built,casa,470,25
2026-09-17,c:cordillera:caacupe,Caacupé,active_sale,,132,132
2026-09-17,c:cordillera:caacupe,Caacupé,active_rent,,5,5
2026-09-17,c:cordillera:caacupe,Caacupé,asking_price_usd,casa,87169,30
2026-09-17,c:cordillera:caacupe,Caacupé,asking_usd_per_m2_built,casa,470,25
2026-09-18,c:cordillera:caacupe,Caacupé,active_sale,,133,133
2026-09-18,c:cordillera:caacupe,Caacupé,active_rent,,5,5
2026-09-18,c:cordillera:caacupe,Caacupé,asking_price_usd,casa,87169,30
2026-09-18,c:cordillera:caacupe,Caacupé,asking_usd_per_m2_built,casa,470,25
2026-09-19,c:cordillera:caacupe,Caacupé,active_sale,,133,133
2026-09-19,c:cordillera:caacupe,Caacupé,active_rent,,5,5
2026-09-19,c:cordillera:caacupe,Caacupé,asking_price_usd,casa,87169,30
2026-09-19,c:cordillera:caacupe,Caacupé,asking_usd_per_m2_built,casa,470,25
2026-09-20,c:cordillera:caacupe,Caacupé,active_sale,,133,133
2026-09-20,c:cordillera:caacupe,Caacupé,active_rent,,5,5
2026-09-20,c:cordillera:caacupe,Caacupé,asking_price_usd,casa,87169,30
2026-09-20,c:cordillera:caacupe,Caacupé,asking_usd_per_m2_built,casa,470,25
2026-09-21,c:cordillera:caacupe,Caacupé,active_sale,,132,132
2026-09-21,c:cordillera:caacupe,Caacupé,active_rent,,5,5
2026-09-21,c:cordillera:caacupe,Caacupé,asking_price_usd,casa,87169,30
2026-09-21,c:cordillera:caacupe,Caacupé,asking_usd_per_m2_built,casa,470,25
2026-09-22,c:cordillera:caacupe,Caacupé,active_sale,,132,132
2026-09-22,c:cordillera:caacupe,Caacupé,active_rent,,5,5
2026-09-22,c:cordillera:caacupe,Caacupé,asking_price_usd,casa,87169,30
2026-09-22,c:cordillera:caacupe,Caacupé,asking_usd_per_m2_built,casa,470,25
2026-09-23,c:cordillera:caacupe,Caacupé,active_sale,,132,132
2026-09-23,c:cordillera:caacupe,Caacupé,active_rent,,5,5
2026-09-23,c:cordillera:caacupe,Caacupé,asking_price_usd,casa,87169,30
2026-09-23,c:cordillera:caacupe,Caacupé,asking_usd_per_m2_built,casa,470,25
2026-09-24,c:cordillera:caacupe,Caacupé,active_sale,,132,132
2026-09-24,c:cordillera:caacupe,Caacupé,active_rent,,5,5
2026-09-24,c:cordillera:caacupe,Caacupé,asking_price_usd,casa,87169,30
2026-09-24,c:cordillera:caacupe,Caacupé,asking_usd_per_m2_built,casa,470,25
2026-09-25,c:cordillera:caacupe,Caacupé,active_sale,,133,133
2026-09-25,c:cordillera:caacupe,Caacupé,active_rent,,5,5
2026-09-25,c:cordillera:caacupe,Caacupé,asking_price_usd,casa,87169,30
2026-09-25,c:cordillera:caacupe,Caacupé,asking_usd_per_m2_built,casa,470,25
2026-09-26,c:cordillera:caacupe,Caacupé,active_sale,,133,133
2026-09-26,c:cordillera:caacupe,Caacupé,active_rent,,5,5
2026-09-26,c:cordillera:caacupe,Caacupé,asking_price_usd,casa,87169,30
2026-09-26,c:cordillera:caacupe,Caacupé,asking_usd_per_m2_built,casa,470,25
2026-09-27,c:cordillera:caacupe,Caacupé,active_sale,,133,133
2026-09-27,c:cordillera:caacupe,Caacupé,active_rent,,5,5
2026-09-27,c:cordillera:caacupe,Caacupé,asking_price_usd,casa,87169,30
2026-09-27,c:cordillera:caacupe,Caacupé,asking_usd_per_m2_built,casa,470,25
2026-09-28,c:cordillera:caacupe,Caacupé,active_sale,,133,133
2026-09-28,c:cordillera:caacupe,Caacupé,active_rent,,5,5
2026-09-28,c:cordillera:caacupe,Caacupé,asking_price_usd,casa,87169,30
2026-09-28,c:cordillera:caacupe,Caacupé,asking_usd_per_m2_built,casa,470,25
2026-10-01,c:cordillera:caacupe,Caacupé,active_sale,,146,146
2026-10-01,c:cordillera:caacupe,Caacupé,active_rent,,5,5
2026-10-01,c:cordillera:caacupe,Caacupé,asking_price_usd,casa,84163,31
2026-10-01,c:cordillera:caacupe,Caacupé,asking_usd_per_m2_built,casa,469,26
2026-09-02,c:cordillera:altos,Altos,active_sale,,98,98
2026-09-02,c:cordillera:altos,Altos,active_rent,,7,7
2026-09-03,c:cordillera:altos,Altos,active_sale,,98,98
2026-09-03,c:cordillera:altos,Altos,active_rent,,7,7
2026-09-04,c:cordillera:altos,Altos,active_sale,,97,97
2026-09-04,c:cordillera:altos,Altos,active_rent,,7,7
2026-09-05,c:cordillera:altos,Altos,active_sale,,95,95
2026-09-05,c:cordillera:altos,Altos,active_rent,,7,7
2026-09-06,c:cordillera:altos,Altos,active_sale,,95,95
2026-09-06,c:cordillera:altos,Altos,active_rent,,7,7
2026-09-07,c:cordillera:altos,Altos,active_sale,,95,95
2026-09-07,c:cordillera:altos,Altos,active_rent,,7,7
2026-09-08,c:cordillera:altos,Altos,active_sale,,95,95
2026-09-08,c:cordillera:altos,Altos,active_rent,,7,7
2026-09-09,c:cordillera:altos,Altos,active_sale,,95,95
2026-09-09,c:cordillera:altos,Altos,active_rent,,7,7
2026-09-10,c:cordillera:altos,Altos,active_sale,,95,95
2026-09-10,c:cordillera:altos,Altos,active_rent,,7,7
2026-09-11,c:cordillera:altos,Altos,active_sale,,95,95
2026-09-11,c:cordillera:altos,Altos,active_rent,,7,7
2026-09-12,c:cordillera:altos,Altos,active_sale,,95,95
2026-09-12,c:cordillera:altos,Altos,active_rent,,7,7
2026-09-13,c:cordillera:altos,Altos,active_sale,,95,95
2026-09-13,c:cordillera:altos,Altos,active_rent,,7,7
2026-09-14,c:cordillera:altos,Altos,active_sale,,95,95
2026-09-14,c:cordillera:altos,Altos,active_rent,,7,7
2026-09-15,c:cordillera:altos,Altos,active_sale,,95,95
2026-09-15,c:cordillera:altos,Altos,active_rent,,7,7
2026-09-16,c:cordillera:altos,Altos,active_sale,,95,95
2026-09-16,c:cordillera:altos,Altos,active_rent,,7,7
2026-09-17,c:cordillera:altos,Altos,active_sale,,95,95
2026-09-17,c:cordillera:altos,Altos,active_rent,,6,6
2026-09-18,c:cordillera:altos,Altos,active_sale,,95,95
2026-09-18,c:cordillera:altos,Altos,active_rent,,6,6
2026-09-19,c:cordillera:altos,Altos,active_sale,,95,95
2026-09-19,c:cordillera:altos,Altos,active_rent,,6,6
2026-09-20,c:cordillera:altos,Altos,active_sale,,95,95
2026-09-20,c:cordillera:altos,Altos,active_rent,,6,6
2026-09-21,c:cordillera:altos,Altos,active_sale,,95,95
2026-09-21,c:cordillera:altos,Altos,active_rent,,6,6
2026-09-22,c:cordillera:altos,Altos,active_sale,,95,95
2026-09-22,c:cordillera:altos,Altos,active_rent,,7,7
2026-09-23,c:cordillera:altos,Altos,active_sale,,95,95
2026-09-23,c:cordillera:altos,Altos,active_rent,,7,7
2026-09-24,c:cordillera:altos,Altos,active_sale,,94,94
2026-09-24,c:cordillera:altos,Altos,active_rent,,7,7
2026-09-25,c:cordillera:altos,Altos,active_sale,,92,92
2026-09-25,c:cordillera:altos,Altos,active_rent,,7,7
2026-09-26,c:cordillera:altos,Altos,active_sale,,92,92
2026-09-26,c:cordillera:altos,Altos,active_rent,,7,7
2026-09-27,c:cordillera:altos,Altos,active_sale,,92,92
2026-09-27,c:cordillera:altos,Altos,active_rent,,7,7
2026-09-28,c:cordillera:altos,Altos,active_sale,,92,92
2026-09-28,c:cordillera:altos,Altos,active_rent,,7,7
2026-10-01,c:cordillera:altos,Altos,active_sale,,92,92
2026-10-01,c:cordillera:altos,Altos,active_rent,,7,7
2026-09-02,d:boqueron,Boquerón,active_sale,,155,155
2026-09-02,d:boqueron,Boquerón,active_rent,,30,30
2026-09-02,d:boqueron,Boquerón,asking_price_usd,casa,92150,22
2026-09-02,d:boqueron,Boquerón,asking_usd_per_m2_built,casa,,19
2026-09-03,d:boqueron,Boquerón,active_sale,,155,155
2026-09-03,d:boqueron,Boquerón,active_rent,,28,28
2026-09-03,d:boqueron,Boquerón,asking_price_usd,casa,92150,22
2026-09-03,d:boqueron,Boquerón,asking_usd_per_m2_built,casa,,19
2026-09-04,d:boqueron,Boquerón,active_sale,,155,155
2026-09-04,d:boqueron,Boquerón,active_rent,,29,29
2026-09-04,d:boqueron,Boquerón,asking_price_usd,casa,92150,22
2026-09-04,d:boqueron,Boquerón,asking_usd_per_m2_built,casa,,19
2026-09-05,d:boqueron,Boquerón,active_sale,,155,155
2026-09-05,d:boqueron,Boquerón,active_rent,,29,29
2026-09-05,d:boqueron,Boquerón,asking_price_usd,casa,92150,22
2026-09-05,d:boqueron,Boquerón,asking_usd_per_m2_built,casa,,19
2026-09-06,d:boqueron,Boquerón,active_sale,,155,155
2026-09-06,d:boqueron,Boquerón,active_rent,,29,29
2026-09-06,d:boqueron,Boquerón,asking_price_usd,casa,92150,22
2026-09-06,d:boqueron,Boquerón,asking_usd_per_m2_built,casa,,19
2026-09-07,d:boqueron,Boquerón,active_sale,,155,155
2026-09-07,d:boqueron,Boquerón,active_rent,,29,29
2026-09-07,d:boqueron,Boquerón,asking_price_usd,casa,92150,22
2026-09-07,d:boqueron,Boquerón,asking_usd_per_m2_built,casa,,19
2026-09-08,d:boqueron,Boquerón,active_sale,,148,148
2026-09-08,d:boqueron,Boquerón,active_rent,,28,28
2026-09-08,d:boqueron,Boquerón,asking_price_usd,casa,92150,22
2026-09-08,d:boqueron,Boquerón,asking_usd_per_m2_built,casa,,19
2026-09-09,d:boqueron,Boquerón,active_sale,,148,148
2026-09-09,d:boqueron,Boquerón,active_rent,,28,28
2026-09-09,d:boqueron,Boquerón,asking_price_usd,casa,92150,22
2026-09-09,d:boqueron,Boquerón,asking_usd_per_m2_built,casa,,19
2026-09-10,d:boqueron,Boquerón,active_sale,,149,149
2026-09-10,d:boqueron,Boquerón,active_rent,,29,29
2026-09-10,d:boqueron,Boquerón,asking_price_usd,casa,81587,23
2026-09-10,d:boqueron,Boquerón,asking_usd_per_m2_built,casa,613,20
2026-09-11,d:boqueron,Boquerón,active_sale,,149,149
2026-09-11,d:boqueron,Boquerón,active_rent,,30,30
2026-09-11,d:boqueron,Boquerón,asking_price_usd,casa,81587,23
2026-09-11,d:boqueron,Boquerón,asking_usd_per_m2_built,casa,613,20
2026-09-12,d:boqueron,Boquerón,active_sale,,149,149
2026-09-12,d:boqueron,Boquerón,active_rent,,30,30
2026-09-12,d:boqueron,Boquerón,asking_price_usd,casa,81587,23
2026-09-12,d:boqueron,Boquerón,asking_usd_per_m2_built,casa,613,20
2026-09-13,d:boqueron,Boquerón,active_sale,,150,150
2026-09-13,d:boqueron,Boquerón,active_rent,,30,30
2026-09-13,d:boqueron,Boquerón,asking_price_usd,casa,79440,24
2026-09-13,d:boqueron,Boquerón,asking_usd_per_m2_built,casa,613,20
2026-09-14,d:boqueron,Boquerón,active_sale,,150,150
2026-09-14,d:boqueron,Boquerón,active_rent,,31,31
2026-09-14,d:boqueron,Boquerón,asking_price_usd,casa,79440,24
2026-09-14,d:boqueron,Boquerón,asking_usd_per_m2_built,casa,613,20
2026-09-15,d:boqueron,Boquerón,active_sale,,150,150
2026-09-15,d:boqueron,Boquerón,active_rent,,29,29
2026-09-15,d:boqueron,Boquerón,asking_price_usd,casa,79440,24
2026-09-15,d:boqueron,Boquerón,asking_usd_per_m2_built,casa,613,20
2026-09-16,d:boqueron,Boquerón,active_sale,,152,152
2026-09-16,d:boqueron,Boquerón,active_rent,,29,29
2026-09-16,d:boqueron,Boquerón,asking_price_usd,casa,71152,26
2026-09-16,d:boqueron,Boquerón,asking_usd_per_m2_built,casa,613,20
2026-09-17,d:boqueron,Boquerón,active_sale,,151,151
2026-09-17,d:boqueron,Boquerón,active_rent,,29,29
2026-09-17,d:boqueron,Boquerón,asking_price_usd,casa,77293,25
2026-09-17,d:boqueron,Boquerón,asking_usd_per_m2_built,casa,613,20
2026-09-18,d:boqueron,Boquerón,active_sale,,151,151
2026-09-18,d:boqueron,Boquerón,active_rent,,29,29
2026-09-18,d:boqueron,Boquerón,asking_price_usd,casa,77293,25
2026-09-18,d:boqueron,Boquerón,asking_usd_per_m2_built,casa,613,20
2026-09-19,d:boqueron,Boquerón,active_sale,,152,152
2026-09-19,d:boqueron,Boquerón,active_rent,,29,29
2026-09-19,d:boqueron,Boquerón,asking_price_usd,casa,77293,25
2026-09-19,d:boqueron,Boquerón,asking_usd_per_m2_built,casa,613,20
2026-09-20,d:boqueron,Boquerón,active_sale,,152,152
2026-09-20,d:boqueron,Boquerón,active_rent,,29,29
2026-09-20,d:boqueron,Boquerón,asking_price_usd,casa,77293,25
2026-09-20,d:boqueron,Boquerón,asking_usd_per_m2_built,casa,613,20
2026-09-21,d:boqueron,Boquerón,active_sale,,152,152
2026-09-21,d:boqueron,Boquerón,active_rent,,29,29
2026-09-21,d:boqueron,Boquerón,asking_price_usd,casa,77293,25
2026-09-21,d:boqueron,Boquerón,asking_usd_per_m2_built,casa,613,20
2026-09-22,d:boqueron,Boquerón,active_sale,,152,152
2026-09-22,d:boqueron,Boquerón,active_rent,,30,30
2026-09-22,d:boqueron,Boquerón,asking_price_usd,casa,77293,25
2026-09-22,d:boqueron,Boquerón,asking_usd_per_m2_built,casa,613,20
2026-09-23,d:boqueron,Boquerón,active_sale,,154,154
2026-09-23,d:boqueron,Boquerón,active_rent,,30,30
2026-09-23,d:boqueron,Boquerón,asking_price_usd,casa,77293,25
2026-09-23,d:boqueron,Boquerón,asking_usd_per_m2_built,casa,613,20
2026-09-24,d:boqueron,Boquerón,active_sale,,154,154
2026-09-24,d:boqueron,Boquerón,active_rent,,30,30
2026-09-24,d:boqueron,Boquerón,asking_price_usd,casa,79440,24
2026-09-24,d:boqueron,Boquerón,asking_usd_per_m2_built,casa,,19
2026-09-25,d:boqueron,Boquerón,active_sale,,155,155
2026-09-25,d:boqueron,Boquerón,active_rent,,31,31
2026-09-25,d:boqueron,Boquerón,asking_price_usd,casa,79440,24
2026-09-25,d:boqueron,Boquerón,asking_usd_per_m2_built,casa,,19
2026-09-26,d:boqueron,Boquerón,active_sale,,155,155
2026-09-26,d:boqueron,Boquerón,active_rent,,31,31
2026-09-26,d:boqueron,Boquerón,asking_price_usd,casa,79440,24
2026-09-26,d:boqueron,Boquerón,asking_usd_per_m2_built,casa,,19
2026-09-27,d:boqueron,Boquerón,active_sale,,155,155
2026-09-27,d:boqueron,Boquerón,active_rent,,31,31
2026-09-27,d:boqueron,Boquerón,asking_price_usd,casa,79440,24
2026-09-27,d:boqueron,Boquerón,asking_usd_per_m2_built,casa,,19
2026-09-28,d:boqueron,Boquerón,active_sale,,155,155
2026-09-28,d:boqueron,Boquerón,active_rent,,31,31
2026-09-28,d:boqueron,Boquerón,asking_price_usd,casa,79440,24
2026-09-28,d:boqueron,Boquerón,asking_usd_per_m2_built,casa,,19
2026-10-01,d:boqueron,Boquerón,active_sale,,150,150
2026-10-01,d:boqueron,Boquerón,active_rent,,34,34
2026-10-01,d:boqueron,Boquerón,asking_price_usd,casa,79440,24
2026-10-01,d:boqueron,Boquerón,asking_usd_per_m2_built,casa,,19
2026-09-02,d:presidente-hayes,Presidente Hayes,active_sale,,145,145
2026-09-02,d:presidente-hayes,Presidente Hayes,active_rent,,0,0
2026-09-03,d:presidente-hayes,Presidente Hayes,active_sale,,145,145
2026-09-03,d:presidente-hayes,Presidente Hayes,active_rent,,0,0
2026-09-04,d:presidente-hayes,Presidente Hayes,active_sale,,145,145
2026-09-04,d:presidente-hayes,Presidente Hayes,active_rent,,0,0
2026-09-05,d:presidente-hayes,Presidente Hayes,active_sale,,145,145
2026-09-05,d:presidente-hayes,Presidente Hayes,active_rent,,0,0
2026-09-06,d:presidente-hayes,Presidente Hayes,active_sale,,144,144
2026-09-06,d:presidente-hayes,Presidente Hayes,active_rent,,0,0
2026-09-07,d:presidente-hayes,Presidente Hayes,active_sale,,144,144
2026-09-07,d:presidente-hayes,Presidente Hayes,active_rent,,0,0
2026-09-08,d:presidente-hayes,Presidente Hayes,active_sale,,142,142
2026-09-08,d:presidente-hayes,Presidente Hayes,active_rent,,0,0
2026-09-09,d:presidente-hayes,Presidente Hayes,active_sale,,142,142
2026-09-09,d:presidente-hayes,Presidente Hayes,active_rent,,0,0
2026-09-10,d:presidente-hayes,Presidente Hayes,active_sale,,142,142
2026-09-10,d:presidente-hayes,Presidente Hayes,active_rent,,0,0
2026-09-11,d:presidente-hayes,Presidente Hayes,active_sale,,142,142
2026-09-11,d:presidente-hayes,Presidente Hayes,active_rent,,0,0
2026-09-12,d:presidente-hayes,Presidente Hayes,active_sale,,142,142
2026-09-12,d:presidente-hayes,Presidente Hayes,active_rent,,0,0
2026-09-13,d:presidente-hayes,Presidente Hayes,active_sale,,142,142
2026-09-13,d:presidente-hayes,Presidente Hayes,active_rent,,0,0
2026-09-14,d:presidente-hayes,Presidente Hayes,active_sale,,142,142
2026-09-14,d:presidente-hayes,Presidente Hayes,active_rent,,0,0
2026-09-15,d:presidente-hayes,Presidente Hayes,active_sale,,142,142
2026-09-15,d:presidente-hayes,Presidente Hayes,active_rent,,0,0
2026-09-16,d:presidente-hayes,Presidente Hayes,active_sale,,141,141
2026-09-16,d:presidente-hayes,Presidente Hayes,active_rent,,0,0
2026-09-17,d:presidente-hayes,Presidente Hayes,active_sale,,142,142
2026-09-17,d:presidente-hayes,Presidente Hayes,active_rent,,0,0
2026-09-18,d:presidente-hayes,Presidente Hayes,active_sale,,142,142
2026-09-18,d:presidente-hayes,Presidente Hayes,active_rent,,0,0
2026-09-19,d:presidente-hayes,Presidente Hayes,active_sale,,143,143
2026-09-19,d:presidente-hayes,Presidente Hayes,active_rent,,0,0
2026-09-20,d:presidente-hayes,Presidente Hayes,active_sale,,141,141
2026-09-20,d:presidente-hayes,Presidente Hayes,active_rent,,0,0
2026-09-21,d:presidente-hayes,Presidente Hayes,active_sale,,141,141
2026-09-21,d:presidente-hayes,Presidente Hayes,active_rent,,0,0
2026-09-22,d:presidente-hayes,Presidente Hayes,active_sale,,141,141
2026-09-22,d:presidente-hayes,Presidente Hayes,active_rent,,0,0
2026-09-23,d:presidente-hayes,Presidente Hayes,active_sale,,141,141
2026-09-23,d:presidente-hayes,Presidente Hayes,active_rent,,0,0
2026-09-24,d:presidente-hayes,Presidente Hayes,active_sale,,141,141
2026-09-24,d:presidente-hayes,Presidente Hayes,active_rent,,0,0
2026-09-25,d:presidente-hayes,Presidente Hayes,active_sale,,141,141
2026-09-25,d:presidente-hayes,Presidente Hayes,active_rent,,0,0
2026-09-26,d:presidente-hayes,Presidente Hayes,active_sale,,141,141
2026-09-26,d:presidente-hayes,Presidente Hayes,active_rent,,0,0
2026-09-27,d:presidente-hayes,Presidente Hayes,active_sale,,140,140
2026-09-27,d:presidente-hayes,Presidente Hayes,active_rent,,0,0
2026-09-28,d:presidente-hayes,Presidente Hayes,active_sale,,140,140
2026-09-28,d:presidente-hayes,Presidente Hayes,active_rent,,0,0
2026-10-01,d:presidente-hayes,Presidente Hayes,active_sale,,139,139
2026-10-01,d:presidente-hayes,Presidente Hayes,active_rent,,0,0
2026-09-02,c:presidente-hayes:villa-hayes,Villa Hayes,active_sale,,85,85
2026-09-02,c:presidente-hayes:villa-hayes,Villa Hayes,active_rent,,0,0
2026-09-03,c:presidente-hayes:villa-hayes,Villa Hayes,active_sale,,85,85
2026-09-03,c:presidente-hayes:villa-hayes,Villa Hayes,active_rent,,0,0
2026-09-04,c:presidente-hayes:villa-hayes,Villa Hayes,active_sale,,85,85
2026-09-04,c:presidente-hayes:villa-hayes,Villa Hayes,active_rent,,0,0
2026-09-05,c:presidente-hayes:villa-hayes,Villa Hayes,active_sale,,85,85
2026-09-05,c:presidente-hayes:villa-hayes,Villa Hayes,active_rent,,0,0
2026-09-06,c:presidente-hayes:villa-hayes,Villa Hayes,active_sale,,85,85
2026-09-06,c:presidente-hayes:villa-hayes,Villa Hayes,active_rent,,0,0
2026-09-07,c:presidente-hayes:villa-hayes,Villa Hayes,active_sale,,85,85
2026-09-07,c:presidente-hayes:villa-hayes,Villa Hayes,active_rent,,0,0
2026-09-08,c:presidente-hayes:villa-hayes,Villa Hayes,active_sale,,85,85
2026-09-08,c:presidente-hayes:villa-hayes,Villa Hayes,active_rent,,0,0
2026-09-09,c:presidente-hayes:villa-hayes,Villa Hayes,active_sale,,85,85
2026-09-09,c:presidente-hayes:villa-hayes,Villa Hayes,active_rent,,0,0
2026-09-10,c:presidente-hayes:villa-hayes,Villa Hayes,active_sale,,85,85
2026-09-10,c:presidente-hayes:villa-hayes,Villa Hayes,active_rent,,0,0
2026-09-11,c:presidente-hayes:villa-hayes,Villa Hayes,active_sale,,85,85
2026-09-11,c:presidente-hayes:villa-hayes,Villa Hayes,active_rent,,0,0
2026-09-12,c:presidente-hayes:villa-hayes,Villa Hayes,active_sale,,85,85
2026-09-12,c:presidente-hayes:villa-hayes,Villa Hayes,active_rent,,0,0
2026-09-13,c:presidente-hayes:villa-hayes,Villa Hayes,active_sale,,85,85
2026-09-13,c:presidente-hayes:villa-hayes,Villa Hayes,active_rent,,0,0
2026-09-14,c:presidente-hayes:villa-hayes,Villa Hayes,active_sale,,85,85
2026-09-14,c:presidente-hayes:villa-hayes,Villa Hayes,active_rent,,0,0
2026-09-15,c:presidente-hayes:villa-hayes,Villa Hayes,active_sale,,85,85
2026-09-15,c:presidente-hayes:villa-hayes,Villa Hayes,active_rent,,0,0
2026-09-16,c:presidente-hayes:villa-hayes,Villa Hayes,active_sale,,85,85
2026-09-16,c:presidente-hayes:villa-hayes,Villa Hayes,active_rent,,0,0
2026-09-17,c:presidente-hayes:villa-hayes,Villa Hayes,active_sale,,86,86
2026-09-17,c:presidente-hayes:villa-hayes,Villa Hayes,active_rent,,0,0
2026-09-18,c:presidente-hayes:villa-hayes,Villa Hayes,active_sale,,86,86
2026-09-18,c:presidente-hayes:villa-hayes,Villa Hayes,active_rent,,0,0
2026-09-19,c:presidente-hayes:villa-hayes,Villa Hayes,active_sale,,86,86
2026-09-19,c:presidente-hayes:villa-hayes,Villa Hayes,active_rent,,0,0
2026-09-20,c:presidente-hayes:villa-hayes,Villa Hayes,active_sale,,84,84
2026-09-20,c:presidente-hayes:villa-hayes,Villa Hayes,active_rent,,0,0
2026-09-21,c:presidente-hayes:villa-hayes,Villa Hayes,active_sale,,84,84
2026-09-21,c:presidente-hayes:villa-hayes,Villa Hayes,active_rent,,0,0
2026-09-22,c:presidente-hayes:villa-hayes,Villa Hayes,active_sale,,84,84
2026-09-22,c:presidente-hayes:villa-hayes,Villa Hayes,active_rent,,0,0
2026-09-23,c:presidente-hayes:villa-hayes,Villa Hayes,active_sale,,84,84
2026-09-23,c:presidente-hayes:villa-hayes,Villa Hayes,active_rent,,0,0
2026-09-24,c:presidente-hayes:villa-hayes,Villa Hayes,active_sale,,84,84
2026-09-24,c:presidente-hayes:villa-hayes,Villa Hayes,active_rent,,0,0
2026-09-25,c:presidente-hayes:villa-hayes,Villa Hayes,active_sale,,84,84
2026-09-25,c:presidente-hayes:villa-hayes,Villa Hayes,active_rent,,0,0
2026-09-26,c:presidente-hayes:villa-hayes,Villa Hayes,active_sale,,84,84
2026-09-26,c:presidente-hayes:villa-hayes,Villa Hayes,active_rent,,0,0
2026-09-27,c:presidente-hayes:villa-hayes,Villa Hayes,active_sale,,84,84
2026-09-27,c:presidente-hayes:villa-hayes,Villa Hayes,active_rent,,0,0
2026-09-28,c:presidente-hayes:villa-hayes,Villa Hayes,active_sale,,84,84
2026-09-28,c:presidente-hayes:villa-hayes,Villa Hayes,active_rent,,0,0
2026-10-01,c:presidente-hayes:villa-hayes,Villa Hayes,active_sale,,84,84
2026-10-01,c:presidente-hayes:villa-hayes,Villa Hayes,active_rent,,0,0
2026-09-02,d:paraguari,Paraguarí,active_sale,,97,97
2026-09-02,d:paraguari,Paraguarí,active_rent,,2,2
2026-09-03,d:paraguari,Paraguarí,active_sale,,96,96
2026-09-03,d:paraguari,Paraguarí,active_rent,,2,2
2026-09-04,d:paraguari,Paraguarí,active_sale,,96,96
2026-09-04,d:paraguari,Paraguarí,active_rent,,2,2
2026-09-05,d:paraguari,Paraguarí,active_sale,,95,95
2026-09-05,d:paraguari,Paraguarí,active_rent,,2,2
2026-09-06,d:paraguari,Paraguarí,active_sale,,95,95
2026-09-06,d:paraguari,Paraguarí,active_rent,,2,2
2026-09-07,d:paraguari,Paraguarí,active_sale,,95,95
2026-09-07,d:paraguari,Paraguarí,active_rent,,2,2
2026-09-08,d:paraguari,Paraguarí,active_sale,,96,96
2026-09-08,d:paraguari,Paraguarí,active_rent,,3,3
2026-09-09,d:paraguari,Paraguarí,active_sale,,96,96
2026-09-09,d:paraguari,Paraguarí,active_rent,,3,3
2026-09-10,d:paraguari,Paraguarí,active_sale,,95,95
2026-09-10,d:paraguari,Paraguarí,active_rent,,3,3
2026-09-11,d:paraguari,Paraguarí,active_sale,,95,95
2026-09-11,d:paraguari,Paraguarí,active_rent,,3,3
2026-09-12,d:paraguari,Paraguarí,active_sale,,95,95
2026-09-12,d:paraguari,Paraguarí,active_rent,,3,3
2026-09-13,d:paraguari,Paraguarí,active_sale,,95,95
2026-09-13,d:paraguari,Paraguarí,active_rent,,3,3
2026-09-14,d:paraguari,Paraguarí,active_sale,,95,95
2026-09-14,d:paraguari,Paraguarí,active_rent,,3,3
2026-09-15,d:paraguari,Paraguarí,active_sale,,95,95
2026-09-15,d:paraguari,Paraguarí,active_rent,,3,3
2026-09-16,d:paraguari,Paraguarí,active_sale,,98,98
2026-09-16,d:paraguari,Paraguarí,active_rent,,3,3
2026-09-17,d:paraguari,Paraguarí,active_sale,,98,98
2026-09-17,d:paraguari,Paraguarí,active_rent,,3,3
2026-09-18,d:paraguari,Paraguarí,active_sale,,99,99
2026-09-18,d:paraguari,Paraguarí,active_rent,,3,3
2026-09-19,d:paraguari,Paraguarí,active_sale,,99,99
2026-09-19,d:paraguari,Paraguarí,active_rent,,3,3
2026-09-20,d:paraguari,Paraguarí,active_sale,,98,98
2026-09-20,d:paraguari,Paraguarí,active_rent,,3,3
2026-09-21,d:paraguari,Paraguarí,active_sale,,94,94
2026-09-21,d:paraguari,Paraguarí,active_rent,,2,2
2026-09-22,d:paraguari,Paraguarí,active_sale,,94,94
2026-09-22,d:paraguari,Paraguarí,active_rent,,2,2
2026-09-23,d:paraguari,Paraguarí,active_sale,,95,95
2026-09-23,d:paraguari,Paraguarí,active_rent,,2,2
2026-09-24,d:paraguari,Paraguarí,active_sale,,95,95
2026-09-24,d:paraguari,Paraguarí,active_rent,,2,2
2026-09-25,d:paraguari,Paraguarí,active_sale,,95,95
2026-09-25,d:paraguari,Paraguarí,active_rent,,2,2
2026-09-26,d:paraguari,Paraguarí,active_sale,,95,95
2026-09-26,d:paraguari,Paraguarí,active_rent,,2,2
2026-09-27,d:paraguari,Paraguarí,active_sale,,95,95
2026-09-27,d:paraguari,Paraguarí,active_rent,,2,2
2026-09-28,d:paraguari,Paraguarí,active_sale,,95,95
2026-09-28,d:paraguari,Paraguarí,active_rent,,2,2
2026-10-01,d:paraguari,Paraguarí,active_sale,,97,97
2026-10-01,d:paraguari,Paraguarí,active_rent,,2,2
2026-09-02,d:caaguazu,Caaguazú,active_sale,,58,58
2026-09-02,d:caaguazu,Caaguazú,active_rent,,3,3
2026-09-03,d:caaguazu,Caaguazú,active_sale,,58,58
2026-09-03,d:caaguazu,Caaguazú,active_rent,,3,3
2026-09-04,d:caaguazu,Caaguazú,active_sale,,58,58
2026-09-04,d:caaguazu,Caaguazú,active_rent,,3,3
2026-09-05,d:caaguazu,Caaguazú,active_sale,,58,58
2026-09-05,d:caaguazu,Caaguazú,active_rent,,3,3
2026-09-06,d:caaguazu,Caaguazú,active_sale,,58,58
2026-09-06,d:caaguazu,Caaguazú,active_rent,,3,3
2026-09-07,d:caaguazu,Caaguazú,active_sale,,58,58
2026-09-07,d:caaguazu,Caaguazú,active_rent,,3,3
2026-09-08,d:caaguazu,Caaguazú,active_sale,,59,59
2026-09-08,d:caaguazu,Caaguazú,active_rent,,3,3
2026-09-09,d:caaguazu,Caaguazú,active_sale,,59,59
2026-09-09,d:caaguazu,Caaguazú,active_rent,,3,3
2026-09-10,d:caaguazu,Caaguazú,active_sale,,59,59
2026-09-10,d:caaguazu,Caaguazú,active_rent,,3,3
2026-09-11,d:caaguazu,Caaguazú,active_sale,,59,59
2026-09-11,d:caaguazu,Caaguazú,active_rent,,3,3
2026-09-12,d:caaguazu,Caaguazú,active_sale,,59,59
2026-09-12,d:caaguazu,Caaguazú,active_rent,,3,3
2026-09-13,d:caaguazu,Caaguazú,active_sale,,58,58
2026-09-13,d:caaguazu,Caaguazú,active_rent,,3,3
2026-09-14,d:caaguazu,Caaguazú,active_sale,,58,58
2026-09-14,d:caaguazu,Caaguazú,active_rent,,3,3
2026-09-15,d:caaguazu,Caaguazú,active_sale,,59,59
2026-09-15,d:caaguazu,Caaguazú,active_rent,,3,3
2026-09-16,d:caaguazu,Caaguazú,active_sale,,58,58
2026-09-16,d:caaguazu,Caaguazú,active_rent,,3,3
2026-09-17,d:caaguazu,Caaguazú,active_sale,,57,57
2026-09-17,d:caaguazu,Caaguazú,active_rent,,3,3
2026-09-18,d:caaguazu,Caaguazú,active_sale,,57,57
2026-09-18,d:caaguazu,Caaguazú,active_rent,,3,3
2026-09-19,d:caaguazu,Caaguazú,active_sale,,59,59
2026-09-19,d:caaguazu,Caaguazú,active_rent,,3,3
2026-09-20,d:caaguazu,Caaguazú,active_sale,,59,59
2026-09-20,d:caaguazu,Caaguazú,active_rent,,3,3
2026-09-21,d:caaguazu,Caaguazú,active_sale,,59,59
2026-09-21,d:caaguazu,Caaguazú,active_rent,,3,3
2026-09-22,d:caaguazu,Caaguazú,active_sale,,59,59
2026-09-22,d:caaguazu,Caaguazú,active_rent,,2,2
2026-09-23,d:caaguazu,Caaguazú,active_sale,,59,59
2026-09-23,d:caaguazu,Caaguazú,active_rent,,2,2
2026-09-24,d:caaguazu,Caaguazú,active_sale,,59,59
2026-09-24,d:caaguazu,Caaguazú,active_rent,,3,3
2026-09-25,d:caaguazu,Caaguazú,active_sale,,59,59
2026-09-25,d:caaguazu,Caaguazú,active_rent,,3,3
2026-09-26,d:caaguazu,Caaguazú,active_sale,,59,59
2026-09-26,d:caaguazu,Caaguazú,active_rent,,3,3
2026-09-27,d:caaguazu,Caaguazú,active_sale,,60,60
2026-09-27,d:caaguazu,Caaguazú,active_rent,,3,3
2026-09-28,d:caaguazu,Caaguazú,active_sale,,59,59
2026-09-28,d:caaguazu,Caaguazú,active_rent,,3,3
2026-10-01,d:caaguazu,Caaguazú,active_sale,,59,59
2026-10-01,d:caaguazu,Caaguazú,active_rent,,2,2
2026-09-02,d:misiones,Misiones,active_sale,,56,56
2026-09-02,d:misiones,Misiones,active_rent,,3,3
2026-09-03,d:misiones,Misiones,active_sale,,56,56
2026-09-03,d:misiones,Misiones,active_rent,,3,3
2026-09-04,d:misiones,Misiones,active_sale,,56,56
2026-09-04,d:misiones,Misiones,active_rent,,3,3
2026-09-05,d:misiones,Misiones,active_sale,,56,56
2026-09-05,d:misiones,Misiones,active_rent,,3,3
2026-09-06,d:misiones,Misiones,active_sale,,56,56
2026-09-06,d:misiones,Misiones,active_rent,,3,3
2026-09-07,d:misiones,Misiones,active_sale,,56,56
2026-09-07,d:misiones,Misiones,active_rent,,3,3
2026-09-08,d:misiones,Misiones,active_sale,,56,56
2026-09-08,d:misiones,Misiones,active_rent,,3,3
2026-09-09,d:misiones,Misiones,active_sale,,56,56
2026-09-09,d:misiones,Misiones,active_rent,,3,3
2026-09-10,d:misiones,Misiones,active_sale,,56,56
2026-09-10,d:misiones,Misiones,active_rent,,3,3
2026-09-11,d:misiones,Misiones,active_sale,,56,56
2026-09-11,d:misiones,Misiones,active_rent,,3,3
2026-09-12,d:misiones,Misiones,active_sale,,56,56
2026-09-12,d:misiones,Misiones,active_rent,,3,3
2026-09-13,d:misiones,Misiones,active_sale,,56,56
2026-09-13,d:misiones,Misiones,active_rent,,3,3
2026-09-14,d:misiones,Misiones,active_sale,,56,56
2026-09-14,d:misiones,Misiones,active_rent,,3,3
2026-09-15,d:misiones,Misiones,active_sale,,56,56
2026-09-15,d:misiones,Misiones,active_rent,,3,3
2026-09-16,d:misiones,Misiones,active_sale,,56,56
2026-09-16,d:misiones,Misiones,active_rent,,3,3
2026-09-17,d:misiones,Misiones,active_sale,,56,56
2026-09-17,d:misiones,Misiones,active_rent,,3,3
2026-09-18,d:misiones,Misiones,active_sale,,56,56
2026-09-18,d:misiones,Misiones,active_rent,,3,3
2026-09-19,d:misiones,Misiones,active_sale,,56,56
2026-09-19,d:misiones,Misiones,active_rent,,3,3
2026-09-20,d:misiones,Misiones,active_sale,,56,56
2026-09-20,d:misiones,Misiones,active_rent,,3,3
2026-09-21,d:misiones,Misiones,active_sale,,56,56
2026-09-21,d:misiones,Misiones,active_rent,,3,3
2026-09-22,d:misiones,Misiones,active_sale,,56,56
2026-09-22,d:misiones,Misiones,active_rent,,3,3
2026-09-23,d:misiones,Misiones,active_sale,,56,56
2026-09-23,d:misiones,Misiones,active_rent,,3,3
2026-09-24,d:misiones,Misiones,active_sale,,58,58
2026-09-24,d:misiones,Misiones,active_rent,,4,4
2026-09-25,d:misiones,Misiones,active_sale,,58,58
2026-09-25,d:misiones,Misiones,active_rent,,4,4
2026-09-26,d:misiones,Misiones,active_sale,,58,58
2026-09-26,d:misiones,Misiones,active_rent,,4,4
2026-09-27,d:misiones,Misiones,active_sale,,58,58
2026-09-27,d:misiones,Misiones,active_rent,,4,4
2026-09-28,d:misiones,Misiones,active_sale,,58,58
2026-09-28,d:misiones,Misiones,active_rent,,4,4
2026-10-01,d:misiones,Misiones,active_sale,,59,59
2026-10-01,d:misiones,Misiones,active_rent,,3,3
2026-09-02,d:guaira,Guairá,active_sale,,35,35
2026-09-02,d:guaira,Guairá,active_rent,,3,3
2026-09-03,d:guaira,Guairá,active_sale,,35,35
2026-09-03,d:guaira,Guairá,active_rent,,3,3
2026-09-04,d:guaira,Guairá,active_sale,,35,35
2026-09-04,d:guaira,Guairá,active_rent,,3,3
2026-09-05,d:guaira,Guairá,active_sale,,35,35
2026-09-05,d:guaira,Guairá,active_rent,,3,3
2026-09-06,d:guaira,Guairá,active_sale,,35,35
2026-09-06,d:guaira,Guairá,active_rent,,3,3
2026-09-07,d:guaira,Guairá,active_sale,,35,35
2026-09-07,d:guaira,Guairá,active_rent,,3,3
2026-09-08,d:guaira,Guairá,active_sale,,36,36
2026-09-08,d:guaira,Guairá,active_rent,,3,3
2026-09-09,d:guaira,Guairá,active_sale,,36,36
2026-09-09,d:guaira,Guairá,active_rent,,3,3
2026-09-10,d:guaira,Guairá,active_sale,,36,36
2026-09-10,d:guaira,Guairá,active_rent,,3,3
2026-09-11,d:guaira,Guairá,active_sale,,36,36
2026-09-11,d:guaira,Guairá,active_rent,,3,3
2026-09-12,d:guaira,Guairá,active_sale,,35,35
2026-09-12,d:guaira,Guairá,active_rent,,2,2
2026-09-13,d:guaira,Guairá,active_sale,,35,35
2026-09-13,d:guaira,Guairá,active_rent,,2,2
2026-09-14,d:guaira,Guairá,active_sale,,35,35
2026-09-14,d:guaira,Guairá,active_rent,,2,2
2026-09-15,d:guaira,Guairá,active_sale,,35,35
2026-09-15,d:guaira,Guairá,active_rent,,2,2
2026-09-16,d:guaira,Guairá,active_sale,,35,35
2026-09-16,d:guaira,Guairá,active_rent,,2,2
2026-09-17,d:guaira,Guairá,active_sale,,35,35
2026-09-17,d:guaira,Guairá,active_rent,,2,2
2026-09-18,d:guaira,Guairá,active_sale,,35,35
2026-09-18,d:guaira,Guairá,active_rent,,2,2
2026-09-19,d:guaira,Guairá,active_sale,,35,35
2026-09-19,d:guaira,Guairá,active_rent,,2,2
2026-09-20,d:guaira,Guairá,active_sale,,35,35
2026-09-20,d:guaira,Guairá,active_rent,,2,2
2026-09-21,d:guaira,Guairá,active_sale,,35,35
2026-09-21,d:guaira,Guairá,active_rent,,2,2
2026-09-22,d:guaira,Guairá,active_sale,,35,35
2026-09-22,d:guaira,Guairá,active_rent,,2,2
2026-09-23,d:guaira,Guairá,active_sale,,35,35
2026-09-23,d:guaira,Guairá,active_rent,,2,2
2026-09-24,d:guaira,Guairá,active_sale,,36,36
2026-09-24,d:guaira,Guairá,active_rent,,2,2
2026-09-25,d:guaira,Guairá,active_sale,,36,36
2026-09-25,d:guaira,Guairá,active_rent,,2,2
2026-09-26,d:guaira,Guairá,active_sale,,36,36
2026-09-26,d:guaira,Guairá,active_rent,,2,2
2026-09-27,d:guaira,Guairá,active_sale,,36,36
2026-09-27,d:guaira,Guairá,active_rent,,2,2
2026-09-28,d:guaira,Guairá,active_sale,,35,35
2026-09-28,d:guaira,Guairá,active_rent,,2,2
2026-10-01,d:guaira,Guairá,active_sale,,36,36
2026-10-01,d:guaira,Guairá,active_rent,,2,2
2026-09-02,d:san-pedro,San Pedro,active_sale,,30,30
2026-09-02,d:san-pedro,San Pedro,active_rent,,0,0
2026-09-03,d:san-pedro,San Pedro,active_sale,,30,30
2026-09-03,d:san-pedro,San Pedro,active_rent,,0,0
2026-09-04,d:san-pedro,San Pedro,active_sale,,30,30
2026-09-04,d:san-pedro,San Pedro,active_rent,,0,0
2026-09-05,d:san-pedro,San Pedro,active_sale,,30,30
2026-09-05,d:san-pedro,San Pedro,active_rent,,0,0
2026-09-06,d:san-pedro,San Pedro,active_sale,,30,30
2026-09-06,d:san-pedro,San Pedro,active_rent,,0,0
2026-09-07,d:san-pedro,San Pedro,active_sale,,30,30
2026-09-07,d:san-pedro,San Pedro,active_rent,,0,0
2026-09-08,d:san-pedro,San Pedro,active_sale,,30,30
2026-09-08,d:san-pedro,San Pedro,active_rent,,0,0
2026-09-09,d:san-pedro,San Pedro,active_sale,,30,30
2026-09-09,d:san-pedro,San Pedro,active_rent,,0,0
2026-09-10,d:san-pedro,San Pedro,active_sale,,30,30
2026-09-10,d:san-pedro,San Pedro,active_rent,,0,0
2026-09-11,d:san-pedro,San Pedro,active_sale,,30,30
2026-09-11,d:san-pedro,San Pedro,active_rent,,0,0
2026-09-12,d:san-pedro,San Pedro,active_sale,,30,30
2026-09-12,d:san-pedro,San Pedro,active_rent,,0,0
2026-09-13,d:san-pedro,San Pedro,active_sale,,30,30
2026-09-13,d:san-pedro,San Pedro,active_rent,,0,0
2026-09-14,d:san-pedro,San Pedro,active_sale,,30,30
2026-09-14,d:san-pedro,San Pedro,active_rent,,0,0
2026-09-15,d:san-pedro,San Pedro,active_sale,,30,30
2026-09-15,d:san-pedro,San Pedro,active_rent,,0,0
2026-09-16,d:san-pedro,San Pedro,active_sale,,31,31
2026-09-16,d:san-pedro,San Pedro,active_rent,,0,0
2026-09-17,d:san-pedro,San Pedro,active_sale,,30,30
2026-09-17,d:san-pedro,San Pedro,active_rent,,0,0
2026-09-18,d:san-pedro,San Pedro,active_sale,,30,30
2026-09-18,d:san-pedro,San Pedro,active_rent,,0,0
2026-09-19,d:san-pedro,San Pedro,active_sale,,30,30
2026-09-19,d:san-pedro,San Pedro,active_rent,,0,0
2026-09-20,d:san-pedro,San Pedro,active_sale,,30,30
2026-09-20,d:san-pedro,San Pedro,active_rent,,0,0
2026-09-21,d:san-pedro,San Pedro,active_sale,,30,30
2026-09-21,d:san-pedro,San Pedro,active_rent,,0,0
2026-09-22,d:san-pedro,San Pedro,active_sale,,30,30
2026-09-22,d:san-pedro,San Pedro,active_rent,,0,0
2026-09-23,d:san-pedro,San Pedro,active_sale,,30,30
2026-09-23,d:san-pedro,San Pedro,active_rent,,0,0
2026-09-24,d:san-pedro,San Pedro,active_sale,,30,30
2026-09-24,d:san-pedro,San Pedro,active_rent,,0,0
2026-09-25,d:san-pedro,San Pedro,active_sale,,30,30
2026-09-25,d:san-pedro,San Pedro,active_rent,,0,0
2026-09-26,d:san-pedro,San Pedro,active_sale,,30,30
2026-09-26,d:san-pedro,San Pedro,active_rent,,0,0
2026-09-27,d:san-pedro,San Pedro,active_sale,,30,30
2026-09-27,d:san-pedro,San Pedro,active_rent,,0,0
2026-09-28,d:san-pedro,San Pedro,active_sale,,30,30
2026-09-28,d:san-pedro,San Pedro,active_rent,,0,0
2026-10-01,d:san-pedro,San Pedro,active_sale,,30,30
2026-10-01,d:san-pedro,San Pedro,active_rent,,0,0
2026-09-02,d:caazapa,Caazapá,active_sale,,20,20
2026-09-02,d:caazapa,Caazapá,active_rent,,2,2
2026-09-03,d:caazapa,Caazapá,active_sale,,20,20
2026-09-03,d:caazapa,Caazapá,active_rent,,2,2
2026-09-04,d:caazapa,Caazapá,active_sale,,20,20
2026-09-04,d:caazapa,Caazapá,active_rent,,2,2
2026-09-05,d:caazapa,Caazapá,active_sale,,20,20
2026-09-05,d:caazapa,Caazapá,active_rent,,2,2
2026-09-06,d:caazapa,Caazapá,active_sale,,20,20
2026-09-06,d:caazapa,Caazapá,active_rent,,2,2
2026-09-07,d:caazapa,Caazapá,active_sale,,20,20
2026-09-07,d:caazapa,Caazapá,active_rent,,2,2
2026-09-08,d:caazapa,Caazapá,active_sale,,21,21
2026-09-08,d:caazapa,Caazapá,active_rent,,3,3
2026-09-09,d:caazapa,Caazapá,active_sale,,21,21
2026-09-09,d:caazapa,Caazapá,active_rent,,3,3
2026-09-10,d:caazapa,Caazapá,active_sale,,21,21
2026-09-10,d:caazapa,Caazapá,active_rent,,3,3
2026-09-11,d:caazapa,Caazapá,active_sale,,21,21
2026-09-11,d:caazapa,Caazapá,active_rent,,3,3
2026-09-12,d:caazapa,Caazapá,active_sale,,21,21
2026-09-12,d:caazapa,Caazapá,active_rent,,3,3
2026-09-13,d:caazapa,Caazapá,active_sale,,21,21
2026-09-13,d:caazapa,Caazapá,active_rent,,3,3
2026-09-14,d:caazapa,Caazapá,active_sale,,21,21
2026-09-14,d:caazapa,Caazapá,active_rent,,3,3
2026-09-15,d:caazapa,Caazapá,active_sale,,21,21
2026-09-15,d:caazapa,Caazapá,active_rent,,3,3
2026-09-16,d:caazapa,Caazapá,active_sale,,21,21
2026-09-16,d:caazapa,Caazapá,active_rent,,3,3
2026-09-17,d:caazapa,Caazapá,active_sale,,21,21
2026-09-17,d:caazapa,Caazapá,active_rent,,3,3
2026-09-18,d:caazapa,Caazapá,active_sale,,21,21
2026-09-18,d:caazapa,Caazapá,active_rent,,3,3
2026-09-19,d:caazapa,Caazapá,active_sale,,21,21
2026-09-19,d:caazapa,Caazapá,active_rent,,3,3
2026-09-20,d:caazapa,Caazapá,active_sale,,21,21
2026-09-20,d:caazapa,Caazapá,active_rent,,3,3
2026-09-21,d:caazapa,Caazapá,active_sale,,21,21
2026-09-21,d:caazapa,Caazapá,active_rent,,3,3
2026-09-22,d:caazapa,Caazapá,active_sale,,21,21
2026-09-22,d:caazapa,Caazapá,active_rent,,3,3
2026-09-23,d:caazapa,Caazapá,active_sale,,21,21
2026-09-23,d:caazapa,Caazapá,active_rent,,3,3
2026-09-24,d:caazapa,Caazapá,active_sale,,21,21
2026-09-24,d:caazapa,Caazapá,active_rent,,3,3
2026-09-25,d:caazapa,Caazapá,active_sale,,20,20
2026-09-25,d:caazapa,Caazapá,active_rent,,3,3
2026-09-26,d:caazapa,Caazapá,active_sale,,20,20
2026-09-26,d:caazapa,Caazapá,active_rent,,3,3
2026-09-27,d:caazapa,Caazapá,active_sale,,20,20
2026-09-27,d:caazapa,Caazapá,active_rent,,3,3
2026-09-28,d:caazapa,Caazapá,active_sale,,20,20
2026-09-28,d:caazapa,Caazapá,active_rent,,3,3
2026-10-01,d:caazapa,Caazapá,active_sale,,20,20
2026-10-01,d:caazapa,Caazapá,active_rent,,5,5
2026-09-02,d:neembucu,Ñeembucú,active_sale,,17,17
2026-09-02,d:neembucu,Ñeembucú,active_rent,,0,0
2026-09-03,d:neembucu,Ñeembucú,active_sale,,17,17
2026-09-03,d:neembucu,Ñeembucú,active_rent,,0,0
2026-09-04,d:neembucu,Ñeembucú,active_sale,,17,17
2026-09-04,d:neembucu,Ñeembucú,active_rent,,0,0
2026-09-05,d:neembucu,Ñeembucú,active_sale,,17,17
2026-09-05,d:neembucu,Ñeembucú,active_rent,,0,0
2026-09-06,d:neembucu,Ñeembucú,active_sale,,17,17
2026-09-06,d:neembucu,Ñeembucú,active_rent,,0,0
2026-09-07,d:neembucu,Ñeembucú,active_sale,,17,17
2026-09-07,d:neembucu,Ñeembucú,active_rent,,0,0
2026-09-08,d:neembucu,Ñeembucú,active_sale,,17,17
2026-09-08,d:neembucu,Ñeembucú,active_rent,,0,0
2026-09-09,d:neembucu,Ñeembucú,active_sale,,17,17
2026-09-09,d:neembucu,Ñeembucú,active_rent,,0,0
2026-09-10,d:neembucu,Ñeembucú,active_sale,,17,17
2026-09-10,d:neembucu,Ñeembucú,active_rent,,0,0
2026-09-11,d:neembucu,Ñeembucú,active_sale,,17,17
2026-09-11,d:neembucu,Ñeembucú,active_rent,,0,0
2026-09-12,d:neembucu,Ñeembucú,active_sale,,18,18
2026-09-12,d:neembucu,Ñeembucú,active_rent,,0,0
2026-09-13,d:neembucu,Ñeembucú,active_sale,,18,18
2026-09-13,d:neembucu,Ñeembucú,active_rent,,0,0
2026-09-14,d:neembucu,Ñeembucú,active_sale,,18,18
2026-09-14,d:neembucu,Ñeembucú,active_rent,,0,0
2026-09-15,d:neembucu,Ñeembucú,active_sale,,18,18
2026-09-15,d:neembucu,Ñeembucú,active_rent,,0,0
2026-09-16,d:neembucu,Ñeembucú,active_sale,,18,18
2026-09-16,d:neembucu,Ñeembucú,active_rent,,0,0
2026-09-17,d:neembucu,Ñeembucú,active_sale,,18,18
2026-09-17,d:neembucu,Ñeembucú,active_rent,,0,0
2026-09-18,d:neembucu,Ñeembucú,active_sale,,18,18
2026-09-18,d:neembucu,Ñeembucú,active_rent,,0,0
2026-09-19,d:neembucu,Ñeembucú,active_sale,,18,18
2026-09-19,d:neembucu,Ñeembucú,active_rent,,0,0
2026-09-20,d:neembucu,Ñeembucú,active_sale,,18,18
2026-09-20,d:neembucu,Ñeembucú,active_rent,,0,0
2026-09-21,d:neembucu,Ñeembucú,active_sale,,18,18
2026-09-21,d:neembucu,Ñeembucú,active_rent,,0,0
2026-09-22,d:neembucu,Ñeembucú,active_sale,,18,18
2026-09-22,d:neembucu,Ñeembucú,active_rent,,0,0
2026-09-23,d:neembucu,Ñeembucú,active_sale,,18,18
2026-09-23,d:neembucu,Ñeembucú,active_rent,,0,0
2026-09-24,d:neembucu,Ñeembucú,active_sale,,18,18
2026-09-24,d:neembucu,Ñeembucú,active_rent,,0,0
2026-09-25,d:neembucu,Ñeembucú,active_sale,,18,18
2026-09-25,d:neembucu,Ñeembucú,active_rent,,0,0
2026-09-26,d:neembucu,Ñeembucú,active_sale,,18,18
2026-09-26,d:neembucu,Ñeembucú,active_rent,,0,0
2026-09-27,d:neembucu,Ñeembucú,active_sale,,18,18
2026-09-27,d:neembucu,Ñeembucú,active_rent,,0,0
2026-09-28,d:neembucu,Ñeembucú,active_sale,,18,18
2026-09-28,d:neembucu,Ñeembucú,active_rent,,0,0
2026-10-01,d:neembucu,Ñeembucú,active_sale,,18,18
2026-10-01,d:neembucu,Ñeembucú,active_rent,,0,0
2026-09-02,d:concepcion,Concepción,active_sale,,18,18
2026-09-02,d:concepcion,Concepción,active_rent,,0,0
2026-09-03,d:concepcion,Concepción,active_sale,,18,18
2026-09-03,d:concepcion,Concepción,active_rent,,0,0
2026-09-04,d:concepcion,Concepción,active_sale,,18,18
2026-09-04,d:concepcion,Concepción,active_rent,,0,0
2026-09-05,d:concepcion,Concepción,active_sale,,18,18
2026-09-05,d:concepcion,Concepción,active_rent,,0,0
2026-09-06,d:concepcion,Concepción,active_sale,,18,18
2026-09-06,d:concepcion,Concepción,active_rent,,0,0
2026-09-07,d:concepcion,Concepción,active_sale,,18,18
2026-09-07,d:concepcion,Concepción,active_rent,,0,0
2026-09-08,d:concepcion,Concepción,active_sale,,18,18
2026-09-08,d:concepcion,Concepción,active_rent,,0,0
2026-09-09,d:concepcion,Concepción,active_sale,,18,18
2026-09-09,d:concepcion,Concepción,active_rent,,0,0
2026-09-10,d:concepcion,Concepción,active_sale,,18,18
2026-09-10,d:concepcion,Concepción,active_rent,,0,0
2026-09-11,d:concepcion,Concepción,active_sale,,18,18
2026-09-11,d:concepcion,Concepción,active_rent,,0,0
2026-09-12,d:concepcion,Concepción,active_sale,,18,18
2026-09-12,d:concepcion,Concepción,active_rent,,0,0
2026-09-13,d:concepcion,Concepción,active_sale,,18,18
2026-09-13,d:concepcion,Concepción,active_rent,,0,0
2026-09-14,d:concepcion,Concepción,active_sale,,18,18
2026-09-14,d:concepcion,Concepción,active_rent,,0,0
2026-09-15,d:concepcion,Concepción,active_sale,,19,19
2026-09-15,d:concepcion,Concepción,active_rent,,0,0
2026-09-16,d:concepcion,Concepción,active_sale,,19,19
2026-09-16,d:concepcion,Concepción,active_rent,,0,0
2026-09-17,d:concepcion,Concepción,active_sale,,19,19
2026-09-17,d:concepcion,Concepción,active_rent,,0,0
2026-09-18,d:concepcion,Concepción,active_sale,,19,19
2026-09-18,d:concepcion,Concepción,active_rent,,0,0
2026-09-19,d:concepcion,Concepción,active_sale,,19,19
2026-09-19,d:concepcion,Concepción,active_rent,,0,0
2026-09-20,d:concepcion,Concepción,active_sale,,19,19
2026-09-20,d:concepcion,Concepción,active_rent,,0,0
2026-09-21,d:concepcion,Concepción,active_sale,,19,19
2026-09-21,d:concepcion,Concepción,active_rent,,0,0
2026-09-22,d:concepcion,Concepción,active_sale,,19,19
2026-09-22,d:concepcion,Concepción,active_rent,,0,0
2026-09-23,d:concepcion,Concepción,active_sale,,19,19
2026-09-23,d:concepcion,Concepción,active_rent,,0,0
2026-09-24,d:concepcion,Concepción,active_sale,,19,19
2026-09-24,d:concepcion,Concepción,active_rent,,0,0
2026-09-25,d:concepcion,Concepción,active_sale,,19,19
2026-09-25,d:concepcion,Concepción,active_rent,,0,0
2026-09-26,d:concepcion,Concepción,active_sale,,19,19
2026-09-26,d:concepcion,Concepción,active_rent,,0,0
2026-09-27,d:concepcion,Concepción,active_sale,,19,19
2026-09-27,d:concepcion,Concepción,active_rent,,0,0
2026-09-28,d:concepcion,Concepción,active_sale,,19,19
2026-09-28,d:concepcion,Concepción,active_rent,,0,0
2026-10-01,d:concepcion,Concepción,active_sale,,18,18
2026-10-01,d:concepcion,Concepción,active_rent,,0,0
2026-09-02,d:canindeyu,Canindeyú,active_sale,,14,14
2026-09-02,d:canindeyu,Canindeyú,active_rent,,1,1
2026-09-03,d:canindeyu,Canindeyú,active_sale,,14,14
2026-09-03,d:canindeyu,Canindeyú,active_rent,,1,1
2026-09-04,d:canindeyu,Canindeyú,active_sale,,14,14
2026-09-04,d:canindeyu,Canindeyú,active_rent,,1,1
2026-09-05,d:canindeyu,Canindeyú,active_sale,,14,14
2026-09-05,d:canindeyu,Canindeyú,active_rent,,1,1
2026-09-06,d:canindeyu,Canindeyú,active_sale,,14,14
2026-09-06,d:canindeyu,Canindeyú,active_rent,,1,1
2026-09-07,d:canindeyu,Canindeyú,active_sale,,14,14
2026-09-07,d:canindeyu,Canindeyú,active_rent,,1,1
2026-09-08,d:canindeyu,Canindeyú,active_sale,,14,14
2026-09-08,d:canindeyu,Canindeyú,active_rent,,1,1
2026-09-09,d:canindeyu,Canindeyú,active_sale,,14,14
2026-09-09,d:canindeyu,Canindeyú,active_rent,,1,1
2026-09-10,d:canindeyu,Canindeyú,active_sale,,14,14
2026-09-10,d:canindeyu,Canindeyú,active_rent,,1,1
2026-09-11,d:canindeyu,Canindeyú,active_sale,,14,14
2026-09-11,d:canindeyu,Canindeyú,active_rent,,1,1
2026-09-12,d:canindeyu,Canindeyú,active_sale,,15,15
2026-09-12,d:canindeyu,Canindeyú,active_rent,,1,1
2026-09-13,d:canindeyu,Canindeyú,active_sale,,15,15
2026-09-13,d:canindeyu,Canindeyú,active_rent,,1,1
2026-09-14,d:canindeyu,Canindeyú,active_sale,,15,15
2026-09-14,d:canindeyu,Canindeyú,active_rent,,1,1
2026-09-15,d:canindeyu,Canindeyú,active_sale,,15,15
2026-09-15,d:canindeyu,Canindeyú,active_rent,,1,1
2026-09-16,d:canindeyu,Canindeyú,active_sale,,15,15
2026-09-16,d:canindeyu,Canindeyú,active_rent,,1,1
2026-09-17,d:canindeyu,Canindeyú,active_sale,,16,16
2026-09-17,d:canindeyu,Canindeyú,active_rent,,1,1
2026-09-18,d:canindeyu,Canindeyú,active_sale,,16,16
2026-09-18,d:canindeyu,Canindeyú,active_rent,,1,1
2026-09-19,d:canindeyu,Canindeyú,active_sale,,16,16
2026-09-19,d:canindeyu,Canindeyú,active_rent,,1,1
2026-09-20,d:canindeyu,Canindeyú,active_sale,,16,16
2026-09-20,d:canindeyu,Canindeyú,active_rent,,1,1
2026-09-21,d:canindeyu,Canindeyú,active_sale,,16,16
2026-09-21,d:canindeyu,Canindeyú,active_rent,,1,1
2026-09-22,d:canindeyu,Canindeyú,active_sale,,16,16
2026-09-22,d:canindeyu,Canindeyú,active_rent,,1,1
2026-09-23,d:canindeyu,Canindeyú,active_sale,,16,16
2026-09-23,d:canindeyu,Canindeyú,active_rent,,1,1
2026-09-24,d:canindeyu,Canindeyú,active_sale,,17,17
2026-09-24,d:canindeyu,Canindeyú,active_rent,,1,1
2026-09-25,d:canindeyu,Canindeyú,active_sale,,17,17
2026-09-25,d:canindeyu,Canindeyú,active_rent,,1,1
2026-09-26,d:canindeyu,Canindeyú,active_sale,,17,17
2026-09-26,d:canindeyu,Canindeyú,active_rent,,1,1
2026-09-27,d:canindeyu,Canindeyú,active_sale,,17,17
2026-09-27,d:canindeyu,Canindeyú,active_rent,,1,1
2026-09-28,d:canindeyu,Canindeyú,active_sale,,17,17
2026-09-28,d:canindeyu,Canindeyú,active_rent,,1,1
2026-10-01,d:canindeyu,Canindeyú,active_sale,,19,19
2026-10-01,d:canindeyu,Canindeyú,active_rent,,1,1
2026-09-02,d:amambay,Amambay,active_sale,,13,13
2026-09-02,d:amambay,Amambay,active_rent,,0,0
2026-09-03,d:amambay,Amambay,active_sale,,13,13
2026-09-03,d:amambay,Amambay,active_rent,,0,0
2026-09-04,d:amambay,Amambay,active_sale,,12,12
2026-09-04,d:amambay,Amambay,active_rent,,0,0
2026-09-05,d:amambay,Amambay,active_sale,,12,12
2026-09-05,d:amambay,Amambay,active_rent,,0,0
2026-09-06,d:amambay,Amambay,active_sale,,12,12
2026-09-06,d:amambay,Amambay,active_rent,,0,0
2026-09-07,d:amambay,Amambay,active_sale,,12,12
2026-09-07,d:amambay,Amambay,active_rent,,0,0
2026-09-08,d:amambay,Amambay,active_sale,,12,12
2026-09-08,d:amambay,Amambay,active_rent,,0,0
2026-09-09,d:amambay,Amambay,active_sale,,12,12
2026-09-09,d:amambay,Amambay,active_rent,,0,0
2026-09-10,d:amambay,Amambay,active_sale,,12,12
2026-09-10,d:amambay,Amambay,active_rent,,0,0
2026-09-11,d:amambay,Amambay,active_sale,,12,12
2026-09-11,d:amambay,Amambay,active_rent,,0,0
2026-09-12,d:amambay,Amambay,active_sale,,12,12
2026-09-12,d:amambay,Amambay,active_rent,,0,0
2026-09-13,d:amambay,Amambay,active_sale,,12,12
2026-09-13,d:amambay,Amambay,active_rent,,0,0
2026-09-14,d:amambay,Amambay,active_sale,,11,11
2026-09-14,d:amambay,Amambay,active_rent,,0,0
2026-09-15,d:amambay,Amambay,active_sale,,11,11
2026-09-15,d:amambay,Amambay,active_rent,,0,0
2026-09-16,d:amambay,Amambay,active_sale,,11,11
2026-09-16,d:amambay,Amambay,active_rent,,0,0
2026-09-17,d:amambay,Amambay,active_sale,,11,11
2026-09-17,d:amambay,Amambay,active_rent,,0,0
2026-09-18,d:amambay,Amambay,active_sale,,11,11
2026-09-18,d:amambay,Amambay,active_rent,,0,0
2026-09-19,d:amambay,Amambay,active_sale,,11,11
2026-09-19,d:amambay,Amambay,active_rent,,0,0
2026-09-20,d:amambay,Amambay,active_sale,,11,11
2026-09-20,d:amambay,Amambay,active_rent,,0,0
2026-09-21,d:amambay,Amambay,active_sale,,11,11
2026-09-21,d:amambay,Amambay,active_rent,,0,0
2026-09-22,d:amambay,Amambay,active_sale,,11,11
2026-09-22,d:amambay,Amambay,active_rent,,0,0
2026-09-23,d:amambay,Amambay,active_sale,,11,11
2026-09-23,d:amambay,Amambay,active_rent,,0,0
2026-09-24,d:amambay,Amambay,active_sale,,11,11
2026-09-24,d:amambay,Amambay,active_rent,,0,0
2026-09-25,d:amambay,Amambay,active_sale,,12,12
2026-09-25,d:amambay,Amambay,active_rent,,0,0
2026-09-26,d:amambay,Amambay,active_sale,,12,12
2026-09-26,d:amambay,Amambay,active_rent,,0,0
2026-09-27,d:amambay,Amambay,active_sale,,12,12
2026-09-27,d:amambay,Amambay,active_rent,,0,0
2026-09-28,d:amambay,Amambay,active_sale,,12,12
2026-09-28,d:amambay,Amambay,active_rent,,0,0
2026-10-01,d:amambay,Amambay,active_sale,,13,13
2026-10-01,d:amambay,Amambay,active_rent,,0,0
2026-09-02,d:alto-paraguay,Alto Paraguay,active_sale,,9,9
2026-09-02,d:alto-paraguay,Alto Paraguay,active_rent,,0,0
2026-09-03,d:alto-paraguay,Alto Paraguay,active_sale,,9,9
2026-09-03,d:alto-paraguay,Alto Paraguay,active_rent,,0,0
2026-09-04,d:alto-paraguay,Alto Paraguay,active_sale,,9,9
2026-09-04,d:alto-paraguay,Alto Paraguay,active_rent,,0,0
2026-09-05,d:alto-paraguay,Alto Paraguay,active_sale,,9,9
2026-09-05,d:alto-paraguay,Alto Paraguay,active_rent,,0,0
2026-09-06,d:alto-paraguay,Alto Paraguay,active_sale,,9,9
2026-09-06,d:alto-paraguay,Alto Paraguay,active_rent,,0,0
2026-09-07,d:alto-paraguay,Alto Paraguay,active_sale,,9,9
2026-09-07,d:alto-paraguay,Alto Paraguay,active_rent,,0,0
2026-09-08,d:alto-paraguay,Alto Paraguay,active_sale,,9,9
2026-09-08,d:alto-paraguay,Alto Paraguay,active_rent,,0,0
2026-09-09,d:alto-paraguay,Alto Paraguay,active_sale,,9,9
2026-09-09,d:alto-paraguay,Alto Paraguay,active_rent,,0,0
2026-09-10,d:alto-paraguay,Alto Paraguay,active_sale,,9,9
2026-09-10,d:alto-paraguay,Alto Paraguay,active_rent,,0,0
2026-09-11,d:alto-paraguay,Alto Paraguay,active_sale,,9,9
2026-09-11,d:alto-paraguay,Alto Paraguay,active_rent,,0,0
2026-09-12,d:alto-paraguay,Alto Paraguay,active_sale,,9,9
2026-09-12,d:alto-paraguay,Alto Paraguay,active_rent,,0,0
2026-09-13,d:alto-paraguay,Alto Paraguay,active_sale,,9,9
2026-09-13,d:alto-paraguay,Alto Paraguay,active_rent,,0,0
2026-09-14,d:alto-paraguay,Alto Paraguay,active_sale,,9,9
2026-09-14,d:alto-paraguay,Alto Paraguay,active_rent,,0,0
2026-09-15,d:alto-paraguay,Alto Paraguay,active_sale,,9,9
2026-09-15,d:alto-paraguay,Alto Paraguay,active_rent,,0,0
2026-09-16,d:alto-paraguay,Alto Paraguay,active_sale,,9,9
2026-09-16,d:alto-paraguay,Alto Paraguay,active_rent,,0,0
2026-09-17,d:alto-paraguay,Alto Paraguay,active_sale,,9,9
2026-09-17,d:alto-paraguay,Alto Paraguay,active_rent,,0,0
2026-09-18,d:alto-paraguay,Alto Paraguay,active_sale,,9,9
2026-09-18,d:alto-paraguay,Alto Paraguay,active_rent,,0,0
2026-09-19,d:alto-paraguay,Alto Paraguay,active_sale,,9,9
2026-09-19,d:alto-paraguay,Alto Paraguay,active_rent,,0,0
2026-09-20,d:alto-paraguay,Alto Paraguay,active_sale,,9,9
2026-09-20,d:alto-paraguay,Alto Paraguay,active_rent,,0,0
2026-09-21,d:alto-paraguay,Alto Paraguay,active_sale,,9,9
2026-09-21,d:alto-paraguay,Alto Paraguay,active_rent,,0,0
2026-09-22,d:alto-paraguay,Alto Paraguay,active_sale,,9,9
2026-09-22,d:alto-paraguay,Alto Paraguay,active_rent,,0,0
2026-09-23,d:alto-paraguay,Alto Paraguay,active_sale,,9,9
2026-09-23,d:alto-paraguay,Alto Paraguay,active_rent,,0,0
2026-09-24,d:alto-paraguay,Alto Paraguay,active_sale,,9,9
2026-09-24,d:alto-paraguay,Alto Paraguay,active_rent,,0,0
2026-09-25,d:alto-paraguay,Alto Paraguay,active_sale,,9,9
2026-09-25,d:alto-paraguay,Alto Paraguay,active_rent,,0,0
2026-09-26,d:alto-paraguay,Alto Paraguay,active_sale,,9,9
2026-09-26,d:alto-paraguay,Alto Paraguay,active_rent,,0,0
2026-09-27,d:alto-paraguay,Alto Paraguay,active_sale,,9,9
2026-09-27,d:alto-paraguay,Alto Paraguay,active_rent,,0,0
2026-09-28,d:alto-paraguay,Alto Paraguay,active_sale,,9,9
2026-09-28,d:alto-paraguay,Alto Paraguay,active_rent,,0,0
2026-10-01,d:alto-paraguay,Alto Paraguay,active_sale,,8,8
2026-10-01,d:alto-paraguay,Alto Paraguay,active_rent,,0,0
