date,market_id,market,metric,property_kind,value,n,median_sources
2026-09-23,py,Paraguay,active_sale,,27676,27676,remax uprop cb psir prestige
2026-09-23,py,Paraguay,active_rent,,8666,8666,remax uprop cb psir prestige
2026-09-23,py,Paraguay,asking_price_usd,casa,126541,4608,remax uprop cb psir prestige
2026-09-23,py,Paraguay,asking_price_usd,departamento,101612,2968,remax uprop cb psir prestige
2026-09-23,py,Paraguay,asking_price_usd,duplex,122499,272,remax uprop cb psir prestige
2026-09-23,py,Paraguay,asking_price_usd,terreno,65801,6088,remax uprop cb psir prestige
2026-09-23,py,Paraguay,asking_usd_per_m2_built,casa,771,3411,remax uprop cb psir prestige
2026-09-23,py,Paraguay,asking_usd_per_m2_built,departamento,1713,1002,remax uprop cb psir prestige
2026-09-23,py,Paraguay,asking_rent_usd_month,departamento,750,595,remax uprop cb psir prestige
2026-09-23,py,Paraguay,asking_rent_usd_month,casa,1012,325,remax uprop cb psir prestige
2026-09-23,d:asuncion,Asunción,active_sale,,10837,10837,remax uprop cb psir prestige
2026-09-23,d:asuncion,Asunción,active_rent,,7520,7520,remax uprop cb psir prestige
2026-09-23,d:asuncion,Asunción,asking_price_usd,casa,219500,1064,remax uprop cb psir prestige
2026-09-23,d:asuncion,Asunción,asking_price_usd,departamento,113014,2192,remax uprop cb psir prestige
2026-09-23,d:asuncion,Asunción,asking_price_usd,duplex,190233,36,remax uprop cb psir prestige
2026-09-23,d:asuncion,Asunción,asking_price_usd,terreno,219337,846,remax uprop cb psir prestige
2026-09-23,d:asuncion,Asunción,asking_usd_per_m2_built,casa,942,709,remax uprop cb psir prestige
2026-09-23,d:asuncion,Asunción,asking_usd_per_m2_built,departamento,1795,796,remax uprop cb psir prestige
2026-09-23,d:asuncion,Asunción,asking_rent_usd_month,departamento,903,361,remax uprop cb psir prestige
2026-09-23,d:asuncion,Asunción,asking_rent_usd_month,casa,1603,95,remax uprop cb psir prestige
2026-09-23,d:central,Central,active_sale,,12416,12416,remax uprop cb psir prestige
2026-09-23,d:central,Central,active_rent,,812,812,remax uprop cb psir prestige
2026-09-23,d:central,Central,asking_price_usd,casa,100795,2635,remax uprop cb psir prestige
2026-09-23,d:central,Central,asking_price_usd,departamento,75852,553,remax uprop cb psir prestige
2026-09-23,d:central,Central,asking_price_usd,duplex,116249,204,remax uprop cb psir prestige
2026-09-23,d:central,Central,asking_price_usd,terreno,62427,2641,remax uprop cb psir prestige
2026-09-23,d:central,Central,asking_usd_per_m2_built,casa,728,1948,remax uprop cb psir prestige
2026-09-23,d:central,Central,asking_usd_per_m2_built,departamento,1225,141,remax uprop cb psir prestige
2026-09-23,d:central,Central,asking_rent_usd_month,departamento,591,183,remax uprop cb psir prestige
2026-09-23,d:central,Central,asking_rent_usd_month,casa,675,138,remax uprop cb psir prestige
2026-09-23,c:central:luque,Luque,active_sale,,2285,2285,remax uprop cb psir prestige
2026-09-23,c:central:luque,Luque,active_rent,,187,187,remax uprop cb psir prestige
2026-09-23,c:central:luque,Luque,asking_price_usd,casa,96171,719,remax uprop cb psir prestige
2026-09-23,c:central:luque,Luque,asking_price_usd,departamento,79356,232,remax uprop cb psir prestige
2026-09-23,c:central:luque,Luque,asking_price_usd,duplex,126541,67,remax uprop cb psir prestige
2026-09-23,c:central:luque,Luque,asking_price_usd,terreno,84680,526,remax uprop cb psir prestige
2026-09-23,c:central:luque,Luque,asking_usd_per_m2_built,casa,865,521,remax uprop cb psir prestige
2026-09-23,c:central:luque,Luque,asking_usd_per_m2_built,departamento,1227,49,remax uprop cb psir prestige
2026-09-23,c:central:luque,Luque,asking_rent_usd_month,departamento,641,66,remax uprop cb psir prestige
2026-09-23,c:central:luque,Luque,asking_rent_usd_month,casa,675,41,remax uprop cb psir prestige
2026-09-23,c:central:san-lorenzo,San Lorenzo,active_sale,,1037,1037,remax uprop cb psir prestige
2026-09-23,c:central:san-lorenzo,San Lorenzo,active_rent,,155,155,remax uprop cb psir prestige
2026-09-23,c:central:san-lorenzo,San Lorenzo,asking_price_usd,casa,118104,340,remax uprop cb psir prestige
2026-09-23,c:central:san-lorenzo,San Lorenzo,asking_price_usd,departamento,37000,40,remax uprop cb psir prestige
2026-09-23,c:central:san-lorenzo,San Lorenzo,asking_price_usd,duplex,120551,36,remax uprop cb psir prestige
2026-09-23,c:central:san-lorenzo,San Lorenzo,asking_price_usd,terreno,82673,221,remax uprop cb psir prestige
2026-09-23,c:central:san-lorenzo,San Lorenzo,asking_usd_per_m2_built,casa,724,244,remax uprop cb psir prestige
2026-09-23,c:central:san-lorenzo,San Lorenzo,asking_rent_usd_month,departamento,384,28,remax uprop cb psir prestige
2026-09-23,c:central:lambare,Lambaré,active_sale,,994,994,remax uprop cb psir prestige
2026-09-23,c:central:lambare,Lambaré,active_rent,,111,111,remax uprop cb psir prestige
2026-09-23,c:central:lambare,Lambaré,asking_price_usd,casa,151849,295,remax uprop cb psir prestige
2026-09-23,c:central:lambare,Lambaré,asking_price_usd,departamento,84360,64,remax uprop cb psir prestige
2026-09-23,c:central:lambare,Lambaré,asking_price_usd,duplex,117767,31,remax uprop cb psir prestige
2026-09-23,c:central:lambare,Lambaré,asking_price_usd,terreno,89259,176,remax uprop cb psir prestige
2026-09-23,c:central:lambare,Lambaré,asking_usd_per_m2_built,casa,712,218,remax uprop cb psir prestige
2026-09-23,c:central:lambare,Lambaré,asking_rent_usd_month,departamento,591,32,remax uprop cb psir prestige
2026-09-23,c:central:capiata,Capiatá,active_sale,,876,876,remax uprop cb psir prestige
2026-09-23,c:central:capiata,Capiatá,active_rent,,33,33,remax uprop cb psir prestige
2026-09-23,c:central:capiata,Capiatá,asking_price_usd,casa,60908,207,remax uprop cb psir prestige
2026-09-23,c:central:capiata,Capiatá,asking_price_usd,terreno,37119,149,remax uprop cb psir prestige
2026-09-23,c:central:capiata,Capiatá,asking_usd_per_m2_built,casa,598,160,remax uprop cb psir prestige
2026-09-23,c:central:fernando-de-la-mora,Fernando de la Mora,active_sale,,845,845,remax uprop cb psir prestige
2026-09-23,c:central:fernando-de-la-mora,Fernando de la Mora,active_rent,,151,151,remax uprop cb psir prestige
2026-09-23,c:central:fernando-de-la-mora,Fernando de la Mora,asking_price_usd,casa,160285,225,remax uprop cb psir prestige
2026-09-23,c:central:fernando-de-la-mora,Fernando de la Mora,asking_price_usd,departamento,69750,108,remax uprop cb psir prestige
2026-09-23,c:central:fernando-de-la-mora,Fernando de la Mora,asking_price_usd,terreno,139195,138,remax uprop cb psir prestige
2026-09-23,c:central:fernando-de-la-mora,Fernando de la Mora,asking_usd_per_m2_built,casa,824,163,remax uprop cb psir prestige
2026-09-23,c:central:fernando-de-la-mora,Fernando de la Mora,asking_usd_per_m2_built,departamento,1151,36,remax uprop cb psir prestige
2026-09-23,c:central:fernando-de-la-mora,Fernando de la Mora,asking_rent_usd_month,departamento,591,38,remax uprop cb psir prestige
2026-09-23,c:central:fernando-de-la-mora,Fernando de la Mora,asking_rent_usd_month,casa,928,24,remax uprop cb psir prestige
2026-09-23,c:central:nemby,Ñemby,active_sale,,791,791,remax uprop cb psir prestige
2026-09-23,c:central:nemby,Ñemby,active_rent,,36,36,remax uprop cb psir prestige
2026-09-23,c:central:nemby,Ñemby,asking_price_usd,casa,73394,154,remax uprop cb psir prestige
2026-09-23,c:central:nemby,Ñemby,asking_price_usd,terreno,59052,131,remax uprop cb psir prestige
2026-09-23,c:central:nemby,Ñemby,asking_usd_per_m2_built,casa,658,130,remax uprop cb psir prestige
2026-09-23,c:central:villa-elisa,Villa Elisa,active_sale,,660,660,remax uprop cb psir prestige
2026-09-23,c:central:villa-elisa,Villa Elisa,active_rent,,17,17,remax uprop cb psir prestige
2026-09-23,c:central:villa-elisa,Villa Elisa,asking_price_usd,casa,92796,117,remax uprop cb psir prestige
2026-09-23,c:central:villa-elisa,Villa Elisa,asking_price_usd,terreno,59052,72,remax uprop cb psir prestige
2026-09-23,c:central:villa-elisa,Villa Elisa,asking_usd_per_m2_built,casa,733,76,remax uprop cb psir prestige
2026-09-23,c:central:mariano-roque-alonso,Mariano Roque Alonso,active_sale,,606,606,remax uprop cb psir prestige
2026-09-23,c:central:mariano-roque-alonso,Mariano Roque Alonso,active_rent,,41,41,remax uprop cb psir prestige
2026-09-23,c:central:mariano-roque-alonso,Mariano Roque Alonso,asking_price_usd,casa,123166,117,remax uprop cb psir prestige
2026-09-23,c:central:mariano-roque-alonso,Mariano Roque Alonso,asking_price_usd,departamento,63000,54,remax uprop cb psir prestige
2026-09-23,c:central:mariano-roque-alonso,Mariano Roque Alonso,asking_price_usd,terreno,94729,174,remax uprop cb psir prestige
2026-09-23,c:central:mariano-roque-alonso,Mariano Roque Alonso,asking_usd_per_m2_built,casa,676,86,remax uprop cb psir prestige
2026-09-23,c:central:itaugua,Itauguá,active_sale,,589,589,remax uprop cb psir prestige
2026-09-23,c:central:itaugua,Itauguá,active_rent,,22,22,remax uprop cb psir prestige
2026-09-23,c:central:itaugua,Itauguá,asking_price_usd,casa,61161,74,remax uprop cb psir prestige
2026-09-23,c:central:itaugua,Itauguá,asking_price_usd,terreno,23621,161,remax uprop cb psir prestige
2026-09-23,c:central:itaugua,Itauguá,asking_usd_per_m2_built,casa,603,68,remax uprop cb psir prestige
2026-09-23,c:central:aregua,Areguá,active_sale,,574,574,remax uprop cb psir prestige
2026-09-23,c:central:aregua,Areguá,active_rent,,13,13,remax uprop cb psir prestige
2026-09-23,c:central:aregua,Areguá,asking_price_usd,casa,84360,85,remax uprop cb psir prestige
2026-09-23,c:central:aregua,Areguá,asking_price_usd,terreno,28683,151,remax uprop cb psir prestige
2026-09-23,c:central:aregua,Areguá,asking_usd_per_m2_built,casa,638,64,remax uprop cb psir prestige
2026-09-23,c:central:limpio,Limpio,active_sale,,567,567,remax uprop cb psir prestige
2026-09-23,c:central:limpio,Limpio,active_rent,,11,11,remax uprop cb psir prestige
2026-09-23,c:central:limpio,Limpio,asking_price_usd,casa,56521,132,remax uprop cb psir prestige
2026-09-23,c:central:limpio,Limpio,asking_price_usd,terreno,35094,182,remax uprop cb psir prestige
2026-09-23,c:central:limpio,Limpio,asking_usd_per_m2_built,casa,698,98,remax uprop cb psir prestige
2026-09-23,c:central:ypane,Ypané,active_sale,,478,478,remax uprop cb psir prestige
2026-09-23,c:central:ypane,Ypané,active_rent,,7,7,remax uprop cb psir prestige
2026-09-23,c:central:ypane,Ypané,asking_price_usd,casa,47242,39,remax uprop cb psir prestige
2026-09-23,c:central:ypane,Ypané,asking_price_usd,terreno,32694,146,remax uprop cb psir prestige
2026-09-23,c:central:ypane,Ypané,asking_usd_per_m2_built,casa,485,29,remax uprop cb psir prestige
2026-09-23,c:central:ypacarai,Ypacaraí,active_sale,,448,448,remax uprop cb psir prestige
2026-09-23,c:central:ypacarai,Ypacaraí,active_rent,,3,3,remax uprop cb psir prestige
2026-09-23,c:central:ypacarai,Ypacaraí,asking_price_usd,casa,92796,28,remax uprop cb psir prestige
2026-09-23,c:central:ypacarai,Ypacaraí,asking_price_usd,terreno,50616,155,remax uprop cb psir prestige
2026-09-23,c:central:ypacarai,Ypacaraí,asking_usd_per_m2_built,casa,562,27,remax uprop cb psir prestige
2026-09-23,c:central:san-antonio,San Antonio,active_sale,,340,340,remax uprop cb psir prestige
2026-09-23,c:central:san-antonio,San Antonio,active_rent,,6,6,remax uprop cb psir prestige
2026-09-23,c:central:san-antonio,San Antonio,asking_price_usd,casa,61161,22,remax uprop cb psir prestige
2026-09-23,c:central:san-antonio,San Antonio,asking_price_usd,terreno,70863,41,remax uprop cb psir prestige
2026-09-23,c:central:villeta,Villeta,active_sale,,323,323,remax uprop cb psir prestige
2026-09-23,c:central:villeta,Villeta,active_rent,,5,5,remax uprop cb psir prestige
2026-09-23,c:central:villeta,Villeta,asking_price_usd,casa,62427,25,remax uprop cb psir prestige
2026-09-23,c:central:villeta,Villeta,asking_price_usd,terreno,31213,46,remax uprop cb psir prestige
2026-09-23,c:central:ita,Itá,active_sale,,312,312,remax uprop cb psir prestige
2026-09-23,c:central:ita,Itá,active_rent,,3,3,remax uprop cb psir prestige
2026-09-23,c:central:ita,Itá,asking_price_usd,terreno,30370,53,remax uprop cb psir prestige
2026-09-23,c:central:julian-augusto-saldivar,Julián Augusto Saldívar,active_sale,,289,289,remax uprop cb psir prestige
2026-09-23,c:central:julian-augusto-saldivar,Julián Augusto Saldívar,active_rent,,1,1,remax uprop cb psir prestige
2026-09-23,c:central:julian-augusto-saldivar,Julián Augusto Saldívar,asking_price_usd,terreno,21512,38,remax uprop cb psir prestige
2026-09-23,c:central:nueva-italia,c:central:nueva-italia,active_sale,,149,149,remax uprop cb psir prestige
2026-09-23,c:central:nueva-italia,c:central:nueva-italia,active_rent,,0,0,remax uprop cb psir prestige
2026-09-23,d:itapua,Itapúa,active_sale,,1492,1492,remax uprop cb psir prestige
2026-09-23,d:itapua,Itapúa,active_rent,,145,145,remax uprop cb psir prestige
2026-09-23,d:itapua,Itapúa,asking_price_usd,casa,125000,316,remax uprop cb psir prestige
2026-09-23,d:itapua,Itapúa,asking_price_usd,departamento,110000,127,remax uprop cb psir prestige
2026-09-23,d:itapua,Itapúa,asking_price_usd,duplex,107334,26,remax uprop cb psir prestige
2026-09-23,d:itapua,Itapúa,asking_price_usd,terreno,37119,837,remax uprop cb psir prestige
2026-09-23,d:itapua,Itapúa,asking_usd_per_m2_built,casa,700,275,remax uprop cb psir prestige
2026-09-23,d:itapua,Itapúa,asking_usd_per_m2_built,departamento,1295,30,remax uprop cb psir prestige
2026-09-23,d:itapua,Itapúa,asking_rent_usd_month,departamento,562,44,remax uprop cb psir prestige
2026-09-23,d:itapua,Itapúa,asking_rent_usd_month,casa,755,24,remax uprop cb psir prestige
2026-09-23,c:itapua:encarnacion,Encarnación,active_sale,,703,703,remax uprop cb psir prestige
2026-09-23,c:itapua:encarnacion,Encarnación,active_rent,,101,101,remax uprop cb psir prestige
2026-09-23,c:itapua:encarnacion,Encarnación,asking_price_usd,casa,140000,163,remax uprop cb psir prestige
2026-09-23,c:itapua:encarnacion,Encarnación,asking_price_usd,departamento,110000,125,remax uprop cb psir prestige
2026-09-23,c:itapua:encarnacion,Encarnación,asking_price_usd,terreno,50616,316,remax uprop cb psir prestige
2026-09-23,c:itapua:encarnacion,Encarnación,asking_usd_per_m2_built,casa,702,142,remax uprop cb psir prestige
2026-09-23,c:itapua:encarnacion,Encarnación,asking_usd_per_m2_built,departamento,1295,30,remax uprop cb psir prestige
2026-09-23,c:itapua:encarnacion,Encarnación,asking_rent_usd_month,departamento,550,43,remax uprop cb psir prestige
2026-09-23,c:itapua:cambyreta,c:itapua:cambyreta,active_sale,,251,251,remax uprop cb psir prestige
2026-09-23,c:itapua:cambyreta,c:itapua:cambyreta,active_rent,,12,12,remax uprop cb psir prestige
2026-09-23,c:itapua:cambyreta,c:itapua:cambyreta,asking_price_usd,casa,90000,75,remax uprop cb psir prestige
2026-09-23,c:itapua:cambyreta,c:itapua:cambyreta,asking_price_usd,terreno,33744,150,remax uprop cb psir prestige
2026-09-23,c:itapua:cambyreta,c:itapua:cambyreta,asking_usd_per_m2_built,casa,724,64,remax uprop cb psir prestige
2026-09-23,c:itapua:san-juan-del-parana,San Juan del Paraná,active_sale,,162,162,remax uprop cb psir prestige
2026-09-23,c:itapua:san-juan-del-parana,San Juan del Paraná,active_rent,,4,4,remax uprop cb psir prestige
2026-09-23,c:itapua:san-juan-del-parana,San Juan del Paraná,asking_price_usd,casa,112129,24,remax uprop cb psir prestige
2026-09-23,c:itapua:san-juan-del-parana,San Juan del Paraná,asking_price_usd,terreno,14341,123,remax uprop cb psir prestige
2026-09-23,c:itapua:san-juan-del-parana,San Juan del Paraná,asking_usd_per_m2_built,casa,1049,22,remax uprop cb psir prestige
2026-09-23,c:itapua:capitan-miranda,Capitán Miranda,active_sale,,108,108,remax uprop cb psir prestige
2026-09-23,c:itapua:capitan-miranda,Capitán Miranda,active_rent,,14,14,remax uprop cb psir prestige
2026-09-23,c:itapua:capitan-miranda,Capitán Miranda,asking_price_usd,terreno,20837,91,remax uprop cb psir prestige
2026-09-23,d:cordillera,Cordillera,active_sale,,1084,1084,remax uprop cb psir prestige
2026-09-23,d:cordillera,Cordillera,active_rent,,66,66,remax uprop cb psir prestige
2026-09-23,d:cordillera,Cordillera,asking_price_usd,casa,195000,238,remax uprop cb psir prestige
2026-09-23,d:cordillera,Cordillera,asking_price_usd,departamento,165640,34,remax uprop cb psir prestige
2026-09-23,d:cordillera,Cordillera,asking_price_usd,terreno,50358,716,remax uprop cb psir prestige
2026-09-23,d:cordillera,Cordillera,asking_usd_per_m2_built,casa,920,179,remax uprop cb psir prestige
2026-09-23,d:cordillera,Cordillera,asking_rent_usd_month,casa,1670,50,remax uprop cb psir prestige
2026-09-23,c:cordillera:san-bernardino,San Bernardino,active_sale,,485,485,remax uprop cb psir prestige
2026-09-23,c:cordillera:san-bernardino,San Bernardino,active_rent,,42,42,remax uprop cb psir prestige
2026-09-23,c:cordillera:san-bernardino,San Bernardino,asking_price_usd,casa,227773,129,remax uprop cb psir prestige
2026-09-23,c:cordillera:san-bernardino,San Bernardino,asking_price_usd,terreno,62427,325,remax uprop cb psir prestige
2026-09-23,c:cordillera:san-bernardino,San Bernardino,asking_usd_per_m2_built,casa,1007,107,remax uprop cb psir prestige
2026-09-23,c:cordillera:san-bernardino,San Bernardino,asking_rent_usd_month,casa,1687,37,remax uprop cb psir prestige
2026-09-23,c:cordillera:altos,Altos,active_sale,,164,164,remax uprop cb psir prestige
2026-09-23,c:cordillera:altos,Altos,active_rent,,9,9,remax uprop cb psir prestige
2026-09-23,c:cordillera:altos,Altos,asking_price_usd,casa,201232,30,remax uprop cb psir prestige
2026-09-23,c:cordillera:altos,Altos,asking_price_usd,terreno,38545,116,remax uprop cb psir prestige
2026-09-23,c:cordillera:altos,Altos,asking_usd_per_m2_built,casa,1046,22,remax uprop cb psir prestige
2026-09-23,c:cordillera:caacupe,Caacupé,active_sale,,161,161,remax uprop cb psir prestige
2026-09-23,c:cordillera:caacupe,Caacupé,active_rent,,6,6,remax uprop cb psir prestige
2026-09-23,c:cordillera:caacupe,Caacupé,asking_price_usd,casa,91953,36,remax uprop cb psir prestige
2026-09-23,c:cordillera:caacupe,Caacupé,asking_price_usd,terreno,26995,105,remax uprop cb psir prestige
2026-09-23,c:cordillera:caacupe,Caacupé,asking_usd_per_m2_built,casa,469,25,remax uprop cb psir prestige
2026-09-23,d:alto-parana,Alto Paraná,active_sale,,910,910,remax uprop cb psir prestige
2026-09-23,d:alto-parana,Alto Paraná,active_rent,,67,67,remax uprop cb psir prestige
2026-09-23,d:alto-parana,Alto Paraná,asking_price_usd,casa,120000,232,remax uprop cb psir prestige
2026-09-23,d:alto-parana,Alto Paraná,asking_price_usd,departamento,80108,54,remax uprop cb psir prestige
2026-09-23,d:alto-parana,Alto Paraná,asking_price_usd,terreno,65000,483,remax uprop cb psir prestige
2026-09-23,d:alto-parana,Alto Paraná,asking_usd_per_m2_built,casa,738,207,remax uprop cb psir prestige
2026-09-23,c:alto-parana:ciudad-del-este,Ciudad del Este,active_sale,,385,385,remax uprop cb psir prestige
2026-09-23,c:alto-parana:ciudad-del-este,Ciudad del Este,active_rent,,29,29,remax uprop cb psir prestige
2026-09-23,c:alto-parana:ciudad-del-este,Ciudad del Este,asking_price_usd,casa,134977,104,remax uprop cb psir prestige
2026-09-23,c:alto-parana:ciudad-del-este,Ciudad del Este,asking_price_usd,departamento,86952,46,remax uprop cb psir prestige
2026-09-23,c:alto-parana:ciudad-del-este,Ciudad del Este,asking_price_usd,terreno,80000,182,remax uprop cb psir prestige
2026-09-23,c:alto-parana:ciudad-del-este,Ciudad del Este,asking_usd_per_m2_built,casa,752,96,remax uprop cb psir prestige
2026-09-23,c:alto-parana:hernandarias,Hernandarias,active_sale,,163,163,remax uprop cb psir prestige
2026-09-23,c:alto-parana:hernandarias,Hernandarias,active_rent,,7,7,remax uprop cb psir prestige
2026-09-23,c:alto-parana:hernandarias,Hernandarias,asking_price_usd,casa,115000,51,remax uprop cb psir prestige
2026-09-23,c:alto-parana:hernandarias,Hernandarias,asking_price_usd,terreno,55678,87,remax uprop cb psir prestige
2026-09-23,c:alto-parana:hernandarias,Hernandarias,asking_usd_per_m2_built,casa,600,45,remax uprop cb psir prestige
2026-09-23,c:alto-parana:minga-guazu,Minga Guazú,active_sale,,110,110,remax uprop cb psir prestige
2026-09-23,c:alto-parana:minga-guazu,Minga Guazú,active_rent,,3,3,remax uprop cb psir prestige
2026-09-23,c:alto-parana:minga-guazu,Minga Guazú,asking_price_usd,terreno,25730,90,remax uprop cb psir prestige
2026-09-23,d:presidente-hayes,Presidente Hayes,active_sale,,220,220,remax uprop cb psir prestige
2026-09-23,d:presidente-hayes,Presidente Hayes,active_rent,,1,1,remax uprop cb psir prestige
2026-09-23,d:presidente-hayes,Presidente Hayes,asking_price_usd,terreno,86632,155,remax uprop cb psir prestige
2026-09-23,c:presidente-hayes:villa-hayes,Villa Hayes,active_sale,,141,141,remax uprop cb psir prestige
2026-09-23,c:presidente-hayes:villa-hayes,Villa Hayes,active_rent,,0,0,remax uprop cb psir prestige
2026-09-23,c:presidente-hayes:villa-hayes,Villa Hayes,asking_price_usd,terreno,99900,98,remax uprop cb psir prestige
2026-09-23,d:boqueron,Boquerón,active_sale,,167,167,remax uprop cb psir prestige
2026-09-23,d:boqueron,Boquerón,active_rent,,30,30,remax uprop cb psir prestige
2026-09-23,d:boqueron,Boquerón,asking_price_usd,casa,75924,25,remax uprop cb psir prestige
2026-09-23,d:boqueron,Boquerón,asking_price_usd,terreno,14534,124,remax uprop cb psir prestige
2026-09-23,d:boqueron,Boquerón,asking_usd_per_m2_built,casa,602,20,remax uprop cb psir prestige
2026-09-23,d:paraguari,Paraguarí,active_sale,,117,117,remax uprop cb psir prestige
2026-09-23,d:paraguari,Paraguarí,active_rent,,4,4,remax uprop cb psir prestige
2026-09-23,d:paraguari,Paraguarí,asking_price_usd,terreno,42180,66,remax uprop cb psir prestige
2026-09-23,d:caaguazu,Caaguazú,active_sale,,72,72,remax uprop cb psir prestige
2026-09-23,d:caaguazu,Caaguazú,active_rent,,3,3,remax uprop cb psir prestige
2026-09-23,d:caaguazu,Caaguazú,asking_price_usd,terreno,69588,44,remax uprop cb psir prestige
2026-09-23,d:san-pedro,San Pedro,active_sale,,69,69,remax uprop cb psir prestige
2026-09-23,d:san-pedro,San Pedro,active_rent,,1,1,remax uprop cb psir prestige
2026-09-23,d:san-pedro,San Pedro,asking_price_usd,terreno,122283,44,remax uprop cb psir prestige
2026-09-23,d:misiones,Misiones,active_sale,,66,66,remax uprop cb psir prestige
2026-09-23,d:misiones,Misiones,active_rent,,4,4,remax uprop cb psir prestige
2026-09-23,d:misiones,Misiones,asking_price_usd,terreno,37119,35,remax uprop cb psir prestige
2026-09-23,d:guaira,Guairá,active_sale,,45,45,remax uprop cb psir prestige
2026-09-23,d:guaira,Guairá,active_rent,,5,5,remax uprop cb psir prestige
2026-09-23,d:guaira,Guairá,asking_price_usd,terreno,28617,26,remax uprop cb psir prestige
2026-09-23,d:caazapa,Caazapá,active_sale,,29,29,remax uprop cb psir prestige
2026-09-23,d:caazapa,Caazapá,active_rent,,3,3,remax uprop cb psir prestige
2026-09-23,d:concepcion,Concepción,active_sale,,27,27,remax uprop cb psir prestige
2026-09-23,d:concepcion,Concepción,active_rent,,0,0,remax uprop cb psir prestige
2026-09-23,d:neembucu,Ñeembucú,active_sale,,26,26,remax uprop cb psir prestige
2026-09-23,d:neembucu,Ñeembucú,active_rent,,1,1,remax uprop cb psir prestige
2026-09-23,d:canindeyu,Canindeyú,active_sale,,16,16,remax uprop cb psir prestige
2026-09-23,d:canindeyu,Canindeyú,active_rent,,2,2,remax uprop cb psir prestige
2026-09-23,d:alto-paraguay,Alto Paraguay,active_sale,,14,14,remax uprop cb psir prestige
2026-09-23,d:alto-paraguay,Alto Paraguay,active_rent,,0,0,remax uprop cb psir prestige
2026-09-23,d:amambay,Amambay,active_sale,,14,14,remax uprop cb psir prestige
2026-09-23,d:amambay,Amambay,active_rent,,0,0,remax uprop cb psir prestige
2026-09-24,py,Paraguay,active_sale,,29275,29275,remax uprop cb psir prestige
2026-09-24,py,Paraguay,active_rent,,8648,8648,remax uprop cb psir prestige
2026-09-24,py,Paraguay,asking_price_usd,casa,126555,4797,remax uprop cb psir prestige
2026-09-24,py,Paraguay,asking_price_usd,departamento,100598,4484,remax uprop cb psir prestige
2026-09-24,py,Paraguay,asking_price_usd,duplex,118118,296,remax uprop cb psir prestige
2026-09-24,py,Paraguay,asking_price_usd,terreno,64121,6587,remax uprop cb psir prestige
2026-09-24,py,Paraguay,asking_usd_per_m2_built,casa,784,3596,remax uprop cb psir prestige
2026-09-24,py,Paraguay,asking_usd_per_m2_built,departamento,1731,1853,remax uprop cb psir prestige
2026-09-24,py,Paraguay,asking_rent_usd_month,departamento,759,791,remax uprop cb psir prestige
2026-09-24,py,Paraguay,asking_rent_usd_month,casa,1012,334,remax uprop cb psir prestige
2026-09-24,d:asuncion,Asunción,active_sale,,11818,11818,remax uprop cb psir prestige
2026-09-24,d:asuncion,Asunción,active_rent,,7407,7407,remax uprop cb psir prestige
2026-09-24,d:asuncion,Asunción,asking_price_usd,casa,220000,1093,remax uprop cb psir prestige
2026-09-24,d:asuncion,Asunción,asking_price_usd,departamento,111000,3314,remax uprop cb psir prestige
2026-09-24,d:asuncion,Asunción,asking_price_usd,duplex,194895,37,remax uprop cb psir prestige
2026-09-24,d:asuncion,Asunción,asking_price_usd,terreno,200000,911,remax uprop cb psir prestige
2026-09-24,d:asuncion,Asunción,asking_usd_per_m2_built,casa,942,739,remax uprop cb psir prestige
2026-09-24,d:asuncion,Asunción,asking_usd_per_m2_built,departamento,1799,1485,remax uprop cb psir prestige
2026-09-24,d:asuncion,Asunción,asking_rent_usd_month,departamento,900,473,remax uprop cb psir prestige
2026-09-24,d:asuncion,Asunción,asking_rent_usd_month,casa,1519,96,remax uprop cb psir prestige
2026-09-24,d:central,Central,active_sale,,12699,12699,remax uprop cb psir prestige
2026-09-24,d:central,Central,active_rent,,879,879,remax uprop cb psir prestige
2026-09-24,d:central,Central,asking_price_usd,casa,101244,2767,remax uprop cb psir prestige
2026-09-24,d:central,Central,asking_price_usd,departamento,75150,832,remax uprop cb psir prestige
2026-09-24,d:central,Central,asking_price_usd,duplex,114997,212,remax uprop cb psir prestige
2026-09-24,d:central,Central,asking_price_usd,terreno,60000,2923,remax uprop cb psir prestige
2026-09-24,d:central,Central,asking_usd_per_m2_built,casa,748,2080,remax uprop cb psir prestige
2026-09-24,d:central,Central,asking_usd_per_m2_built,departamento,1259,262,remax uprop cb psir prestige
2026-09-24,d:central,Central,asking_rent_usd_month,departamento,574,253,remax uprop cb psir prestige
2026-09-24,d:central,Central,asking_rent_usd_month,casa,675,143,remax uprop cb psir prestige
2026-09-24,c:central:luque,Luque,active_sale,,2328,2328,remax uprop cb psir prestige
2026-09-24,c:central:luque,Luque,active_rent,,181,181,remax uprop cb psir prestige
2026-09-24,c:central:luque,Luque,asking_price_usd,casa,99557,766,remax uprop cb psir prestige
2026-09-24,c:central:luque,Luque,asking_price_usd,departamento,80152,339,remax uprop cb psir prestige
2026-09-24,c:central:luque,Luque,asking_price_usd,duplex,126555,72,remax uprop cb psir prestige
2026-09-24,c:central:luque,Luque,asking_price_usd,terreno,75933,579,remax uprop cb psir prestige
2026-09-24,c:central:luque,Luque,asking_usd_per_m2_built,casa,877,568,remax uprop cb psir prestige
2026-09-24,c:central:luque,Luque,asking_usd_per_m2_built,departamento,1288,88,remax uprop cb psir prestige
2026-09-24,c:central:luque,Luque,asking_rent_usd_month,departamento,645,80,remax uprop cb psir prestige
2026-09-24,c:central:luque,Luque,asking_rent_usd_month,casa,675,43,remax uprop cb psir prestige
2026-09-24,c:central:san-lorenzo,San Lorenzo,active_sale,,1040,1040,remax uprop cb psir prestige
2026-09-24,c:central:san-lorenzo,San Lorenzo,active_rent,,178,178,remax uprop cb psir prestige
2026-09-24,c:central:san-lorenzo,San Lorenzo,asking_price_usd,casa,118118,376,remax uprop cb psir prestige
2026-09-24,c:central:san-lorenzo,San Lorenzo,asking_price_usd,departamento,59243,55,remax uprop cb psir prestige
2026-09-24,c:central:san-lorenzo,San Lorenzo,asking_price_usd,duplex,120565,38,remax uprop cb psir prestige
2026-09-24,c:central:san-lorenzo,San Lorenzo,asking_price_usd,terreno,82683,255,remax uprop cb psir prestige
2026-09-24,c:central:san-lorenzo,San Lorenzo,asking_usd_per_m2_built,casa,765,280,remax uprop cb psir prestige
2026-09-24,c:central:san-lorenzo,San Lorenzo,asking_rent_usd_month,departamento,337,55,remax uprop cb psir prestige
2026-09-24,c:central:lambare,Lambaré,active_sale,,1022,1022,remax uprop cb psir prestige
2026-09-24,c:central:lambare,Lambaré,active_rent,,118,118,remax uprop cb psir prestige
2026-09-24,c:central:lambare,Lambaré,asking_price_usd,casa,150179,312,remax uprop cb psir prestige
2026-09-24,c:central:lambare,Lambaré,asking_price_usd,departamento,84370,85,remax uprop cb psir prestige
2026-09-24,c:central:lambare,Lambaré,asking_price_usd,duplex,117781,32,remax uprop cb psir prestige
2026-09-24,c:central:lambare,Lambaré,asking_price_usd,terreno,86479,232,remax uprop cb psir prestige
2026-09-24,c:central:lambare,Lambaré,asking_usd_per_m2_built,casa,716,235,remax uprop cb psir prestige
2026-09-24,c:central:lambare,Lambaré,asking_usd_per_m2_built,departamento,1218,38,remax uprop cb psir prestige
2026-09-24,c:central:lambare,Lambaré,asking_rent_usd_month,departamento,591,45,remax uprop cb psir prestige
2026-09-24,c:central:fernando-de-la-mora,Fernando de la Mora,active_sale,,883,883,remax uprop cb psir prestige
2026-09-24,c:central:fernando-de-la-mora,Fernando de la Mora,active_rent,,156,156,remax uprop cb psir prestige
2026-09-24,c:central:fernando-de-la-mora,Fernando de la Mora,asking_price_usd,casa,160303,243,remax uprop cb psir prestige
2026-09-24,c:central:fernando-de-la-mora,Fernando de la Mora,asking_price_usd,departamento,65654,176,remax uprop cb psir prestige
2026-09-24,c:central:fernando-de-la-mora,Fernando de la Mora,asking_price_usd,terreno,126555,175,remax uprop cb psir prestige
2026-09-24,c:central:fernando-de-la-mora,Fernando de la Mora,asking_usd_per_m2_built,casa,824,181,remax uprop cb psir prestige
2026-09-24,c:central:fernando-de-la-mora,Fernando de la Mora,asking_usd_per_m2_built,departamento,1162,63,remax uprop cb psir prestige
2026-09-24,c:central:fernando-de-la-mora,Fernando de la Mora,asking_rent_usd_month,departamento,591,44,remax uprop cb psir prestige
2026-09-24,c:central:fernando-de-la-mora,Fernando de la Mora,asking_rent_usd_month,casa,928,24,remax uprop cb psir prestige
2026-09-24,c:central:capiata,Capiatá,active_sale,,836,836,remax uprop cb psir prestige
2026-09-24,c:central:capiata,Capiatá,active_rent,,31,31,remax uprop cb psir prestige
2026-09-24,c:central:capiata,Capiatá,asking_price_usd,casa,60747,211,remax uprop cb psir prestige
2026-09-24,c:central:capiata,Capiatá,asking_price_usd,terreno,37123,168,remax uprop cb psir prestige
2026-09-24,c:central:capiata,Capiatá,asking_usd_per_m2_built,casa,606,164,remax uprop cb psir prestige
2026-09-24,c:central:nemby,Ñemby,active_sale,,804,804,remax uprop cb psir prestige
2026-09-24,c:central:nemby,Ñemby,active_rent,,40,40,remax uprop cb psir prestige
2026-09-24,c:central:nemby,Ñemby,asking_price_usd,casa,74246,157,remax uprop cb psir prestige
2026-09-24,c:central:nemby,Ñemby,asking_price_usd,terreno,54503,135,remax uprop cb psir prestige
2026-09-24,c:central:nemby,Ñemby,asking_usd_per_m2_built,casa,675,133,remax uprop cb psir prestige
2026-09-24,c:central:villa-elisa,Villa Elisa,active_sale,,671,671,remax uprop cb psir prestige
2026-09-24,c:central:villa-elisa,Villa Elisa,active_rent,,20,20,remax uprop cb psir prestige
2026-09-24,c:central:villa-elisa,Villa Elisa,asking_price_usd,casa,92807,117,remax uprop cb psir prestige
2026-09-24,c:central:villa-elisa,Villa Elisa,asking_price_usd,terreno,59059,81,remax uprop cb psir prestige
2026-09-24,c:central:villa-elisa,Villa Elisa,asking_usd_per_m2_built,casa,733,76,remax uprop cb psir prestige
2026-09-24,c:central:itaugua,Itauguá,active_sale,,637,637,remax uprop cb psir prestige
2026-09-24,c:central:itaugua,Itauguá,active_rent,,39,39,remax uprop cb psir prestige
2026-09-24,c:central:itaugua,Itauguá,asking_price_usd,casa,61168,74,remax uprop cb psir prestige
2026-09-24,c:central:itaugua,Itauguá,asking_price_usd,terreno,23624,163,remax uprop cb psir prestige
2026-09-24,c:central:itaugua,Itauguá,asking_usd_per_m2_built,casa,603,68,remax uprop cb psir prestige
2026-09-24,c:central:mariano-roque-alonso,Mariano Roque Alonso,active_sale,,607,607,remax uprop cb psir prestige
2026-09-24,c:central:mariano-roque-alonso,Mariano Roque Alonso,active_rent,,44,44,remax uprop cb psir prestige
2026-09-24,c:central:mariano-roque-alonso,Mariano Roque Alonso,asking_price_usd,casa,123180,116,remax uprop cb psir prestige
2026-09-24,c:central:mariano-roque-alonso,Mariano Roque Alonso,asking_price_usd,departamento,62068,96,remax uprop cb psir prestige
2026-09-24,c:central:mariano-roque-alonso,Mariano Roque Alonso,asking_price_usd,terreno,90000,175,remax uprop cb psir prestige
2026-09-24,c:central:mariano-roque-alonso,Mariano Roque Alonso,asking_usd_per_m2_built,casa,668,85,remax uprop cb psir prestige
2026-09-24,c:central:limpio,Limpio,active_sale,,588,588,remax uprop cb psir prestige
2026-09-24,c:central:limpio,Limpio,active_rent,,10,10,remax uprop cb psir prestige
2026-09-24,c:central:limpio,Limpio,asking_price_usd,casa,59059,137,remax uprop cb psir prestige
2026-09-24,c:central:limpio,Limpio,asking_price_usd,departamento,62338,27,remax uprop cb psir prestige
2026-09-24,c:central:limpio,Limpio,asking_price_usd,terreno,32483,190,remax uprop cb psir prestige
2026-09-24,c:central:limpio,Limpio,asking_usd_per_m2_built,casa,702,104,remax uprop cb psir prestige
2026-09-24,c:central:aregua,Areguá,active_sale,,543,543,remax uprop cb psir prestige
2026-09-24,c:central:aregua,Areguá,active_rent,,4,4,remax uprop cb psir prestige
2026-09-24,c:central:aregua,Areguá,asking_price_usd,casa,84370,86,remax uprop cb psir prestige
2026-09-24,c:central:aregua,Areguá,asking_price_usd,terreno,26998,154,remax uprop cb psir prestige
2026-09-24,c:central:aregua,Areguá,asking_usd_per_m2_built,casa,634,65,remax uprop cb psir prestige
2026-09-24,c:central:ypane,Ypané,active_sale,,521,521,remax uprop cb psir prestige
2026-09-24,c:central:ypane,Ypané,active_rent,,26,26,remax uprop cb psir prestige
2026-09-24,c:central:ypane,Ypané,asking_price_usd,casa,47247,39,remax uprop cb psir prestige
2026-09-24,c:central:ypane,Ypané,asking_price_usd,terreno,28686,151,remax uprop cb psir prestige
2026-09-24,c:central:ypane,Ypané,asking_usd_per_m2_built,casa,485,29,remax uprop cb psir prestige
2026-09-24,c:central:ypacarai,Ypacaraí,active_sale,,421,421,remax uprop cb psir prestige
2026-09-24,c:central:ypacarai,Ypacaraí,active_rent,,3,3,remax uprop cb psir prestige
2026-09-24,c:central:ypacarai,Ypacaraí,asking_price_usd,casa,92807,28,remax uprop cb psir prestige
2026-09-24,c:central:ypacarai,Ypacaraí,asking_price_usd,terreno,39600,192,remax uprop cb psir prestige
2026-09-24,c:central:ypacarai,Ypacaraí,asking_usd_per_m2_built,casa,562,27,remax uprop cb psir prestige
2026-09-24,c:central:san-antonio,San Antonio,active_sale,,343,343,remax uprop cb psir prestige
2026-09-24,c:central:san-antonio,San Antonio,active_rent,,6,6,remax uprop cb psir prestige
2026-09-24,c:central:san-antonio,San Antonio,asking_price_usd,casa,61168,22,remax uprop cb psir prestige
2026-09-24,c:central:san-antonio,San Antonio,asking_price_usd,terreno,70871,41,remax uprop cb psir prestige
2026-09-24,c:central:villeta,Villeta,active_sale,,335,335,remax uprop cb psir prestige
2026-09-24,c:central:villeta,Villeta,active_rent,,5,5,remax uprop cb psir prestige
2026-09-24,c:central:villeta,Villeta,asking_price_usd,casa,62434,25,remax uprop cb psir prestige
2026-09-24,c:central:villeta,Villeta,asking_price_usd,terreno,25311,52,remax uprop cb psir prestige
2026-09-24,c:central:ita,Itá,active_sale,,334,334,remax uprop cb psir prestige
2026-09-24,c:central:ita,Itá,active_rent,,3,3,remax uprop cb psir prestige
2026-09-24,c:central:ita,Itá,asking_price_usd,terreno,30373,55,remax uprop cb psir prestige
2026-09-24,c:central:julian-augusto-saldivar,Julián Augusto Saldívar,active_sale,,305,305,remax uprop cb psir prestige
2026-09-24,c:central:julian-augusto-saldivar,Julián Augusto Saldívar,active_rent,,1,1,remax uprop cb psir prestige
2026-09-24,c:central:julian-augusto-saldivar,Julián Augusto Saldívar,asking_price_usd,terreno,21093,39,remax uprop cb psir prestige
2026-09-24,c:central:nueva-italia,c:central:nueva-italia,active_sale,,150,150,remax uprop cb psir prestige
2026-09-24,c:central:nueva-italia,c:central:nueva-italia,active_rent,,0,0,remax uprop cb psir prestige
2026-09-24,d:itapua,Itapúa,active_sale,,1634,1634,remax uprop cb psir prestige
2026-09-24,d:itapua,Itapúa,active_rent,,154,154,remax uprop cb psir prestige
2026-09-24,d:itapua,Itapúa,asking_price_usd,casa,125000,319,remax uprop cb psir prestige
2026-09-24,d:itapua,Itapúa,asking_price_usd,departamento,94000,172,remax uprop cb psir prestige
2026-09-24,d:itapua,Itapúa,asking_price_usd,duplex,96182,39,remax uprop cb psir prestige
2026-09-24,d:itapua,Itapúa,asking_price_usd,terreno,33748,918,remax uprop cb psir prestige
2026-09-24,d:itapua,Itapúa,asking_usd_per_m2_built,casa,700,278,remax uprop cb psir prestige
2026-09-24,d:itapua,Itapúa,asking_usd_per_m2_built,departamento,1152,39,remax uprop cb psir prestige
2026-09-24,d:itapua,Itapúa,asking_rent_usd_month,departamento,422,55,remax uprop cb psir prestige
2026-09-24,d:itapua,Itapúa,asking_rent_usd_month,casa,755,24,remax uprop cb psir prestige
2026-09-24,c:itapua:encarnacion,Encarnación,active_sale,,791,791,remax uprop cb psir prestige
2026-09-24,c:itapua:encarnacion,Encarnación,active_rent,,112,112,remax uprop cb psir prestige
2026-09-24,c:itapua:encarnacion,Encarnación,asking_price_usd,casa,141715,166,remax uprop cb psir prestige
2026-09-24,c:itapua:encarnacion,Encarnación,asking_price_usd,departamento,94000,170,remax uprop cb psir prestige
2026-09-24,c:itapua:encarnacion,Encarnación,asking_price_usd,duplex,96182,29,remax uprop cb psir prestige
2026-09-24,c:itapua:encarnacion,Encarnación,asking_price_usd,terreno,47247,344,remax uprop cb psir prestige
2026-09-24,c:itapua:encarnacion,Encarnación,asking_usd_per_m2_built,casa,699,145,remax uprop cb psir prestige
2026-09-24,c:itapua:encarnacion,Encarnación,asking_usd_per_m2_built,departamento,1152,39,remax uprop cb psir prestige
2026-09-24,c:itapua:encarnacion,Encarnación,asking_rent_usd_month,departamento,422,54,remax uprop cb psir prestige
2026-09-24,c:itapua:cambyreta,c:itapua:cambyreta,active_sale,,257,257,remax uprop cb psir prestige
2026-09-24,c:itapua:cambyreta,c:itapua:cambyreta,active_rent,,12,12,remax uprop cb psir prestige
2026-09-24,c:itapua:cambyreta,c:itapua:cambyreta,asking_price_usd,casa,90000,75,remax uprop cb psir prestige
2026-09-24,c:itapua:cambyreta,c:itapua:cambyreta,asking_price_usd,terreno,33748,155,remax uprop cb psir prestige
2026-09-24,c:itapua:cambyreta,c:itapua:cambyreta,asking_usd_per_m2_built,casa,724,64,remax uprop cb psir prestige
2026-09-24,c:itapua:san-juan-del-parana,San Juan del Paraná,active_sale,,163,163,remax uprop cb psir prestige
2026-09-24,c:itapua:san-juan-del-parana,San Juan del Paraná,active_rent,,4,4,remax uprop cb psir prestige
2026-09-24,c:itapua:san-juan-del-parana,San Juan del Paraná,asking_price_usd,casa,112142,24,remax uprop cb psir prestige
2026-09-24,c:itapua:san-juan-del-parana,San Juan del Paraná,asking_price_usd,terreno,14343,124,remax uprop cb psir prestige
2026-09-24,c:itapua:san-juan-del-parana,San Juan del Paraná,asking_usd_per_m2_built,casa,1049,22,remax uprop cb psir prestige
2026-09-24,c:itapua:capitan-miranda,Capitán Miranda,active_sale,,122,122,remax uprop cb psir prestige
2026-09-24,c:itapua:capitan-miranda,Capitán Miranda,active_rent,,14,14,remax uprop cb psir prestige
2026-09-24,c:itapua:capitan-miranda,Capitán Miranda,asking_price_usd,terreno,20000,105,remax uprop cb psir prestige
2026-09-24,d:cordillera,Cordillera,active_sale,,1065,1065,remax uprop cb psir prestige
2026-09-24,d:cordillera,Cordillera,active_rent,,67,67,remax uprop cb psir prestige
2026-09-24,d:cordillera,Cordillera,asking_price_usd,casa,190000,233,remax uprop cb psir prestige
2026-09-24,d:cordillera,Cordillera,asking_price_usd,departamento,164884,35,remax uprop cb psir prestige
2026-09-24,d:cordillera,Cordillera,asking_price_usd,terreno,47784,701,remax uprop cb psir prestige
2026-09-24,d:cordillera,Cordillera,asking_usd_per_m2_built,casa,914,174,remax uprop cb psir prestige
2026-09-24,d:cordillera,Cordillera,asking_rent_usd_month,casa,1687,51,remax uprop cb psir prestige
2026-09-24,c:cordillera:san-bernardino,San Bernardino,active_sale,,480,480,remax uprop cb psir prestige
2026-09-24,c:cordillera:san-bernardino,San Bernardino,active_rent,,43,43,remax uprop cb psir prestige
2026-09-24,c:cordillera:san-bernardino,San Bernardino,asking_price_usd,casa,223900,128,remax uprop cb psir prestige
2026-09-24,c:cordillera:san-bernardino,San Bernardino,asking_price_usd,terreno,62434,320,remax uprop cb psir prestige
2026-09-24,c:cordillera:san-bernardino,San Bernardino,asking_usd_per_m2_built,casa,1046,106,remax uprop cb psir prestige
2026-09-24,c:cordillera:san-bernardino,San Bernardino,asking_rent_usd_month,casa,1687,38,remax uprop cb psir prestige
2026-09-24,c:cordillera:caacupe,Caacupé,active_sale,,161,161,remax uprop cb psir prestige
2026-09-24,c:cordillera:caacupe,Caacupé,active_rent,,6,6,remax uprop cb psir prestige
2026-09-24,c:cordillera:caacupe,Caacupé,asking_price_usd,casa,91963,36,remax uprop cb psir prestige
2026-09-24,c:cordillera:caacupe,Caacupé,asking_price_usd,terreno,26998,105,remax uprop cb psir prestige
2026-09-24,c:cordillera:caacupe,Caacupé,asking_usd_per_m2_built,casa,469,25,remax uprop cb psir prestige
2026-09-24,c:cordillera:altos,Altos,active_sale,,147,147,remax uprop cb psir prestige
2026-09-24,c:cordillera:altos,Altos,active_rent,,9,9,remax uprop cb psir prestige
2026-09-24,c:cordillera:altos,Altos,asking_price_usd,casa,185614,25,remax uprop cb psir prestige
2026-09-24,c:cordillera:altos,Altos,asking_price_usd,terreno,30373,103,remax uprop cb psir prestige
2026-09-24,d:alto-parana,Alto Paraná,active_sale,,964,964,remax uprop cb psir prestige
2026-09-24,d:alto-parana,Alto Paraná,active_rent,,76,76,remax uprop cb psir prestige
2026-09-24,d:alto-parana,Alto Paraná,asking_price_usd,casa,120649,237,remax uprop cb psir prestige
2026-09-24,d:alto-parana,Alto Paraná,asking_price_usd,departamento,89000,94,remax uprop cb psir prestige
2026-09-24,d:alto-parana,Alto Paraná,asking_price_usd,terreno,65000,493,remax uprop cb psir prestige
2026-09-24,d:alto-parana,Alto Paraná,asking_usd_per_m2_built,casa,745,212,remax uprop cb psir prestige
2026-09-24,d:alto-parana,Alto Paraná,asking_usd_per_m2_built,departamento,1438,27,remax uprop cb psir prestige
2026-09-24,c:alto-parana:ciudad-del-este,Ciudad del Este,active_sale,,428,428,remax uprop cb psir prestige
2026-09-24,c:alto-parana:ciudad-del-este,Ciudad del Este,active_rent,,39,39,remax uprop cb psir prestige
2026-09-24,c:alto-parana:ciudad-del-este,Ciudad del Este,asking_price_usd,casa,134992,107,remax uprop cb psir prestige
2026-09-24,c:alto-parana:ciudad-del-este,Ciudad del Este,asking_price_usd,departamento,86452,82,remax uprop cb psir prestige
2026-09-24,c:alto-parana:ciudad-del-este,Ciudad del Este,asking_price_usd,terreno,80000,185,remax uprop cb psir prestige
2026-09-24,c:alto-parana:ciudad-del-este,Ciudad del Este,asking_usd_per_m2_built,casa,768,99,remax uprop cb psir prestige
2026-09-24,c:alto-parana:ciudad-del-este,Ciudad del Este,asking_usd_per_m2_built,departamento,1562,24,remax uprop cb psir prestige
2026-09-24,c:alto-parana:hernandarias,Hernandarias,active_sale,,168,168,remax uprop cb psir prestige
2026-09-24,c:alto-parana:hernandarias,Hernandarias,active_rent,,7,7,remax uprop cb psir prestige
2026-09-24,c:alto-parana:hernandarias,Hernandarias,asking_price_usd,casa,115000,51,remax uprop cb psir prestige
2026-09-24,c:alto-parana:hernandarias,Hernandarias,asking_price_usd,terreno,56106,92,remax uprop cb psir prestige
2026-09-24,c:alto-parana:hernandarias,Hernandarias,asking_usd_per_m2_built,casa,600,45,remax uprop cb psir prestige
2026-09-24,c:alto-parana:minga-guazu,Minga Guazú,active_sale,,112,112,remax uprop cb psir prestige
2026-09-24,c:alto-parana:minga-guazu,Minga Guazú,active_rent,,3,3,remax uprop cb psir prestige
2026-09-24,c:alto-parana:minga-guazu,Minga Guazú,asking_price_usd,terreno,26577,92,remax uprop cb psir prestige
2026-09-24,c:alto-parana:presidente-franco,c:alto-parana:presidente-franco,active_sale,,101,101,remax uprop cb psir prestige
2026-09-24,c:alto-parana:presidente-franco,c:alto-parana:presidente-franco,active_rent,,3,3,remax uprop cb psir prestige
2026-09-24,c:alto-parana:presidente-franco,c:alto-parana:presidente-franco,asking_price_usd,casa,58055,32,remax uprop cb psir prestige
2026-09-24,c:alto-parana:presidente-franco,c:alto-parana:presidente-franco,asking_price_usd,terreno,100000,55,remax uprop cb psir prestige
2026-09-24,c:alto-parana:presidente-franco,c:alto-parana:presidente-franco,asking_usd_per_m2_built,casa,826,26,remax uprop cb psir prestige
2026-09-24,d:presidente-hayes,Presidente Hayes,active_sale,,221,221,remax uprop cb psir prestige
2026-09-24,d:presidente-hayes,Presidente Hayes,active_rent,,1,1,remax uprop cb psir prestige
2026-09-24,d:presidente-hayes,Presidente Hayes,asking_price_usd,terreno,85828,154,remax uprop cb psir prestige
2026-09-24,c:presidente-hayes:villa-hayes,Villa Hayes,active_sale,,141,141,remax uprop cb psir prestige
2026-09-24,c:presidente-hayes:villa-hayes,Villa Hayes,active_rent,,0,0,remax uprop cb psir prestige
2026-09-24,c:presidente-hayes:villa-hayes,Villa Hayes,asking_price_usd,terreno,99800,97,remax uprop cb psir prestige
2026-09-24,d:boqueron,Boquerón,active_sale,,167,167,remax uprop cb psir prestige
2026-09-24,d:boqueron,Boquerón,active_rent,,30,30,remax uprop cb psir prestige
2026-09-24,d:boqueron,Boquerón,asking_price_usd,casa,78042,24,remax uprop cb psir prestige
2026-09-24,d:boqueron,Boquerón,asking_price_usd,terreno,15187,125,remax uprop cb psir prestige
2026-09-24,d:paraguari,Paraguarí,active_sale,,117,117,remax uprop cb psir prestige
2026-09-24,d:paraguari,Paraguarí,active_rent,,4,4,remax uprop cb psir prestige
2026-09-24,d:paraguari,Paraguarí,asking_price_usd,terreno,42185,67,remax uprop cb psir prestige
2026-09-24,d:caaguazu,Caaguazú,active_sale,,72,72,remax uprop cb psir prestige
2026-09-24,d:caaguazu,Caaguazú,active_rent,,3,3,remax uprop cb psir prestige
2026-09-24,d:caaguazu,Caaguazú,asking_price_usd,terreno,69592,44,remax uprop cb psir prestige
2026-09-24,d:misiones,Misiones,active_sale,,69,69,remax uprop cb psir prestige
2026-09-24,d:misiones,Misiones,active_rent,,6,6,remax uprop cb psir prestige
2026-09-24,d:misiones,Misiones,asking_price_usd,terreno,32061,38,remax uprop cb psir prestige
2026-09-24,d:san-pedro,San Pedro,active_sale,,68,68,remax uprop cb psir prestige
2026-09-24,d:san-pedro,San Pedro,active_rent,,0,0,remax uprop cb psir prestige
2026-09-24,d:san-pedro,San Pedro,asking_price_usd,terreno,122291,44,remax uprop cb psir prestige
2026-09-24,d:guaira,Guairá,active_sale,,53,53,remax uprop cb psir prestige
2026-09-24,d:guaira,Guairá,active_rent,,5,5,remax uprop cb psir prestige
2026-09-24,d:guaira,Guairá,asking_price_usd,terreno,25311,34,remax uprop cb psir prestige
2026-09-24,d:caazapa,Caazapá,active_sale,,29,29,remax uprop cb psir prestige
2026-09-24,d:caazapa,Caazapá,active_rent,,3,3,remax uprop cb psir prestige
2026-09-24,d:neembucu,Ñeembucú,active_sale,,26,26,remax uprop cb psir prestige
2026-09-24,d:neembucu,Ñeembucú,active_rent,,1,1,remax uprop cb psir prestige
2026-09-24,d:concepcion,Concepción,active_sale,,27,27,remax uprop cb psir prestige
2026-09-24,d:concepcion,Concepción,active_rent,,0,0,remax uprop cb psir prestige
2026-09-24,d:canindeyu,Canindeyú,active_sale,,17,17,remax uprop cb psir prestige
2026-09-24,d:canindeyu,Canindeyú,active_rent,,2,2,remax uprop cb psir prestige
2026-09-24,d:alto-paraguay,Alto Paraguay,active_sale,,14,14,remax uprop cb psir prestige
2026-09-24,d:alto-paraguay,Alto Paraguay,active_rent,,0,0,remax uprop cb psir prestige
2026-09-24,d:amambay,Amambay,active_sale,,14,14,remax uprop cb psir prestige
2026-09-24,d:amambay,Amambay,active_rent,,0,0,remax uprop cb psir prestige
2026-09-25,py,Paraguay,active_sale,,25489,25489,remax uprop cb psir prestige
2026-09-25,py,Paraguay,active_rent,,7604,7604,remax uprop cb psir prestige
2026-09-25,py,Paraguay,asking_price_usd,casa,130000,4347,remax uprop cb psir prestige
2026-09-25,py,Paraguay,asking_price_usd,departamento,99851,3980,remax uprop cb psir prestige
2026-09-25,py,Paraguay,asking_price_usd,duplex,120000,263,remax uprop cb psir prestige
2026-09-25,py,Paraguay,asking_price_usd,terreno,64468,6054,remax uprop cb psir prestige
2026-09-25,py,Paraguay,asking_usd_per_m2_built,casa,781,3166,remax uprop cb psir prestige
2026-09-25,py,Paraguay,asking_usd_per_m2_built,departamento,1726,1560,remax uprop cb psir prestige
2026-09-25,py,Paraguay,asking_rent_usd_month,departamento,750,737,remax uprop cb psir prestige
2026-09-25,py,Paraguay,asking_rent_usd_month,casa,1018,323,remax uprop cb psir prestige
2026-09-25,d:asuncion,Asunción,active_sale,,10342,10342,remax uprop cb psir prestige
2026-09-25,d:asuncion,Asunción,active_rent,,6456,6456,remax uprop cb psir prestige
2026-09-25,d:asuncion,Asunción,asking_price_usd,casa,220547,1006,remax uprop cb psir prestige
2026-09-25,d:asuncion,Asunción,asking_price_usd,departamento,110274,2917,remax uprop cb psir prestige
2026-09-25,d:asuncion,Asunción,asking_price_usd,duplex,192500,34,remax uprop cb psir prestige
2026-09-25,d:asuncion,Asunción,asking_price_usd,terreno,203791,820,remax uprop cb psir prestige
2026-09-25,d:asuncion,Asunción,asking_usd_per_m2_built,casa,950,654,remax uprop cb psir prestige
2026-09-25,d:asuncion,Asunción,asking_usd_per_m2_built,departamento,1800,1248,remax uprop cb psir prestige
2026-09-25,d:asuncion,Asunción,asking_rent_usd_month,departamento,900,434,remax uprop cb psir prestige
2026-09-25,d:asuncion,Asunción,asking_rent_usd_month,casa,1612,96,remax uprop cb psir prestige
2026-09-25,d:central,Central,active_sale,,10678,10678,remax uprop cb psir prestige
2026-09-25,d:central,Central,active_rent,,778,778,remax uprop cb psir prestige
2026-09-25,d:central,Central,asking_price_usd,casa,101791,2460,remax uprop cb psir prestige
2026-09-25,d:central,Central,asking_price_usd,departamento,75977,763,remax uprop cb psir prestige
2026-09-25,d:central,Central,asking_price_usd,duplex,114939,190,remax uprop cb psir prestige
2026-09-25,d:central,Central,asking_price_usd,terreno,60113,2668,remax uprop cb psir prestige
2026-09-25,d:central,Central,asking_usd_per_m2_built,casa,750,1783,remax uprop cb psir prestige
2026-09-25,d:central,Central,asking_usd_per_m2_built,departamento,1257,231,remax uprop cb psir prestige
2026-09-25,d:central,Central,asking_rent_usd_month,departamento,577,240,remax uprop cb psir prestige
2026-09-25,d:central,Central,asking_rent_usd_month,casa,679,136,remax uprop cb psir prestige
2026-09-25,c:central:luque,Luque,active_sale,,1876,1876,remax uprop cb psir prestige
2026-09-25,c:central:luque,Luque,active_rent,,174,174,remax uprop cb psir prestige
2026-09-25,c:central:luque,Luque,asking_price_usd,casa,105184,669,remax uprop cb psir prestige
2026-09-25,c:central:luque,Luque,asking_price_usd,departamento,81237,305,remax uprop cb psir prestige
2026-09-25,c:central:luque,Luque,asking_price_usd,duplex,127239,69,remax uprop cb psir prestige
2026-09-25,c:central:luque,Luque,asking_price_usd,terreno,76343,548,remax uprop cb psir prestige
2026-09-25,c:central:luque,Luque,asking_usd_per_m2_built,casa,889,472,remax uprop cb psir prestige
2026-09-25,c:central:luque,Luque,asking_usd_per_m2_built,departamento,1257,73,remax uprop cb psir prestige
2026-09-25,c:central:luque,Luque,asking_rent_usd_month,departamento,647,76,remax uprop cb psir prestige
2026-09-25,c:central:luque,Luque,asking_rent_usd_month,casa,679,41,remax uprop cb psir prestige
2026-09-25,c:central:san-lorenzo,San Lorenzo,active_sale,,794,794,remax uprop cb psir prestige
2026-09-25,c:central:san-lorenzo,San Lorenzo,active_rent,,155,155,remax uprop cb psir prestige
2026-09-25,c:central:san-lorenzo,San Lorenzo,asking_price_usd,casa,118756,329,remax uprop cb psir prestige
2026-09-25,c:central:san-lorenzo,San Lorenzo,asking_price_usd,departamento,51497,57,remax uprop cb psir prestige
2026-09-25,c:central:san-lorenzo,San Lorenzo,asking_price_usd,duplex,118756,31,remax uprop cb psir prestige
2026-09-25,c:central:san-lorenzo,San Lorenzo,asking_price_usd,terreno,79736,227,remax uprop cb psir prestige
2026-09-25,c:central:san-lorenzo,San Lorenzo,asking_usd_per_m2_built,casa,780,235,remax uprop cb psir prestige
2026-09-25,c:central:san-lorenzo,San Lorenzo,asking_rent_usd_month,departamento,339,53,remax uprop cb psir prestige
2026-09-25,c:central:lambare,Lambaré,active_sale,,754,754,remax uprop cb psir prestige
2026-09-25,c:central:lambare,Lambaré,active_rent,,93,93,remax uprop cb psir prestige
2026-09-25,c:central:lambare,Lambaré,asking_price_usd,casa,152687,277,remax uprop cb psir prestige
2026-09-25,c:central:lambare,Lambaré,asking_price_usd,departamento,87609,78,remax uprop cb psir prestige
2026-09-25,c:central:lambare,Lambaré,asking_price_usd,duplex,118587,30,remax uprop cb psir prestige
2026-09-25,c:central:lambare,Lambaré,asking_price_usd,terreno,89915,207,remax uprop cb psir prestige
2026-09-25,c:central:lambare,Lambaré,asking_usd_per_m2_built,casa,727,200,remax uprop cb psir prestige
2026-09-25,c:central:lambare,Lambaré,asking_usd_per_m2_built,departamento,1231,35,remax uprop cb psir prestige
2026-09-25,c:central:lambare,Lambaré,asking_rent_usd_month,departamento,594,42,remax uprop cb psir prestige
2026-09-25,c:central:capiata,Capiatá,active_sale,,724,724,remax uprop cb psir prestige
2026-09-25,c:central:capiata,Capiatá,active_rent,,30,30,remax uprop cb psir prestige
2026-09-25,c:central:capiata,Capiatá,asking_price_usd,casa,61075,193,remax uprop cb psir prestige
2026-09-25,c:central:capiata,Capiatá,asking_price_usd,terreno,37323,153,remax uprop cb psir prestige
2026-09-25,c:central:capiata,Capiatá,asking_usd_per_m2_built,casa,590,148,remax uprop cb psir prestige
2026-09-25,c:central:nemby,Ñemby,active_sale,,708,708,remax uprop cb psir prestige
2026-09-25,c:central:nemby,Ñemby,active_rent,,36,36,remax uprop cb psir prestige
2026-09-25,c:central:nemby,Ñemby,asking_price_usd,casa,71678,134,remax uprop cb psir prestige
2026-09-25,c:central:nemby,Ñemby,asking_price_usd,terreno,52592,120,remax uprop cb psir prestige
2026-09-25,c:central:nemby,Ñemby,asking_usd_per_m2_built,casa,685,111,remax uprop cb psir prestige
2026-09-25,c:central:fernando-de-la-mora,Fernando de la Mora,active_sale,,675,675,remax uprop cb psir prestige
2026-09-25,c:central:fernando-de-la-mora,Fernando de la Mora,active_rent,,148,148,remax uprop cb psir prestige
2026-09-25,c:central:fernando-de-la-mora,Fernando de la Mora,asking_price_usd,casa,161169,222,remax uprop cb psir prestige
2026-09-25,c:central:fernando-de-la-mora,Fernando de la Mora,asking_price_usd,departamento,70000,163,remax uprop cb psir prestige
2026-09-25,c:central:fernando-de-la-mora,Fernando de la Mora,asking_price_usd,terreno,127239,159,remax uprop cb psir prestige
2026-09-25,c:central:fernando-de-la-mora,Fernando de la Mora,asking_usd_per_m2_built,casa,831,160,remax uprop cb psir prestige
2026-09-25,c:central:fernando-de-la-mora,Fernando de la Mora,asking_usd_per_m2_built,departamento,1161,58,remax uprop cb psir prestige
2026-09-25,c:central:fernando-de-la-mora,Fernando de la Mora,asking_rent_usd_month,departamento,594,43,remax uprop cb psir prestige
2026-09-25,c:central:fernando-de-la-mora,Fernando de la Mora,asking_rent_usd_month,casa,933,22,remax uprop cb psir prestige
2026-09-25,c:central:villa-elisa,Villa Elisa,active_sale,,606,606,remax uprop cb psir prestige
2026-09-25,c:central:villa-elisa,Villa Elisa,active_rent,,18,18,remax uprop cb psir prestige
2026-09-25,c:central:villa-elisa,Villa Elisa,asking_price_usd,casa,93308,107,remax uprop cb psir prestige
2026-09-25,c:central:villa-elisa,Villa Elisa,asking_price_usd,terreno,59378,73,remax uprop cb psir prestige
2026-09-25,c:central:villa-elisa,Villa Elisa,asking_usd_per_m2_built,casa,735,66,remax uprop cb psir prestige
2026-09-25,c:central:limpio,Limpio,active_sale,,507,507,remax uprop cb psir prestige
2026-09-25,c:central:limpio,Limpio,active_rent,,10,10,remax uprop cb psir prestige
2026-09-25,c:central:limpio,Limpio,asking_price_usd,casa,59378,123,remax uprop cb psir prestige
2026-09-25,c:central:limpio,Limpio,asking_price_usd,departamento,62675,22,remax uprop cb psir prestige
2026-09-25,c:central:limpio,Limpio,asking_price_usd,terreno,30877,166,remax uprop cb psir prestige
2026-09-25,c:central:limpio,Limpio,asking_usd_per_m2_built,casa,672,94,remax uprop cb psir prestige
2026-09-25,c:central:mariano-roque-alonso,Mariano Roque Alonso,active_sale,,500,500,remax uprop cb psir prestige
2026-09-25,c:central:mariano-roque-alonso,Mariano Roque Alonso,active_rent,,42,42,remax uprop cb psir prestige
2026-09-25,c:central:mariano-roque-alonso,Mariano Roque Alonso,asking_price_usd,casa,123846,109,remax uprop cb psir prestige
2026-09-25,c:central:mariano-roque-alonso,Mariano Roque Alonso,asking_price_usd,departamento,60000,88,remax uprop cb psir prestige
2026-09-25,c:central:mariano-roque-alonso,Mariano Roque Alonso,asking_price_usd,terreno,91230,166,remax uprop cb psir prestige
2026-09-25,c:central:mariano-roque-alonso,Mariano Roque Alonso,asking_usd_per_m2_built,casa,688,79,remax uprop cb psir prestige
2026-09-25,c:central:aregua,Areguá,active_sale,,497,497,remax uprop cb psir prestige
2026-09-25,c:central:aregua,Areguá,active_rent,,4,4,remax uprop cb psir prestige
2026-09-25,c:central:aregua,Areguá,asking_price_usd,casa,93308,71,remax uprop cb psir prestige
2026-09-25,c:central:aregua,Areguá,asking_price_usd,terreno,26720,134,remax uprop cb psir prestige
2026-09-25,c:central:aregua,Areguá,asking_usd_per_m2_built,casa,619,50,remax uprop cb psir prestige
2026-09-25,c:central:ypane,Ypané,active_sale,,444,444,remax uprop cb psir prestige
2026-09-25,c:central:ypane,Ypané,active_rent,,7,7,remax uprop cb psir prestige
2026-09-25,c:central:ypane,Ypané,asking_price_usd,casa,47927,36,remax uprop cb psir prestige
2026-09-25,c:central:ypane,Ypané,asking_price_usd,terreno,28841,131,remax uprop cb psir prestige
2026-09-25,c:central:ypane,Ypané,asking_usd_per_m2_built,casa,515,27,remax uprop cb psir prestige
2026-09-25,c:central:itaugua,Itauguá,active_sale,,413,413,remax uprop cb psir prestige
2026-09-25,c:central:itaugua,Itauguá,active_rent,,24,24,remax uprop cb psir prestige
2026-09-25,c:central:itaugua,Itauguá,asking_price_usd,casa,59378,64,remax uprop cb psir prestige
2026-09-25,c:central:itaugua,Itauguá,asking_price_usd,terreno,23785,146,remax uprop cb psir prestige
2026-09-25,c:central:itaugua,Itauguá,asking_usd_per_m2_built,casa,590,60,remax uprop cb psir prestige
2026-09-25,c:central:villeta,Villeta,active_sale,,347,347,remax uprop cb psir prestige
2026-09-25,c:central:villeta,Villeta,active_rent,,9,9,remax uprop cb psir prestige
2026-09-25,c:central:villeta,Villeta,asking_price_usd,casa,62771,22,remax uprop cb psir prestige
2026-09-25,c:central:villeta,Villeta,asking_price_usd,terreno,25448,53,remax uprop cb psir prestige
2026-09-25,c:central:san-antonio,San Antonio,active_sale,,310,310,remax uprop cb psir prestige
2026-09-25,c:central:san-antonio,San Antonio,active_rent,,7,7,remax uprop cb psir prestige
2026-09-25,c:central:san-antonio,San Antonio,asking_price_usd,casa,61499,22,remax uprop cb psir prestige
2026-09-25,c:central:san-antonio,San Antonio,asking_price_usd,terreno,76767,34,remax uprop cb psir prestige
2026-09-25,c:central:ypacarai,Ypacaraí,active_sale,,301,301,remax uprop cb psir prestige
2026-09-25,c:central:ypacarai,Ypacaraí,active_rent,,3,3,remax uprop cb psir prestige
2026-09-25,c:central:ypacarai,Ypacaraí,asking_price_usd,terreno,33930,110,remax uprop cb psir prestige
2026-09-25,c:central:julian-augusto-saldivar,Julián Augusto Saldívar,active_sale,,272,272,remax uprop cb psir prestige
2026-09-25,c:central:julian-augusto-saldivar,Julián Augusto Saldívar,active_rent,,1,1,remax uprop cb psir prestige
2026-09-25,c:central:julian-augusto-saldivar,Julián Augusto Saldívar,asking_price_usd,terreno,21206,39,remax uprop cb psir prestige
2026-09-25,c:central:ita,Itá,active_sale,,201,201,remax uprop cb psir prestige
2026-09-25,c:central:ita,Itá,active_rent,,3,3,remax uprop cb psir prestige
2026-09-25,c:central:ita,Itá,asking_price_usd,terreno,27993,52,remax uprop cb psir prestige
2026-09-25,c:central:nueva-italia,c:central:nueva-italia,active_sale,,137,137,remax uprop cb psir prestige
2026-09-25,c:central:nueva-italia,c:central:nueva-italia,active_rent,,0,0,remax uprop cb psir prestige
2026-09-25,d:itapua,Itapúa,active_sale,,1558,1558,remax uprop cb psir prestige
2026-09-25,d:itapua,Itapúa,active_rent,,149,149,remax uprop cb psir prestige
2026-09-25,d:itapua,Itapúa,asking_price_usd,casa,127239,307,remax uprop cb psir prestige
2026-09-25,d:itapua,Itapúa,asking_price_usd,departamento,94000,168,remax uprop cb psir prestige
2026-09-25,d:itapua,Itapúa,asking_price_usd,duplex,96701,31,remax uprop cb psir prestige
2026-09-25,d:itapua,Itapúa,asking_price_usd,terreno,33930,870,remax uprop cb psir prestige
2026-09-25,d:itapua,Itapúa,asking_usd_per_m2_built,casa,686,267,remax uprop cb psir prestige
2026-09-25,d:itapua,Itapúa,asking_usd_per_m2_built,departamento,1290,39,remax uprop cb psir prestige
2026-09-25,d:itapua,Itapúa,asking_rent_usd_month,departamento,454,54,remax uprop cb psir prestige
2026-09-25,d:itapua,Itapúa,asking_rent_usd_month,casa,806,22,remax uprop cb psir prestige
2026-09-25,c:itapua:encarnacion,Encarnación,active_sale,,759,759,remax uprop cb psir prestige
2026-09-25,c:itapua:encarnacion,Encarnación,active_rent,,105,105,remax uprop cb psir prestige
2026-09-25,c:itapua:encarnacion,Encarnación,asking_price_usd,casa,140000,161,remax uprop cb psir prestige
2026-09-25,c:itapua:encarnacion,Encarnación,asking_price_usd,departamento,94000,166,remax uprop cb psir prestige
2026-09-25,c:itapua:encarnacion,Encarnación,asking_price_usd,duplex,96701,24,remax uprop cb psir prestige
2026-09-25,c:itapua:encarnacion,Encarnación,asking_price_usd,terreno,49199,329,remax uprop cb psir prestige
2026-09-25,c:itapua:encarnacion,Encarnación,asking_usd_per_m2_built,casa,680,141,remax uprop cb psir prestige
2026-09-25,c:itapua:encarnacion,Encarnación,asking_usd_per_m2_built,departamento,1290,39,remax uprop cb psir prestige
2026-09-25,c:itapua:encarnacion,Encarnación,asking_rent_usd_month,departamento,437,52,remax uprop cb psir prestige
2026-09-25,c:itapua:san-juan-del-parana,San Juan del Paraná,active_sale,,159,159,remax uprop cb psir prestige
2026-09-25,c:itapua:san-juan-del-parana,San Juan del Paraná,active_rent,,4,4,remax uprop cb psir prestige
2026-09-25,c:itapua:san-juan-del-parana,San Juan del Paraná,asking_price_usd,casa,124030,23,remax uprop cb psir prestige
2026-09-25,c:itapua:san-juan-del-parana,San Juan del Paraná,asking_price_usd,terreno,14420,121,remax uprop cb psir prestige
2026-09-25,c:itapua:san-juan-del-parana,San Juan del Paraná,asking_usd_per_m2_built,casa,1099,21,remax uprop cb psir prestige
2026-09-25,c:itapua:capitan-miranda,Capitán Miranda,active_sale,,109,109,remax uprop cb psir prestige
2026-09-25,c:itapua:capitan-miranda,Capitán Miranda,active_rent,,14,14,remax uprop cb psir prestige
2026-09-25,c:itapua:capitan-miranda,Capitán Miranda,asking_price_usd,terreno,20952,93,remax uprop cb psir prestige
2026-09-25,d:alto-parana,Alto Paraná,active_sale,,929,929,remax uprop cb psir prestige
2026-09-25,d:alto-parana,Alto Paraná,active_rent,,82,82,remax uprop cb psir prestige
2026-09-25,d:alto-parana,Alto Paraná,asking_price_usd,casa,120650,230,remax uprop cb psir prestige
2026-09-25,d:alto-parana,Alto Paraná,asking_price_usd,departamento,89000,89,remax uprop cb psir prestige
2026-09-25,d:alto-parana,Alto Paraná,asking_price_usd,terreno,66164,472,remax uprop cb psir prestige
2026-09-25,d:alto-parana,Alto Paraná,asking_usd_per_m2_built,casa,728,206,remax uprop cb psir prestige
2026-09-25,d:alto-parana,Alto Paraná,asking_usd_per_m2_built,departamento,1369,26,remax uprop cb psir prestige
2026-09-25,c:alto-parana:ciudad-del-este,Ciudad del Este,active_sale,,412,412,remax uprop cb psir prestige
2026-09-25,c:alto-parana:ciudad-del-este,Ciudad del Este,active_rent,,45,45,remax uprop cb psir prestige
2026-09-25,c:alto-parana:ciudad-del-este,Ciudad del Este,asking_price_usd,casa,135721,102,remax uprop cb psir prestige
2026-09-25,c:alto-parana:ciudad-del-este,Ciudad del Este,asking_price_usd,departamento,83903,77,remax uprop cb psir prestige
2026-09-25,c:alto-parana:ciudad-del-este,Ciudad del Este,asking_price_usd,terreno,83129,178,remax uprop cb psir prestige
2026-09-25,c:alto-parana:ciudad-del-este,Ciudad del Este,asking_usd_per_m2_built,casa,754,94,remax uprop cb psir prestige
2026-09-25,c:alto-parana:ciudad-del-este,Ciudad del Este,asking_usd_per_m2_built,departamento,1525,23,remax uprop cb psir prestige
2026-09-25,c:alto-parana:hernandarias,Hernandarias,active_sale,,161,161,remax uprop cb psir prestige
2026-09-25,c:alto-parana:hernandarias,Hernandarias,active_rent,,7,7,remax uprop cb psir prestige
2026-09-25,c:alto-parana:hernandarias,Hernandarias,asking_price_usd,casa,112637,52,remax uprop cb psir prestige
2026-09-25,c:alto-parana:hernandarias,Hernandarias,asking_price_usd,terreno,56833,87,remax uprop cb psir prestige
2026-09-25,c:alto-parana:hernandarias,Hernandarias,asking_usd_per_m2_built,casa,583,46,remax uprop cb psir prestige
2026-09-25,c:alto-parana:minga-guazu,Minga Guazú,active_sale,,108,108,remax uprop cb psir prestige
2026-09-25,c:alto-parana:minga-guazu,Minga Guazú,active_rent,,2,2,remax uprop cb psir prestige
2026-09-25,c:alto-parana:minga-guazu,Minga Guazú,asking_price_usd,terreno,26296,87,remax uprop cb psir prestige
2026-09-25,d:cordillera,Cordillera,active_sale,,915,915,remax uprop cb psir prestige
2026-09-25,d:cordillera,Cordillera,active_rent,,49,49,remax uprop cb psir prestige
2026-09-25,d:cordillera,Cordillera,asking_price_usd,casa,192500,188,remax uprop cb psir prestige
2026-09-25,d:cordillera,Cordillera,asking_price_usd,departamento,239751,24,remax uprop cb psir prestige
2026-09-25,d:cordillera,Cordillera,asking_price_usd,terreno,50896,620,remax uprop cb psir prestige
2026-09-25,d:cordillera,Cordillera,asking_usd_per_m2_built,casa,885,151,remax uprop cb psir prestige
2026-09-25,d:cordillera,Cordillera,asking_rent_usd_month,casa,1527,35,remax uprop cb psir prestige
2026-09-25,c:cordillera:san-bernardino,San Bernardino,active_sale,,396,396,remax uprop cb psir prestige
2026-09-25,c:cordillera:san-bernardino,San Bernardino,active_rent,,28,28,remax uprop cb psir prestige
2026-09-25,c:cordillera:san-bernardino,San Bernardino,asking_price_usd,casa,220000,97,remax uprop cb psir prestige
2026-09-25,c:cordillera:san-bernardino,San Bernardino,asking_price_usd,terreno,62771,273,remax uprop cb psir prestige
2026-09-25,c:cordillera:san-bernardino,San Bernardino,asking_usd_per_m2_built,casa,987,84,remax uprop cb psir prestige
2026-09-25,c:cordillera:san-bernardino,San Bernardino,asking_rent_usd_month,casa,1680,24,remax uprop cb psir prestige
2026-09-25,c:cordillera:caacupe,Caacupé,active_sale,,140,140,remax uprop cb psir prestige
2026-09-25,c:cordillera:caacupe,Caacupé,active_rent,,5,5,remax uprop cb psir prestige
2026-09-25,c:cordillera:caacupe,Caacupé,asking_price_usd,casa,87371,31,remax uprop cb psir prestige
2026-09-25,c:cordillera:caacupe,Caacupé,asking_price_usd,terreno,28841,92,remax uprop cb psir prestige
2026-09-25,c:cordillera:caacupe,Caacupé,asking_usd_per_m2_built,casa,468,24,remax uprop cb psir prestige
2026-09-25,c:cordillera:altos,Altos,active_sale,,127,127,remax uprop cb psir prestige
2026-09-25,c:cordillera:altos,Altos,active_rent,,8,8,remax uprop cb psir prestige
2026-09-25,c:cordillera:altos,Altos,asking_price_usd,casa,232975,22,remax uprop cb psir prestige
2026-09-25,c:cordillera:altos,Altos,asking_price_usd,terreno,39604,91,remax uprop cb psir prestige
2026-09-25,d:presidente-hayes,Presidente Hayes,active_sale,,196,196,remax uprop cb psir prestige
2026-09-25,d:presidente-hayes,Presidente Hayes,active_rent,,1,1,remax uprop cb psir prestige
2026-09-25,d:presidente-hayes,Presidente Hayes,asking_price_usd,terreno,86632,137,remax uprop cb psir prestige
2026-09-25,c:presidente-hayes:villa-hayes,Villa Hayes,active_sale,,120,120,remax uprop cb psir prestige
2026-09-25,c:presidente-hayes:villa-hayes,Villa Hayes,active_rent,,0,0,remax uprop cb psir prestige
2026-09-25,c:presidente-hayes:villa-hayes,Villa Hayes,asking_price_usd,terreno,106006,82,remax uprop cb psir prestige
2026-09-25,d:boqueron,Boquerón,active_sale,,165,165,remax uprop cb psir prestige
2026-09-25,d:boqueron,Boquerón,active_rent,,31,31,remax uprop cb psir prestige
2026-09-25,d:boqueron,Boquerón,asking_price_usd,casa,78464,24,remax uprop cb psir prestige
2026-09-25,d:boqueron,Boquerón,asking_price_usd,terreno,15269,123,remax uprop cb psir prestige
2026-09-25,d:paraguari,Paraguarí,active_sale,,111,111,remax uprop cb psir prestige
2026-09-25,d:paraguari,Paraguarí,active_rent,,3,3,remax uprop cb psir prestige
2026-09-25,d:paraguari,Paraguarí,asking_price_usd,terreno,48351,63,remax uprop cb psir prestige
2026-09-25,d:caaguazu,Caaguazú,active_sale,,70,70,remax uprop cb psir prestige
2026-09-25,d:caaguazu,Caaguazú,active_rent,,3,3,remax uprop cb psir prestige
2026-09-25,d:caaguazu,Caaguazú,asking_price_usd,terreno,70000,43,remax uprop cb psir prestige
2026-09-25,d:misiones,Misiones,active_sale,,63,63,remax uprop cb psir prestige
2026-09-25,d:misiones,Misiones,active_rent,,5,5,remax uprop cb psir prestige
2026-09-25,d:misiones,Misiones,asking_price_usd,terreno,37323,35,remax uprop cb psir prestige
2026-09-25,d:guaira,Guairá,active_sale,,42,42,remax uprop cb psir prestige
2026-09-25,d:guaira,Guairá,active_rent,,3,3,remax uprop cb psir prestige
2026-09-25,d:guaira,Guairá,asking_price_usd,terreno,24161,26,remax uprop cb psir prestige
2026-09-25,d:san-pedro,San Pedro,active_sale,,38,38,remax uprop cb psir prestige
2026-09-25,d:san-pedro,San Pedro,active_rent,,0,0,remax uprop cb psir prestige
2026-09-25,d:san-pedro,San Pedro,asking_price_usd,terreno,141659,26,remax uprop cb psir prestige
2026-09-25,d:caazapa,Caazapá,active_sale,,23,23,remax uprop cb psir prestige
2026-09-25,d:caazapa,Caazapá,active_rent,,3,3,remax uprop cb psir prestige
2026-09-25,d:neembucu,Ñeembucú,active_sale,,24,24,remax uprop cb psir prestige
2026-09-25,d:neembucu,Ñeembucú,active_rent,,1,1,remax uprop cb psir prestige
2026-09-25,d:concepcion,Concepción,active_sale,,22,22,remax uprop cb psir prestige
2026-09-25,d:concepcion,Concepción,active_rent,,0,0,remax uprop cb psir prestige
2026-09-25,d:canindeyu,Canindeyú,active_sale,,17,17,remax uprop cb psir prestige
2026-09-25,d:canindeyu,Canindeyú,active_rent,,2,2,remax uprop cb psir prestige
2026-09-25,d:amambay,Amambay,active_sale,,14,14,remax uprop cb psir prestige
2026-09-25,d:amambay,Amambay,active_rent,,0,0,remax uprop cb psir prestige
2026-09-25,d:alto-paraguay,Alto Paraguay,active_sale,,13,13,remax uprop cb psir prestige
2026-09-25,d:alto-paraguay,Alto Paraguay,active_rent,,0,0,remax uprop cb psir prestige
2026-09-26,py,Paraguay,active_sale,,25410,25410,remax uprop cb psir prestige
2026-09-26,py,Paraguay,active_rent,,7521,7521,remax uprop cb psir prestige
2026-09-26,py,Paraguay,asking_price_usd,casa,130000,4347,remax uprop cb psir prestige
2026-09-26,py,Paraguay,asking_price_usd,departamento,99841,3980,remax uprop cb psir prestige
2026-09-26,py,Paraguay,asking_price_usd,duplex,120000,264,remax uprop cb psir prestige
2026-09-26,py,Paraguay,asking_price_usd,terreno,64684,6057,remax uprop cb psir prestige
2026-09-26,py,Paraguay,asking_usd_per_m2_built,casa,783,3166,remax uprop cb psir prestige
2026-09-26,py,Paraguay,asking_usd_per_m2_built,departamento,1727,1555,remax uprop cb psir prestige
2026-09-26,py,Paraguay,asking_rent_usd_month,departamento,766,735,remax uprop cb psir prestige
2026-09-26,py,Paraguay,asking_rent_usd_month,casa,1021,323,remax uprop cb psir prestige
2026-09-26,d:asuncion,Asunción,active_sale,,10328,10328,remax uprop cb psir prestige
2026-09-26,d:asuncion,Asunción,active_rent,,6385,6385,remax uprop cb psir prestige
2026-09-26,d:asuncion,Asunción,asking_price_usd,casa,221286,1006,remax uprop cb psir prestige
2026-09-26,d:asuncion,Asunción,asking_price_usd,departamento,110300,2917,remax uprop cb psir prestige
2026-09-26,d:asuncion,Asunción,asking_price_usd,duplex,192500,34,remax uprop cb psir prestige
2026-09-26,d:asuncion,Asunción,asking_price_usd,terreno,204264,821,remax uprop cb psir prestige
2026-09-26,d:asuncion,Asunción,asking_usd_per_m2_built,casa,950,654,remax uprop cb psir prestige
2026-09-26,d:asuncion,Asunción,asking_usd_per_m2_built,departamento,1805,1243,remax uprop cb psir prestige
2026-09-26,d:asuncion,Asunción,asking_rent_usd_month,departamento,900,434,remax uprop cb psir prestige
2026-09-26,d:asuncion,Asunción,asking_rent_usd_month,casa,1617,96,remax uprop cb psir prestige
2026-09-26,d:central,Central,active_sale,,10626,10626,remax uprop cb psir prestige
2026-09-26,d:central,Central,active_rent,,771,771,remax uprop cb psir prestige
2026-09-26,d:central,Central,asking_price_usd,casa,102132,2460,remax uprop cb psir prestige
2026-09-26,d:central,Central,asking_price_usd,departamento,76231,763,remax uprop cb psir prestige
2026-09-26,d:central,Central,asking_price_usd,duplex,115750,191,remax uprop cb psir prestige
2026-09-26,d:central,Central,asking_price_usd,terreno,60145,2670,remax uprop cb psir prestige
2026-09-26,d:central,Central,asking_usd_per_m2_built,casa,752,1783,remax uprop cb psir prestige
2026-09-26,d:central,Central,asking_usd_per_m2_built,departamento,1261,231,remax uprop cb psir prestige
2026-09-26,d:central,Central,asking_rent_usd_month,departamento,579,239,remax uprop cb psir prestige
2026-09-26,d:central,Central,asking_rent_usd_month,casa,681,136,remax uprop cb psir prestige
2026-09-26,c:central:luque,Luque,active_sale,,1874,1874,remax uprop cb psir prestige
2026-09-26,c:central:luque,Luque,active_rent,,173,173,remax uprop cb psir prestige
2026-09-26,c:central:luque,Luque,asking_price_usd,casa,105536,669,remax uprop cb psir prestige
2026-09-26,c:central:luque,Luque,asking_price_usd,departamento,81237,305,remax uprop cb psir prestige
2026-09-26,c:central:luque,Luque,asking_price_usd,duplex,127665,70,remax uprop cb psir prestige
2026-09-26,c:central:luque,Luque,asking_price_usd,terreno,76599,549,remax uprop cb psir prestige
2026-09-26,c:central:luque,Luque,asking_usd_per_m2_built,casa,892,472,remax uprop cb psir prestige
2026-09-26,c:central:luque,Luque,asking_usd_per_m2_built,departamento,1261,73,remax uprop cb psir prestige
2026-09-26,c:central:luque,Luque,asking_rent_usd_month,departamento,648,76,remax uprop cb psir prestige
2026-09-26,c:central:luque,Luque,asking_rent_usd_month,casa,681,41,remax uprop cb psir prestige
2026-09-26,c:central:san-lorenzo,San Lorenzo,active_sale,,795,795,remax uprop cb psir prestige
2026-09-26,c:central:san-lorenzo,San Lorenzo,active_rent,,155,155,remax uprop cb psir prestige
2026-09-26,c:central:san-lorenzo,San Lorenzo,asking_price_usd,casa,119154,329,remax uprop cb psir prestige
2026-09-26,c:central:san-lorenzo,San Lorenzo,asking_price_usd,departamento,51497,57,remax uprop cb psir prestige
2026-09-26,c:central:san-lorenzo,San Lorenzo,asking_price_usd,duplex,119154,31,remax uprop cb psir prestige
2026-09-26,c:central:san-lorenzo,San Lorenzo,asking_price_usd,terreno,80003,227,remax uprop cb psir prestige
2026-09-26,c:central:san-lorenzo,San Lorenzo,asking_usd_per_m2_built,casa,783,235,remax uprop cb psir prestige
2026-09-26,c:central:san-lorenzo,San Lorenzo,asking_rent_usd_month,departamento,340,53,remax uprop cb psir prestige
2026-09-26,c:central:lambare,Lambaré,active_sale,,753,753,remax uprop cb psir prestige
2026-09-26,c:central:lambare,Lambaré,active_rent,,92,92,remax uprop cb psir prestige
2026-09-26,c:central:lambare,Lambaré,asking_price_usd,casa,153198,276,remax uprop cb psir prestige
2026-09-26,c:central:lambare,Lambaré,asking_price_usd,departamento,87757,78,remax uprop cb psir prestige
2026-09-26,c:central:lambare,Lambaré,asking_price_usd,duplex,118984,30,remax uprop cb psir prestige
2026-09-26,c:central:lambare,Lambaré,asking_price_usd,terreno,90217,207,remax uprop cb psir prestige
2026-09-26,c:central:lambare,Lambaré,asking_usd_per_m2_built,casa,735,199,remax uprop cb psir prestige
2026-09-26,c:central:lambare,Lambaré,asking_usd_per_m2_built,departamento,1235,35,remax uprop cb psir prestige
2026-09-26,c:central:lambare,Lambaré,asking_rent_usd_month,departamento,596,42,remax uprop cb psir prestige
2026-09-26,c:central:capiata,Capiatá,active_sale,,724,724,remax uprop cb psir prestige
2026-09-26,c:central:capiata,Capiatá,active_rent,,29,29,remax uprop cb psir prestige
2026-09-26,c:central:capiata,Capiatá,asking_price_usd,casa,61279,193,remax uprop cb psir prestige
2026-09-26,c:central:capiata,Capiatá,asking_price_usd,terreno,37448,153,remax uprop cb psir prestige
2026-09-26,c:central:capiata,Capiatá,asking_usd_per_m2_built,casa,592,148,remax uprop cb psir prestige
2026-09-26,c:central:nemby,Ñemby,active_sale,,708,708,remax uprop cb psir prestige
2026-09-26,c:central:nemby,Ñemby,active_rent,,36,36,remax uprop cb psir prestige
2026-09-26,c:central:nemby,Ñemby,asking_price_usd,casa,71918,134,remax uprop cb psir prestige
2026-09-26,c:central:nemby,Ñemby,asking_price_usd,terreno,54470,121,remax uprop cb psir prestige
2026-09-26,c:central:nemby,Ñemby,asking_usd_per_m2_built,casa,687,111,remax uprop cb psir prestige
2026-09-26,c:central:fernando-de-la-mora,Fernando de la Mora,active_sale,,675,675,remax uprop cb psir prestige
2026-09-26,c:central:fernando-de-la-mora,Fernando de la Mora,active_rent,,146,146,remax uprop cb psir prestige
2026-09-26,c:central:fernando-de-la-mora,Fernando de la Mora,asking_price_usd,casa,161709,222,remax uprop cb psir prestige
2026-09-26,c:central:fernando-de-la-mora,Fernando de la Mora,asking_price_usd,departamento,70000,163,remax uprop cb psir prestige
2026-09-26,c:central:fernando-de-la-mora,Fernando de la Mora,asking_price_usd,terreno,127665,159,remax uprop cb psir prestige
2026-09-26,c:central:fernando-de-la-mora,Fernando de la Mora,asking_usd_per_m2_built,casa,833,160,remax uprop cb psir prestige
2026-09-26,c:central:fernando-de-la-mora,Fernando de la Mora,asking_usd_per_m2_built,departamento,1161,58,remax uprop cb psir prestige
2026-09-26,c:central:fernando-de-la-mora,Fernando de la Mora,asking_rent_usd_month,departamento,596,43,remax uprop cb psir prestige
2026-09-26,c:central:fernando-de-la-mora,Fernando de la Mora,asking_rent_usd_month,casa,936,22,remax uprop cb psir prestige
2026-09-26,c:central:villa-elisa,Villa Elisa,active_sale,,600,600,remax uprop cb psir prestige
2026-09-26,c:central:villa-elisa,Villa Elisa,active_rent,,18,18,remax uprop cb psir prestige
2026-09-26,c:central:villa-elisa,Villa Elisa,asking_price_usd,casa,93621,107,remax uprop cb psir prestige
2026-09-26,c:central:villa-elisa,Villa Elisa,asking_price_usd,terreno,59577,73,remax uprop cb psir prestige
2026-09-26,c:central:villa-elisa,Villa Elisa,asking_usd_per_m2_built,casa,736,66,remax uprop cb psir prestige
2026-09-26,c:central:limpio,Limpio,active_sale,,508,508,remax uprop cb psir prestige
2026-09-26,c:central:limpio,Limpio,active_rent,,10,10,remax uprop cb psir prestige
2026-09-26,c:central:limpio,Limpio,asking_price_usd,casa,59577,123,remax uprop cb psir prestige
2026-09-26,c:central:limpio,Limpio,asking_price_usd,departamento,62885,22,remax uprop cb psir prestige
2026-09-26,c:central:limpio,Limpio,asking_price_usd,terreno,30980,166,remax uprop cb psir prestige
2026-09-26,c:central:limpio,Limpio,asking_usd_per_m2_built,casa,674,94,remax uprop cb psir prestige
2026-09-26,c:central:aregua,Areguá,active_sale,,498,498,remax uprop cb psir prestige
2026-09-26,c:central:aregua,Areguá,active_rent,,4,4,remax uprop cb psir prestige
2026-09-26,c:central:aregua,Areguá,asking_price_usd,casa,93621,71,remax uprop cb psir prestige
2026-09-26,c:central:aregua,Areguá,asking_price_usd,terreno,26810,134,remax uprop cb psir prestige
2026-09-26,c:central:aregua,Areguá,asking_usd_per_m2_built,casa,621,50,remax uprop cb psir prestige
2026-09-26,c:central:mariano-roque-alonso,Mariano Roque Alonso,active_sale,,490,490,remax uprop cb psir prestige
2026-09-26,c:central:mariano-roque-alonso,Mariano Roque Alonso,active_rent,,41,41,remax uprop cb psir prestige
2026-09-26,c:central:mariano-roque-alonso,Mariano Roque Alonso,asking_price_usd,casa,124261,109,remax uprop cb psir prestige
2026-09-26,c:central:mariano-roque-alonso,Mariano Roque Alonso,asking_price_usd,departamento,60000,88,remax uprop cb psir prestige
2026-09-26,c:central:mariano-roque-alonso,Mariano Roque Alonso,asking_price_usd,terreno,91385,166,remax uprop cb psir prestige
2026-09-26,c:central:mariano-roque-alonso,Mariano Roque Alonso,asking_usd_per_m2_built,casa,690,79,remax uprop cb psir prestige
2026-09-26,c:central:ypane,Ypané,active_sale,,447,447,remax uprop cb psir prestige
2026-09-26,c:central:ypane,Ypané,active_rent,,7,7,remax uprop cb psir prestige
2026-09-26,c:central:ypane,Ypané,asking_price_usd,casa,48087,36,remax uprop cb psir prestige
2026-09-26,c:central:ypane,Ypané,asking_price_usd,terreno,28937,131,remax uprop cb psir prestige
2026-09-26,c:central:ypane,Ypané,asking_usd_per_m2_built,casa,517,27,remax uprop cb psir prestige
2026-09-26,c:central:itaugua,Itauguá,active_sale,,419,419,remax uprop cb psir prestige
2026-09-26,c:central:itaugua,Itauguá,active_rent,,24,24,remax uprop cb psir prestige
2026-09-26,c:central:itaugua,Itauguá,asking_price_usd,casa,59577,65,remax uprop cb psir prestige
2026-09-26,c:central:itaugua,Itauguá,asking_price_usd,terreno,23865,146,remax uprop cb psir prestige
2026-09-26,c:central:itaugua,Itauguá,asking_usd_per_m2_built,casa,596,61,remax uprop cb psir prestige
2026-09-26,c:central:villeta,Villeta,active_sale,,340,340,remax uprop cb psir prestige
2026-09-26,c:central:villeta,Villeta,active_rent,,9,9,remax uprop cb psir prestige
2026-09-26,c:central:villeta,Villeta,asking_price_usd,casa,62981,22,remax uprop cb psir prestige
2026-09-26,c:central:villeta,Villeta,asking_price_usd,terreno,25533,53,remax uprop cb psir prestige
2026-09-26,c:central:san-antonio,San Antonio,active_sale,,303,303,remax uprop cb psir prestige
2026-09-26,c:central:san-antonio,San Antonio,active_rent,,7,7,remax uprop cb psir prestige
2026-09-26,c:central:san-antonio,San Antonio,asking_price_usd,casa,61705,22,remax uprop cb psir prestige
2026-09-26,c:central:san-antonio,San Antonio,asking_price_usd,terreno,77025,34,remax uprop cb psir prestige
2026-09-26,c:central:ypacarai,Ypacaraí,active_sale,,297,297,remax uprop cb psir prestige
2026-09-26,c:central:ypacarai,Ypacaraí,active_rent,,3,3,remax uprop cb psir prestige
2026-09-26,c:central:ypacarai,Ypacaraí,asking_price_usd,terreno,34044,110,remax uprop cb psir prestige
2026-09-26,c:central:julian-augusto-saldivar,Julián Augusto Saldívar,active_sale,,268,268,remax uprop cb psir prestige
2026-09-26,c:central:julian-augusto-saldivar,Julián Augusto Saldívar,active_rent,,1,1,remax uprop cb psir prestige
2026-09-26,c:central:julian-augusto-saldivar,Julián Augusto Saldívar,asking_price_usd,terreno,21278,39,remax uprop cb psir prestige
2026-09-26,c:central:ita,Itá,active_sale,,207,207,remax uprop cb psir prestige
2026-09-26,c:central:ita,Itá,active_rent,,3,3,remax uprop cb psir prestige
2026-09-26,c:central:ita,Itá,asking_price_usd,terreno,28086,52,remax uprop cb psir prestige
2026-09-26,c:central:nueva-italia,c:central:nueva-italia,active_sale,,133,133,remax uprop cb psir prestige
2026-09-26,c:central:nueva-italia,c:central:nueva-italia,active_rent,,0,0,remax uprop cb psir prestige
2026-09-26,d:itapua,Itapúa,active_sale,,1557,1557,remax uprop cb psir prestige
2026-09-26,d:itapua,Itapúa,active_rent,,147,147,remax uprop cb psir prestige
2026-09-26,d:itapua,Itapúa,asking_price_usd,casa,127665,307,remax uprop cb psir prestige
2026-09-26,d:itapua,Itapúa,asking_price_usd,departamento,94000,168,remax uprop cb psir prestige
2026-09-26,d:itapua,Itapúa,asking_price_usd,duplex,97025,31,remax uprop cb psir prestige
2026-09-26,d:itapua,Itapúa,asking_price_usd,terreno,34044,870,remax uprop cb psir prestige
2026-09-26,d:itapua,Itapúa,asking_usd_per_m2_built,casa,689,267,remax uprop cb psir prestige
2026-09-26,d:itapua,Itapúa,asking_usd_per_m2_built,departamento,1290,39,remax uprop cb psir prestige
2026-09-26,d:itapua,Itapúa,asking_rent_usd_month,departamento,460,53,remax uprop cb psir prestige
2026-09-26,d:itapua,Itapúa,asking_rent_usd_month,casa,809,22,remax uprop cb psir prestige
2026-09-26,c:itapua:encarnacion,Encarnación,active_sale,,759,759,remax uprop cb psir prestige
2026-09-26,c:itapua:encarnacion,Encarnación,active_rent,,104,104,remax uprop cb psir prestige
2026-09-26,c:itapua:encarnacion,Encarnación,asking_price_usd,casa,140000,161,remax uprop cb psir prestige
2026-09-26,c:itapua:encarnacion,Encarnación,asking_price_usd,departamento,94000,166,remax uprop cb psir prestige
2026-09-26,c:itapua:encarnacion,Encarnación,asking_price_usd,duplex,97025,24,remax uprop cb psir prestige
2026-09-26,c:itapua:encarnacion,Encarnación,asking_price_usd,terreno,49364,329,remax uprop cb psir prestige
2026-09-26,c:itapua:encarnacion,Encarnación,asking_usd_per_m2_built,casa,681,141,remax uprop cb psir prestige
2026-09-26,c:itapua:encarnacion,Encarnación,asking_usd_per_m2_built,departamento,1290,39,remax uprop cb psir prestige
2026-09-26,c:itapua:encarnacion,Encarnación,asking_rent_usd_month,departamento,426,51,remax uprop cb psir prestige
2026-09-26,c:itapua:san-juan-del-parana,San Juan del Paraná,active_sale,,159,159,remax uprop cb psir prestige
2026-09-26,c:itapua:san-juan-del-parana,San Juan del Paraná,active_rent,,4,4,remax uprop cb psir prestige
2026-09-26,c:itapua:san-juan-del-parana,San Juan del Paraná,asking_price_usd,casa,124446,23,remax uprop cb psir prestige
2026-09-26,c:itapua:san-juan-del-parana,San Juan del Paraná,asking_price_usd,terreno,14469,121,remax uprop cb psir prestige
2026-09-26,c:itapua:san-juan-del-parana,San Juan del Paraná,asking_usd_per_m2_built,casa,1099,21,remax uprop cb psir prestige
2026-09-26,c:itapua:capitan-miranda,Capitán Miranda,active_sale,,109,109,remax uprop cb psir prestige
2026-09-26,c:itapua:capitan-miranda,Capitán Miranda,active_rent,,14,14,remax uprop cb psir prestige
2026-09-26,c:itapua:capitan-miranda,Capitán Miranda,asking_price_usd,terreno,21022,93,remax uprop cb psir prestige
2026-09-26,d:alto-parana,Alto Paraná,active_sale,,931,931,remax uprop cb psir prestige
2026-09-26,d:alto-parana,Alto Paraná,active_rent,,80,80,remax uprop cb psir prestige
2026-09-26,d:alto-parana,Alto Paraná,asking_price_usd,casa,120854,230,remax uprop cb psir prestige
2026-09-26,d:alto-parana,Alto Paraná,asking_price_usd,departamento,89000,89,remax uprop cb psir prestige
2026-09-26,d:alto-parana,Alto Paraná,asking_price_usd,terreno,66386,473,remax uprop cb psir prestige
2026-09-26,d:alto-parana,Alto Paraná,asking_usd_per_m2_built,casa,730,206,remax uprop cb psir prestige
2026-09-26,d:alto-parana,Alto Paraná,asking_usd_per_m2_built,departamento,1369,26,remax uprop cb psir prestige
2026-09-26,c:alto-parana:ciudad-del-este,Ciudad del Este,active_sale,,413,413,remax uprop cb psir prestige
2026-09-26,c:alto-parana:ciudad-del-este,Ciudad del Este,active_rent,,45,45,remax uprop cb psir prestige
2026-09-26,c:alto-parana:ciudad-del-este,Ciudad del Este,asking_price_usd,casa,136176,102,remax uprop cb psir prestige
2026-09-26,c:alto-parana:ciudad-del-este,Ciudad del Este,asking_price_usd,departamento,83903,77,remax uprop cb psir prestige
2026-09-26,c:alto-parana:ciudad-del-este,Ciudad del Este,asking_price_usd,terreno,81706,179,remax uprop cb psir prestige
2026-09-26,c:alto-parana:ciudad-del-este,Ciudad del Este,asking_usd_per_m2_built,casa,755,94,remax uprop cb psir prestige
2026-09-26,c:alto-parana:ciudad-del-este,Ciudad del Este,asking_usd_per_m2_built,departamento,1525,23,remax uprop cb psir prestige
2026-09-26,c:alto-parana:hernandarias,Hernandarias,active_sale,,161,161,remax uprop cb psir prestige
2026-09-26,c:alto-parana:hernandarias,Hernandarias,active_rent,,7,7,remax uprop cb psir prestige
2026-09-26,c:alto-parana:hernandarias,Hernandarias,asking_price_usd,casa,112822,52,remax uprop cb psir prestige
2026-09-26,c:alto-parana:hernandarias,Hernandarias,asking_price_usd,terreno,57024,87,remax uprop cb psir prestige
2026-09-26,c:alto-parana:hernandarias,Hernandarias,asking_usd_per_m2_built,casa,584,46,remax uprop cb psir prestige
2026-09-26,c:alto-parana:minga-guazu,Minga Guazú,active_sale,,108,108,remax uprop cb psir prestige
2026-09-26,c:alto-parana:minga-guazu,Minga Guazú,active_rent,,2,2,remax uprop cb psir prestige
2026-09-26,c:alto-parana:minga-guazu,Minga Guazú,asking_price_usd,terreno,26384,87,remax uprop cb psir prestige
2026-09-26,d:cordillera,Cordillera,active_sale,,914,914,remax uprop cb psir prestige
2026-09-26,d:cordillera,Cordillera,active_rent,,49,49,remax uprop cb psir prestige
2026-09-26,d:cordillera,Cordillera,asking_price_usd,casa,192500,188,remax uprop cb psir prestige
2026-09-26,d:cordillera,Cordillera,asking_price_usd,departamento,239751,24,remax uprop cb psir prestige
2026-09-26,d:cordillera,Cordillera,asking_price_usd,terreno,51066,619,remax uprop cb psir prestige
2026-09-26,d:cordillera,Cordillera,asking_usd_per_m2_built,casa,885,151,remax uprop cb psir prestige
2026-09-26,d:cordillera,Cordillera,asking_rent_usd_month,casa,1532,35,remax uprop cb psir prestige
2026-09-26,c:cordillera:san-bernardino,San Bernardino,active_sale,,396,396,remax uprop cb psir prestige
2026-09-26,c:cordillera:san-bernardino,San Bernardino,active_rent,,28,28,remax uprop cb psir prestige
2026-09-26,c:cordillera:san-bernardino,San Bernardino,asking_price_usd,casa,220000,97,remax uprop cb psir prestige
2026-09-26,c:cordillera:san-bernardino,San Bernardino,asking_price_usd,terreno,62981,273,remax uprop cb psir prestige
2026-09-26,c:cordillera:san-bernardino,San Bernardino,asking_usd_per_m2_built,casa,987,84,remax uprop cb psir prestige
2026-09-26,c:cordillera:san-bernardino,San Bernardino,asking_rent_usd_month,casa,1685,24,remax uprop cb psir prestige
2026-09-26,c:cordillera:caacupe,Caacupé,active_sale,,140,140,remax uprop cb psir prestige
2026-09-26,c:cordillera:caacupe,Caacupé,active_rent,,5,5,remax uprop cb psir prestige
2026-09-26,c:cordillera:caacupe,Caacupé,asking_price_usd,casa,87663,31,remax uprop cb psir prestige
2026-09-26,c:cordillera:caacupe,Caacupé,asking_price_usd,terreno,28937,92,remax uprop cb psir prestige
2026-09-26,c:cordillera:caacupe,Caacupé,asking_usd_per_m2_built,casa,469,24,remax uprop cb psir prestige
2026-09-26,c:cordillera:altos,Altos,active_sale,,127,127,remax uprop cb psir prestige
2026-09-26,c:cordillera:altos,Altos,active_rent,,8,8,remax uprop cb psir prestige
2026-09-26,c:cordillera:altos,Altos,asking_price_usd,casa,232975,22,remax uprop cb psir prestige
2026-09-26,c:cordillera:altos,Altos,asking_price_usd,terreno,39604,91,remax uprop cb psir prestige
2026-09-26,d:boqueron,Boquerón,active_sale,,163,163,remax uprop cb psir prestige
2026-09-26,d:boqueron,Boquerón,active_rent,,31,31,remax uprop cb psir prestige
2026-09-26,d:boqueron,Boquerón,asking_price_usd,casa,78727,24,remax uprop cb psir prestige
2026-09-26,d:boqueron,Boquerón,asking_price_usd,terreno,15320,123,remax uprop cb psir prestige
2026-09-26,d:presidente-hayes,Presidente Hayes,active_sale,,189,189,remax uprop cb psir prestige
2026-09-26,d:presidente-hayes,Presidente Hayes,active_rent,,1,1,remax uprop cb psir prestige
2026-09-26,d:presidente-hayes,Presidente Hayes,asking_price_usd,terreno,86632,137,remax uprop cb psir prestige
2026-09-26,c:presidente-hayes:villa-hayes,Villa Hayes,active_sale,,113,113,remax uprop cb psir prestige
2026-09-26,c:presidente-hayes:villa-hayes,Villa Hayes,active_rent,,0,0,remax uprop cb psir prestige
2026-09-26,c:presidente-hayes:villa-hayes,Villa Hayes,asking_price_usd,terreno,106006,82,remax uprop cb psir prestige
2026-09-26,d:paraguari,Paraguarí,active_sale,,111,111,remax uprop cb psir prestige
2026-09-26,d:paraguari,Paraguarí,active_rent,,3,3,remax uprop cb psir prestige
2026-09-26,d:paraguari,Paraguarí,asking_price_usd,terreno,48513,63,remax uprop cb psir prestige
2026-09-26,d:caaguazu,Caaguazú,active_sale,,69,69,remax uprop cb psir prestige
2026-09-26,d:caaguazu,Caaguazú,active_rent,,3,3,remax uprop cb psir prestige
2026-09-26,d:caaguazu,Caaguazú,asking_price_usd,terreno,70000,43,remax uprop cb psir prestige
2026-09-26,d:misiones,Misiones,active_sale,,63,63,remax uprop cb psir prestige
2026-09-26,d:misiones,Misiones,active_rent,,5,5,remax uprop cb psir prestige
2026-09-26,d:misiones,Misiones,asking_price_usd,terreno,37448,35,remax uprop cb psir prestige
2026-09-26,d:guaira,Guairá,active_sale,,42,42,remax uprop cb psir prestige
2026-09-26,d:guaira,Guairá,active_rent,,3,3,remax uprop cb psir prestige
2026-09-26,d:guaira,Guairá,asking_price_usd,terreno,24242,26,remax uprop cb psir prestige
2026-09-26,d:san-pedro,San Pedro,active_sale,,38,38,remax uprop cb psir prestige
2026-09-26,d:san-pedro,San Pedro,active_rent,,0,0,remax uprop cb psir prestige
2026-09-26,d:san-pedro,San Pedro,asking_price_usd,terreno,142134,26,remax uprop cb psir prestige
2026-09-26,d:caazapa,Caazapá,active_sale,,23,23,remax uprop cb psir prestige
2026-09-26,d:caazapa,Caazapá,active_rent,,3,3,remax uprop cb psir prestige
2026-09-26,d:neembucu,Ñeembucú,active_sale,,24,24,remax uprop cb psir prestige
2026-09-26,d:neembucu,Ñeembucú,active_rent,,1,1,remax uprop cb psir prestige
2026-09-26,d:concepcion,Concepción,active_sale,,22,22,remax uprop cb psir prestige
2026-09-26,d:concepcion,Concepción,active_rent,,0,0,remax uprop cb psir prestige
2026-09-26,d:canindeyu,Canindeyú,active_sale,,17,17,remax uprop cb psir prestige
2026-09-26,d:canindeyu,Canindeyú,active_rent,,2,2,remax uprop cb psir prestige
2026-09-26,d:amambay,Amambay,active_sale,,14,14,remax uprop cb psir prestige
2026-09-26,d:amambay,Amambay,active_rent,,0,0,remax uprop cb psir prestige
2026-09-26,d:alto-paraguay,Alto Paraguay,active_sale,,13,13,remax uprop cb psir prestige
2026-09-26,d:alto-paraguay,Alto Paraguay,active_rent,,0,0,remax uprop cb psir prestige
2026-09-27,py,Paraguay,active_sale,,25124,25124,remax uprop cb psir prestige
2026-09-27,py,Paraguay,active_rent,,7335,7335,remax uprop cb psir prestige
2026-09-27,py,Paraguay,asking_price_usd,casa,130000,4345,remax uprop cb psir prestige
2026-09-27,py,Paraguay,asking_price_usd,departamento,99817,3988,remax uprop cb psir prestige
2026-09-27,py,Paraguay,asking_price_usd,duplex,120000,264,remax uprop cb psir prestige
2026-09-27,py,Paraguay,asking_price_usd,terreno,64684,6057,remax uprop cb psir prestige
2026-09-27,py,Paraguay,asking_usd_per_m2_built,casa,783,3164,remax uprop cb psir prestige
2026-09-27,py,Paraguay,asking_usd_per_m2_built,departamento,1729,1566,remax uprop cb psir prestige
2026-09-27,py,Paraguay,asking_rent_usd_month,departamento,766,735,remax uprop cb psir prestige
2026-09-27,py,Paraguay,asking_rent_usd_month,casa,1021,323,remax uprop cb psir prestige
2026-09-27,d:asuncion,Asunción,active_sale,,10190,10190,remax uprop cb psir prestige
2026-09-27,d:asuncion,Asunción,active_rent,,6204,6204,remax uprop cb psir prestige
2026-09-27,d:asuncion,Asunción,asking_price_usd,casa,221286,1006,remax uprop cb psir prestige
2026-09-27,d:asuncion,Asunción,asking_price_usd,departamento,110000,2918,remax uprop cb psir prestige
2026-09-27,d:asuncion,Asunción,asking_price_usd,duplex,192500,34,remax uprop cb psir prestige
2026-09-27,d:asuncion,Asunción,asking_price_usd,terreno,204264,821,remax uprop cb psir prestige
2026-09-27,d:asuncion,Asunción,asking_usd_per_m2_built,casa,950,654,remax uprop cb psir prestige
2026-09-27,d:asuncion,Asunción,asking_usd_per_m2_built,departamento,1805,1248,remax uprop cb psir prestige
2026-09-27,d:asuncion,Asunción,asking_rent_usd_month,departamento,900,435,remax uprop cb psir prestige
2026-09-27,d:asuncion,Asunción,asking_rent_usd_month,casa,1617,96,remax uprop cb psir prestige
2026-09-27,d:central,Central,active_sale,,10488,10488,remax uprop cb psir prestige
2026-09-27,d:central,Central,active_rent,,771,771,remax uprop cb psir prestige
2026-09-27,d:central,Central,asking_price_usd,casa,102132,2460,remax uprop cb psir prestige
2026-09-27,d:central,Central,asking_price_usd,departamento,76379,762,remax uprop cb psir prestige
2026-09-27,d:central,Central,asking_price_usd,duplex,115750,191,remax uprop cb psir prestige
2026-09-27,d:central,Central,asking_price_usd,terreno,60145,2668,remax uprop cb psir prestige
2026-09-27,d:central,Central,asking_usd_per_m2_built,casa,752,1783,remax uprop cb psir prestige
2026-09-27,d:central,Central,asking_usd_per_m2_built,departamento,1266,230,remax uprop cb psir prestige
2026-09-27,d:central,Central,asking_rent_usd_month,departamento,579,238,remax uprop cb psir prestige
2026-09-27,d:central,Central,asking_rent_usd_month,casa,681,136,remax uprop cb psir prestige
2026-09-27,c:central:luque,Luque,active_sale,,1876,1876,remax uprop cb psir prestige
2026-09-27,c:central:luque,Luque,active_rent,,172,172,remax uprop cb psir prestige
2026-09-27,c:central:luque,Luque,asking_price_usd,casa,105536,669,remax uprop cb psir prestige
2026-09-27,c:central:luque,Luque,asking_price_usd,departamento,81237,305,remax uprop cb psir prestige
2026-09-27,c:central:luque,Luque,asking_price_usd,duplex,127665,70,remax uprop cb psir prestige
2026-09-27,c:central:luque,Luque,asking_price_usd,terreno,76599,549,remax uprop cb psir prestige
2026-09-27,c:central:luque,Luque,asking_usd_per_m2_built,casa,892,472,remax uprop cb psir prestige
2026-09-27,c:central:luque,Luque,asking_usd_per_m2_built,departamento,1261,73,remax uprop cb psir prestige
2026-09-27,c:central:luque,Luque,asking_rent_usd_month,departamento,648,76,remax uprop cb psir prestige
2026-09-27,c:central:luque,Luque,asking_rent_usd_month,casa,681,41,remax uprop cb psir prestige
2026-09-27,c:central:san-lorenzo,San Lorenzo,active_sale,,794,794,remax uprop cb psir prestige
2026-09-27,c:central:san-lorenzo,San Lorenzo,active_rent,,156,156,remax uprop cb psir prestige
2026-09-27,c:central:san-lorenzo,San Lorenzo,asking_price_usd,casa,119154,329,remax uprop cb psir prestige
2026-09-27,c:central:san-lorenzo,San Lorenzo,asking_price_usd,departamento,51497,57,remax uprop cb psir prestige
2026-09-27,c:central:san-lorenzo,San Lorenzo,asking_price_usd,duplex,119154,31,remax uprop cb psir prestige
2026-09-27,c:central:san-lorenzo,San Lorenzo,asking_price_usd,terreno,80003,227,remax uprop cb psir prestige
2026-09-27,c:central:san-lorenzo,San Lorenzo,asking_usd_per_m2_built,casa,783,235,remax uprop cb psir prestige
2026-09-27,c:central:san-lorenzo,San Lorenzo,asking_rent_usd_month,departamento,340,53,remax uprop cb psir prestige
2026-09-27,c:central:lambare,Lambaré,active_sale,,752,752,remax uprop cb psir prestige
2026-09-27,c:central:lambare,Lambaré,active_rent,,91,91,remax uprop cb psir prestige
2026-09-27,c:central:lambare,Lambaré,asking_price_usd,casa,153198,277,remax uprop cb psir prestige
2026-09-27,c:central:lambare,Lambaré,asking_price_usd,departamento,87757,78,remax uprop cb psir prestige
2026-09-27,c:central:lambare,Lambaré,asking_price_usd,duplex,118984,30,remax uprop cb psir prestige
2026-09-27,c:central:lambare,Lambaré,asking_price_usd,terreno,90217,207,remax uprop cb psir prestige
2026-09-27,c:central:lambare,Lambaré,asking_usd_per_m2_built,casa,735,200,remax uprop cb psir prestige
2026-09-27,c:central:lambare,Lambaré,asking_usd_per_m2_built,departamento,1235,35,remax uprop cb psir prestige
2026-09-27,c:central:lambare,Lambaré,asking_rent_usd_month,departamento,596,41,remax uprop cb psir prestige
2026-09-27,c:central:capiata,Capiatá,active_sale,,716,716,remax uprop cb psir prestige
2026-09-27,c:central:capiata,Capiatá,active_rent,,29,29,remax uprop cb psir prestige
2026-09-27,c:central:capiata,Capiatá,asking_price_usd,casa,61279,192,remax uprop cb psir prestige
2026-09-27,c:central:capiata,Capiatá,asking_price_usd,terreno,37448,153,remax uprop cb psir prestige
2026-09-27,c:central:capiata,Capiatá,asking_usd_per_m2_built,casa,588,147,remax uprop cb psir prestige
2026-09-27,c:central:nemby,Ñemby,active_sale,,691,691,remax uprop cb psir prestige
2026-09-27,c:central:nemby,Ñemby,active_rent,,36,36,remax uprop cb psir prestige
2026-09-27,c:central:nemby,Ñemby,asking_price_usd,casa,71918,134,remax uprop cb psir prestige
2026-09-27,c:central:nemby,Ñemby,asking_price_usd,terreno,54470,121,remax uprop cb psir prestige
2026-09-27,c:central:nemby,Ñemby,asking_usd_per_m2_built,casa,687,111,remax uprop cb psir prestige
2026-09-27,c:central:fernando-de-la-mora,Fernando de la Mora,active_sale,,674,674,remax uprop cb psir prestige
2026-09-27,c:central:fernando-de-la-mora,Fernando de la Mora,active_rent,,145,145,remax uprop cb psir prestige
2026-09-27,c:central:fernando-de-la-mora,Fernando de la Mora,asking_price_usd,casa,161709,222,remax uprop cb psir prestige
2026-09-27,c:central:fernando-de-la-mora,Fernando de la Mora,asking_price_usd,departamento,70000,162,remax uprop cb psir prestige
2026-09-27,c:central:fernando-de-la-mora,Fernando de la Mora,asking_price_usd,terreno,127665,159,remax uprop cb psir prestige
2026-09-27,c:central:fernando-de-la-mora,Fernando de la Mora,asking_usd_per_m2_built,casa,833,160,remax uprop cb psir prestige
2026-09-27,c:central:fernando-de-la-mora,Fernando de la Mora,asking_usd_per_m2_built,departamento,1161,57,remax uprop cb psir prestige
2026-09-27,c:central:fernando-de-la-mora,Fernando de la Mora,asking_rent_usd_month,departamento,596,43,remax uprop cb psir prestige
2026-09-27,c:central:fernando-de-la-mora,Fernando de la Mora,asking_rent_usd_month,casa,936,22,remax uprop cb psir prestige
2026-09-27,c:central:villa-elisa,Villa Elisa,active_sale,,576,576,remax uprop cb psir prestige
2026-09-27,c:central:villa-elisa,Villa Elisa,active_rent,,18,18,remax uprop cb psir prestige
2026-09-27,c:central:villa-elisa,Villa Elisa,asking_price_usd,casa,93621,107,remax uprop cb psir prestige
2026-09-27,c:central:villa-elisa,Villa Elisa,asking_price_usd,terreno,59577,72,remax uprop cb psir prestige
2026-09-27,c:central:villa-elisa,Villa Elisa,asking_usd_per_m2_built,casa,736,66,remax uprop cb psir prestige
2026-09-27,c:central:limpio,Limpio,active_sale,,507,507,remax uprop cb psir prestige
2026-09-27,c:central:limpio,Limpio,active_rent,,10,10,remax uprop cb psir prestige
2026-09-27,c:central:limpio,Limpio,asking_price_usd,casa,59577,123,remax uprop cb psir prestige
2026-09-27,c:central:limpio,Limpio,asking_price_usd,departamento,62885,22,remax uprop cb psir prestige
2026-09-27,c:central:limpio,Limpio,asking_price_usd,terreno,30980,166,remax uprop cb psir prestige
2026-09-27,c:central:limpio,Limpio,asking_usd_per_m2_built,casa,674,94,remax uprop cb psir prestige
2026-09-27,c:central:aregua,Areguá,active_sale,,491,491,remax uprop cb psir prestige
2026-09-27,c:central:aregua,Areguá,active_rent,,4,4,remax uprop cb psir prestige
2026-09-27,c:central:aregua,Areguá,asking_price_usd,casa,93621,71,remax uprop cb psir prestige
2026-09-27,c:central:aregua,Areguá,asking_price_usd,terreno,26810,134,remax uprop cb psir prestige
2026-09-27,c:central:aregua,Areguá,asking_usd_per_m2_built,casa,621,50,remax uprop cb psir prestige
2026-09-27,c:central:mariano-roque-alonso,Mariano Roque Alonso,active_sale,,489,489,remax uprop cb psir prestige
2026-09-27,c:central:mariano-roque-alonso,Mariano Roque Alonso,active_rent,,42,42,remax uprop cb psir prestige
2026-09-27,c:central:mariano-roque-alonso,Mariano Roque Alonso,asking_price_usd,casa,124261,109,remax uprop cb psir prestige
2026-09-27,c:central:mariano-roque-alonso,Mariano Roque Alonso,asking_price_usd,departamento,60000,88,remax uprop cb psir prestige
2026-09-27,c:central:mariano-roque-alonso,Mariano Roque Alonso,asking_price_usd,terreno,91385,166,remax uprop cb psir prestige
2026-09-27,c:central:mariano-roque-alonso,Mariano Roque Alonso,asking_usd_per_m2_built,casa,690,79,remax uprop cb psir prestige
2026-09-27,c:central:ypane,Ypané,active_sale,,435,435,remax uprop cb psir prestige
2026-09-27,c:central:ypane,Ypané,active_rent,,7,7,remax uprop cb psir prestige
2026-09-27,c:central:ypane,Ypané,asking_price_usd,casa,48087,36,remax uprop cb psir prestige
2026-09-27,c:central:ypane,Ypané,asking_price_usd,terreno,28937,129,remax uprop cb psir prestige
2026-09-27,c:central:ypane,Ypané,asking_usd_per_m2_built,casa,517,27,remax uprop cb psir prestige
2026-09-27,c:central:itaugua,Itauguá,active_sale,,418,418,remax uprop cb psir prestige
2026-09-27,c:central:itaugua,Itauguá,active_rent,,24,24,remax uprop cb psir prestige
2026-09-27,c:central:itaugua,Itauguá,asking_price_usd,casa,59577,65,remax uprop cb psir prestige
2026-09-27,c:central:itaugua,Itauguá,asking_price_usd,terreno,23831,147,remax uprop cb psir prestige
2026-09-27,c:central:itaugua,Itauguá,asking_usd_per_m2_built,casa,596,61,remax uprop cb psir prestige
2026-09-27,c:central:villeta,Villeta,active_sale,,331,331,remax uprop cb psir prestige
2026-09-27,c:central:villeta,Villeta,active_rent,,10,10,remax uprop cb psir prestige
2026-09-27,c:central:villeta,Villeta,asking_price_usd,casa,62981,22,remax uprop cb psir prestige
2026-09-27,c:central:villeta,Villeta,asking_price_usd,terreno,25533,53,remax uprop cb psir prestige
2026-09-27,c:central:ypacarai,Ypacaraí,active_sale,,294,294,remax uprop cb psir prestige
2026-09-27,c:central:ypacarai,Ypacaraí,active_rent,,3,3,remax uprop cb psir prestige
2026-09-27,c:central:ypacarai,Ypacaraí,asking_price_usd,terreno,34044,110,remax uprop cb psir prestige
2026-09-27,c:central:san-antonio,San Antonio,active_sale,,292,292,remax uprop cb psir prestige
2026-09-27,c:central:san-antonio,San Antonio,active_rent,,7,7,remax uprop cb psir prestige
2026-09-27,c:central:san-antonio,San Antonio,asking_price_usd,casa,61705,22,remax uprop cb psir prestige
2026-09-27,c:central:san-antonio,San Antonio,asking_price_usd,terreno,77025,34,remax uprop cb psir prestige
2026-09-27,c:central:julian-augusto-saldivar,Julián Augusto Saldívar,active_sale,,257,257,remax uprop cb psir prestige
2026-09-27,c:central:julian-augusto-saldivar,Julián Augusto Saldívar,active_rent,,1,1,remax uprop cb psir prestige
2026-09-27,c:central:julian-augusto-saldivar,Julián Augusto Saldívar,asking_price_usd,terreno,21278,39,remax uprop cb psir prestige
2026-09-27,c:central:ita,Itá,active_sale,,207,207,remax uprop cb psir prestige
2026-09-27,c:central:ita,Itá,active_rent,,3,3,remax uprop cb psir prestige
2026-09-27,c:central:ita,Itá,asking_price_usd,terreno,28086,52,remax uprop cb psir prestige
2026-09-27,c:central:nueva-italia,c:central:nueva-italia,active_sale,,128,128,remax uprop cb psir prestige
2026-09-27,c:central:nueva-italia,c:central:nueva-italia,active_rent,,0,0,remax uprop cb psir prestige
2026-09-27,d:itapua,Itapúa,active_sale,,1558,1558,remax uprop cb psir prestige
2026-09-27,d:itapua,Itapúa,active_rent,,146,146,remax uprop cb psir prestige
2026-09-27,d:itapua,Itapúa,asking_price_usd,casa,127665,307,remax uprop cb psir prestige
2026-09-27,d:itapua,Itapúa,asking_price_usd,departamento,94000,168,remax uprop cb psir prestige
2026-09-27,d:itapua,Itapúa,asking_price_usd,duplex,97025,31,remax uprop cb psir prestige
2026-09-27,d:itapua,Itapúa,asking_price_usd,terreno,34044,872,remax uprop cb psir prestige
2026-09-27,d:itapua,Itapúa,asking_usd_per_m2_built,casa,689,267,remax uprop cb psir prestige
2026-09-27,d:itapua,Itapúa,asking_usd_per_m2_built,departamento,1290,39,remax uprop cb psir prestige
2026-09-27,d:itapua,Itapúa,asking_rent_usd_month,departamento,460,53,remax uprop cb psir prestige
2026-09-27,d:itapua,Itapúa,asking_rent_usd_month,casa,809,22,remax uprop cb psir prestige
2026-09-27,c:itapua:encarnacion,Encarnación,active_sale,,759,759,remax uprop cb psir prestige
2026-09-27,c:itapua:encarnacion,Encarnación,active_rent,,104,104,remax uprop cb psir prestige
2026-09-27,c:itapua:encarnacion,Encarnación,asking_price_usd,casa,140000,161,remax uprop cb psir prestige
2026-09-27,c:itapua:encarnacion,Encarnación,asking_price_usd,departamento,94000,166,remax uprop cb psir prestige
2026-09-27,c:itapua:encarnacion,Encarnación,asking_price_usd,duplex,97025,24,remax uprop cb psir prestige
2026-09-27,c:itapua:encarnacion,Encarnación,asking_price_usd,terreno,49364,329,remax uprop cb psir prestige
2026-09-27,c:itapua:encarnacion,Encarnación,asking_usd_per_m2_built,casa,681,141,remax uprop cb psir prestige
2026-09-27,c:itapua:encarnacion,Encarnación,asking_usd_per_m2_built,departamento,1290,39,remax uprop cb psir prestige
2026-09-27,c:itapua:encarnacion,Encarnación,asking_rent_usd_month,departamento,426,51,remax uprop cb psir prestige
2026-09-27,c:itapua:san-juan-del-parana,San Juan del Paraná,active_sale,,159,159,remax uprop cb psir prestige
2026-09-27,c:itapua:san-juan-del-parana,San Juan del Paraná,active_rent,,4,4,remax uprop cb psir prestige
2026-09-27,c:itapua:san-juan-del-parana,San Juan del Paraná,asking_price_usd,casa,124446,23,remax uprop cb psir prestige
2026-09-27,c:itapua:san-juan-del-parana,San Juan del Paraná,asking_price_usd,terreno,14469,121,remax uprop cb psir prestige
2026-09-27,c:itapua:san-juan-del-parana,San Juan del Paraná,asking_usd_per_m2_built,casa,1099,21,remax uprop cb psir prestige
2026-09-27,c:itapua:capitan-miranda,Capitán Miranda,active_sale,,109,109,remax uprop cb psir prestige
2026-09-27,c:itapua:capitan-miranda,Capitán Miranda,active_rent,,14,14,remax uprop cb psir prestige
2026-09-27,c:itapua:capitan-miranda,Capitán Miranda,asking_price_usd,terreno,21022,93,remax uprop cb psir prestige
2026-09-27,d:alto-parana,Alto Paraná,active_sale,,934,934,remax uprop cb psir prestige
2026-09-27,d:alto-parana,Alto Paraná,active_rent,,79,79,remax uprop cb psir prestige
2026-09-27,d:alto-parana,Alto Paraná,asking_price_usd,casa,121707,228,remax uprop cb psir prestige
2026-09-27,d:alto-parana,Alto Paraná,asking_price_usd,departamento,89000,97,remax uprop cb psir prestige
2026-09-27,d:alto-parana,Alto Paraná,asking_price_usd,terreno,66386,473,remax uprop cb psir prestige
2026-09-27,d:alto-parana,Alto Paraná,asking_usd_per_m2_built,casa,725,204,remax uprop cb psir prestige
2026-09-27,d:alto-parana,Alto Paraná,asking_usd_per_m2_built,departamento,1727,33,remax uprop cb psir prestige
2026-09-27,c:alto-parana:ciudad-del-este,Ciudad del Este,active_sale,,419,419,remax uprop cb psir prestige
2026-09-27,c:alto-parana:ciudad-del-este,Ciudad del Este,active_rent,,45,45,remax uprop cb psir prestige
2026-09-27,c:alto-parana:ciudad-del-este,Ciudad del Este,asking_price_usd,casa,136176,101,remax uprop cb psir prestige
2026-09-27,c:alto-parana:ciudad-del-este,Ciudad del Este,asking_price_usd,departamento,89000,85,remax uprop cb psir prestige
2026-09-27,c:alto-parana:ciudad-del-este,Ciudad del Este,asking_price_usd,terreno,81706,179,remax uprop cb psir prestige
2026-09-27,c:alto-parana:ciudad-del-este,Ciudad del Este,asking_usd_per_m2_built,casa,750,93,remax uprop cb psir prestige
2026-09-27,c:alto-parana:ciudad-del-este,Ciudad del Este,asking_usd_per_m2_built,departamento,1750,30,remax uprop cb psir prestige
2026-09-27,c:alto-parana:hernandarias,Hernandarias,active_sale,,160,160,remax uprop cb psir prestige
2026-09-27,c:alto-parana:hernandarias,Hernandarias,active_rent,,7,7,remax uprop cb psir prestige
2026-09-27,c:alto-parana:hernandarias,Hernandarias,asking_price_usd,casa,115000,51,remax uprop cb psir prestige
2026-09-27,c:alto-parana:hernandarias,Hernandarias,asking_price_usd,terreno,57024,87,remax uprop cb psir prestige
2026-09-27,c:alto-parana:hernandarias,Hernandarias,asking_usd_per_m2_built,casa,567,45,remax uprop cb psir prestige
2026-09-27,c:alto-parana:minga-guazu,Minga Guazú,active_sale,,108,108,remax uprop cb psir prestige
2026-09-27,c:alto-parana:minga-guazu,Minga Guazú,active_rent,,2,2,remax uprop cb psir prestige
2026-09-27,c:alto-parana:minga-guazu,Minga Guazú,asking_price_usd,terreno,26384,87,remax uprop cb psir prestige
2026-09-27,d:cordillera,Cordillera,active_sale,,914,914,remax uprop cb psir prestige
2026-09-27,d:cordillera,Cordillera,active_rent,,49,49,remax uprop cb psir prestige
2026-09-27,d:cordillera,Cordillera,asking_price_usd,casa,192500,188,remax uprop cb psir prestige
2026-09-27,d:cordillera,Cordillera,asking_price_usd,departamento,239751,24,remax uprop cb psir prestige
2026-09-27,d:cordillera,Cordillera,asking_price_usd,terreno,51066,619,remax uprop cb psir prestige
2026-09-27,d:cordillera,Cordillera,asking_usd_per_m2_built,casa,885,151,remax uprop cb psir prestige
2026-09-27,d:cordillera,Cordillera,asking_rent_usd_month,casa,1532,35,remax uprop cb psir prestige
2026-09-27,c:cordillera:san-bernardino,San Bernardino,active_sale,,396,396,remax uprop cb psir prestige
2026-09-27,c:cordillera:san-bernardino,San Bernardino,active_rent,,28,28,remax uprop cb psir prestige
2026-09-27,c:cordillera:san-bernardino,San Bernardino,asking_price_usd,casa,220000,97,remax uprop cb psir prestige
2026-09-27,c:cordillera:san-bernardino,San Bernardino,asking_price_usd,terreno,62981,273,remax uprop cb psir prestige
2026-09-27,c:cordillera:san-bernardino,San Bernardino,asking_usd_per_m2_built,casa,987,84,remax uprop cb psir prestige
2026-09-27,c:cordillera:san-bernardino,San Bernardino,asking_rent_usd_month,casa,1685,24,remax uprop cb psir prestige
2026-09-27,c:cordillera:caacupe,Caacupé,active_sale,,140,140,remax uprop cb psir prestige
2026-09-27,c:cordillera:caacupe,Caacupé,active_rent,,5,5,remax uprop cb psir prestige
2026-09-27,c:cordillera:caacupe,Caacupé,asking_price_usd,casa,87663,31,remax uprop cb psir prestige
2026-09-27,c:cordillera:caacupe,Caacupé,asking_price_usd,terreno,28937,92,remax uprop cb psir prestige
2026-09-27,c:cordillera:caacupe,Caacupé,asking_usd_per_m2_built,casa,469,24,remax uprop cb psir prestige
2026-09-27,c:cordillera:altos,Altos,active_sale,,127,127,remax uprop cb psir prestige
2026-09-27,c:cordillera:altos,Altos,active_rent,,8,8,remax uprop cb psir prestige
2026-09-27,c:cordillera:altos,Altos,asking_price_usd,casa,232975,22,remax uprop cb psir prestige
2026-09-27,c:cordillera:altos,Altos,asking_price_usd,terreno,39604,91,remax uprop cb psir prestige
2026-09-27,d:boqueron,Boquerón,active_sale,,163,163,remax uprop cb psir prestige
2026-09-27,d:boqueron,Boquerón,active_rent,,31,31,remax uprop cb psir prestige
2026-09-27,d:boqueron,Boquerón,asking_price_usd,casa,78727,24,remax uprop cb psir prestige
2026-09-27,d:boqueron,Boquerón,asking_price_usd,terreno,15320,123,remax uprop cb psir prestige
2026-09-27,d:presidente-hayes,Presidente Hayes,active_sale,,187,187,remax uprop cb psir prestige
2026-09-27,d:presidente-hayes,Presidente Hayes,active_rent,,1,1,remax uprop cb psir prestige
2026-09-27,d:presidente-hayes,Presidente Hayes,asking_price_usd,terreno,86632,137,remax uprop cb psir prestige
2026-09-27,c:presidente-hayes:villa-hayes,Villa Hayes,active_sale,,112,112,remax uprop cb psir prestige
2026-09-27,c:presidente-hayes:villa-hayes,Villa Hayes,active_rent,,0,0,remax uprop cb psir prestige
2026-09-27,c:presidente-hayes:villa-hayes,Villa Hayes,asking_price_usd,terreno,106006,82,remax uprop cb psir prestige
2026-09-27,d:paraguari,Paraguarí,active_sale,,109,109,remax uprop cb psir prestige
2026-09-27,d:paraguari,Paraguarí,active_rent,,3,3,remax uprop cb psir prestige
2026-09-27,d:paraguari,Paraguarí,asking_price_usd,terreno,48513,63,remax uprop cb psir prestige
2026-09-27,d:caaguazu,Caaguazú,active_sale,,70,70,remax uprop cb psir prestige
2026-09-27,d:caaguazu,Caaguazú,active_rent,,3,3,remax uprop cb psir prestige
2026-09-27,d:caaguazu,Caaguazú,asking_price_usd,terreno,70000,43,remax uprop cb psir prestige
2026-09-27,d:misiones,Misiones,active_sale,,63,63,remax uprop cb psir prestige
2026-09-27,d:misiones,Misiones,active_rent,,5,5,remax uprop cb psir prestige
2026-09-27,d:misiones,Misiones,asking_price_usd,terreno,37448,35,remax uprop cb psir prestige
2026-09-27,d:guaira,Guairá,active_sale,,41,41,remax uprop cb psir prestige
2026-09-27,d:guaira,Guairá,active_rent,,3,3,remax uprop cb psir prestige
2026-09-27,d:guaira,Guairá,asking_price_usd,terreno,24242,26,remax uprop cb psir prestige
2026-09-27,d:san-pedro,San Pedro,active_sale,,38,38,remax uprop cb psir prestige
2026-09-27,d:san-pedro,San Pedro,active_rent,,0,0,remax uprop cb psir prestige
2026-09-27,d:san-pedro,San Pedro,asking_price_usd,terreno,142134,26,remax uprop cb psir prestige
2026-09-27,d:caazapa,Caazapá,active_sale,,23,23,remax uprop cb psir prestige
2026-09-27,d:caazapa,Caazapá,active_rent,,3,3,remax uprop cb psir prestige
2026-09-27,d:neembucu,Ñeembucú,active_sale,,23,23,remax uprop cb psir prestige
2026-09-27,d:neembucu,Ñeembucú,active_rent,,1,1,remax uprop cb psir prestige
2026-09-27,d:concepcion,Concepción,active_sale,,22,22,remax uprop cb psir prestige
2026-09-27,d:concepcion,Concepción,active_rent,,0,0,remax uprop cb psir prestige
2026-09-27,d:canindeyu,Canindeyú,active_sale,,17,17,remax uprop cb psir prestige
2026-09-27,d:canindeyu,Canindeyú,active_rent,,2,2,remax uprop cb psir prestige
2026-09-27,d:amambay,Amambay,active_sale,,14,14,remax uprop cb psir prestige
2026-09-27,d:amambay,Amambay,active_rent,,0,0,remax uprop cb psir prestige
2026-09-27,d:alto-paraguay,Alto Paraguay,active_sale,,13,13,remax uprop cb psir prestige
2026-09-27,d:alto-paraguay,Alto Paraguay,active_rent,,0,0,remax uprop cb psir prestige
2026-09-28,py,Paraguay,active_sale,,25001,25001,remax uprop cb psir prestige
2026-09-28,py,Paraguay,active_rent,,7181,7181,remax uprop cb psir prestige
2026-09-28,py,Paraguay,asking_price_usd,casa,130000,4347,remax uprop cb psir prestige
2026-09-28,py,Paraguay,asking_price_usd,departamento,99841,3986,remax uprop cb psir prestige
2026-09-28,py,Paraguay,asking_price_usd,duplex,120000,264,remax uprop cb psir prestige
2026-09-28,py,Paraguay,asking_price_usd,terreno,64684,6059,remax uprop cb psir prestige
2026-09-28,py,Paraguay,asking_usd_per_m2_built,casa,783,3165,remax uprop cb psir prestige
2026-09-28,py,Paraguay,asking_usd_per_m2_built,departamento,1728,1566,remax uprop cb psir prestige
2026-09-28,py,Paraguay,asking_rent_usd_month,departamento,750,735,remax uprop cb psir prestige
2026-09-28,py,Paraguay,asking_rent_usd_month,casa,1021,323,remax uprop cb psir prestige
2026-09-28,d:asuncion,Asunción,active_sale,,10163,10163,remax uprop cb psir prestige
2026-09-28,d:asuncion,Asunción,active_rent,,6059,6059,remax uprop cb psir prestige
2026-09-28,d:asuncion,Asunción,asking_price_usd,casa,221286,1006,remax uprop cb psir prestige
2026-09-28,d:asuncion,Asunción,asking_price_usd,departamento,110400,2918,remax uprop cb psir prestige
2026-09-28,d:asuncion,Asunción,asking_price_usd,duplex,192500,34,remax uprop cb psir prestige
2026-09-28,d:asuncion,Asunción,asking_price_usd,terreno,204264,822,remax uprop cb psir prestige
2026-09-28,d:asuncion,Asunción,asking_usd_per_m2_built,casa,950,654,remax uprop cb psir prestige
2026-09-28,d:asuncion,Asunción,asking_usd_per_m2_built,departamento,1805,1250,remax uprop cb psir prestige
2026-09-28,d:asuncion,Asunción,asking_rent_usd_month,departamento,900,435,remax uprop cb psir prestige
2026-09-28,d:asuncion,Asunción,asking_rent_usd_month,casa,1617,96,remax uprop cb psir prestige
2026-09-28,d:central,Central,active_sale,,10414,10414,remax uprop cb psir prestige
2026-09-28,d:central,Central,active_rent,,769,769,remax uprop cb psir prestige
2026-09-28,d:central,Central,asking_price_usd,casa,102132,2461,remax uprop cb psir prestige
2026-09-28,d:central,Central,asking_price_usd,departamento,76379,762,remax uprop cb psir prestige
2026-09-28,d:central,Central,asking_price_usd,duplex,115750,191,remax uprop cb psir prestige
2026-09-28,d:central,Central,asking_price_usd,terreno,59996,2668,remax uprop cb psir prestige
2026-09-28,d:central,Central,asking_usd_per_m2_built,casa,752,1784,remax uprop cb psir prestige
2026-09-28,d:central,Central,asking_usd_per_m2_built,departamento,1266,230,remax uprop cb psir prestige
2026-09-28,d:central,Central,asking_rent_usd_month,departamento,579,238,remax uprop cb psir prestige
2026-09-28,d:central,Central,asking_rent_usd_month,casa,681,136,remax uprop cb psir prestige
2026-09-28,c:central:luque,Luque,active_sale,,1879,1879,remax uprop cb psir prestige
2026-09-28,c:central:luque,Luque,active_rent,,170,170,remax uprop cb psir prestige
2026-09-28,c:central:luque,Luque,asking_price_usd,casa,105536,669,remax uprop cb psir prestige
2026-09-28,c:central:luque,Luque,asking_price_usd,departamento,81237,305,remax uprop cb psir prestige
2026-09-28,c:central:luque,Luque,asking_price_usd,duplex,127665,70,remax uprop cb psir prestige
2026-09-28,c:central:luque,Luque,asking_price_usd,terreno,76599,549,remax uprop cb psir prestige
2026-09-28,c:central:luque,Luque,asking_usd_per_m2_built,casa,892,472,remax uprop cb psir prestige
2026-09-28,c:central:luque,Luque,asking_usd_per_m2_built,departamento,1261,73,remax uprop cb psir prestige
2026-09-28,c:central:luque,Luque,asking_rent_usd_month,departamento,648,76,remax uprop cb psir prestige
2026-09-28,c:central:luque,Luque,asking_rent_usd_month,casa,681,41,remax uprop cb psir prestige
2026-09-28,c:central:san-lorenzo,San Lorenzo,active_sale,,796,796,remax uprop cb psir prestige
2026-09-28,c:central:san-lorenzo,San Lorenzo,active_rent,,156,156,remax uprop cb psir prestige
2026-09-28,c:central:san-lorenzo,San Lorenzo,asking_price_usd,casa,119154,329,remax uprop cb psir prestige
2026-09-28,c:central:san-lorenzo,San Lorenzo,asking_price_usd,departamento,51497,57,remax uprop cb psir prestige
2026-09-28,c:central:san-lorenzo,San Lorenzo,asking_price_usd,duplex,119154,31,remax uprop cb psir prestige
2026-09-28,c:central:san-lorenzo,San Lorenzo,asking_price_usd,terreno,80003,227,remax uprop cb psir prestige
2026-09-28,c:central:san-lorenzo,San Lorenzo,asking_usd_per_m2_built,casa,783,235,remax uprop cb psir prestige
2026-09-28,c:central:san-lorenzo,San Lorenzo,asking_rent_usd_month,departamento,340,53,remax uprop cb psir prestige
2026-09-28,c:central:lambare,Lambaré,active_sale,,752,752,remax uprop cb psir prestige
2026-09-28,c:central:lambare,Lambaré,active_rent,,92,92,remax uprop cb psir prestige
2026-09-28,c:central:lambare,Lambaré,asking_price_usd,casa,153198,277,remax uprop cb psir prestige
2026-09-28,c:central:lambare,Lambaré,asking_price_usd,departamento,87757,78,remax uprop cb psir prestige
2026-09-28,c:central:lambare,Lambaré,asking_price_usd,duplex,118984,30,remax uprop cb psir prestige
2026-09-28,c:central:lambare,Lambaré,asking_price_usd,terreno,90217,207,remax uprop cb psir prestige
2026-09-28,c:central:lambare,Lambaré,asking_usd_per_m2_built,casa,735,200,remax uprop cb psir prestige
2026-09-28,c:central:lambare,Lambaré,asking_usd_per_m2_built,departamento,1235,35,remax uprop cb psir prestige
2026-09-28,c:central:lambare,Lambaré,asking_rent_usd_month,departamento,596,41,remax uprop cb psir prestige
2026-09-28,c:central:capiata,Capiatá,active_sale,,715,715,remax uprop cb psir prestige
2026-09-28,c:central:capiata,Capiatá,active_rent,,29,29,remax uprop cb psir prestige
2026-09-28,c:central:capiata,Capiatá,asking_price_usd,casa,61279,193,remax uprop cb psir prestige
2026-09-28,c:central:capiata,Capiatá,asking_price_usd,terreno,37448,153,remax uprop cb psir prestige
2026-09-28,c:central:capiata,Capiatá,asking_usd_per_m2_built,casa,584,148,remax uprop cb psir prestige
2026-09-28,c:central:nemby,Ñemby,active_sale,,679,679,remax uprop cb psir prestige
2026-09-28,c:central:nemby,Ñemby,active_rent,,36,36,remax uprop cb psir prestige
2026-09-28,c:central:nemby,Ñemby,asking_price_usd,casa,71918,134,remax uprop cb psir prestige
2026-09-28,c:central:nemby,Ñemby,asking_price_usd,terreno,54470,121,remax uprop cb psir prestige
2026-09-28,c:central:nemby,Ñemby,asking_usd_per_m2_built,casa,687,111,remax uprop cb psir prestige
2026-09-28,c:central:fernando-de-la-mora,Fernando de la Mora,active_sale,,675,675,remax uprop cb psir prestige
2026-09-28,c:central:fernando-de-la-mora,Fernando de la Mora,active_rent,,145,145,remax uprop cb psir prestige
2026-09-28,c:central:fernando-de-la-mora,Fernando de la Mora,asking_price_usd,casa,161709,222,remax uprop cb psir prestige
2026-09-28,c:central:fernando-de-la-mora,Fernando de la Mora,asking_price_usd,departamento,70000,162,remax uprop cb psir prestige
2026-09-28,c:central:fernando-de-la-mora,Fernando de la Mora,asking_price_usd,terreno,127665,158,remax uprop cb psir prestige
2026-09-28,c:central:fernando-de-la-mora,Fernando de la Mora,asking_usd_per_m2_built,casa,833,160,remax uprop cb psir prestige
2026-09-28,c:central:fernando-de-la-mora,Fernando de la Mora,asking_usd_per_m2_built,departamento,1161,57,remax uprop cb psir prestige
2026-09-28,c:central:fernando-de-la-mora,Fernando de la Mora,asking_rent_usd_month,departamento,596,43,remax uprop cb psir prestige
2026-09-28,c:central:fernando-de-la-mora,Fernando de la Mora,asking_rent_usd_month,casa,936,22,remax uprop cb psir prestige
2026-09-28,c:central:villa-elisa,Villa Elisa,active_sale,,572,572,remax uprop cb psir prestige
2026-09-28,c:central:villa-elisa,Villa Elisa,active_rent,,18,18,remax uprop cb psir prestige
2026-09-28,c:central:villa-elisa,Villa Elisa,asking_price_usd,casa,93621,107,remax uprop cb psir prestige
2026-09-28,c:central:villa-elisa,Villa Elisa,asking_price_usd,terreno,59577,72,remax uprop cb psir prestige
2026-09-28,c:central:villa-elisa,Villa Elisa,asking_usd_per_m2_built,casa,736,66,remax uprop cb psir prestige
2026-09-28,c:central:limpio,Limpio,active_sale,,515,515,remax uprop cb psir prestige
2026-09-28,c:central:limpio,Limpio,active_rent,,10,10,remax uprop cb psir prestige
2026-09-28,c:central:limpio,Limpio,asking_price_usd,casa,59577,123,remax uprop cb psir prestige
2026-09-28,c:central:limpio,Limpio,asking_price_usd,departamento,62885,22,remax uprop cb psir prestige
2026-09-28,c:central:limpio,Limpio,asking_price_usd,terreno,30980,167,remax uprop cb psir prestige
2026-09-28,c:central:limpio,Limpio,asking_usd_per_m2_built,casa,674,94,remax uprop cb psir prestige
2026-09-28,c:central:mariano-roque-alonso,Mariano Roque Alonso,active_sale,,490,490,remax uprop cb psir prestige
2026-09-28,c:central:mariano-roque-alonso,Mariano Roque Alonso,active_rent,,42,42,remax uprop cb psir prestige
2026-09-28,c:central:mariano-roque-alonso,Mariano Roque Alonso,asking_price_usd,casa,124261,109,remax uprop cb psir prestige
2026-09-28,c:central:mariano-roque-alonso,Mariano Roque Alonso,asking_price_usd,departamento,60000,88,remax uprop cb psir prestige
2026-09-28,c:central:mariano-roque-alonso,Mariano Roque Alonso,asking_price_usd,terreno,91385,166,remax uprop cb psir prestige
2026-09-28,c:central:mariano-roque-alonso,Mariano Roque Alonso,asking_usd_per_m2_built,casa,690,79,remax uprop cb psir prestige
2026-09-28,c:central:aregua,Areguá,active_sale,,488,488,remax uprop cb psir prestige
2026-09-28,c:central:aregua,Areguá,active_rent,,4,4,remax uprop cb psir prestige
2026-09-28,c:central:aregua,Areguá,asking_price_usd,casa,93621,71,remax uprop cb psir prestige
2026-09-28,c:central:aregua,Areguá,asking_price_usd,terreno,26810,134,remax uprop cb psir prestige
2026-09-28,c:central:aregua,Areguá,asking_usd_per_m2_built,casa,621,50,remax uprop cb psir prestige
2026-09-28,c:central:ypane,Ypané,active_sale,,425,425,remax uprop cb psir prestige
2026-09-28,c:central:ypane,Ypané,active_rent,,7,7,remax uprop cb psir prestige
2026-09-28,c:central:ypane,Ypané,asking_price_usd,casa,48087,36,remax uprop cb psir prestige
2026-09-28,c:central:ypane,Ypané,asking_price_usd,terreno,28937,129,remax uprop cb psir prestige
2026-09-28,c:central:ypane,Ypané,asking_usd_per_m2_built,casa,517,27,remax uprop cb psir prestige
2026-09-28,c:central:itaugua,Itauguá,active_sale,,421,421,remax uprop cb psir prestige
2026-09-28,c:central:itaugua,Itauguá,active_rent,,24,24,remax uprop cb psir prestige
2026-09-28,c:central:itaugua,Itauguá,asking_price_usd,casa,59577,65,remax uprop cb psir prestige
2026-09-28,c:central:itaugua,Itauguá,asking_price_usd,terreno,23831,147,remax uprop cb psir prestige
2026-09-28,c:central:itaugua,Itauguá,asking_usd_per_m2_built,casa,596,61,remax uprop cb psir prestige
2026-09-28,c:central:villeta,Villeta,active_sale,,326,326,remax uprop cb psir prestige
2026-09-28,c:central:villeta,Villeta,active_rent,,9,9,remax uprop cb psir prestige
2026-09-28,c:central:villeta,Villeta,asking_price_usd,casa,62981,22,remax uprop cb psir prestige
2026-09-28,c:central:villeta,Villeta,asking_price_usd,terreno,25533,53,remax uprop cb psir prestige
2026-09-28,c:central:ypacarai,Ypacaraí,active_sale,,289,289,remax uprop cb psir prestige
2026-09-28,c:central:ypacarai,Ypacaraí,active_rent,,3,3,remax uprop cb psir prestige
2026-09-28,c:central:ypacarai,Ypacaraí,asking_price_usd,terreno,34044,110,remax uprop cb psir prestige
2026-09-28,c:central:san-antonio,San Antonio,active_sale,,280,280,remax uprop cb psir prestige
2026-09-28,c:central:san-antonio,San Antonio,active_rent,,7,7,remax uprop cb psir prestige
2026-09-28,c:central:san-antonio,San Antonio,asking_price_usd,casa,61705,22,remax uprop cb psir prestige
2026-09-28,c:central:san-antonio,San Antonio,asking_price_usd,terreno,77025,34,remax uprop cb psir prestige
2026-09-28,c:central:julian-augusto-saldivar,Julián Augusto Saldívar,active_sale,,247,247,remax uprop cb psir prestige
2026-09-28,c:central:julian-augusto-saldivar,Julián Augusto Saldívar,active_rent,,1,1,remax uprop cb psir prestige
2026-09-28,c:central:julian-augusto-saldivar,Julián Augusto Saldívar,asking_price_usd,terreno,21278,39,remax uprop cb psir prestige
2026-09-28,c:central:ita,Itá,active_sale,,205,205,remax uprop cb psir prestige
2026-09-28,c:central:ita,Itá,active_rent,,3,3,remax uprop cb psir prestige
2026-09-28,c:central:ita,Itá,asking_price_usd,terreno,28086,52,remax uprop cb psir prestige
2026-09-28,c:central:nueva-italia,c:central:nueva-italia,active_sale,,128,128,remax uprop cb psir prestige
2026-09-28,c:central:nueva-italia,c:central:nueva-italia,active_rent,,0,0,remax uprop cb psir prestige
2026-09-28,d:itapua,Itapúa,active_sale,,1556,1556,remax uprop cb psir prestige
2026-09-28,d:itapua,Itapúa,active_rent,,145,145,remax uprop cb psir prestige
2026-09-28,d:itapua,Itapúa,asking_price_usd,casa,126814,308,remax uprop cb psir prestige
2026-09-28,d:itapua,Itapúa,asking_price_usd,departamento,94000,168,remax uprop cb psir prestige
2026-09-28,d:itapua,Itapúa,asking_price_usd,duplex,97025,31,remax uprop cb psir prestige
2026-09-28,d:itapua,Itapúa,asking_price_usd,terreno,34044,872,remax uprop cb psir prestige
2026-09-28,d:itapua,Itapúa,asking_usd_per_m2_built,casa,691,268,remax uprop cb psir prestige
2026-09-28,d:itapua,Itapúa,asking_usd_per_m2_built,departamento,1290,39,remax uprop cb psir prestige
2026-09-28,d:itapua,Itapúa,asking_rent_usd_month,departamento,460,53,remax uprop cb psir prestige
2026-09-28,d:itapua,Itapúa,asking_rent_usd_month,casa,809,22,remax uprop cb psir prestige
2026-09-28,c:itapua:encarnacion,Encarnación,active_sale,,760,760,remax uprop cb psir prestige
2026-09-28,c:itapua:encarnacion,Encarnación,active_rent,,104,104,remax uprop cb psir prestige
2026-09-28,c:itapua:encarnacion,Encarnación,asking_price_usd,casa,140000,162,remax uprop cb psir prestige
2026-09-28,c:itapua:encarnacion,Encarnación,asking_price_usd,departamento,94000,166,remax uprop cb psir prestige
2026-09-28,c:itapua:encarnacion,Encarnación,asking_price_usd,duplex,97025,24,remax uprop cb psir prestige
2026-09-28,c:itapua:encarnacion,Encarnación,asking_price_usd,terreno,49364,329,remax uprop cb psir prestige
2026-09-28,c:itapua:encarnacion,Encarnación,asking_usd_per_m2_built,casa,684,142,remax uprop cb psir prestige
2026-09-28,c:itapua:encarnacion,Encarnación,asking_usd_per_m2_built,departamento,1290,39,remax uprop cb psir prestige
2026-09-28,c:itapua:encarnacion,Encarnación,asking_rent_usd_month,departamento,426,51,remax uprop cb psir prestige
2026-09-28,c:itapua:san-juan-del-parana,San Juan del Paraná,active_sale,,159,159,remax uprop cb psir prestige
2026-09-28,c:itapua:san-juan-del-parana,San Juan del Paraná,active_rent,,4,4,remax uprop cb psir prestige
2026-09-28,c:itapua:san-juan-del-parana,San Juan del Paraná,asking_price_usd,casa,124446,23,remax uprop cb psir prestige
2026-09-28,c:itapua:san-juan-del-parana,San Juan del Paraná,asking_price_usd,terreno,14469,121,remax uprop cb psir prestige
2026-09-28,c:itapua:san-juan-del-parana,San Juan del Paraná,asking_usd_per_m2_built,casa,1099,21,remax uprop cb psir prestige
2026-09-28,c:itapua:capitan-miranda,Capitán Miranda,active_sale,,109,109,remax uprop cb psir prestige
2026-09-28,c:itapua:capitan-miranda,Capitán Miranda,active_rent,,14,14,remax uprop cb psir prestige
2026-09-28,c:itapua:capitan-miranda,Capitán Miranda,asking_price_usd,terreno,21022,93,remax uprop cb psir prestige
2026-09-28,d:alto-parana,Alto Paraná,active_sale,,932,932,remax uprop cb psir prestige
2026-09-28,d:alto-parana,Alto Paraná,active_rent,,78,78,remax uprop cb psir prestige
2026-09-28,d:alto-parana,Alto Paraná,asking_price_usd,casa,120854,230,remax uprop cb psir prestige
2026-09-28,d:alto-parana,Alto Paraná,asking_price_usd,departamento,89000,95,remax uprop cb psir prestige
2026-09-28,d:alto-parana,Alto Paraná,asking_price_usd,terreno,66386,471,remax uprop cb psir prestige
2026-09-28,d:alto-parana,Alto Paraná,asking_usd_per_m2_built,casa,727,205,remax uprop cb psir prestige
2026-09-28,d:alto-parana,Alto Paraná,asking_usd_per_m2_built,departamento,1599,31,remax uprop cb psir prestige
2026-09-28,c:alto-parana:ciudad-del-este,Ciudad del Este,active_sale,,417,417,remax uprop cb psir prestige
2026-09-28,c:alto-parana:ciudad-del-este,Ciudad del Este,active_rent,,45,45,remax uprop cb psir prestige
2026-09-28,c:alto-parana:ciudad-del-este,Ciudad del Este,asking_price_usd,casa,136176,102,remax uprop cb psir prestige
2026-09-28,c:alto-parana:ciudad-del-este,Ciudad del Este,asking_price_usd,departamento,88997,83,remax uprop cb psir prestige
2026-09-28,c:alto-parana:ciudad-del-este,Ciudad del Este,asking_price_usd,terreno,80853,178,remax uprop cb psir prestige
2026-09-28,c:alto-parana:ciudad-del-este,Ciudad del Este,asking_usd_per_m2_built,casa,750,93,remax uprop cb psir prestige
2026-09-28,c:alto-parana:ciudad-del-este,Ciudad del Este,asking_usd_per_m2_built,departamento,1738,28,remax uprop cb psir prestige
2026-09-28,c:alto-parana:hernandarias,Hernandarias,active_sale,,159,159,remax uprop cb psir prestige
2026-09-28,c:alto-parana:hernandarias,Hernandarias,active_rent,,7,7,remax uprop cb psir prestige
2026-09-28,c:alto-parana:hernandarias,Hernandarias,asking_price_usd,casa,112822,52,remax uprop cb psir prestige
2026-09-28,c:alto-parana:hernandarias,Hernandarias,asking_price_usd,terreno,57024,87,remax uprop cb psir prestige
2026-09-28,c:alto-parana:hernandarias,Hernandarias,asking_usd_per_m2_built,casa,584,46,remax uprop cb psir prestige
2026-09-28,c:alto-parana:minga-guazu,Minga Guazú,active_sale,,108,108,remax uprop cb psir prestige
2026-09-28,c:alto-parana:minga-guazu,Minga Guazú,active_rent,,2,2,remax uprop cb psir prestige
2026-09-28,c:alto-parana:minga-guazu,Minga Guazú,asking_price_usd,terreno,26384,87,remax uprop cb psir prestige
2026-09-28,d:cordillera,Cordillera,active_sale,,916,916,remax uprop cb psir prestige
2026-09-28,d:cordillera,Cordillera,active_rent,,49,49,remax uprop cb psir prestige
2026-09-28,d:cordillera,Cordillera,asking_price_usd,casa,192500,188,remax uprop cb psir prestige
2026-09-28,d:cordillera,Cordillera,asking_price_usd,departamento,239751,24,remax uprop cb psir prestige
2026-09-28,d:cordillera,Cordillera,asking_price_usd,terreno,51066,622,remax uprop cb psir prestige
2026-09-28,d:cordillera,Cordillera,asking_usd_per_m2_built,casa,885,151,remax uprop cb psir prestige
2026-09-28,d:cordillera,Cordillera,asking_rent_usd_month,casa,1532,35,remax uprop cb psir prestige
2026-09-28,c:cordillera:san-bernardino,San Bernardino,active_sale,,398,398,remax uprop cb psir prestige
2026-09-28,c:cordillera:san-bernardino,San Bernardino,active_rent,,28,28,remax uprop cb psir prestige
2026-09-28,c:cordillera:san-bernardino,San Bernardino,asking_price_usd,casa,220000,97,remax uprop cb psir prestige
2026-09-28,c:cordillera:san-bernardino,San Bernardino,asking_price_usd,terreno,61694,276,remax uprop cb psir prestige
2026-09-28,c:cordillera:san-bernardino,San Bernardino,asking_usd_per_m2_built,casa,987,84,remax uprop cb psir prestige
2026-09-28,c:cordillera:san-bernardino,San Bernardino,asking_rent_usd_month,casa,1685,24,remax uprop cb psir prestige
2026-09-28,c:cordillera:caacupe,Caacupé,active_sale,,140,140,remax uprop cb psir prestige
2026-09-28,c:cordillera:caacupe,Caacupé,active_rent,,5,5,remax uprop cb psir prestige
2026-09-28,c:cordillera:caacupe,Caacupé,asking_price_usd,casa,87663,31,remax uprop cb psir prestige
2026-09-28,c:cordillera:caacupe,Caacupé,asking_price_usd,terreno,28937,92,remax uprop cb psir prestige
2026-09-28,c:cordillera:caacupe,Caacupé,asking_usd_per_m2_built,casa,469,24,remax uprop cb psir prestige
2026-09-28,c:cordillera:altos,Altos,active_sale,,127,127,remax uprop cb psir prestige
2026-09-28,c:cordillera:altos,Altos,active_rent,,8,8,remax uprop cb psir prestige
2026-09-28,c:cordillera:altos,Altos,asking_price_usd,casa,232975,22,remax uprop cb psir prestige
2026-09-28,c:cordillera:altos,Altos,asking_price_usd,terreno,39604,91,remax uprop cb psir prestige
2026-09-28,d:boqueron,Boquerón,active_sale,,163,163,remax uprop cb psir prestige
2026-09-28,d:boqueron,Boquerón,active_rent,,31,31,remax uprop cb psir prestige
2026-09-28,d:boqueron,Boquerón,asking_price_usd,casa,78727,24,remax uprop cb psir prestige
2026-09-28,d:boqueron,Boquerón,asking_price_usd,terreno,15320,123,remax uprop cb psir prestige
2026-09-28,d:presidente-hayes,Presidente Hayes,active_sale,,183,183,remax uprop cb psir prestige
2026-09-28,d:presidente-hayes,Presidente Hayes,active_rent,,1,1,remax uprop cb psir prestige
2026-09-28,d:presidente-hayes,Presidente Hayes,asking_price_usd,terreno,86632,137,remax uprop cb psir prestige
2026-09-28,c:presidente-hayes:villa-hayes,Villa Hayes,active_sale,,109,109,remax uprop cb psir prestige
2026-09-28,c:presidente-hayes:villa-hayes,Villa Hayes,active_rent,,0,0,remax uprop cb psir prestige
2026-09-28,c:presidente-hayes:villa-hayes,Villa Hayes,asking_price_usd,terreno,106006,82,remax uprop cb psir prestige
2026-09-28,d:paraguari,Paraguarí,active_sale,,108,108,remax uprop cb psir prestige
2026-09-28,d:paraguari,Paraguarí,active_rent,,3,3,remax uprop cb psir prestige
2026-09-28,d:paraguari,Paraguarí,asking_price_usd,terreno,48513,63,remax uprop cb psir prestige
2026-09-28,d:caaguazu,Caaguazú,active_sale,,69,69,remax uprop cb psir prestige
2026-09-28,d:caaguazu,Caaguazú,active_rent,,3,3,remax uprop cb psir prestige
2026-09-28,d:caaguazu,Caaguazú,asking_price_usd,terreno,70000,43,remax uprop cb psir prestige
2026-09-28,d:misiones,Misiones,active_sale,,63,63,remax uprop cb psir prestige
2026-09-28,d:misiones,Misiones,active_rent,,5,5,remax uprop cb psir prestige
2026-09-28,d:misiones,Misiones,asking_price_usd,terreno,37448,35,remax uprop cb psir prestige
2026-09-28,d:guaira,Guairá,active_sale,,39,39,remax uprop cb psir prestige
2026-09-28,d:guaira,Guairá,active_rent,,2,2,remax uprop cb psir prestige
2026-09-28,d:guaira,Guairá,asking_price_usd,terreno,24242,26,remax uprop cb psir prestige
2026-09-28,d:san-pedro,San Pedro,active_sale,,37,37,remax uprop cb psir prestige
2026-09-28,d:san-pedro,San Pedro,active_rent,,0,0,remax uprop cb psir prestige
2026-09-28,d:san-pedro,San Pedro,asking_price_usd,terreno,142134,26,remax uprop cb psir prestige
2026-09-28,d:caazapa,Caazapá,active_sale,,23,23,remax uprop cb psir prestige
2026-09-28,d:caazapa,Caazapá,active_rent,,3,3,remax uprop cb psir prestige
2026-09-28,d:neembucu,Ñeembucú,active_sale,,23,23,remax uprop cb psir prestige
2026-09-28,d:neembucu,Ñeembucú,active_rent,,1,1,remax uprop cb psir prestige
2026-09-28,d:concepcion,Concepción,active_sale,,22,22,remax uprop cb psir prestige
2026-09-28,d:concepcion,Concepción,active_rent,,0,0,remax uprop cb psir prestige
2026-09-28,d:canindeyu,Canindeyú,active_sale,,17,17,remax uprop cb psir prestige
2026-09-28,d:canindeyu,Canindeyú,active_rent,,1,1,remax uprop cb psir prestige
2026-09-28,d:amambay,Amambay,active_sale,,14,14,remax uprop cb psir prestige
2026-09-28,d:amambay,Amambay,active_rent,,0,0,remax uprop cb psir prestige
2026-09-28,d:alto-paraguay,Alto Paraguay,active_sale,,13,13,remax uprop cb psir prestige
2026-09-28,d:alto-paraguay,Alto Paraguay,active_rent,,0,0,remax uprop cb psir prestige
2026-09-29,py,Paraguay,active_sale,,24413,24413,remax uprop cb psir prestige
2026-09-29,py,Paraguay,active_rent,,6792,6792,remax uprop cb psir prestige
2026-09-29,py,Paraguay,asking_price_usd,casa,130000,4347,remax uprop cb psir prestige
2026-09-29,py,Paraguay,asking_price_usd,departamento,99841,3986,remax uprop cb psir prestige
2026-09-29,py,Paraguay,asking_price_usd,duplex,120000,264,remax uprop cb psir prestige
2026-09-29,py,Paraguay,asking_price_usd,terreno,64684,6059,remax uprop cb psir prestige
2026-09-29,py,Paraguay,asking_usd_per_m2_built,casa,783,3165,remax uprop cb psir prestige
2026-09-29,py,Paraguay,asking_usd_per_m2_built,departamento,1728,1566,remax uprop cb psir prestige
2026-09-29,py,Paraguay,asking_rent_usd_month,departamento,750,735,remax uprop cb psir prestige
2026-09-29,py,Paraguay,asking_rent_usd_month,casa,1021,323,remax uprop cb psir prestige
2026-09-29,d:asuncion,Asunción,active_sale,,9854,9854,remax uprop cb psir prestige
2026-09-29,d:asuncion,Asunción,active_rent,,5676,5676,remax uprop cb psir prestige
2026-09-29,d:asuncion,Asunción,asking_price_usd,casa,221286,1006,remax uprop cb psir prestige
2026-09-29,d:asuncion,Asunción,asking_price_usd,departamento,110400,2918,remax uprop cb psir prestige
2026-09-29,d:asuncion,Asunción,asking_price_usd,duplex,192500,34,remax uprop cb psir prestige
2026-09-29,d:asuncion,Asunción,asking_price_usd,terreno,204264,822,remax uprop cb psir prestige
2026-09-29,d:asuncion,Asunción,asking_usd_per_m2_built,casa,950,654,remax uprop cb psir prestige
2026-09-29,d:asuncion,Asunción,asking_usd_per_m2_built,departamento,1805,1250,remax uprop cb psir prestige
2026-09-29,d:asuncion,Asunción,asking_rent_usd_month,departamento,900,435,remax uprop cb psir prestige
2026-09-29,d:asuncion,Asunción,asking_rent_usd_month,casa,1617,96,remax uprop cb psir prestige
2026-09-29,d:central,Central,active_sale,,10152,10152,remax uprop cb psir prestige
2026-09-29,d:central,Central,active_rent,,765,765,remax uprop cb psir prestige
2026-09-29,d:central,Central,asking_price_usd,casa,102132,2461,remax uprop cb psir prestige
2026-09-29,d:central,Central,asking_price_usd,departamento,76379,762,remax uprop cb psir prestige
2026-09-29,d:central,Central,asking_price_usd,duplex,115750,191,remax uprop cb psir prestige
2026-09-29,d:central,Central,asking_price_usd,terreno,59996,2668,remax uprop cb psir prestige
2026-09-29,d:central,Central,asking_usd_per_m2_built,casa,752,1784,remax uprop cb psir prestige
2026-09-29,d:central,Central,asking_usd_per_m2_built,departamento,1266,230,remax uprop cb psir prestige
2026-09-29,d:central,Central,asking_rent_usd_month,departamento,579,238,remax uprop cb psir prestige
2026-09-29,d:central,Central,asking_rent_usd_month,casa,681,136,remax uprop cb psir prestige
2026-09-29,c:central:luque,Luque,active_sale,,1876,1876,remax uprop cb psir prestige
2026-09-29,c:central:luque,Luque,active_rent,,169,169,remax uprop cb psir prestige
2026-09-29,c:central:luque,Luque,asking_price_usd,casa,105536,669,remax uprop cb psir prestige
2026-09-29,c:central:luque,Luque,asking_price_usd,departamento,81237,305,remax uprop cb psir prestige
2026-09-29,c:central:luque,Luque,asking_price_usd,duplex,127665,70,remax uprop cb psir prestige
2026-09-29,c:central:luque,Luque,asking_price_usd,terreno,76599,549,remax uprop cb psir prestige
2026-09-29,c:central:luque,Luque,asking_usd_per_m2_built,casa,892,472,remax uprop cb psir prestige
2026-09-29,c:central:luque,Luque,asking_usd_per_m2_built,departamento,1261,73,remax uprop cb psir prestige
2026-09-29,c:central:luque,Luque,asking_rent_usd_month,departamento,648,76,remax uprop cb psir prestige
2026-09-29,c:central:luque,Luque,asking_rent_usd_month,casa,681,41,remax uprop cb psir prestige
2026-09-29,c:central:san-lorenzo,San Lorenzo,active_sale,,793,793,remax uprop cb psir prestige
2026-09-29,c:central:san-lorenzo,San Lorenzo,active_rent,,156,156,remax uprop cb psir prestige
2026-09-29,c:central:san-lorenzo,San Lorenzo,asking_price_usd,casa,119154,329,remax uprop cb psir prestige
2026-09-29,c:central:san-lorenzo,San Lorenzo,asking_price_usd,departamento,51497,57,remax uprop cb psir prestige
2026-09-29,c:central:san-lorenzo,San Lorenzo,asking_price_usd,duplex,119154,31,remax uprop cb psir prestige
2026-09-29,c:central:san-lorenzo,San Lorenzo,asking_price_usd,terreno,80003,227,remax uprop cb psir prestige
2026-09-29,c:central:san-lorenzo,San Lorenzo,asking_usd_per_m2_built,casa,783,235,remax uprop cb psir prestige
2026-09-29,c:central:san-lorenzo,San Lorenzo,asking_rent_usd_month,departamento,340,53,remax uprop cb psir prestige
2026-09-29,c:central:lambare,Lambaré,active_sale,,747,747,remax uprop cb psir prestige
2026-09-29,c:central:lambare,Lambaré,active_rent,,89,89,remax uprop cb psir prestige
2026-09-29,c:central:lambare,Lambaré,asking_price_usd,casa,153198,277,remax uprop cb psir prestige
2026-09-29,c:central:lambare,Lambaré,asking_price_usd,departamento,87757,78,remax uprop cb psir prestige
2026-09-29,c:central:lambare,Lambaré,asking_price_usd,duplex,118984,30,remax uprop cb psir prestige
2026-09-29,c:central:lambare,Lambaré,asking_price_usd,terreno,90217,207,remax uprop cb psir prestige
2026-09-29,c:central:lambare,Lambaré,asking_usd_per_m2_built,casa,735,200,remax uprop cb psir prestige
2026-09-29,c:central:lambare,Lambaré,asking_usd_per_m2_built,departamento,1235,35,remax uprop cb psir prestige
2026-09-29,c:central:lambare,Lambaré,asking_rent_usd_month,departamento,596,41,remax uprop cb psir prestige
2026-09-29,c:central:capiata,Capiatá,active_sale,,697,697,remax uprop cb psir prestige
2026-09-29,c:central:capiata,Capiatá,active_rent,,29,29,remax uprop cb psir prestige
2026-09-29,c:central:capiata,Capiatá,asking_price_usd,casa,61279,193,remax uprop cb psir prestige
2026-09-29,c:central:capiata,Capiatá,asking_price_usd,terreno,37448,153,remax uprop cb psir prestige
2026-09-29,c:central:capiata,Capiatá,asking_usd_per_m2_built,casa,584,148,remax uprop cb psir prestige
2026-09-29,c:central:fernando-de-la-mora,Fernando de la Mora,active_sale,,674,674,remax uprop cb psir prestige
2026-09-29,c:central:fernando-de-la-mora,Fernando de la Mora,active_rent,,145,145,remax uprop cb psir prestige
2026-09-29,c:central:fernando-de-la-mora,Fernando de la Mora,asking_price_usd,casa,161709,222,remax uprop cb psir prestige
2026-09-29,c:central:fernando-de-la-mora,Fernando de la Mora,asking_price_usd,departamento,70000,162,remax uprop cb psir prestige
2026-09-29,c:central:fernando-de-la-mora,Fernando de la Mora,asking_price_usd,terreno,127665,158,remax uprop cb psir prestige
2026-09-29,c:central:fernando-de-la-mora,Fernando de la Mora,asking_usd_per_m2_built,casa,833,160,remax uprop cb psir prestige
2026-09-29,c:central:fernando-de-la-mora,Fernando de la Mora,asking_usd_per_m2_built,departamento,1161,57,remax uprop cb psir prestige
2026-09-29,c:central:fernando-de-la-mora,Fernando de la Mora,asking_rent_usd_month,departamento,596,43,remax uprop cb psir prestige
2026-09-29,c:central:fernando-de-la-mora,Fernando de la Mora,asking_rent_usd_month,casa,936,22,remax uprop cb psir prestige
2026-09-29,c:central:nemby,Ñemby,active_sale,,658,658,remax uprop cb psir prestige
2026-09-29,c:central:nemby,Ñemby,active_rent,,36,36,remax uprop cb psir prestige
2026-09-29,c:central:nemby,Ñemby,asking_price_usd,casa,71918,134,remax uprop cb psir prestige
2026-09-29,c:central:nemby,Ñemby,asking_price_usd,terreno,54470,121,remax uprop cb psir prestige
2026-09-29,c:central:nemby,Ñemby,asking_usd_per_m2_built,casa,687,111,remax uprop cb psir prestige
2026-09-29,c:central:villa-elisa,Villa Elisa,active_sale,,545,545,remax uprop cb psir prestige
2026-09-29,c:central:villa-elisa,Villa Elisa,active_rent,,18,18,remax uprop cb psir prestige
2026-09-29,c:central:villa-elisa,Villa Elisa,asking_price_usd,casa,93621,107,remax uprop cb psir prestige
2026-09-29,c:central:villa-elisa,Villa Elisa,asking_price_usd,terreno,59577,72,remax uprop cb psir prestige
2026-09-29,c:central:villa-elisa,Villa Elisa,asking_usd_per_m2_built,casa,736,66,remax uprop cb psir prestige
2026-09-29,c:central:limpio,Limpio,active_sale,,501,501,remax uprop cb psir prestige
2026-09-29,c:central:limpio,Limpio,active_rent,,10,10,remax uprop cb psir prestige
2026-09-29,c:central:limpio,Limpio,asking_price_usd,casa,59577,123,remax uprop cb psir prestige
2026-09-29,c:central:limpio,Limpio,asking_price_usd,departamento,62885,22,remax uprop cb psir prestige
2026-09-29,c:central:limpio,Limpio,asking_price_usd,terreno,30980,167,remax uprop cb psir prestige
2026-09-29,c:central:limpio,Limpio,asking_usd_per_m2_built,casa,674,94,remax uprop cb psir prestige
2026-09-29,c:central:mariano-roque-alonso,Mariano Roque Alonso,active_sale,,487,487,remax uprop cb psir prestige
2026-09-29,c:central:mariano-roque-alonso,Mariano Roque Alonso,active_rent,,42,42,remax uprop cb psir prestige
2026-09-29,c:central:mariano-roque-alonso,Mariano Roque Alonso,asking_price_usd,casa,124261,109,remax uprop cb psir prestige
2026-09-29,c:central:mariano-roque-alonso,Mariano Roque Alonso,asking_price_usd,departamento,60000,88,remax uprop cb psir prestige
2026-09-29,c:central:mariano-roque-alonso,Mariano Roque Alonso,asking_price_usd,terreno,91385,166,remax uprop cb psir prestige
2026-09-29,c:central:mariano-roque-alonso,Mariano Roque Alonso,asking_usd_per_m2_built,casa,690,79,remax uprop cb psir prestige
2026-09-29,c:central:aregua,Areguá,active_sale,,474,474,remax uprop cb psir prestige
2026-09-29,c:central:aregua,Areguá,active_rent,,4,4,remax uprop cb psir prestige
2026-09-29,c:central:aregua,Areguá,asking_price_usd,casa,93621,71,remax uprop cb psir prestige
2026-09-29,c:central:aregua,Areguá,asking_price_usd,terreno,26810,134,remax uprop cb psir prestige
2026-09-29,c:central:aregua,Areguá,asking_usd_per_m2_built,casa,621,50,remax uprop cb psir prestige
2026-09-29,c:central:itaugua,Itauguá,active_sale,,402,402,remax uprop cb psir prestige
2026-09-29,c:central:itaugua,Itauguá,active_rent,,24,24,remax uprop cb psir prestige
2026-09-29,c:central:itaugua,Itauguá,asking_price_usd,casa,59577,65,remax uprop cb psir prestige
2026-09-29,c:central:itaugua,Itauguá,asking_price_usd,terreno,23831,147,remax uprop cb psir prestige
2026-09-29,c:central:itaugua,Itauguá,asking_usd_per_m2_built,casa,596,61,remax uprop cb psir prestige
2026-09-29,c:central:ypane,Ypané,active_sale,,401,401,remax uprop cb psir prestige
2026-09-29,c:central:ypane,Ypané,active_rent,,7,7,remax uprop cb psir prestige
2026-09-29,c:central:ypane,Ypané,asking_price_usd,casa,48087,36,remax uprop cb psir prestige
2026-09-29,c:central:ypane,Ypané,asking_price_usd,terreno,28937,129,remax uprop cb psir prestige
2026-09-29,c:central:ypane,Ypané,asking_usd_per_m2_built,casa,517,27,remax uprop cb psir prestige
2026-09-29,c:central:villeta,Villeta,active_sale,,306,306,remax uprop cb psir prestige
2026-09-29,c:central:villeta,Villeta,active_rent,,9,9,remax uprop cb psir prestige
2026-09-29,c:central:villeta,Villeta,asking_price_usd,casa,62981,22,remax uprop cb psir prestige
2026-09-29,c:central:villeta,Villeta,asking_price_usd,terreno,25533,53,remax uprop cb psir prestige
2026-09-29,c:central:ypacarai,Ypacaraí,active_sale,,280,280,remax uprop cb psir prestige
2026-09-29,c:central:ypacarai,Ypacaraí,active_rent,,3,3,remax uprop cb psir prestige
2026-09-29,c:central:ypacarai,Ypacaraí,asking_price_usd,terreno,34044,110,remax uprop cb psir prestige
2026-09-29,c:central:san-antonio,San Antonio,active_sale,,252,252,remax uprop cb psir prestige
2026-09-29,c:central:san-antonio,San Antonio,active_rent,,7,7,remax uprop cb psir prestige
2026-09-29,c:central:san-antonio,San Antonio,asking_price_usd,casa,61705,22,remax uprop cb psir prestige
2026-09-29,c:central:san-antonio,San Antonio,asking_price_usd,terreno,77025,34,remax uprop cb psir prestige
2026-09-29,c:central:julian-augusto-saldivar,Julián Augusto Saldívar,active_sale,,231,231,remax uprop cb psir prestige
2026-09-29,c:central:julian-augusto-saldivar,Julián Augusto Saldívar,active_rent,,1,1,remax uprop cb psir prestige
2026-09-29,c:central:julian-augusto-saldivar,Julián Augusto Saldívar,asking_price_usd,terreno,21278,39,remax uprop cb psir prestige
2026-09-29,c:central:ita,Itá,active_sale,,201,201,remax uprop cb psir prestige
2026-09-29,c:central:ita,Itá,active_rent,,3,3,remax uprop cb psir prestige
2026-09-29,c:central:ita,Itá,asking_price_usd,terreno,28086,52,remax uprop cb psir prestige
2026-09-29,c:central:nueva-italia,c:central:nueva-italia,active_sale,,122,122,remax uprop cb psir prestige
2026-09-29,c:central:nueva-italia,c:central:nueva-italia,active_rent,,0,0,remax uprop cb psir prestige
2026-09-29,d:itapua,Itapúa,active_sale,,1553,1553,remax uprop cb psir prestige
2026-09-29,d:itapua,Itapúa,active_rent,,145,145,remax uprop cb psir prestige
2026-09-29,d:itapua,Itapúa,asking_price_usd,casa,126814,308,remax uprop cb psir prestige
2026-09-29,d:itapua,Itapúa,asking_price_usd,departamento,94000,168,remax uprop cb psir prestige
2026-09-29,d:itapua,Itapúa,asking_price_usd,duplex,97025,31,remax uprop cb psir prestige
2026-09-29,d:itapua,Itapúa,asking_price_usd,terreno,34044,872,remax uprop cb psir prestige
2026-09-29,d:itapua,Itapúa,asking_usd_per_m2_built,casa,691,268,remax uprop cb psir prestige
2026-09-29,d:itapua,Itapúa,asking_usd_per_m2_built,departamento,1290,39,remax uprop cb psir prestige
2026-09-29,d:itapua,Itapúa,asking_rent_usd_month,departamento,460,53,remax uprop cb psir prestige
2026-09-29,d:itapua,Itapúa,asking_rent_usd_month,casa,809,22,remax uprop cb psir prestige
2026-09-29,c:itapua:encarnacion,Encarnación,active_sale,,760,760,remax uprop cb psir prestige
2026-09-29,c:itapua:encarnacion,Encarnación,active_rent,,104,104,remax uprop cb psir prestige
2026-09-29,c:itapua:encarnacion,Encarnación,asking_price_usd,casa,140000,162,remax uprop cb psir prestige
2026-09-29,c:itapua:encarnacion,Encarnación,asking_price_usd,departamento,94000,166,remax uprop cb psir prestige
2026-09-29,c:itapua:encarnacion,Encarnación,asking_price_usd,duplex,97025,24,remax uprop cb psir prestige
2026-09-29,c:itapua:encarnacion,Encarnación,asking_price_usd,terreno,49364,329,remax uprop cb psir prestige
2026-09-29,c:itapua:encarnacion,Encarnación,asking_usd_per_m2_built,casa,684,142,remax uprop cb psir prestige
2026-09-29,c:itapua:encarnacion,Encarnación,asking_usd_per_m2_built,departamento,1290,39,remax uprop cb psir prestige
2026-09-29,c:itapua:encarnacion,Encarnación,asking_rent_usd_month,departamento,426,51,remax uprop cb psir prestige
2026-09-29,c:itapua:san-juan-del-parana,San Juan del Paraná,active_sale,,159,159,remax uprop cb psir prestige
2026-09-29,c:itapua:san-juan-del-parana,San Juan del Paraná,active_rent,,4,4,remax uprop cb psir prestige
2026-09-29,c:itapua:san-juan-del-parana,San Juan del Paraná,asking_price_usd,casa,124446,23,remax uprop cb psir prestige
2026-09-29,c:itapua:san-juan-del-parana,San Juan del Paraná,asking_price_usd,terreno,14469,121,remax uprop cb psir prestige
2026-09-29,c:itapua:san-juan-del-parana,San Juan del Paraná,asking_usd_per_m2_built,casa,1099,21,remax uprop cb psir prestige
2026-09-29,c:itapua:capitan-miranda,Capitán Miranda,active_sale,,109,109,remax uprop cb psir prestige
2026-09-29,c:itapua:capitan-miranda,Capitán Miranda,active_rent,,14,14,remax uprop cb psir prestige
2026-09-29,c:itapua:capitan-miranda,Capitán Miranda,asking_price_usd,terreno,21022,93,remax uprop cb psir prestige
2026-09-29,d:alto-parana,Alto Paraná,active_sale,,929,929,remax uprop cb psir prestige
2026-09-29,d:alto-parana,Alto Paraná,active_rent,,78,78,remax uprop cb psir prestige
2026-09-29,d:alto-parana,Alto Paraná,asking_price_usd,casa,120854,230,remax uprop cb psir prestige
2026-09-29,d:alto-parana,Alto Paraná,asking_price_usd,departamento,89000,95,remax uprop cb psir prestige
2026-09-29,d:alto-parana,Alto Paraná,asking_price_usd,terreno,66386,471,remax uprop cb psir prestige
2026-09-29,d:alto-parana,Alto Paraná,asking_usd_per_m2_built,casa,727,205,remax uprop cb psir prestige
2026-09-29,d:alto-parana,Alto Paraná,asking_usd_per_m2_built,departamento,1599,31,remax uprop cb psir prestige
2026-09-29,c:alto-parana:ciudad-del-este,Ciudad del Este,active_sale,,415,415,remax uprop cb psir prestige
2026-09-29,c:alto-parana:ciudad-del-este,Ciudad del Este,active_rent,,45,45,remax uprop cb psir prestige
2026-09-29,c:alto-parana:ciudad-del-este,Ciudad del Este,asking_price_usd,casa,136176,102,remax uprop cb psir prestige
2026-09-29,c:alto-parana:ciudad-del-este,Ciudad del Este,asking_price_usd,departamento,88997,83,remax uprop cb psir prestige
2026-09-29,c:alto-parana:ciudad-del-este,Ciudad del Este,asking_price_usd,terreno,80853,178,remax uprop cb psir prestige
2026-09-29,c:alto-parana:ciudad-del-este,Ciudad del Este,asking_usd_per_m2_built,casa,750,93,remax uprop cb psir prestige
2026-09-29,c:alto-parana:ciudad-del-este,Ciudad del Este,asking_usd_per_m2_built,departamento,1738,28,remax uprop cb psir prestige
2026-09-29,c:alto-parana:hernandarias,Hernandarias,active_sale,,159,159,remax uprop cb psir prestige
2026-09-29,c:alto-parana:hernandarias,Hernandarias,active_rent,,7,7,remax uprop cb psir prestige
2026-09-29,c:alto-parana:hernandarias,Hernandarias,asking_price_usd,casa,112822,52,remax uprop cb psir prestige
2026-09-29,c:alto-parana:hernandarias,Hernandarias,asking_price_usd,terreno,57024,87,remax uprop cb psir prestige
2026-09-29,c:alto-parana:hernandarias,Hernandarias,asking_usd_per_m2_built,casa,584,46,remax uprop cb psir prestige
2026-09-29,c:alto-parana:minga-guazu,Minga Guazú,active_sale,,108,108,remax uprop cb psir prestige
2026-09-29,c:alto-parana:minga-guazu,Minga Guazú,active_rent,,2,2,remax uprop cb psir prestige
2026-09-29,c:alto-parana:minga-guazu,Minga Guazú,asking_price_usd,terreno,26384,87,remax uprop cb psir prestige
2026-09-29,d:cordillera,Cordillera,active_sale,,914,914,remax uprop cb psir prestige
2026-09-29,d:cordillera,Cordillera,active_rent,,49,49,remax uprop cb psir prestige
2026-09-29,d:cordillera,Cordillera,asking_price_usd,casa,192500,188,remax uprop cb psir prestige
2026-09-29,d:cordillera,Cordillera,asking_price_usd,departamento,239751,24,remax uprop cb psir prestige
2026-09-29,d:cordillera,Cordillera,asking_price_usd,terreno,51066,622,remax uprop cb psir prestige
2026-09-29,d:cordillera,Cordillera,asking_usd_per_m2_built,casa,885,151,remax uprop cb psir prestige
2026-09-29,d:cordillera,Cordillera,asking_rent_usd_month,casa,1532,35,remax uprop cb psir prestige
2026-09-29,c:cordillera:san-bernardino,San Bernardino,active_sale,,396,396,remax uprop cb psir prestige
2026-09-29,c:cordillera:san-bernardino,San Bernardino,active_rent,,28,28,remax uprop cb psir prestige
2026-09-29,c:cordillera:san-bernardino,San Bernardino,asking_price_usd,casa,220000,97,remax uprop cb psir prestige
2026-09-29,c:cordillera:san-bernardino,San Bernardino,asking_price_usd,terreno,61694,276,remax uprop cb psir prestige
2026-09-29,c:cordillera:san-bernardino,San Bernardino,asking_usd_per_m2_built,casa,987,84,remax uprop cb psir prestige
2026-09-29,c:cordillera:san-bernardino,San Bernardino,asking_rent_usd_month,casa,1685,24,remax uprop cb psir prestige
2026-09-29,c:cordillera:caacupe,Caacupé,active_sale,,140,140,remax uprop cb psir prestige
2026-09-29,c:cordillera:caacupe,Caacupé,active_rent,,5,5,remax uprop cb psir prestige
2026-09-29,c:cordillera:caacupe,Caacupé,asking_price_usd,casa,87663,31,remax uprop cb psir prestige
2026-09-29,c:cordillera:caacupe,Caacupé,asking_price_usd,terreno,28937,92,remax uprop cb psir prestige
2026-09-29,c:cordillera:caacupe,Caacupé,asking_usd_per_m2_built,casa,469,24,remax uprop cb psir prestige
2026-09-29,c:cordillera:altos,Altos,active_sale,,127,127,remax uprop cb psir prestige
2026-09-29,c:cordillera:altos,Altos,active_rent,,8,8,remax uprop cb psir prestige
2026-09-29,c:cordillera:altos,Altos,asking_price_usd,casa,232975,22,remax uprop cb psir prestige
2026-09-29,c:cordillera:altos,Altos,asking_price_usd,terreno,39604,91,remax uprop cb psir prestige
2026-09-29,d:boqueron,Boquerón,active_sale,,163,163,remax uprop cb psir prestige
2026-09-29,d:boqueron,Boquerón,active_rent,,31,31,remax uprop cb psir prestige
2026-09-29,d:boqueron,Boquerón,asking_price_usd,casa,78727,24,remax uprop cb psir prestige
2026-09-29,d:boqueron,Boquerón,asking_price_usd,terreno,15320,123,remax uprop cb psir prestige
2026-09-29,d:presidente-hayes,Presidente Hayes,active_sale,,182,182,remax uprop cb psir prestige
2026-09-29,d:presidente-hayes,Presidente Hayes,active_rent,,1,1,remax uprop cb psir prestige
2026-09-29,d:presidente-hayes,Presidente Hayes,asking_price_usd,terreno,86632,137,remax uprop cb psir prestige
2026-09-29,c:presidente-hayes:villa-hayes,Villa Hayes,active_sale,,108,108,remax uprop cb psir prestige
2026-09-29,c:presidente-hayes:villa-hayes,Villa Hayes,active_rent,,0,0,remax uprop cb psir prestige
2026-09-29,c:presidente-hayes:villa-hayes,Villa Hayes,asking_price_usd,terreno,106006,82,remax uprop cb psir prestige
2026-09-29,d:paraguari,Paraguarí,active_sale,,108,108,remax uprop cb psir prestige
2026-09-29,d:paraguari,Paraguarí,active_rent,,3,3,remax uprop cb psir prestige
2026-09-29,d:paraguari,Paraguarí,asking_price_usd,terreno,48513,63,remax uprop cb psir prestige
2026-09-29,d:caaguazu,Caaguazú,active_sale,,69,69,remax uprop cb psir prestige
2026-09-29,d:caaguazu,Caaguazú,active_rent,,3,3,remax uprop cb psir prestige
2026-09-29,d:caaguazu,Caaguazú,asking_price_usd,terreno,70000,43,remax uprop cb psir prestige
2026-09-29,d:misiones,Misiones,active_sale,,63,63,remax uprop cb psir prestige
2026-09-29,d:misiones,Misiones,active_rent,,5,5,remax uprop cb psir prestige
2026-09-29,d:misiones,Misiones,asking_price_usd,terreno,37448,35,remax uprop cb psir prestige
2026-09-29,d:guaira,Guairá,active_sale,,39,39,remax uprop cb psir prestige
2026-09-29,d:guaira,Guairá,active_rent,,2,2,remax uprop cb psir prestige
2026-09-29,d:guaira,Guairá,asking_price_usd,terreno,24242,26,remax uprop cb psir prestige
2026-09-29,d:san-pedro,San Pedro,active_sale,,37,37,remax uprop cb psir prestige
2026-09-29,d:san-pedro,San Pedro,active_rent,,0,0,remax uprop cb psir prestige
2026-09-29,d:san-pedro,San Pedro,asking_price_usd,terreno,142134,26,remax uprop cb psir prestige
2026-09-29,d:caazapa,Caazapá,active_sale,,23,23,remax uprop cb psir prestige
2026-09-29,d:caazapa,Caazapá,active_rent,,3,3,remax uprop cb psir prestige
2026-09-29,d:neembucu,Ñeembucú,active_sale,,22,22,remax uprop cb psir prestige
2026-09-29,d:neembucu,Ñeembucú,active_rent,,1,1,remax uprop cb psir prestige
2026-09-29,d:concepcion,Concepción,active_sale,,22,22,remax uprop cb psir prestige
2026-09-29,d:concepcion,Concepción,active_rent,,0,0,remax uprop cb psir prestige
2026-09-29,d:canindeyu,Canindeyú,active_sale,,17,17,remax uprop cb psir prestige
2026-09-29,d:canindeyu,Canindeyú,active_rent,,1,1,remax uprop cb psir prestige
2026-09-29,d:amambay,Amambay,active_sale,,14,14,remax uprop cb psir prestige
2026-09-29,d:amambay,Amambay,active_rent,,0,0,remax uprop cb psir prestige
2026-09-29,d:alto-paraguay,Alto Paraguay,active_sale,,13,13,remax uprop cb psir prestige
2026-09-29,d:alto-paraguay,Alto Paraguay,active_rent,,0,0,remax uprop cb psir prestige
2026-10-01,py,Paraguay,active_sale,,23324,23324,remax uprop cb psir prestige
2026-10-01,py,Paraguay,active_rent,,6123,6123,remax uprop cb psir prestige
2026-10-01,py,Paraguay,asking_price_usd,casa,130000,4364,remax uprop cb psir prestige
2026-10-01,py,Paraguay,asking_price_usd,departamento,100000,3951,remax uprop cb psir prestige
2026-10-01,py,Paraguay,asking_price_usd,duplex,120233,263,remax uprop cb psir prestige
2026-10-01,py,Paraguay,asking_price_usd,terreno,65000,6067,remax uprop cb psir prestige
2026-10-01,py,Paraguay,asking_usd_per_m2_built,casa,789,3183,remax uprop cb psir prestige
2026-10-01,py,Paraguay,asking_usd_per_m2_built,departamento,1734,1555,remax uprop cb psir prestige
2026-10-01,py,Paraguay,asking_rent_usd_month,departamento,756,732,remax uprop cb psir prestige
2026-10-01,py,Paraguay,asking_rent_usd_month,casa,1000,322,remax uprop cb psir prestige
2026-10-01,d:asuncion,Asunción,active_sale,,9265,9265,remax uprop cb psir prestige
2026-10-01,d:asuncion,Asunción,active_rent,,5036,5036,remax uprop cb psir prestige
2026-10-01,d:asuncion,Asunción,asking_price_usd,casa,221645,1008,remax uprop cb psir prestige
2026-10-01,d:asuncion,Asunción,asking_price_usd,departamento,110957,2890,remax uprop cb psir prestige
2026-10-01,d:asuncion,Asunción,asking_price_usd,duplex,191969,34,remax uprop cb psir prestige
2026-10-01,d:asuncion,Asunción,asking_price_usd,terreno,207832,816,remax uprop cb psir prestige
2026-10-01,d:asuncion,Asunción,asking_usd_per_m2_built,casa,952,656,remax uprop cb psir prestige
2026-10-01,d:asuncion,Asunción,asking_usd_per_m2_built,departamento,1811,1242,remax uprop cb psir prestige
2026-10-01,d:asuncion,Asunción,asking_rent_usd_month,departamento,885,432,remax uprop cb psir prestige
2026-10-01,d:asuncion,Asunción,asking_rent_usd_month,casa,1632,94,remax uprop cb psir prestige
2026-10-01,d:central,Central,active_sale,,9672,9672,remax uprop cb psir prestige
2026-10-01,d:central,Central,active_rent,,745,745,remax uprop cb psir prestige
2026-10-01,d:central,Central,asking_price_usd,casa,103057,2469,remax uprop cb psir prestige
2026-10-01,d:central,Central,asking_price_usd,departamento,77100,755,remax uprop cb psir prestige
2026-10-01,d:central,Central,asking_price_usd,duplex,116798,189,remax uprop cb psir prestige
2026-10-01,d:central,Central,asking_price_usd,terreno,60880,2663,remax uprop cb psir prestige
2026-10-01,d:central,Central,asking_usd_per_m2_built,casa,759,1793,remax uprop cb psir prestige
2026-10-01,d:central,Central,asking_usd_per_m2_built,departamento,1275,229,remax uprop cb psir prestige
2026-10-01,d:central,Central,asking_rent_usd_month,departamento,584,237,remax uprop cb psir prestige
2026-10-01,d:central,Central,asking_rent_usd_month,casa,687,138,remax uprop cb psir prestige
2026-10-01,c:central:luque,Luque,active_sale,,1875,1875,remax uprop cb psir prestige
2026-10-01,c:central:luque,Luque,active_rent,,165,165,remax uprop cb psir prestige
2026-10-01,c:central:luque,Luque,asking_price_usd,casa,104259,674,remax uprop cb psir prestige
2026-10-01,c:central:luque,Luque,asking_price_usd,departamento,82000,298,remax uprop cb psir prestige
2026-10-01,c:central:luque,Luque,asking_price_usd,duplex,128821,68,remax uprop cb psir prestige
2026-10-01,c:central:luque,Luque,asking_price_usd,terreno,77293,553,remax uprop cb psir prestige
2026-10-01,c:central:luque,Luque,asking_usd_per_m2_built,casa,900,476,remax uprop cb psir prestige
2026-10-01,c:central:luque,Luque,asking_usd_per_m2_built,departamento,1290,70,remax uprop cb psir prestige
2026-10-01,c:central:luque,Luque,asking_rent_usd_month,departamento,653,76,remax uprop cb psir prestige
2026-10-01,c:central:luque,Luque,asking_rent_usd_month,casa,687,42,remax uprop cb psir prestige
2026-10-01,c:central:san-lorenzo,San Lorenzo,active_sale,,788,788,remax uprop cb psir prestige
2026-10-01,c:central:san-lorenzo,San Lorenzo,active_rent,,158,158,remax uprop cb psir prestige
2026-10-01,c:central:san-lorenzo,San Lorenzo,asking_price_usd,casa,120233,327,remax uprop cb psir prestige
2026-10-01,c:central:san-lorenzo,San Lorenzo,asking_price_usd,departamento,55761,56,remax uprop cb psir prestige
2026-10-01,c:central:san-lorenzo,San Lorenzo,asking_price_usd,duplex,120233,31,remax uprop cb psir prestige
2026-10-01,c:central:san-lorenzo,San Lorenzo,asking_price_usd,terreno,83304,224,remax uprop cb psir prestige
2026-10-01,c:central:san-lorenzo,San Lorenzo,asking_usd_per_m2_built,casa,789,235,remax uprop cb psir prestige
2026-10-01,c:central:san-lorenzo,San Lorenzo,asking_rent_usd_month,departamento,344,53,remax uprop cb psir prestige
2026-10-01,c:central:lambare,Lambaré,active_sale,,747,747,remax uprop cb psir prestige
2026-10-01,c:central:lambare,Lambaré,active_rent,,89,89,remax uprop cb psir prestige
2026-10-01,c:central:lambare,Lambaré,asking_price_usd,casa,153727,278,remax uprop cb psir prestige
2026-10-01,c:central:lambare,Lambaré,asking_price_usd,departamento,87000,79,remax uprop cb psir prestige
2026-10-01,c:central:lambare,Lambaré,asking_price_usd,duplex,119890,31,remax uprop cb psir prestige
2026-10-01,c:central:lambare,Lambaré,asking_price_usd,terreno,91034,207,remax uprop cb psir prestige
2026-10-01,c:central:lambare,Lambaré,asking_usd_per_m2_built,casa,742,201,remax uprop cb psir prestige
2026-10-01,c:central:lambare,Lambaré,asking_usd_per_m2_built,departamento,1240,36,remax uprop cb psir prestige
2026-10-01,c:central:lambare,Lambaré,asking_rent_usd_month,departamento,601,42,remax uprop cb psir prestige
2026-10-01,c:central:fernando-de-la-mora,Fernando de la Mora,active_sale,,678,678,remax uprop cb psir prestige
2026-10-01,c:central:fernando-de-la-mora,Fernando de la Mora,active_rent,,139,139,remax uprop cb psir prestige
2026-10-01,c:central:fernando-de-la-mora,Fernando de la Mora,asking_price_usd,casa,163174,226,remax uprop cb psir prestige
2026-10-01,c:central:fernando-de-la-mora,Fernando de la Mora,asking_price_usd,departamento,70000,161,remax uprop cb psir prestige
2026-10-01,c:central:fernando-de-la-mora,Fernando de la Mora,asking_price_usd,terreno,128821,158,remax uprop cb psir prestige
2026-10-01,c:central:fernando-de-la-mora,Fernando de la Mora,asking_usd_per_m2_built,casa,835,164,remax uprop cb psir prestige
2026-10-01,c:central:fernando-de-la-mora,Fernando de la Mora,asking_usd_per_m2_built,departamento,1161,57,remax uprop cb psir prestige
2026-10-01,c:central:fernando-de-la-mora,Fernando de la Mora,asking_rent_usd_month,departamento,601,42,remax uprop cb psir prestige
2026-10-01,c:central:fernando-de-la-mora,Fernando de la Mora,asking_rent_usd_month,casa,945,22,remax uprop cb psir prestige
2026-10-01,c:central:capiata,Capiatá,active_sale,,657,657,remax uprop cb psir prestige
2026-10-01,c:central:capiata,Capiatá,active_rent,,28,28,remax uprop cb psir prestige
2026-10-01,c:central:capiata,Capiatá,asking_price_usd,casa,61834,193,remax uprop cb psir prestige
2026-10-01,c:central:capiata,Capiatá,asking_price_usd,terreno,37788,153,remax uprop cb psir prestige
2026-10-01,c:central:capiata,Capiatá,asking_usd_per_m2_built,casa,589,148,remax uprop cb psir prestige
2026-10-01,c:central:nemby,Ñemby,active_sale,,614,614,remax uprop cb psir prestige
2026-10-01,c:central:nemby,Ñemby,active_rent,,35,35,remax uprop cb psir prestige
2026-10-01,c:central:nemby,Ñemby,asking_price_usd,casa,72999,133,remax uprop cb psir prestige
2026-10-01,c:central:nemby,Ñemby,asking_price_usd,terreno,54964,121,remax uprop cb psir prestige
2026-10-01,c:central:nemby,Ñemby,asking_usd_per_m2_built,casa,694,110,remax uprop cb psir prestige
2026-10-01,c:central:villa-elisa,Villa Elisa,active_sale,,492,492,remax uprop cb psir prestige
2026-10-01,c:central:villa-elisa,Villa Elisa,active_rent,,17,17,remax uprop cb psir prestige
2026-10-01,c:central:villa-elisa,Villa Elisa,asking_price_usd,casa,94469,108,remax uprop cb psir prestige
2026-10-01,c:central:villa-elisa,Villa Elisa,asking_price_usd,terreno,60117,72,remax uprop cb psir prestige
2026-10-01,c:central:villa-elisa,Villa Elisa,asking_usd_per_m2_built,casa,738,67,remax uprop cb psir prestige
2026-10-01,c:central:limpio,Limpio,active_sale,,488,488,remax uprop cb psir prestige
2026-10-01,c:central:limpio,Limpio,active_rent,,10,10,remax uprop cb psir prestige
2026-10-01,c:central:limpio,Limpio,asking_price_usd,casa,60117,124,remax uprop cb psir prestige
2026-10-01,c:central:limpio,Limpio,asking_price_usd,departamento,63454,22,remax uprop cb psir prestige
2026-10-01,c:central:limpio,Limpio,asking_price_usd,terreno,31261,166,remax uprop cb psir prestige
2026-10-01,c:central:limpio,Limpio,asking_usd_per_m2_built,casa,700,95,remax uprop cb psir prestige
2026-10-01,c:central:mariano-roque-alonso,Mariano Roque Alonso,active_sale,,485,485,remax uprop cb psir prestige
2026-10-01,c:central:mariano-roque-alonso,Mariano Roque Alonso,active_rent,,38,38,remax uprop cb psir prestige
2026-10-01,c:central:mariano-roque-alonso,Mariano Roque Alonso,asking_price_usd,casa,125386,107,remax uprop cb psir prestige
2026-10-01,c:central:mariano-roque-alonso,Mariano Roque Alonso,asking_price_usd,departamento,60000,88,remax uprop cb psir prestige
2026-10-01,c:central:mariano-roque-alonso,Mariano Roque Alonso,asking_price_usd,terreno,91893,164,remax uprop cb psir prestige
2026-10-01,c:central:mariano-roque-alonso,Mariano Roque Alonso,asking_usd_per_m2_built,casa,697,77,remax uprop cb psir prestige
2026-10-01,c:central:aregua,Areguá,active_sale,,426,426,remax uprop cb psir prestige
2026-10-01,c:central:aregua,Areguá,active_rent,,4,4,remax uprop cb psir prestige
2026-10-01,c:central:aregua,Areguá,asking_price_usd,casa,94469,69,remax uprop cb psir prestige
2026-10-01,c:central:aregua,Areguá,asking_price_usd,terreno,26194,134,remax uprop cb psir prestige
2026-10-01,c:central:aregua,Areguá,asking_usd_per_m2_built,casa,649,48,remax uprop cb psir prestige
2026-10-01,c:central:itaugua,Itauguá,active_sale,,396,396,remax uprop cb psir prestige
2026-10-01,c:central:itaugua,Itauguá,active_rent,,21,21,remax uprop cb psir prestige
2026-10-01,c:central:itaugua,Itauguá,asking_price_usd,casa,60117,66,remax uprop cb psir prestige
2026-10-01,c:central:itaugua,Itauguá,asking_price_usd,terreno,24047,147,remax uprop cb psir prestige
2026-10-01,c:central:itaugua,Itauguá,asking_usd_per_m2_built,casa,598,62,remax uprop cb psir prestige
2026-10-01,c:central:ypane,Ypané,active_sale,,364,364,remax uprop cb psir prestige
2026-10-01,c:central:ypane,Ypané,active_rent,,7,7,remax uprop cb psir prestige
2026-10-01,c:central:ypane,Ypané,asking_price_usd,casa,48093,35,remax uprop cb psir prestige
2026-10-01,c:central:ypane,Ypané,asking_price_usd,terreno,29200,129,remax uprop cb psir prestige
2026-10-01,c:central:ypane,Ypané,asking_usd_per_m2_built,casa,533,26,remax uprop cb psir prestige
2026-10-01,c:central:villeta,Villeta,active_sale,,276,276,remax uprop cb psir prestige
2026-10-01,c:central:villeta,Villeta,active_rent,,9,9,remax uprop cb psir prestige
2026-10-01,c:central:villeta,Villeta,asking_price_usd,casa,63552,23,remax uprop cb psir prestige
2026-10-01,c:central:villeta,Villeta,asking_price_usd,terreno,25764,53,remax uprop cb psir prestige
2026-10-01,c:central:ypacarai,Ypacaraí,active_sale,,268,268,remax uprop cb psir prestige
2026-10-01,c:central:ypacarai,Ypacaraí,active_rent,,3,3,remax uprop cb psir prestige
2026-10-01,c:central:ypacarai,Ypacaraí,asking_price_usd,terreno,34352,108,remax uprop cb psir prestige
2026-10-01,c:central:san-antonio,San Antonio,active_sale,,213,213,remax uprop cb psir prestige
2026-10-01,c:central:san-antonio,San Antonio,active_rent,,7,7,remax uprop cb psir prestige
2026-10-01,c:central:san-antonio,San Antonio,asking_price_usd,casa,62264,22,remax uprop cb psir prestige
2026-10-01,c:central:san-antonio,San Antonio,asking_price_usd,terreno,77722,34,remax uprop cb psir prestige
2026-10-01,c:central:julian-augusto-saldivar,Julián Augusto Saldívar,active_sale,,197,197,remax uprop cb psir prestige
2026-10-01,c:central:julian-augusto-saldivar,Julián Augusto Saldívar,active_rent,,1,1,remax uprop cb psir prestige
2026-10-01,c:central:julian-augusto-saldivar,Julián Augusto Saldívar,asking_price_usd,terreno,21470,39,remax uprop cb psir prestige
2026-10-01,c:central:ita,Itá,active_sale,,195,195,remax uprop cb psir prestige
2026-10-01,c:central:ita,Itá,active_rent,,3,3,remax uprop cb psir prestige
2026-10-01,c:central:ita,Itá,asking_price_usd,terreno,25764,53,remax uprop cb psir prestige
2026-10-01,c:central:nueva-italia,c:central:nueva-italia,active_sale,,105,105,remax uprop cb psir prestige
2026-10-01,c:central:nueva-italia,c:central:nueva-italia,active_rent,,0,0,remax uprop cb psir prestige
2026-10-01,d:itapua,Itapúa,active_sale,,1564,1564,remax uprop cb psir prestige
2026-10-01,d:itapua,Itapúa,active_rent,,144,144,remax uprop cb psir prestige
2026-10-01,d:itapua,Itapúa,asking_price_usd,casa,127104,307,remax uprop cb psir prestige
2026-10-01,d:itapua,Itapúa,asking_price_usd,departamento,93000,171,remax uprop cb psir prestige
2026-10-01,d:itapua,Itapúa,asking_price_usd,duplex,97904,32,remax uprop cb psir prestige
2026-10-01,d:itapua,Itapúa,asking_price_usd,terreno,34352,882,remax uprop cb psir prestige
2026-10-01,d:itapua,Itapúa,asking_usd_per_m2_built,casa,694,267,remax uprop cb psir prestige
2026-10-01,d:itapua,Itapúa,asking_usd_per_m2_built,departamento,1290,39,remax uprop cb psir prestige
2026-10-01,d:itapua,Itapúa,asking_rent_usd_month,departamento,472,54,remax uprop cb psir prestige
2026-10-01,d:itapua,Itapúa,asking_rent_usd_month,casa,816,22,remax uprop cb psir prestige
2026-10-01,c:itapua:encarnacion,Encarnación,active_sale,,770,770,remax uprop cb psir prestige
2026-10-01,c:itapua:encarnacion,Encarnación,active_rent,,104,104,remax uprop cb psir prestige
2026-10-01,c:itapua:encarnacion,Encarnación,asking_price_usd,casa,140000,161,remax uprop cb psir prestige
2026-10-01,c:itapua:encarnacion,Encarnación,asking_price_usd,departamento,93000,169,remax uprop cb psir prestige
2026-10-01,c:itapua:encarnacion,Encarnación,asking_price_usd,duplex,97904,24,remax uprop cb psir prestige
2026-10-01,c:itapua:encarnacion,Encarnación,asking_price_usd,terreno,51357,336,remax uprop cb psir prestige
2026-10-01,c:itapua:encarnacion,Encarnación,asking_usd_per_m2_built,casa,687,140,remax uprop cb psir prestige
2026-10-01,c:itapua:encarnacion,Encarnación,asking_usd_per_m2_built,departamento,1290,39,remax uprop cb psir prestige
2026-10-01,c:itapua:encarnacion,Encarnación,asking_rent_usd_month,departamento,447,52,remax uprop cb psir prestige
2026-10-01,c:itapua:san-juan-del-parana,San Juan del Paraná,active_sale,,161,161,remax uprop cb psir prestige
2026-10-01,c:itapua:san-juan-del-parana,San Juan del Paraná,active_rent,,4,4,remax uprop cb psir prestige
2026-10-01,c:itapua:san-juan-del-parana,San Juan del Paraná,asking_price_usd,casa,125573,23,remax uprop cb psir prestige
2026-10-01,c:itapua:san-juan-del-parana,San Juan del Paraná,asking_price_usd,terreno,14600,123,remax uprop cb psir prestige
2026-10-01,c:itapua:san-juan-del-parana,San Juan del Paraná,asking_usd_per_m2_built,casa,1099,21,remax uprop cb psir prestige
2026-10-01,c:itapua:capitan-miranda,Capitán Miranda,active_sale,,109,109,remax uprop cb psir prestige
2026-10-01,c:itapua:capitan-miranda,Capitán Miranda,active_rent,,14,14,remax uprop cb psir prestige
2026-10-01,c:itapua:capitan-miranda,Capitán Miranda,asking_price_usd,terreno,21213,93,remax uprop cb psir prestige
2026-10-01,d:alto-parana,Alto Paraná,active_sale,,926,926,remax uprop cb psir prestige
2026-10-01,d:alto-parana,Alto Paraná,active_rent,,76,76,remax uprop cb psir prestige
2026-10-01,d:alto-parana,Alto Paraná,asking_price_usd,casa,122810,234,remax uprop cb psir prestige
2026-10-01,d:alto-parana,Alto Paraná,asking_price_usd,departamento,89000,92,remax uprop cb psir prestige
2026-10-01,d:alto-parana,Alto Paraná,asking_price_usd,terreno,65722,468,remax uprop cb psir prestige
2026-10-01,d:alto-parana,Alto Paraná,asking_usd_per_m2_built,casa,730,209,remax uprop cb psir prestige
2026-10-01,d:alto-parana,Alto Paraná,asking_usd_per_m2_built,departamento,1525,29,remax uprop cb psir prestige
2026-10-01,c:alto-parana:ciudad-del-este,Ciudad del Este,active_sale,,411,411,remax uprop cb psir prestige
2026-10-01,c:alto-parana:ciudad-del-este,Ciudad del Este,active_rent,,43,43,remax uprop cb psir prestige
2026-10-01,c:alto-parana:ciudad-del-este,Ciudad del Este,asking_price_usd,casa,137409,104,remax uprop cb psir prestige
2026-10-01,c:alto-parana:ciudad-del-este,Ciudad del Este,asking_price_usd,departamento,88999,80,remax uprop cb psir prestige
2026-10-01,c:alto-parana:ciudad-del-este,Ciudad del Este,asking_price_usd,terreno,82446,177,remax uprop cb psir prestige
2026-10-01,c:alto-parana:ciudad-del-este,Ciudad del Este,asking_usd_per_m2_built,casa,750,95,remax uprop cb psir prestige
2026-10-01,c:alto-parana:ciudad-del-este,Ciudad del Este,asking_usd_per_m2_built,departamento,1663,26,remax uprop cb psir prestige
2026-10-01,c:alto-parana:hernandarias,Hernandarias,active_sale,,158,158,remax uprop cb psir prestige
2026-10-01,c:alto-parana:hernandarias,Hernandarias,active_rent,,8,8,remax uprop cb psir prestige
2026-10-01,c:alto-parana:hernandarias,Hernandarias,asking_price_usd,casa,111645,53,remax uprop cb psir prestige
2026-10-01,c:alto-parana:hernandarias,Hernandarias,asking_price_usd,terreno,50670,85,remax uprop cb psir prestige
2026-10-01,c:alto-parana:hernandarias,Hernandarias,asking_usd_per_m2_built,casa,573,47,remax uprop cb psir prestige
2026-10-01,c:alto-parana:minga-guazu,Minga Guazú,active_sale,,107,107,remax uprop cb psir prestige
2026-10-01,c:alto-parana:minga-guazu,Minga Guazú,active_rent,,2,2,remax uprop cb psir prestige
2026-10-01,c:alto-parana:minga-guazu,Minga Guazú,asking_price_usd,terreno,26194,86,remax uprop cb psir prestige
2026-10-01,d:cordillera,Cordillera,active_sale,,928,928,remax uprop cb psir prestige
2026-10-01,d:cordillera,Cordillera,active_rent,,49,49,remax uprop cb psir prestige
2026-10-01,d:cordillera,Cordillera,asking_price_usd,casa,192500,190,remax uprop cb psir prestige
2026-10-01,d:cordillera,Cordillera,asking_price_usd,departamento,239751,24,remax uprop cb psir prestige
2026-10-01,d:cordillera,Cordillera,asking_price_usd,terreno,49811,635,remax uprop cb psir prestige
2026-10-01,d:cordillera,Cordillera,asking_usd_per_m2_built,casa,885,154,remax uprop cb psir prestige
2026-10-01,d:cordillera,Cordillera,asking_rent_usd_month,casa,1589,34,remax uprop cb psir prestige
2026-10-01,c:cordillera:san-bernardino,San Bernardino,active_sale,,397,397,remax uprop cb psir prestige
2026-10-01,c:cordillera:san-bernardino,San Bernardino,active_rent,,29,29,remax uprop cb psir prestige
2026-10-01,c:cordillera:san-bernardino,San Bernardino,asking_price_usd,casa,221573,97,remax uprop cb psir prestige
2026-10-01,c:cordillera:san-bernardino,San Bernardino,asking_price_usd,terreno,61330,278,remax uprop cb psir prestige
2026-10-01,c:cordillera:san-bernardino,San Bernardino,asking_usd_per_m2_built,casa,987,84,remax uprop cb psir prestige
2026-10-01,c:cordillera:san-bernardino,San Bernardino,asking_rent_usd_month,casa,1700,24,remax uprop cb psir prestige
2026-10-01,c:cordillera:caacupe,Caacupé,active_sale,,152,152,remax uprop cb psir prestige
2026-10-01,c:cordillera:caacupe,Caacupé,active_rent,,5,5,remax uprop cb psir prestige
2026-10-01,c:cordillera:caacupe,Caacupé,asking_price_usd,casa,86310,32,remax uprop cb psir prestige
2026-10-01,c:cordillera:caacupe,Caacupé,asking_price_usd,terreno,21470,103,remax uprop cb psir prestige
2026-10-01,c:cordillera:caacupe,Caacupé,asking_usd_per_m2_built,casa,469,26,remax uprop cb psir prestige
2026-10-01,c:cordillera:altos,Altos,active_sale,,127,127,remax uprop cb psir prestige
2026-10-01,c:cordillera:altos,Altos,active_rent,,8,8,remax uprop cb psir prestige
2026-10-01,c:cordillera:altos,Altos,asking_price_usd,casa,232975,22,remax uprop cb psir prestige
2026-10-01,c:cordillera:altos,Altos,asking_price_usd,terreno,39604,91,remax uprop cb psir prestige
2026-10-01,d:boqueron,Boquerón,active_sale,,158,158,remax uprop cb psir prestige
2026-10-01,d:boqueron,Boquerón,active_rent,,34,34,remax uprop cb psir prestige
2026-10-01,d:boqueron,Boquerón,asking_price_usd,casa,79440,24,remax uprop cb psir prestige
2026-10-01,d:boqueron,Boquerón,asking_price_usd,terreno,15459,119,remax uprop cb psir prestige
2026-10-01,d:presidente-hayes,Presidente Hayes,active_sale,,178,178,remax uprop cb psir prestige
2026-10-01,d:presidente-hayes,Presidente Hayes,active_rent,,0,0,remax uprop cb psir prestige
2026-10-01,d:presidente-hayes,Presidente Hayes,asking_price_usd,terreno,86632,137,remax uprop cb psir prestige
2026-10-01,c:presidente-hayes:villa-hayes,Villa Hayes,active_sale,,106,106,remax uprop cb psir prestige
2026-10-01,c:presidente-hayes:villa-hayes,Villa Hayes,active_rent,,0,0,remax uprop cb psir prestige
2026-10-01,c:presidente-hayes:villa-hayes,Villa Hayes,asking_price_usd,terreno,106006,82,remax uprop cb psir prestige
2026-10-01,d:paraguari,Paraguarí,active_sale,,109,109,remax uprop cb psir prestige
2026-10-01,d:paraguari,Paraguarí,active_rent,,3,3,remax uprop cb psir prestige
2026-10-01,d:paraguari,Paraguarí,asking_price_usd,terreno,48952,65,remax uprop cb psir prestige
2026-10-01,d:caaguazu,Caaguazú,active_sale,,67,67,remax uprop cb psir prestige
2026-10-01,d:caaguazu,Caaguazú,active_rent,,2,2,remax uprop cb psir prestige
2026-10-01,d:caaguazu,Caaguazú,asking_price_usd,terreno,70422,43,remax uprop cb psir prestige
2026-10-01,d:misiones,Misiones,active_sale,,64,64,remax uprop cb psir prestige
2026-10-01,d:misiones,Misiones,active_rent,,4,4,remax uprop cb psir prestige
2026-10-01,d:misiones,Misiones,asking_price_usd,terreno,32635,36,remax uprop cb psir prestige
2026-10-01,d:guaira,Guairá,active_sale,,38,38,remax uprop cb psir prestige
2026-10-01,d:guaira,Guairá,active_rent,,2,2,remax uprop cb psir prestige
2026-10-01,d:guaira,Guairá,asking_price_usd,terreno,24462,26,remax uprop cb psir prestige
2026-10-01,d:san-pedro,San Pedro,active_sale,,34,34,remax uprop cb psir prestige
2026-10-01,d:san-pedro,San Pedro,active_rent,,0,0,remax uprop cb psir prestige
2026-10-01,d:san-pedro,San Pedro,asking_price_usd,terreno,137409,26,remax uprop cb psir prestige
2026-10-01,d:caazapa,Caazapá,active_sale,,21,21,remax uprop cb psir prestige
2026-10-01,d:caazapa,Caazapá,active_rent,,5,5,remax uprop cb psir prestige
2026-10-01,d:neembucu,Ñeembucú,active_sale,,22,22,remax uprop cb psir prestige
2026-10-01,d:neembucu,Ñeembucú,active_rent,,1,1,remax uprop cb psir prestige
2026-10-01,d:concepcion,Concepción,active_sale,,21,21,remax uprop cb psir prestige
2026-10-01,d:concepcion,Concepción,active_rent,,0,0,remax uprop cb psir prestige
2026-10-01,d:canindeyu,Canindeyú,active_sale,,19,19,remax uprop cb psir prestige
2026-10-01,d:canindeyu,Canindeyú,active_rent,,1,1,remax uprop cb psir prestige
2026-10-01,d:amambay,Amambay,active_sale,,14,14,remax uprop cb psir prestige
2026-10-01,d:amambay,Amambay,active_rent,,0,0,remax uprop cb psir prestige
2026-10-01,d:alto-paraguay,Alto Paraguay,active_sale,,12,12,remax uprop cb psir prestige
2026-10-01,d:alto-paraguay,Alto Paraguay,active_rent,,0,0,remax uprop cb psir prestige
2026-10-02,py,Paraguay,active_sale,,22824,22824,remax uprop cb psir prestige
2026-10-02,py,Paraguay,active_rent,,5739,5739,remax uprop cb psir prestige
2026-10-02,py,Paraguay,asking_price_usd,casa,130000,4366,remax uprop cb psir prestige
2026-10-02,py,Paraguay,asking_price_usd,departamento,100000,3951,remax uprop cb psir prestige
2026-10-02,py,Paraguay,asking_price_usd,duplex,120000,263,remax uprop cb psir prestige
2026-10-02,py,Paraguay,asking_price_usd,terreno,64947,6067,remax uprop cb psir prestige
2026-10-02,py,Paraguay,asking_usd_per_m2_built,casa,786,3182,remax uprop cb psir prestige
2026-10-02,py,Paraguay,asking_usd_per_m2_built,departamento,1731,1552,remax uprop cb psir prestige
2026-10-02,py,Paraguay,asking_rent_usd_month,departamento,752,732,remax uprop cb psir prestige
2026-10-02,py,Paraguay,asking_rent_usd_month,casa,1000,323,remax uprop cb psir prestige
2026-10-02,d:asuncion,Asunción,active_sale,,9004,9004,remax uprop cb psir prestige
2026-10-02,d:asuncion,Asunción,active_rent,,4650,4650,remax uprop cb psir prestige
2026-10-02,d:asuncion,Asunción,asking_price_usd,casa,222188,1010,remax uprop cb psir prestige
2026-10-02,d:asuncion,Asunción,asking_price_usd,departamento,110500,2893,remax uprop cb psir prestige
2026-10-02,d:asuncion,Asunción,asking_price_usd,duplex,191503,34,remax uprop cb psir prestige
2026-10-02,d:asuncion,Asunción,asking_price_usd,terreno,208515,815,remax uprop cb psir prestige
2026-10-02,d:asuncion,Asunción,asking_usd_per_m2_built,casa,950,657,remax uprop cb psir prestige
2026-10-02,d:asuncion,Asunción,asking_usd_per_m2_built,departamento,1809,1241,remax uprop cb psir prestige
2026-10-02,d:asuncion,Asunción,asking_rent_usd_month,departamento,880,430,remax uprop cb psir prestige
2026-10-02,d:asuncion,Asunción,asking_rent_usd_month,casa,1624,94,remax uprop cb psir prestige
2026-10-02,d:central,Central,active_sale,,9449,9449,remax uprop cb psir prestige
2026-10-02,d:central,Central,active_rent,,748,748,remax uprop cb psir prestige
2026-10-02,d:central,Central,asking_price_usd,casa,102548,2470,remax uprop cb psir prestige
2026-10-02,d:central,Central,asking_price_usd,departamento,76911,754,remax uprop cb psir prestige
2026-10-02,d:central,Central,asking_price_usd,duplex,116221,189,remax uprop cb psir prestige
2026-10-02,d:central,Central,asking_price_usd,terreno,60674,2659,remax uprop cb psir prestige
2026-10-02,d:central,Central,asking_usd_per_m2_built,casa,756,1793,remax uprop cb psir prestige
2026-10-02,d:central,Central,asking_usd_per_m2_built,departamento,1266,227,remax uprop cb psir prestige
2026-10-02,d:central,Central,asking_rent_usd_month,departamento,581,238,remax uprop cb psir prestige
2026-10-02,d:central,Central,asking_rent_usd_month,casa,684,139,remax uprop cb psir prestige
2026-10-02,c:central:luque,Luque,active_sale,,1877,1877,remax uprop cb psir prestige
2026-10-02,c:central:luque,Luque,active_rent,,164,164,remax uprop cb psir prestige
2026-10-02,c:central:luque,Luque,asking_price_usd,casa,104087,675,remax uprop cb psir prestige
2026-10-02,c:central:luque,Luque,asking_price_usd,departamento,82000,298,remax uprop cb psir prestige
2026-10-02,c:central:luque,Luque,asking_price_usd,duplex,128185,68,remax uprop cb psir prestige
2026-10-02,c:central:luque,Luque,asking_price_usd,terreno,76911,553,remax uprop cb psir prestige
2026-10-02,c:central:luque,Luque,asking_usd_per_m2_built,casa,895,477,remax uprop cb psir prestige
2026-10-02,c:central:luque,Luque,asking_usd_per_m2_built,departamento,1275,69,remax uprop cb psir prestige
2026-10-02,c:central:luque,Luque,asking_rent_usd_month,departamento,650,76,remax uprop cb psir prestige
2026-10-02,c:central:luque,Luque,asking_rent_usd_month,casa,684,42,remax uprop cb psir prestige
2026-10-02,c:central:san-lorenzo,San Lorenzo,active_sale,,787,787,remax uprop cb psir prestige
2026-10-02,c:central:san-lorenzo,San Lorenzo,active_rent,,159,159,remax uprop cb psir prestige
2026-10-02,c:central:san-lorenzo,San Lorenzo,asking_price_usd,casa,119640,327,remax uprop cb psir prestige
2026-10-02,c:central:san-lorenzo,San Lorenzo,asking_price_usd,departamento,55749,56,remax uprop cb psir prestige
2026-10-02,c:central:san-lorenzo,San Lorenzo,asking_price_usd,duplex,119640,31,remax uprop cb psir prestige
2026-10-02,c:central:san-lorenzo,San Lorenzo,asking_price_usd,terreno,84602,222,remax uprop cb psir prestige
2026-10-02,c:central:san-lorenzo,San Lorenzo,asking_usd_per_m2_built,casa,786,235,remax uprop cb psir prestige
2026-10-02,c:central:san-lorenzo,San Lorenzo,asking_rent_usd_month,departamento,342,53,remax uprop cb psir prestige
2026-10-02,c:central:lambare,Lambaré,active_sale,,746,746,remax uprop cb psir prestige
2026-10-02,c:central:lambare,Lambaré,active_rent,,87,87,remax uprop cb psir prestige
2026-10-02,c:central:lambare,Lambaré,asking_price_usd,casa,152989,278,remax uprop cb psir prestige
2026-10-02,c:central:lambare,Lambaré,asking_price_usd,departamento,86228,80,remax uprop cb psir prestige
2026-10-02,c:central:lambare,Lambaré,asking_price_usd,duplex,119298,31,remax uprop cb psir prestige
2026-10-02,c:central:lambare,Lambaré,asking_price_usd,terreno,90584,207,remax uprop cb psir prestige
2026-10-02,c:central:lambare,Lambaré,asking_usd_per_m2_built,casa,738,201,remax uprop cb psir prestige
2026-10-02,c:central:lambare,Lambaré,asking_usd_per_m2_built,departamento,1234,36,remax uprop cb psir prestige
2026-10-02,c:central:lambare,Lambaré,asking_rent_usd_month,departamento,598,42,remax uprop cb psir prestige
2026-10-02,c:central:fernando-de-la-mora,Fernando de la Mora,active_sale,,679,679,remax uprop cb psir prestige
2026-10-02,c:central:fernando-de-la-mora,Fernando de la Mora,active_rent,,146,146,remax uprop cb psir prestige
2026-10-02,c:central:fernando-de-la-mora,Fernando de la Mora,asking_price_usd,casa,162368,226,remax uprop cb psir prestige
2026-10-02,c:central:fernando-de-la-mora,Fernando de la Mora,asking_price_usd,departamento,70405,160,remax uprop cb psir prestige
2026-10-02,c:central:fernando-de-la-mora,Fernando de la Mora,asking_price_usd,terreno,128185,158,remax uprop cb psir prestige
2026-10-02,c:central:fernando-de-la-mora,Fernando de la Mora,asking_usd_per_m2_built,casa,833,164,remax uprop cb psir prestige
2026-10-02,c:central:fernando-de-la-mora,Fernando de la Mora,asking_usd_per_m2_built,departamento,1161,57,remax uprop cb psir prestige
2026-10-02,c:central:fernando-de-la-mora,Fernando de la Mora,asking_rent_usd_month,departamento,598,43,remax uprop cb psir prestige
2026-10-02,c:central:fernando-de-la-mora,Fernando de la Mora,asking_rent_usd_month,casa,940,22,remax uprop cb psir prestige
2026-10-02,c:central:capiata,Capiatá,active_sale,,648,648,remax uprop cb psir prestige
2026-10-02,c:central:capiata,Capiatá,active_rent,,28,28,remax uprop cb psir prestige
2026-10-02,c:central:capiata,Capiatá,asking_price_usd,casa,61529,194,remax uprop cb psir prestige
2026-10-02,c:central:capiata,Capiatá,asking_price_usd,terreno,37601,153,remax uprop cb psir prestige
2026-10-02,c:central:capiata,Capiatá,asking_usd_per_m2_built,casa,583,149,remax uprop cb psir prestige
2026-10-02,c:central:nemby,Ñemby,active_sale,,598,598,remax uprop cb psir prestige
2026-10-02,c:central:nemby,Ñemby,active_rent,,34,34,remax uprop cb psir prestige
2026-10-02,c:central:nemby,Ñemby,asking_price_usd,casa,72638,133,remax uprop cb psir prestige
2026-10-02,c:central:nemby,Ñemby,asking_price_usd,terreno,54692,121,remax uprop cb psir prestige
2026-10-02,c:central:nemby,Ñemby,asking_usd_per_m2_built,casa,690,110,remax uprop cb psir prestige
2026-10-02,c:central:mariano-roque-alonso,Mariano Roque Alonso,active_sale,,485,485,remax uprop cb psir prestige
2026-10-02,c:central:mariano-roque-alonso,Mariano Roque Alonso,active_rent,,37,37,remax uprop cb psir prestige
2026-10-02,c:central:mariano-roque-alonso,Mariano Roque Alonso,asking_price_usd,casa,124767,107,remax uprop cb psir prestige
2026-10-02,c:central:mariano-roque-alonso,Mariano Roque Alonso,asking_price_usd,departamento,60000,87,remax uprop cb psir prestige
2026-10-02,c:central:mariano-roque-alonso,Mariano Roque Alonso,asking_price_usd,terreno,91574,164,remax uprop cb psir prestige
2026-10-02,c:central:mariano-roque-alonso,Mariano Roque Alonso,asking_usd_per_m2_built,casa,693,77,remax uprop cb psir prestige
2026-10-02,c:central:limpio,Limpio,active_sale,,477,477,remax uprop cb psir prestige
2026-10-02,c:central:limpio,Limpio,active_rent,,10,10,remax uprop cb psir prestige
2026-10-02,c:central:limpio,Limpio,asking_price_usd,casa,59820,124,remax uprop cb psir prestige
2026-10-02,c:central:limpio,Limpio,asking_price_usd,departamento,63141,22,remax uprop cb psir prestige
2026-10-02,c:central:limpio,Limpio,asking_price_usd,terreno,31106,163,remax uprop cb psir prestige
2026-10-02,c:central:limpio,Limpio,asking_usd_per_m2_built,casa,701,94,remax uprop cb psir prestige
2026-10-02,c:central:villa-elisa,Villa Elisa,active_sale,,471,471,remax uprop cb psir prestige
2026-10-02,c:central:villa-elisa,Villa Elisa,active_rent,,18,18,remax uprop cb psir prestige
2026-10-02,c:central:villa-elisa,Villa Elisa,asking_price_usd,casa,94003,108,remax uprop cb psir prestige
2026-10-02,c:central:villa-elisa,Villa Elisa,asking_price_usd,terreno,59820,72,remax uprop cb psir prestige
2026-10-02,c:central:villa-elisa,Villa Elisa,asking_usd_per_m2_built,casa,737,67,remax uprop cb psir prestige
2026-10-02,c:central:aregua,Areguá,active_sale,,416,416,remax uprop cb psir prestige
2026-10-02,c:central:aregua,Areguá,active_rent,,4,4,remax uprop cb psir prestige
2026-10-02,c:central:aregua,Areguá,asking_price_usd,casa,94003,69,remax uprop cb psir prestige
2026-10-02,c:central:aregua,Areguá,asking_price_usd,terreno,25637,135,remax uprop cb psir prestige
2026-10-02,c:central:aregua,Areguá,asking_usd_per_m2_built,casa,646,48,remax uprop cb psir prestige
2026-10-02,c:central:itaugua,Itauguá,active_sale,,383,383,remax uprop cb psir prestige
2026-10-02,c:central:itaugua,Itauguá,active_rent,,21,21,remax uprop cb psir prestige
2026-10-02,c:central:itaugua,Itauguá,asking_price_usd,casa,59820,65,remax uprop cb psir prestige
2026-10-02,c:central:itaugua,Itauguá,asking_price_usd,terreno,23928,147,remax uprop cb psir prestige
2026-10-02,c:central:itaugua,Itauguá,asking_usd_per_m2_built,casa,581,61,remax uprop cb psir prestige
2026-10-02,c:central:ypane,Ypané,active_sale,,342,342,remax uprop cb psir prestige
2026-10-02,c:central:ypane,Ypané,active_rent,,7,7,remax uprop cb psir prestige
2026-10-02,c:central:ypane,Ypané,asking_price_usd,casa,47856,35,remax uprop cb psir prestige
2026-10-02,c:central:ypane,Ypané,asking_price_usd,terreno,29055,129,remax uprop cb psir prestige
2026-10-02,c:central:ypane,Ypané,asking_usd_per_m2_built,casa,531,26,remax uprop cb psir prestige
2026-10-02,c:central:ypacarai,Ypacaraí,active_sale,,266,266,remax uprop cb psir prestige
2026-10-02,c:central:ypacarai,Ypacaraí,active_rent,,3,3,remax uprop cb psir prestige
2026-10-02,c:central:ypacarai,Ypacaraí,asking_price_usd,terreno,34183,108,remax uprop cb psir prestige
2026-10-02,c:central:villeta,Villeta,active_sale,,250,250,remax uprop cb psir prestige
2026-10-02,c:central:villeta,Villeta,active_rent,,8,8,remax uprop cb psir prestige
2026-10-02,c:central:villeta,Villeta,asking_price_usd,casa,63238,23,remax uprop cb psir prestige
2026-10-02,c:central:villeta,Villeta,asking_price_usd,terreno,25637,53,remax uprop cb psir prestige
2026-10-02,c:central:san-antonio,San Antonio,active_sale,,196,196,remax uprop cb psir prestige
2026-10-02,c:central:san-antonio,San Antonio,active_rent,,7,7,remax uprop cb psir prestige
2026-10-02,c:central:san-antonio,San Antonio,asking_price_usd,casa,61956,22,remax uprop cb psir prestige
2026-10-02,c:central:san-antonio,San Antonio,asking_price_usd,terreno,77339,34,remax uprop cb psir prestige
2026-10-02,c:central:ita,Itá,active_sale,,192,192,remax uprop cb psir prestige
2026-10-02,c:central:ita,Itá,active_rent,,3,3,remax uprop cb psir prestige
2026-10-02,c:central:ita,Itá,asking_price_usd,terreno,25637,53,remax uprop cb psir prestige
2026-10-02,c:central:julian-augusto-saldivar,Julián Augusto Saldívar,active_sale,,178,178,remax uprop cb psir prestige
2026-10-02,c:central:julian-augusto-saldivar,Julián Augusto Saldívar,active_rent,,1,1,remax uprop cb psir prestige
2026-10-02,c:central:julian-augusto-saldivar,Julián Augusto Saldívar,asking_price_usd,terreno,21364,39,remax uprop cb psir prestige
2026-10-02,d:itapua,Itapúa,active_sale,,1559,1559,remax uprop cb psir prestige
2026-10-02,d:itapua,Itapúa,active_rent,,147,147,remax uprop cb psir prestige
2026-10-02,d:itapua,Itapúa,asking_price_usd,casa,125738,306,remax uprop cb psir prestige
2026-10-02,d:itapua,Itapúa,asking_price_usd,departamento,94000,170,remax uprop cb psir prestige
2026-10-02,d:itapua,Itapúa,asking_price_usd,duplex,97421,32,remax uprop cb psir prestige
2026-10-02,d:itapua,Itapúa,asking_price_usd,terreno,34183,881,remax uprop cb psir prestige
2026-10-02,d:itapua,Itapúa,asking_usd_per_m2_built,casa,693,266,remax uprop cb psir prestige
2026-10-02,d:itapua,Itapúa,asking_usd_per_m2_built,departamento,1290,39,remax uprop cb psir prestige
2026-10-02,d:itapua,Itapúa,asking_rent_usd_month,departamento,479,55,remax uprop cb psir prestige
2026-10-02,d:itapua,Itapúa,asking_rent_usd_month,casa,812,22,remax uprop cb psir prestige
2026-10-02,c:itapua:encarnacion,Encarnación,active_sale,,769,769,remax uprop cb psir prestige
2026-10-02,c:itapua:encarnacion,Encarnación,active_rent,,106,106,remax uprop cb psir prestige
2026-10-02,c:itapua:encarnacion,Encarnación,asking_price_usd,casa,140000,160,remax uprop cb psir prestige
2026-10-02,c:itapua:encarnacion,Encarnación,asking_price_usd,departamento,94000,168,remax uprop cb psir prestige
2026-10-02,c:itapua:encarnacion,Encarnación,asking_price_usd,duplex,97421,24,remax uprop cb psir prestige
2026-10-02,c:itapua:encarnacion,Encarnación,asking_price_usd,terreno,51274,335,remax uprop cb psir prestige
2026-10-02,c:itapua:encarnacion,Encarnación,asking_usd_per_m2_built,casa,686,139,remax uprop cb psir prestige
2026-10-02,c:itapua:encarnacion,Encarnación,asking_usd_per_m2_built,departamento,1290,39,remax uprop cb psir prestige
2026-10-02,c:itapua:encarnacion,Encarnación,asking_rent_usd_month,departamento,427,53,remax uprop cb psir prestige
2026-10-02,c:itapua:san-juan-del-parana,San Juan del Paraná,active_sale,,161,161,remax uprop cb psir prestige
2026-10-02,c:itapua:san-juan-del-parana,San Juan del Paraná,active_rent,,4,4,remax uprop cb psir prestige
2026-10-02,c:itapua:san-juan-del-parana,San Juan del Paraná,asking_price_usd,casa,124953,23,remax uprop cb psir prestige
2026-10-02,c:itapua:san-juan-del-parana,San Juan del Paraná,asking_price_usd,terreno,14528,123,remax uprop cb psir prestige
2026-10-02,c:itapua:san-juan-del-parana,San Juan del Paraná,asking_usd_per_m2_built,casa,1099,21,remax uprop cb psir prestige
2026-10-02,c:itapua:capitan-miranda,Capitán Miranda,active_sale,,109,109,remax uprop cb psir prestige
2026-10-02,c:itapua:capitan-miranda,Capitán Miranda,active_rent,,14,14,remax uprop cb psir prestige
2026-10-02,c:itapua:capitan-miranda,Capitán Miranda,asking_price_usd,terreno,21108,93,remax uprop cb psir prestige
2026-10-02,d:alto-parana,Alto Paraná,active_sale,,922,922,remax uprop cb psir prestige
2026-10-02,d:alto-parana,Alto Paraná,active_rent,,75,75,remax uprop cb psir prestige
2026-10-02,d:alto-parana,Alto Paraná,asking_price_usd,casa,122203,234,remax uprop cb psir prestige
2026-10-02,d:alto-parana,Alto Paraná,asking_price_usd,departamento,89000,90,remax uprop cb psir prestige
2026-10-02,d:alto-parana,Alto Paraná,asking_price_usd,terreno,65802,467,remax uprop cb psir prestige
2026-10-02,d:alto-parana,Alto Paraná,asking_usd_per_m2_built,casa,727,209,remax uprop cb psir prestige
2026-10-02,d:alto-parana,Alto Paraná,asking_usd_per_m2_built,departamento,1525,29,remax uprop cb psir prestige
2026-10-02,c:alto-parana:ciudad-del-este,Ciudad del Este,active_sale,,409,409,remax uprop cb psir prestige
2026-10-02,c:alto-parana:ciudad-del-este,Ciudad del Este,active_rent,,43,43,remax uprop cb psir prestige
2026-10-02,c:alto-parana:ciudad-del-este,Ciudad del Este,asking_price_usd,casa,136731,104,remax uprop cb psir prestige
2026-10-02,c:alto-parana:ciudad-del-este,Ciudad del Este,asking_price_usd,departamento,89000,78,remax uprop cb psir prestige
2026-10-02,c:alto-parana:ciudad-del-este,Ciudad del Este,asking_price_usd,terreno,85000,177,remax uprop cb psir prestige
2026-10-02,c:alto-parana:ciudad-del-este,Ciudad del Este,asking_usd_per_m2_built,casa,750,95,remax uprop cb psir prestige
2026-10-02,c:alto-parana:ciudad-del-este,Ciudad del Este,asking_usd_per_m2_built,departamento,1663,26,remax uprop cb psir prestige
2026-10-02,c:alto-parana:hernandarias,Hernandarias,active_sale,,159,159,remax uprop cb psir prestige
2026-10-02,c:alto-parana:hernandarias,Hernandarias,active_rent,,8,8,remax uprop cb psir prestige
2026-10-02,c:alto-parana:hernandarias,Hernandarias,asking_price_usd,casa,111094,53,remax uprop cb psir prestige
2026-10-02,c:alto-parana:hernandarias,Hernandarias,asking_price_usd,terreno,50210,86,remax uprop cb psir prestige
2026-10-02,c:alto-parana:hernandarias,Hernandarias,asking_usd_per_m2_built,casa,570,47,remax uprop cb psir prestige
2026-10-02,c:alto-parana:minga-guazu,Minga Guazú,active_sale,,106,106,remax uprop cb psir prestige
2026-10-02,c:alto-parana:minga-guazu,Minga Guazú,active_rent,,2,2,remax uprop cb psir prestige
2026-10-02,c:alto-parana:minga-guazu,Minga Guazú,asking_price_usd,terreno,25637,85,remax uprop cb psir prestige
2026-10-02,d:cordillera,Cordillera,active_sale,,937,937,remax uprop cb psir prestige
2026-10-02,d:cordillera,Cordillera,active_rent,,49,49,remax uprop cb psir prestige
2026-10-02,d:cordillera,Cordillera,asking_price_usd,casa,190000,191,remax uprop cb psir prestige
2026-10-02,d:cordillera,Cordillera,asking_price_usd,departamento,239501,25,remax uprop cb psir prestige
2026-10-02,d:cordillera,Cordillera,asking_price_usd,terreno,49223,643,remax uprop cb psir prestige
2026-10-02,d:cordillera,Cordillera,asking_usd_per_m2_built,casa,885,154,remax uprop cb psir prestige
2026-10-02,d:cordillera,Cordillera,asking_rent_usd_month,casa,1581,34,remax uprop cb psir prestige
2026-10-02,c:cordillera:san-bernardino,San Bernardino,active_sale,,398,398,remax uprop cb psir prestige
2026-10-02,c:cordillera:san-bernardino,San Bernardino,active_rent,,29,29,remax uprop cb psir prestige
2026-10-02,c:cordillera:san-bernardino,San Bernardino,asking_price_usd,casa,220479,97,remax uprop cb psir prestige
2026-10-02,c:cordillera:san-bernardino,San Bernardino,asking_price_usd,terreno,61330,278,remax uprop cb psir prestige
2026-10-02,c:cordillera:san-bernardino,San Bernardino,asking_usd_per_m2_built,casa,987,84,remax uprop cb psir prestige
2026-10-02,c:cordillera:san-bernardino,San Bernardino,asking_rent_usd_month,casa,1692,24,remax uprop cb psir prestige
2026-10-02,c:cordillera:caacupe,Caacupé,active_sale,,159,159,remax uprop cb psir prestige
2026-10-02,c:cordillera:caacupe,Caacupé,active_rent,,5,5,remax uprop cb psir prestige
2026-10-02,c:cordillera:caacupe,Caacupé,asking_price_usd,casa,83748,33,remax uprop cb psir prestige
2026-10-02,c:cordillera:caacupe,Caacupé,asking_price_usd,terreno,17946,109,remax uprop cb psir prestige
2026-10-02,c:cordillera:caacupe,Caacupé,asking_usd_per_m2_built,casa,467,26,remax uprop cb psir prestige
2026-10-02,c:cordillera:altos,Altos,active_sale,,129,129,remax uprop cb psir prestige
2026-10-02,c:cordillera:altos,Altos,active_rent,,8,8,remax uprop cb psir prestige
2026-10-02,c:cordillera:altos,Altos,asking_price_usd,casa,232975,22,remax uprop cb psir prestige
2026-10-02,c:cordillera:altos,Altos,asking_price_usd,terreno,39640,93,remax uprop cb psir prestige
2026-10-02,d:boqueron,Boquerón,active_sale,,156,156,remax uprop cb psir prestige
2026-10-02,d:boqueron,Boquerón,active_rent,,36,36,remax uprop cb psir prestige
2026-10-02,d:boqueron,Boquerón,asking_price_usd,casa,69476,22,remax uprop cb psir prestige
2026-10-02,d:boqueron,Boquerón,asking_price_usd,terreno,15382,119,remax uprop cb psir prestige
2026-10-02,d:presidente-hayes,Presidente Hayes,active_sale,,175,175,remax uprop cb psir prestige
2026-10-02,d:presidente-hayes,Presidente Hayes,active_rent,,0,0,remax uprop cb psir prestige
2026-10-02,d:presidente-hayes,Presidente Hayes,asking_price_usd,terreno,86632,137,remax uprop cb psir prestige
2026-10-02,c:presidente-hayes:villa-hayes,Villa Hayes,active_sale,,104,104,remax uprop cb psir prestige
2026-10-02,c:presidente-hayes:villa-hayes,Villa Hayes,active_rent,,0,0,remax uprop cb psir prestige
2026-10-02,c:presidente-hayes:villa-hayes,Villa Hayes,asking_price_usd,terreno,106006,82,remax uprop cb psir prestige
2026-10-02,d:paraguari,Paraguarí,active_sale,,108,108,remax uprop cb psir prestige
2026-10-02,d:paraguari,Paraguarí,active_rent,,2,2,remax uprop cb psir prestige
2026-10-02,d:paraguari,Paraguarí,asking_price_usd,terreno,48710,65,remax uprop cb psir prestige
2026-10-02,d:caaguazu,Caaguazú,active_sale,,67,67,remax uprop cb psir prestige
2026-10-02,d:caaguazu,Caaguazú,active_rent,,2,2,remax uprop cb psir prestige
2026-10-02,d:caaguazu,Caaguazú,asking_price_usd,terreno,70075,43,remax uprop cb psir prestige
2026-10-02,d:misiones,Misiones,active_sale,,64,64,remax uprop cb psir prestige
2026-10-02,d:misiones,Misiones,active_rent,,4,4,remax uprop cb psir prestige
2026-10-02,d:misiones,Misiones,asking_price_usd,terreno,32474,36,remax uprop cb psir prestige
2026-10-02,d:guaira,Guairá,active_sale,,38,38,remax uprop cb psir prestige
2026-10-02,d:guaira,Guairá,active_rent,,2,2,remax uprop cb psir prestige
2026-10-02,d:guaira,Guairá,asking_price_usd,terreno,24341,26,remax uprop cb psir prestige
2026-10-02,d:san-pedro,San Pedro,active_sale,,34,34,remax uprop cb psir prestige
2026-10-02,d:san-pedro,San Pedro,active_rent,,0,0,remax uprop cb psir prestige
2026-10-02,d:san-pedro,San Pedro,asking_price_usd,terreno,136731,26,remax uprop cb psir prestige
2026-10-02,d:caazapa,Caazapá,active_sale,,21,21,remax uprop cb psir prestige
2026-10-02,d:caazapa,Caazapá,active_rent,,5,5,remax uprop cb psir prestige
2026-10-02,d:neembucu,Ñeembucú,active_sale,,21,21,remax uprop cb psir prestige
2026-10-02,d:neembucu,Ñeembucú,active_rent,,1,1,remax uprop cb psir prestige
2026-10-02,d:concepcion,Concepción,active_sale,,21,21,remax uprop cb psir prestige
2026-10-02,d:concepcion,Concepción,active_rent,,0,0,remax uprop cb psir prestige
2026-10-02,d:canindeyu,Canindeyú,active_sale,,19,19,remax uprop cb psir prestige
2026-10-02,d:canindeyu,Canindeyú,active_rent,,1,1,remax uprop cb psir prestige
2026-10-02,d:amambay,Amambay,active_sale,,14,14,remax uprop cb psir prestige
2026-10-02,d:amambay,Amambay,active_rent,,0,0,remax uprop cb psir prestige
2026-10-02,d:alto-paraguay,Alto Paraguay,active_sale,,12,12,remax uprop cb psir prestige
2026-10-02,d:alto-paraguay,Alto Paraguay,active_rent,,0,0,remax uprop cb psir prestige
2026-10-03,py,Paraguay,active_sale,,22184,22184,remax infocasas uprop cb psir prestige
2026-10-03,py,Paraguay,active_rent,,5333,5333,remax infocasas uprop cb psir prestige
2026-10-03,py,Paraguay,asking_price_usd,casa,153313,7674,remax infocasas uprop cb psir prestige
2026-10-03,py,Paraguay,asking_price_usd,departamento,103182,5031,remax infocasas uprop cb psir prestige
2026-10-03,py,Paraguay,asking_price_usd,duplex,120000,263,remax infocasas uprop cb psir prestige
2026-10-03,py,Paraguay,asking_price_usd,terreno,64732,7298,remax infocasas uprop cb psir prestige
2026-10-03,py,Paraguay,asking_usd_per_m2_built,casa,827,6155,remax infocasas uprop cb psir prestige
2026-10-03,py,Paraguay,asking_usd_per_m2_built,departamento,1731,2403,remax infocasas uprop cb psir prestige
2026-10-03,py,Paraguay,asking_rent_usd_month,departamento,937,2641,remax infocasas uprop cb psir prestige
2026-10-03,py,Paraguay,asking_rent_usd_month,casa,2000,1497,remax infocasas uprop cb psir prestige
2026-10-03,d:asuncion,Asunción,active_sale,,8657,8657,remax infocasas uprop cb psir prestige
2026-10-03,d:asuncion,Asunción,active_rent,,4250,4250,remax infocasas uprop cb psir prestige
2026-10-03,d:asuncion,Asunción,asking_price_usd,casa,280000,3070,remax infocasas uprop cb psir prestige
2026-10-03,d:asuncion,Asunción,asking_price_usd,departamento,111000,3969,remax infocasas uprop cb psir prestige
2026-10-03,d:asuncion,Asunción,asking_price_usd,duplex,191191,34,remax infocasas uprop cb psir prestige
2026-10-03,d:asuncion,Asunción,asking_price_usd,terreno,207824,823,remax infocasas uprop cb psir prestige
2026-10-03,d:asuncion,Asunción,asking_usd_per_m2_built,casa,997,2481,remax infocasas uprop cb psir prestige
2026-10-03,d:asuncion,Asunción,asking_usd_per_m2_built,departamento,1779,2088,remax infocasas uprop cb psir prestige
2026-10-03,d:asuncion,Asunción,asking_rent_usd_month,departamento,988,2333,remax infocasas uprop cb psir prestige
2026-10-03,d:asuncion,Asunción,asking_rent_usd_month,casa,2215,1259,remax infocasas uprop cb psir prestige
2026-10-03,d:central,Central,active_sale,,9174,9174,remax infocasas uprop cb psir prestige
2026-10-03,d:central,Central,active_rent,,743,743,remax infocasas uprop cb psir prestige
2026-10-03,d:central,Central,asking_price_usd,casa,102209,3712,remax infocasas uprop cb psir prestige
2026-10-03,d:central,Central,asking_price_usd,departamento,76656,758,remax infocasas uprop cb psir prestige
2026-10-03,d:central,Central,asking_price_usd,duplex,115836,189,remax infocasas uprop cb psir prestige
2026-10-03,d:central,Central,asking_price_usd,terreno,62624,3880,remax infocasas uprop cb psir prestige
2026-10-03,d:central,Central,asking_usd_per_m2_built,casa,740,2938,remax infocasas uprop cb psir prestige
2026-10-03,d:central,Central,asking_usd_per_m2_built,departamento,1271,231,remax infocasas uprop cb psir prestige
2026-10-03,d:central,Central,asking_rent_usd_month,departamento,579,243,remax infocasas uprop cb psir prestige
2026-10-03,d:central,Central,asking_rent_usd_month,casa,681,142,remax infocasas uprop cb psir prestige
2026-10-03,c:central:luque,Luque,active_sale,,1863,1863,remax infocasas uprop cb psir prestige
2026-10-03,c:central:luque,Luque,active_rent,,162,162,remax infocasas uprop cb psir prestige
2026-10-03,c:central:luque,Luque,asking_price_usd,casa,110726,798,remax infocasas uprop cb psir prestige
2026-10-03,c:central:luque,Luque,asking_price_usd,departamento,81767,298,remax infocasas uprop cb psir prestige
2026-10-03,c:central:luque,Luque,asking_price_usd,duplex,127761,68,remax infocasas uprop cb psir prestige
2026-10-03,c:central:luque,Luque,asking_price_usd,terreno,80063,635,remax infocasas uprop cb psir prestige
2026-10-03,c:central:luque,Luque,asking_usd_per_m2_built,casa,901,594,remax infocasas uprop cb psir prestige
2026-10-03,c:central:luque,Luque,asking_usd_per_m2_built,departamento,1271,69,remax infocasas uprop cb psir prestige
2026-10-03,c:central:luque,Luque,asking_rent_usd_month,departamento,649,76,remax infocasas uprop cb psir prestige
2026-10-03,c:central:luque,Luque,asking_rent_usd_month,casa,681,41,remax infocasas uprop cb psir prestige
2026-10-03,c:central:san-lorenzo,San Lorenzo,active_sale,,785,785,remax infocasas uprop cb psir prestige
2026-10-03,c:central:san-lorenzo,San Lorenzo,active_rent,,160,160,remax infocasas uprop cb psir prestige
2026-10-03,c:central:san-lorenzo,San Lorenzo,asking_price_usd,casa,123843,374,remax infocasas uprop cb psir prestige
2026-10-03,c:central:san-lorenzo,San Lorenzo,asking_price_usd,departamento,59807,57,remax infocasas uprop cb psir prestige
2026-10-03,c:central:san-lorenzo,San Lorenzo,asking_price_usd,duplex,119243,31,remax infocasas uprop cb psir prestige
2026-10-03,c:central:san-lorenzo,San Lorenzo,asking_price_usd,terreno,85174,259,remax infocasas uprop cb psir prestige
2026-10-03,c:central:san-lorenzo,San Lorenzo,asking_usd_per_m2_built,casa,783,278,remax infocasas uprop cb psir prestige
2026-10-03,c:central:san-lorenzo,San Lorenzo,asking_rent_usd_month,departamento,341,53,remax infocasas uprop cb psir prestige
2026-10-03,c:central:lambare,Lambaré,active_sale,,735,735,remax infocasas uprop cb psir prestige
2026-10-03,c:central:lambare,Lambaré,active_rent,,85,85,remax infocasas uprop cb psir prestige
2026-10-03,c:central:lambare,Lambaré,asking_price_usd,casa,160127,351,remax infocasas uprop cb psir prestige
2026-10-03,c:central:lambare,Lambaré,asking_price_usd,departamento,86087,80,remax infocasas uprop cb psir prestige
2026-10-03,c:central:lambare,Lambaré,asking_price_usd,duplex,118903,31,remax infocasas uprop cb psir prestige
2026-10-03,c:central:lambare,Lambaré,asking_price_usd,terreno,93691,235,remax infocasas uprop cb psir prestige
2026-10-03,c:central:lambare,Lambaré,asking_usd_per_m2_built,casa,751,267,remax infocasas uprop cb psir prestige
2026-10-03,c:central:lambare,Lambaré,asking_usd_per_m2_built,departamento,1230,36,remax infocasas uprop cb psir prestige
2026-10-03,c:central:lambare,Lambaré,asking_rent_usd_month,departamento,596,42,remax infocasas uprop cb psir prestige
2026-10-03,c:central:fernando-de-la-mora,Fernando de la Mora,active_sale,,679,679,remax infocasas uprop cb psir prestige
2026-10-03,c:central:fernando-de-la-mora,Fernando de la Mora,active_rent,,145,145,remax infocasas uprop cb psir prestige
2026-10-03,c:central:fernando-de-la-mora,Fernando de la Mora,asking_price_usd,casa,166515,280,remax infocasas uprop cb psir prestige
2026-10-03,c:central:fernando-de-la-mora,Fernando de la Mora,asking_price_usd,departamento,70810,161,remax infocasas uprop cb psir prestige
2026-10-03,c:central:fernando-de-la-mora,Fernando de la Mora,asking_price_usd,terreno,127761,185,remax infocasas uprop cb psir prestige
2026-10-03,c:central:fernando-de-la-mora,Fernando de la Mora,asking_usd_per_m2_built,casa,841,214,remax infocasas uprop cb psir prestige
2026-10-03,c:central:fernando-de-la-mora,Fernando de la Mora,asking_usd_per_m2_built,departamento,1203,58,remax infocasas uprop cb psir prestige
2026-10-03,c:central:fernando-de-la-mora,Fernando de la Mora,asking_rent_usd_month,departamento,596,44,remax infocasas uprop cb psir prestige
2026-10-03,c:central:fernando-de-la-mora,Fernando de la Mora,asking_rent_usd_month,casa,937,22,remax infocasas uprop cb psir prestige
2026-10-03,c:central:capiata,Capiatá,active_sale,,634,634,remax infocasas uprop cb psir prestige
2026-10-03,c:central:capiata,Capiatá,active_rent,,27,27,remax infocasas uprop cb psir prestige
2026-10-03,c:central:capiata,Capiatá,asking_price_usd,casa,61410,292,remax infocasas uprop cb psir prestige
2026-10-03,c:central:capiata,Capiatá,asking_price_usd,terreno,37476,264,remax infocasas uprop cb psir prestige
2026-10-03,c:central:capiata,Capiatá,asking_usd_per_m2_built,casa,624,244,remax infocasas uprop cb psir prestige
2026-10-03,c:central:nemby,Ñemby,active_sale,,570,570,remax infocasas uprop cb psir prestige
2026-10-03,c:central:nemby,Ñemby,active_rent,,34,34,remax infocasas uprop cb psir prestige
2026-10-03,c:central:nemby,Ñemby,asking_price_usd,casa,71546,239,remax infocasas uprop cb psir prestige
2026-10-03,c:central:nemby,Ñemby,asking_price_usd,terreno,54511,237,remax infocasas uprop cb psir prestige
2026-10-03,c:central:nemby,Ñemby,asking_usd_per_m2_built,casa,653,212,remax infocasas uprop cb psir prestige
2026-10-03,c:central:mariano-roque-alonso,Mariano Roque Alonso,active_sale,,482,482,remax infocasas uprop cb psir prestige
2026-10-03,c:central:mariano-roque-alonso,Mariano Roque Alonso,active_rent,,38,38,remax infocasas uprop cb psir prestige
2026-10-03,c:central:mariano-roque-alonso,Mariano Roque Alonso,asking_price_usd,casa,131168,143,remax infocasas uprop cb psir prestige
2026-10-03,c:central:mariano-roque-alonso,Mariano Roque Alonso,asking_price_usd,departamento,59524,88,remax infocasas uprop cb psir prestige
2026-10-03,c:central:mariano-roque-alonso,Mariano Roque Alonso,asking_price_usd,terreno,94457,199,remax infocasas uprop cb psir prestige
2026-10-03,c:central:mariano-roque-alonso,Mariano Roque Alonso,asking_usd_per_m2_built,casa,743,110,remax infocasas uprop cb psir prestige
2026-10-03,c:central:limpio,Limpio,active_sale,,474,474,remax infocasas uprop cb psir prestige
2026-10-03,c:central:limpio,Limpio,active_rent,,10,10,remax infocasas uprop cb psir prestige
2026-10-03,c:central:limpio,Limpio,asking_price_usd,casa,62177,200,remax infocasas uprop cb psir prestige
2026-10-03,c:central:limpio,Limpio,asking_price_usd,departamento,62932,22,remax infocasas uprop cb psir prestige
2026-10-03,c:central:limpio,Limpio,asking_price_usd,terreno,39442,208,remax infocasas uprop cb psir prestige
2026-10-03,c:central:limpio,Limpio,asking_usd_per_m2_built,casa,687,168,remax infocasas uprop cb psir prestige
2026-10-03,c:central:villa-elisa,Villa Elisa,active_sale,,452,452,remax infocasas uprop cb psir prestige
2026-10-03,c:central:villa-elisa,Villa Elisa,active_rent,,18,18,remax infocasas uprop cb psir prestige
2026-10-03,c:central:villa-elisa,Villa Elisa,asking_price_usd,casa,98802,226,remax infocasas uprop cb psir prestige
2026-10-03,c:central:villa-elisa,Villa Elisa,asking_price_usd,terreno,59622,162,remax infocasas uprop cb psir prestige
2026-10-03,c:central:villa-elisa,Villa Elisa,asking_usd_per_m2_built,casa,738,171,remax infocasas uprop cb psir prestige
2026-10-03,c:central:aregua,Areguá,active_sale,,404,404,remax infocasas uprop cb psir prestige
2026-10-03,c:central:aregua,Areguá,active_rent,,4,4,remax infocasas uprop cb psir prestige
2026-10-03,c:central:aregua,Areguá,asking_price_usd,casa,102209,153,remax infocasas uprop cb psir prestige
2026-10-03,c:central:aregua,Areguá,asking_price_usd,terreno,33098,216,remax infocasas uprop cb psir prestige
2026-10-03,c:central:aregua,Areguá,asking_usd_per_m2_built,casa,662,125,remax infocasas uprop cb psir prestige
2026-10-03,c:central:itaugua,Itauguá,active_sale,,384,384,remax infocasas uprop cb psir prestige
2026-10-03,c:central:itaugua,Itauguá,active_rent,,20,20,remax infocasas uprop cb psir prestige
2026-10-03,c:central:itaugua,Itauguá,asking_price_usd,casa,68991,134,remax infocasas uprop cb psir prestige
2026-10-03,c:central:itaugua,Itauguá,asking_price_usd,terreno,28448,220,remax infocasas uprop cb psir prestige
2026-10-03,c:central:itaugua,Itauguá,asking_usd_per_m2_built,casa,570,124,remax infocasas uprop cb psir prestige
2026-10-03,c:central:ypane,Ypané,active_sale,,315,315,remax infocasas uprop cb psir prestige
2026-10-03,c:central:ypane,Ypané,active_rent,,7,7,remax infocasas uprop cb psir prestige
2026-10-03,c:central:ypane,Ypané,asking_price_usd,casa,78360,85,remax infocasas uprop cb psir prestige
2026-10-03,c:central:ypane,Ypané,asking_price_usd,terreno,29385,212,remax infocasas uprop cb psir prestige
2026-10-03,c:central:ypane,Ypané,asking_usd_per_m2_built,casa,530,74,remax infocasas uprop cb psir prestige
2026-10-03,c:central:ypacarai,Ypacaraí,active_sale,,262,262,remax infocasas uprop cb psir prestige
2026-10-03,c:central:ypacarai,Ypacaraí,active_rent,,3,3,remax infocasas uprop cb psir prestige
2026-10-03,c:central:ypacarai,Ypacaraí,asking_price_usd,casa,98802,68,remax infocasas uprop cb psir prestige
2026-10-03,c:central:ypacarai,Ypacaraí,asking_price_usd,terreno,39600,186,remax infocasas uprop cb psir prestige
2026-10-03,c:central:ypacarai,Ypacaraí,asking_usd_per_m2_built,casa,584,62,remax infocasas uprop cb psir prestige
2026-10-03,c:central:villeta,Villeta,active_sale,,225,225,remax infocasas uprop cb psir prestige
2026-10-03,c:central:villeta,Villeta,active_rent,,8,8,remax infocasas uprop cb psir prestige
2026-10-03,c:central:villeta,Villeta,asking_price_usd,casa,90284,78,remax infocasas uprop cb psir prestige
2026-10-03,c:central:villeta,Villeta,asking_price_usd,terreno,119243,129,remax infocasas uprop cb psir prestige
2026-10-03,c:central:villeta,Villeta,asking_usd_per_m2_built,casa,718,62,remax infocasas uprop cb psir prestige
2026-10-03,c:central:ita,Itá,active_sale,,189,189,remax infocasas uprop cb psir prestige
2026-10-03,c:central:ita,Itá,active_rent,,3,3,remax infocasas uprop cb psir prestige
2026-10-03,c:central:ita,Itá,asking_price_usd,casa,79383,68,remax infocasas uprop cb psir prestige
2026-10-03,c:central:ita,Itá,asking_price_usd,terreno,65158,112,remax infocasas uprop cb psir prestige
2026-10-03,c:central:ita,Itá,asking_usd_per_m2_built,casa,686,56,remax infocasas uprop cb psir prestige
2026-10-03,c:central:san-antonio,San Antonio,active_sale,,171,171,remax infocasas uprop cb psir prestige
2026-10-03,c:central:san-antonio,San Antonio,active_rent,,7,7,remax infocasas uprop cb psir prestige
2026-10-03,c:central:san-antonio,San Antonio,asking_price_usd,casa,80063,82,remax infocasas uprop cb psir prestige
2026-10-03,c:central:san-antonio,San Antonio,asking_price_usd,terreno,55193,81,remax infocasas uprop cb psir prestige
2026-10-03,c:central:san-antonio,San Antonio,asking_usd_per_m2_built,casa,639,76,remax infocasas uprop cb psir prestige
2026-10-03,c:central:julian-augusto-saldivar,Julián Augusto Saldívar,active_sale,,158,158,remax infocasas uprop cb psir prestige
2026-10-03,c:central:julian-augusto-saldivar,Julián Augusto Saldívar,active_rent,,1,1,remax infocasas uprop cb psir prestige
2026-10-03,c:central:julian-augusto-saldivar,Julián Augusto Saldívar,asking_price_usd,casa,49401,58,remax infocasas uprop cb psir prestige
2026-10-03,c:central:julian-augusto-saldivar,Julián Augusto Saldívar,asking_price_usd,terreno,23849,90,remax infocasas uprop cb psir prestige
2026-10-03,c:central:julian-augusto-saldivar,Julián Augusto Saldívar,asking_usd_per_m2_built,casa,555,52,remax infocasas uprop cb psir prestige
2026-10-03,d:itapua,Itapúa,active_sale,,1556,1556,remax infocasas uprop cb psir prestige
2026-10-03,d:itapua,Itapúa,active_rent,,145,145,remax infocasas uprop cb psir prestige
2026-10-03,d:itapua,Itapúa,asking_price_usd,casa,127761,309,remax infocasas uprop cb psir prestige
2026-10-03,d:itapua,Itapúa,asking_price_usd,departamento,93000,171,remax infocasas uprop cb psir prestige
2026-10-03,d:itapua,Itapúa,asking_price_usd,duplex,97098,32,remax infocasas uprop cb psir prestige
2026-10-03,d:itapua,Itapúa,asking_price_usd,terreno,34070,879,remax infocasas uprop cb psir prestige
2026-10-03,d:itapua,Itapúa,asking_usd_per_m2_built,casa,706,267,remax infocasas uprop cb psir prestige
2026-10-03,d:itapua,Itapúa,asking_usd_per_m2_built,departamento,1295,40,remax infocasas uprop cb psir prestige
2026-10-03,d:itapua,Itapúa,asking_rent_usd_month,departamento,503,56,remax infocasas uprop cb psir prestige
2026-10-03,d:itapua,Itapúa,asking_rent_usd_month,casa,911,26,remax infocasas uprop cb psir prestige
2026-10-03,c:itapua:encarnacion,Encarnación,active_sale,,768,768,remax infocasas uprop cb psir prestige
2026-10-03,c:itapua:encarnacion,Encarnación,active_rent,,106,106,remax infocasas uprop cb psir prestige
2026-10-03,c:itapua:encarnacion,Encarnación,asking_price_usd,casa,140000,160,remax infocasas uprop cb psir prestige
2026-10-03,c:itapua:encarnacion,Encarnación,asking_price_usd,departamento,94000,168,remax infocasas uprop cb psir prestige
2026-10-03,c:itapua:encarnacion,Encarnación,asking_price_usd,duplex,97098,24,remax infocasas uprop cb psir prestige
2026-10-03,c:itapua:encarnacion,Encarnación,asking_price_usd,terreno,51104,335,remax infocasas uprop cb psir prestige
2026-10-03,c:itapua:encarnacion,Encarnación,asking_usd_per_m2_built,casa,686,139,remax infocasas uprop cb psir prestige
2026-10-03,c:itapua:encarnacion,Encarnación,asking_usd_per_m2_built,departamento,1290,39,remax infocasas uprop cb psir prestige
2026-10-03,c:itapua:encarnacion,Encarnación,asking_rent_usd_month,departamento,426,53,remax infocasas uprop cb psir prestige
2026-10-03,c:itapua:cambyreta,c:itapua:cambyreta,active_sale,,232,232,remax infocasas uprop cb psir prestige
2026-10-03,c:itapua:cambyreta,c:itapua:cambyreta,active_rent,,10,10,remax infocasas uprop cb psir prestige
2026-10-03,c:itapua:cambyreta,c:itapua:cambyreta,asking_price_usd,casa,90000,63,remax infocasas uprop cb psir prestige
2026-10-03,c:itapua:cambyreta,c:itapua:cambyreta,asking_price_usd,terreno,34070,146,remax infocasas uprop cb psir prestige
2026-10-03,c:itapua:cambyreta,c:itapua:cambyreta,asking_usd_per_m2_built,casa,684,57,remax infocasas uprop cb psir prestige
2026-10-03,c:itapua:san-juan-del-parana,San Juan del Paraná,active_sale,,159,159,remax infocasas uprop cb psir prestige
2026-10-03,c:itapua:san-juan-del-parana,San Juan del Paraná,active_rent,,4,4,remax infocasas uprop cb psir prestige
2026-10-03,c:itapua:san-juan-del-parana,San Juan del Paraná,asking_price_usd,casa,124539,23,remax infocasas uprop cb psir prestige
2026-10-03,c:itapua:san-juan-del-parana,San Juan del Paraná,asking_price_usd,terreno,14480,121,remax infocasas uprop cb psir prestige
2026-10-03,c:itapua:san-juan-del-parana,San Juan del Paraná,asking_usd_per_m2_built,casa,1099,21,remax infocasas uprop cb psir prestige
2026-10-03,c:itapua:capitan-miranda,Capitán Miranda,active_sale,,109,109,remax infocasas uprop cb psir prestige
2026-10-03,c:itapua:capitan-miranda,Capitán Miranda,active_rent,,14,14,remax infocasas uprop cb psir prestige
2026-10-03,c:itapua:capitan-miranda,Capitán Miranda,asking_price_usd,terreno,21038,93,remax infocasas uprop cb psir prestige
2026-10-03,d:alto-parana,Alto Paraná,active_sale,,923,923,remax infocasas uprop cb psir prestige
2026-10-03,d:alto-parana,Alto Paraná,active_rent,,75,75,remax infocasas uprop cb psir prestige
2026-10-03,d:alto-parana,Alto Paraná,asking_price_usd,casa,122224,236,remax infocasas uprop cb psir prestige
2026-10-03,d:alto-parana,Alto Paraná,asking_price_usd,departamento,89000,89,remax infocasas uprop cb psir prestige
2026-10-03,d:alto-parana,Alto Paraná,asking_price_usd,terreno,65584,469,remax infocasas uprop cb psir prestige
2026-10-03,d:alto-parana,Alto Paraná,asking_usd_per_m2_built,casa,733,211,remax infocasas uprop cb psir prestige
2026-10-03,d:alto-parana,Alto Paraná,asking_usd_per_m2_built,departamento,1562,28,remax infocasas uprop cb psir prestige
2026-10-03,c:alto-parana:ciudad-del-este,Ciudad del Este,active_sale,,409,409,remax infocasas uprop cb psir prestige
2026-10-03,c:alto-parana:ciudad-del-este,Ciudad del Este,active_rent,,42,42,remax infocasas uprop cb psir prestige
2026-10-03,c:alto-parana:ciudad-del-este,Ciudad del Este,asking_price_usd,casa,136278,104,remax infocasas uprop cb psir prestige
2026-10-03,c:alto-parana:ciudad-del-este,Ciudad del Este,asking_price_usd,departamento,89000,77,remax infocasas uprop cb psir prestige
2026-10-03,c:alto-parana:ciudad-del-este,Ciudad del Este,asking_price_usd,terreno,83383,178,remax infocasas uprop cb psir prestige
2026-10-03,c:alto-parana:ciudad-del-este,Ciudad del Este,asking_usd_per_m2_built,casa,750,95,remax infocasas uprop cb psir prestige
2026-10-03,c:alto-parana:ciudad-del-este,Ciudad del Este,asking_usd_per_m2_built,departamento,1727,25,remax infocasas uprop cb psir prestige
2026-10-03,c:alto-parana:hernandarias,Hernandarias,active_sale,,159,159,remax infocasas uprop cb psir prestige
2026-10-03,c:alto-parana:hernandarias,Hernandarias,active_rent,,8,8,remax infocasas uprop cb psir prestige
2026-10-03,c:alto-parana:hernandarias,Hernandarias,asking_price_usd,casa,110726,53,remax infocasas uprop cb psir prestige
2026-10-03,c:alto-parana:hernandarias,Hernandarias,asking_price_usd,terreno,50126,86,remax infocasas uprop cb psir prestige
2026-10-03,c:alto-parana:hernandarias,Hernandarias,asking_usd_per_m2_built,casa,568,47,remax infocasas uprop cb psir prestige
2026-10-03,c:alto-parana:minga-guazu,Minga Guazú,active_sale,,106,106,remax infocasas uprop cb psir prestige
2026-10-03,c:alto-parana:minga-guazu,Minga Guazú,active_rent,,2,2,remax infocasas uprop cb psir prestige
2026-10-03,c:alto-parana:minga-guazu,Minga Guazú,asking_price_usd,terreno,25552,85,remax infocasas uprop cb psir prestige
2026-10-03,d:cordillera,Cordillera,active_sale,,938,938,remax infocasas uprop cb psir prestige
2026-10-03,d:cordillera,Cordillera,active_rent,,50,50,remax infocasas uprop cb psir prestige
2026-10-03,d:cordillera,Cordillera,asking_price_usd,casa,190000,192,remax infocasas uprop cb psir prestige
2026-10-03,d:cordillera,Cordillera,asking_price_usd,departamento,239501,25,remax infocasas uprop cb psir prestige
2026-10-03,d:cordillera,Cordillera,asking_price_usd,terreno,48422,644,remax infocasas uprop cb psir prestige
2026-10-03,d:cordillera,Cordillera,asking_usd_per_m2_built,casa,885,155,remax infocasas uprop cb psir prestige
2026-10-03,d:cordillera,Cordillera,asking_rent_usd_month,casa,1576,34,remax infocasas uprop cb psir prestige
2026-10-03,c:cordillera:san-bernardino,San Bernardino,active_sale,,397,397,remax infocasas uprop cb psir prestige
2026-10-03,c:cordillera:san-bernardino,San Bernardino,active_rent,,29,29,remax infocasas uprop cb psir prestige
2026-10-03,c:cordillera:san-bernardino,San Bernardino,asking_price_usd,casa,220000,97,remax infocasas uprop cb psir prestige
2026-10-03,c:cordillera:san-bernardino,San Bernardino,asking_price_usd,terreno,61330,278,remax infocasas uprop cb psir prestige
2026-10-03,c:cordillera:san-bernardino,San Bernardino,asking_usd_per_m2_built,casa,987,84,remax infocasas uprop cb psir prestige
2026-10-03,c:cordillera:san-bernardino,San Bernardino,asking_rent_usd_month,casa,1686,24,remax infocasas uprop cb psir prestige
2026-10-03,c:cordillera:caacupe,Caacupé,active_sale,,160,160,remax infocasas uprop cb psir prestige
2026-10-03,c:cordillera:caacupe,Caacupé,active_rent,,6,6,remax infocasas uprop cb psir prestige
2026-10-03,c:cordillera:caacupe,Caacupé,asking_price_usd,casa,83470,33,remax infocasas uprop cb psir prestige
2026-10-03,c:cordillera:caacupe,Caacupé,asking_price_usd,terreno,17461,110,remax infocasas uprop cb psir prestige
2026-10-03,c:cordillera:caacupe,Caacupé,asking_usd_per_m2_built,casa,466,26,remax infocasas uprop cb psir prestige
2026-10-03,c:cordillera:altos,Altos,active_sale,,129,129,remax infocasas uprop cb psir prestige
2026-10-03,c:cordillera:altos,Altos,active_rent,,8,8,remax infocasas uprop cb psir prestige
2026-10-03,c:cordillera:altos,Altos,asking_price_usd,casa,232975,22,remax infocasas uprop cb psir prestige
2026-10-03,c:cordillera:altos,Altos,asking_price_usd,terreno,39640,93,remax infocasas uprop cb psir prestige
2026-10-03,d:boqueron,Boquerón,active_sale,,156,156,remax infocasas uprop cb psir prestige
2026-10-03,d:boqueron,Boquerón,active_rent,,36,36,remax infocasas uprop cb psir prestige
2026-10-03,d:boqueron,Boquerón,asking_price_usd,casa,69246,22,remax infocasas uprop cb psir prestige
2026-10-03,d:boqueron,Boquerón,asking_price_usd,terreno,15331,119,remax infocasas uprop cb psir prestige
2026-10-03,d:presidente-hayes,Presidente Hayes,active_sale,,173,173,remax infocasas uprop cb psir prestige
2026-10-03,d:presidente-hayes,Presidente Hayes,active_rent,,0,0,remax infocasas uprop cb psir prestige
2026-10-03,d:presidente-hayes,Presidente Hayes,asking_price_usd,terreno,86632,137,remax infocasas uprop cb psir prestige
2026-10-03,c:presidente-hayes:villa-hayes,Villa Hayes,active_sale,,102,102,remax infocasas uprop cb psir prestige
2026-10-03,c:presidente-hayes:villa-hayes,Villa Hayes,active_rent,,0,0,remax infocasas uprop cb psir prestige
2026-10-03,c:presidente-hayes:villa-hayes,Villa Hayes,asking_price_usd,terreno,106006,82,remax infocasas uprop cb psir prestige
2026-10-03,d:paraguari,Paraguarí,active_sale,,109,109,remax infocasas uprop cb psir prestige
2026-10-03,d:paraguari,Paraguarí,active_rent,,2,2,remax infocasas uprop cb psir prestige
2026-10-03,d:paraguari,Paraguarí,asking_price_usd,terreno,45568,66,remax infocasas uprop cb psir prestige
2026-10-03,d:misiones,Misiones,active_sale,,64,64,remax infocasas uprop cb psir prestige
2026-10-03,d:misiones,Misiones,active_rent,,4,4,remax infocasas uprop cb psir prestige
2026-10-03,d:misiones,Misiones,asking_price_usd,terreno,32366,36,remax infocasas uprop cb psir prestige
2026-10-03,d:caaguazu,Caaguazú,active_sale,,66,66,remax infocasas uprop cb psir prestige
2026-10-03,d:caaguazu,Caaguazú,active_rent,,2,2,remax infocasas uprop cb psir prestige
2026-10-03,d:caaguazu,Caaguazú,asking_price_usd,terreno,70000,43,remax infocasas uprop cb psir prestige
2026-10-03,d:guaira,Guairá,active_sale,,37,37,remax infocasas uprop cb psir prestige
2026-10-03,d:guaira,Guairá,active_rent,,2,2,remax infocasas uprop cb psir prestige
2026-10-03,d:guaira,Guairá,asking_price_usd,terreno,24260,26,remax infocasas uprop cb psir prestige
2026-10-03,d:san-pedro,San Pedro,active_sale,,34,34,remax infocasas uprop cb psir prestige
2026-10-03,d:san-pedro,San Pedro,active_rent,,0,0,remax infocasas uprop cb psir prestige
2026-10-03,d:san-pedro,San Pedro,asking_price_usd,terreno,136278,26,remax infocasas uprop cb psir prestige
2026-10-03,d:caazapa,Caazapá,active_sale,,21,21,remax infocasas uprop cb psir prestige
2026-10-03,d:caazapa,Caazapá,active_rent,,6,6,remax infocasas uprop cb psir prestige
2026-10-03,d:neembucu,Ñeembucú,active_sale,,21,21,remax infocasas uprop cb psir prestige
2026-10-03,d:neembucu,Ñeembucú,active_rent,,0,0,remax infocasas uprop cb psir prestige
2026-10-03,d:canindeyu,Canindeyú,active_sale,,19,19,remax infocasas uprop cb psir prestige
2026-10-03,d:canindeyu,Canindeyú,active_rent,,1,1,remax infocasas uprop cb psir prestige
2026-10-03,d:concepcion,Concepción,active_sale,,20,20,remax infocasas uprop cb psir prestige
2026-10-03,d:concepcion,Concepción,active_rent,,0,0,remax infocasas uprop cb psir prestige
2026-10-03,d:amambay,Amambay,active_sale,,14,14,remax infocasas uprop cb psir prestige
2026-10-03,d:amambay,Amambay,active_rent,,0,0,remax infocasas uprop cb psir prestige
2026-10-03,d:alto-paraguay,Alto Paraguay,active_sale,,10,10,remax infocasas uprop cb psir prestige
2026-10-03,d:alto-paraguay,Alto Paraguay,active_rent,,0,0,remax infocasas uprop cb psir prestige
2026-10-04,py,Paraguay,active_sale,,22115,22115,remax infocasas uprop cb psir prestige
2026-10-04,py,Paraguay,active_rent,,5253,5253,remax infocasas uprop cb psir prestige
2026-10-04,py,Paraguay,asking_price_usd,casa,153313,7827,remax infocasas uprop cb psir prestige
2026-10-04,py,Paraguay,asking_price_usd,departamento,103664,5068,remax infocasas uprop cb psir prestige
2026-10-04,py,Paraguay,asking_price_usd,duplex,120000,264,remax infocasas uprop cb psir prestige
2026-10-04,py,Paraguay,asking_price_usd,terreno,64732,7368,remax infocasas uprop cb psir prestige
2026-10-04,py,Paraguay,asking_usd_per_m2_built,casa,829,6292,remax infocasas uprop cb psir prestige
2026-10-04,py,Paraguay,asking_usd_per_m2_built,departamento,1731,2457,remax infocasas uprop cb psir prestige
2026-10-04,py,Paraguay,asking_rent_usd_month,departamento,937,2734,remax infocasas uprop cb psir prestige
2026-10-04,py,Paraguay,asking_rent_usd_month,casa,2000,1527,remax infocasas uprop cb psir prestige
2026-10-04,d:asuncion,Asunción,active_sale,,8617,8617,remax infocasas uprop cb psir prestige
2026-10-04,d:asuncion,Asunción,active_rent,,4173,4173,remax infocasas uprop cb psir prestige
2026-10-04,d:asuncion,Asunción,asking_price_usd,casa,280000,3168,remax infocasas uprop cb psir prestige
2026-10-04,d:asuncion,Asunción,asking_price_usd,departamento,111575,4006,remax infocasas uprop cb psir prestige
2026-10-04,d:asuncion,Asunción,asking_price_usd,duplex,191191,34,remax infocasas uprop cb psir prestige
2026-10-04,d:asuncion,Asunción,asking_price_usd,terreno,206121,824,remax infocasas uprop cb psir prestige
2026-10-04,d:asuncion,Asunción,asking_usd_per_m2_built,casa,993,2568,remax infocasas uprop cb psir prestige
2026-10-04,d:asuncion,Asunción,asking_usd_per_m2_built,departamento,1780,2140,remax infocasas uprop cb psir prestige
2026-10-04,d:asuncion,Asunción,asking_rent_usd_month,departamento,988,2425,remax infocasas uprop cb psir prestige
2026-10-04,d:asuncion,Asunción,asking_rent_usd_month,casa,2228,1290,remax infocasas uprop cb psir prestige
2026-10-04,d:central,Central,active_sale,,9149,9149,remax infocasas uprop cb psir prestige
2026-10-04,d:central,Central,active_rent,,740,740,remax infocasas uprop cb psir prestige
2026-10-04,d:central,Central,asking_price_usd,casa,102209,3766,remax infocasas uprop cb psir prestige
2026-10-04,d:central,Central,asking_price_usd,departamento,76656,758,remax infocasas uprop cb psir prestige
2026-10-04,d:central,Central,asking_price_usd,duplex,115836,190,remax infocasas uprop cb psir prestige
2026-10-04,d:central,Central,asking_price_usd,terreno,61866,3944,remax infocasas uprop cb psir prestige
2026-10-04,d:central,Central,asking_usd_per_m2_built,casa,738,2987,remax infocasas uprop cb psir prestige
2026-10-04,d:central,Central,asking_usd_per_m2_built,departamento,1276,232,remax infocasas uprop cb psir prestige
2026-10-04,d:central,Central,asking_rent_usd_month,departamento,588,242,remax infocasas uprop cb psir prestige
2026-10-04,d:central,Central,asking_rent_usd_month,casa,681,142,remax infocasas uprop cb psir prestige
2026-10-04,c:central:luque,Luque,active_sale,,1865,1865,remax infocasas uprop cb psir prestige
2026-10-04,c:central:luque,Luque,active_rent,,161,161,remax infocasas uprop cb psir prestige
2026-10-04,c:central:luque,Luque,asking_price_usd,casa,110726,799,remax infocasas uprop cb psir prestige
2026-10-04,c:central:luque,Luque,asking_price_usd,departamento,81767,299,remax infocasas uprop cb psir prestige
2026-10-04,c:central:luque,Luque,asking_price_usd,duplex,127761,69,remax infocasas uprop cb psir prestige
2026-10-04,c:central:luque,Luque,asking_price_usd,terreno,80063,635,remax infocasas uprop cb psir prestige
2026-10-04,c:central:luque,Luque,asking_usd_per_m2_built,casa,901,595,remax infocasas uprop cb psir prestige
2026-10-04,c:central:luque,Luque,asking_usd_per_m2_built,departamento,1285,70,remax infocasas uprop cb psir prestige
2026-10-04,c:central:luque,Luque,asking_rent_usd_month,departamento,647,76,remax infocasas uprop cb psir prestige
2026-10-04,c:central:luque,Luque,asking_rent_usd_month,casa,681,41,remax infocasas uprop cb psir prestige
2026-10-04,c:central:san-lorenzo,San Lorenzo,active_sale,,783,783,remax infocasas uprop cb psir prestige
2026-10-04,c:central:san-lorenzo,San Lorenzo,active_rent,,160,160,remax infocasas uprop cb psir prestige
2026-10-04,c:central:san-lorenzo,San Lorenzo,asking_price_usd,casa,123843,374,remax infocasas uprop cb psir prestige
2026-10-04,c:central:san-lorenzo,San Lorenzo,asking_price_usd,departamento,59807,57,remax infocasas uprop cb psir prestige
2026-10-04,c:central:san-lorenzo,San Lorenzo,asking_price_usd,duplex,119243,31,remax infocasas uprop cb psir prestige
2026-10-04,c:central:san-lorenzo,San Lorenzo,asking_price_usd,terreno,85174,259,remax infocasas uprop cb psir prestige
2026-10-04,c:central:san-lorenzo,San Lorenzo,asking_usd_per_m2_built,casa,783,278,remax infocasas uprop cb psir prestige
2026-10-04,c:central:san-lorenzo,San Lorenzo,asking_rent_usd_month,departamento,341,53,remax infocasas uprop cb psir prestige
2026-10-04,c:central:lambare,Lambaré,active_sale,,733,733,remax infocasas uprop cb psir prestige
2026-10-04,c:central:lambare,Lambaré,active_rent,,84,84,remax infocasas uprop cb psir prestige
2026-10-04,c:central:lambare,Lambaré,asking_price_usd,casa,160127,350,remax infocasas uprop cb psir prestige
2026-10-04,c:central:lambare,Lambaré,asking_price_usd,departamento,86087,80,remax infocasas uprop cb psir prestige
2026-10-04,c:central:lambare,Lambaré,asking_price_usd,duplex,118903,31,remax infocasas uprop cb psir prestige
2026-10-04,c:central:lambare,Lambaré,asking_price_usd,terreno,93691,236,remax infocasas uprop cb psir prestige
2026-10-04,c:central:lambare,Lambaré,asking_usd_per_m2_built,casa,753,266,remax infocasas uprop cb psir prestige
2026-10-04,c:central:lambare,Lambaré,asking_usd_per_m2_built,departamento,1230,36,remax infocasas uprop cb psir prestige
2026-10-04,c:central:lambare,Lambaré,asking_rent_usd_month,departamento,596,41,remax infocasas uprop cb psir prestige
2026-10-04,c:central:fernando-de-la-mora,Fernando de la Mora,active_sale,,680,680,remax infocasas uprop cb psir prestige
2026-10-04,c:central:fernando-de-la-mora,Fernando de la Mora,active_rent,,145,145,remax infocasas uprop cb psir prestige
2026-10-04,c:central:fernando-de-la-mora,Fernando de la Mora,asking_price_usd,casa,166941,281,remax infocasas uprop cb psir prestige
2026-10-04,c:central:fernando-de-la-mora,Fernando de la Mora,asking_price_usd,departamento,70810,161,remax infocasas uprop cb psir prestige
2026-10-04,c:central:fernando-de-la-mora,Fernando de la Mora,asking_price_usd,terreno,127761,187,remax infocasas uprop cb psir prestige
2026-10-04,c:central:fernando-de-la-mora,Fernando de la Mora,asking_usd_per_m2_built,casa,838,215,remax infocasas uprop cb psir prestige
2026-10-04,c:central:fernando-de-la-mora,Fernando de la Mora,asking_usd_per_m2_built,departamento,1228,58,remax infocasas uprop cb psir prestige
2026-10-04,c:central:fernando-de-la-mora,Fernando de la Mora,asking_rent_usd_month,departamento,596,44,remax infocasas uprop cb psir prestige
2026-10-04,c:central:fernando-de-la-mora,Fernando de la Mora,asking_rent_usd_month,casa,937,22,remax infocasas uprop cb psir prestige
2026-10-04,c:central:capiata,Capiatá,active_sale,,628,628,remax infocasas uprop cb psir prestige
2026-10-04,c:central:capiata,Capiatá,active_rent,,27,27,remax infocasas uprop cb psir prestige
2026-10-04,c:central:capiata,Capiatá,asking_price_usd,casa,61325,299,remax infocasas uprop cb psir prestige
2026-10-04,c:central:capiata,Capiatá,asking_price_usd,terreno,37476,273,remax infocasas uprop cb psir prestige
2026-10-04,c:central:capiata,Capiatá,asking_usd_per_m2_built,casa,630,251,remax infocasas uprop cb psir prestige
2026-10-04,c:central:nemby,Ñemby,active_sale,,555,555,remax infocasas uprop cb psir prestige
2026-10-04,c:central:nemby,Ñemby,active_rent,,34,34,remax infocasas uprop cb psir prestige
2026-10-04,c:central:nemby,Ñemby,asking_price_usd,casa,71546,250,remax infocasas uprop cb psir prestige
2026-10-04,c:central:nemby,Ñemby,asking_price_usd,terreno,54511,237,remax infocasas uprop cb psir prestige
2026-10-04,c:central:nemby,Ñemby,asking_usd_per_m2_built,casa,653,223,remax infocasas uprop cb psir prestige
2026-10-04,c:central:mariano-roque-alonso,Mariano Roque Alonso,active_sale,,480,480,remax infocasas uprop cb psir prestige
2026-10-04,c:central:mariano-roque-alonso,Mariano Roque Alonso,active_rent,,38,38,remax infocasas uprop cb psir prestige
2026-10-04,c:central:mariano-roque-alonso,Mariano Roque Alonso,asking_price_usd,casa,131168,143,remax infocasas uprop cb psir prestige
2026-10-04,c:central:mariano-roque-alonso,Mariano Roque Alonso,asking_price_usd,departamento,59047,87,remax infocasas uprop cb psir prestige
2026-10-04,c:central:mariano-roque-alonso,Mariano Roque Alonso,asking_price_usd,terreno,94367,199,remax infocasas uprop cb psir prestige
2026-10-04,c:central:mariano-roque-alonso,Mariano Roque Alonso,asking_usd_per_m2_built,casa,743,110,remax infocasas uprop cb psir prestige
2026-10-04,c:central:limpio,Limpio,active_sale,,470,470,remax infocasas uprop cb psir prestige
2026-10-04,c:central:limpio,Limpio,active_rent,,10,10,remax infocasas uprop cb psir prestige
2026-10-04,c:central:limpio,Limpio,asking_price_usd,casa,63029,204,remax infocasas uprop cb psir prestige
2026-10-04,c:central:limpio,Limpio,asking_price_usd,departamento,62932,22,remax infocasas uprop cb psir prestige
2026-10-04,c:central:limpio,Limpio,asking_price_usd,terreno,38164,208,remax infocasas uprop cb psir prestige
2026-10-04,c:central:limpio,Limpio,asking_usd_per_m2_built,casa,664,171,remax infocasas uprop cb psir prestige
2026-10-04,c:central:villa-elisa,Villa Elisa,active_sale,,445,445,remax infocasas uprop cb psir prestige
2026-10-04,c:central:villa-elisa,Villa Elisa,active_rent,,18,18,remax infocasas uprop cb psir prestige
2026-10-04,c:central:villa-elisa,Villa Elisa,asking_price_usd,casa,98802,238,remax infocasas uprop cb psir prestige
2026-10-04,c:central:villa-elisa,Villa Elisa,asking_price_usd,terreno,59622,170,remax infocasas uprop cb psir prestige
2026-10-04,c:central:villa-elisa,Villa Elisa,asking_usd_per_m2_built,casa,738,183,remax infocasas uprop cb psir prestige
2026-10-04,c:central:aregua,Areguá,active_sale,,400,400,remax infocasas uprop cb psir prestige
2026-10-04,c:central:aregua,Areguá,active_rent,,4,4,remax infocasas uprop cb psir prestige
2026-10-04,c:central:aregua,Areguá,asking_price_usd,casa,101783,158,remax infocasas uprop cb psir prestige
2026-10-04,c:central:aregua,Areguá,asking_price_usd,terreno,34000,221,remax infocasas uprop cb psir prestige
2026-10-04,c:central:aregua,Areguá,asking_usd_per_m2_built,casa,667,130,remax infocasas uprop cb psir prestige
2026-10-04,c:central:itaugua,Itauguá,active_sale,,388,388,remax infocasas uprop cb psir prestige
2026-10-04,c:central:itaugua,Itauguá,active_rent,,20,20,remax infocasas uprop cb psir prestige
2026-10-04,c:central:itaugua,Itauguá,asking_price_usd,casa,69843,137,remax infocasas uprop cb psir prestige
2026-10-04,c:central:itaugua,Itauguá,asking_price_usd,terreno,27256,229,remax infocasas uprop cb psir prestige
2026-10-04,c:central:itaugua,Itauguá,asking_usd_per_m2_built,casa,571,125,remax infocasas uprop cb psir prestige
2026-10-04,c:central:ypane,Ypané,active_sale,,313,313,remax infocasas uprop cb psir prestige
2026-10-04,c:central:ypane,Ypané,active_rent,,7,7,remax infocasas uprop cb psir prestige
2026-10-04,c:central:ypane,Ypané,asking_price_usd,casa,78360,89,remax infocasas uprop cb psir prestige
2026-10-04,c:central:ypane,Ypané,asking_price_usd,terreno,28959,215,remax infocasas uprop cb psir prestige
2026-10-04,c:central:ypane,Ypané,asking_usd_per_m2_built,casa,530,78,remax infocasas uprop cb psir prestige
2026-10-04,c:central:ypacarai,Ypacaraí,active_sale,,272,272,remax infocasas uprop cb psir prestige
2026-10-04,c:central:ypacarai,Ypacaraí,active_rent,,3,3,remax infocasas uprop cb psir prestige
2026-10-04,c:central:ypacarai,Ypacaraí,asking_price_usd,casa,98802,70,remax infocasas uprop cb psir prestige
2026-10-04,c:central:ypacarai,Ypacaraí,asking_price_usd,terreno,39600,197,remax infocasas uprop cb psir prestige
2026-10-04,c:central:ypacarai,Ypacaraí,asking_usd_per_m2_built,casa,571,63,remax infocasas uprop cb psir prestige
2026-10-04,c:central:villeta,Villeta,active_sale,,223,223,remax infocasas uprop cb psir prestige
2026-10-04,c:central:villeta,Villeta,active_rent,,7,7,remax infocasas uprop cb psir prestige
2026-10-04,c:central:villeta,Villeta,asking_price_usd,casa,86877,79,remax infocasas uprop cb psir prestige
2026-10-04,c:central:villeta,Villeta,asking_price_usd,terreno,119243,130,remax infocasas uprop cb psir prestige
2026-10-04,c:central:villeta,Villeta,asking_usd_per_m2_built,casa,730,63,remax infocasas uprop cb psir prestige
2026-10-04,c:central:ita,Itá,active_sale,,196,196,remax infocasas uprop cb psir prestige
2026-10-04,c:central:ita,Itá,active_rent,,3,3,remax infocasas uprop cb psir prestige
2026-10-04,c:central:ita,Itá,asking_price_usd,casa,81767,69,remax infocasas uprop cb psir prestige
2026-10-04,c:central:ita,Itá,asking_price_usd,terreno,74953,118,remax infocasas uprop cb psir prestige
2026-10-04,c:central:ita,Itá,asking_usd_per_m2_built,casa,671,57,remax infocasas uprop cb psir prestige
2026-10-04,c:central:julian-augusto-saldivar,Julián Augusto Saldívar,active_sale,,160,160,remax infocasas uprop cb psir prestige
2026-10-04,c:central:julian-augusto-saldivar,Julián Augusto Saldívar,active_rent,,1,1,remax infocasas uprop cb psir prestige
2026-10-04,c:central:julian-augusto-saldivar,Julián Augusto Saldívar,asking_price_usd,casa,49401,58,remax infocasas uprop cb psir prestige
2026-10-04,c:central:julian-augusto-saldivar,Julián Augusto Saldívar,asking_price_usd,terreno,23849,93,remax infocasas uprop cb psir prestige
2026-10-04,c:central:julian-augusto-saldivar,Julián Augusto Saldívar,asking_usd_per_m2_built,casa,569,52,remax infocasas uprop cb psir prestige
2026-10-04,d:itapua,Itapúa,active_sale,,1553,1553,remax infocasas uprop cb psir prestige
2026-10-04,d:itapua,Itapúa,active_rent,,145,145,remax infocasas uprop cb psir prestige
2026-10-04,d:itapua,Itapúa,asking_price_usd,casa,127761,309,remax infocasas uprop cb psir prestige
2026-10-04,d:itapua,Itapúa,asking_price_usd,departamento,95000,171,remax infocasas uprop cb psir prestige
2026-10-04,d:itapua,Itapúa,asking_price_usd,duplex,97098,32,remax infocasas uprop cb psir prestige
2026-10-04,d:itapua,Itapúa,asking_price_usd,terreno,34070,879,remax infocasas uprop cb psir prestige
2026-10-04,d:itapua,Itapúa,asking_usd_per_m2_built,casa,706,267,remax infocasas uprop cb psir prestige
2026-10-04,d:itapua,Itapúa,asking_usd_per_m2_built,departamento,1295,40,remax infocasas uprop cb psir prestige
2026-10-04,d:itapua,Itapúa,asking_rent_usd_month,departamento,503,58,remax infocasas uprop cb psir prestige
2026-10-04,d:itapua,Itapúa,asking_rent_usd_month,casa,937,25,remax infocasas uprop cb psir prestige
2026-10-04,c:itapua:encarnacion,Encarnación,active_sale,,768,768,remax infocasas uprop cb psir prestige
2026-10-04,c:itapua:encarnacion,Encarnación,active_rent,,106,106,remax infocasas uprop cb psir prestige
2026-10-04,c:itapua:encarnacion,Encarnación,asking_price_usd,casa,140000,160,remax infocasas uprop cb psir prestige
2026-10-04,c:itapua:encarnacion,Encarnación,asking_price_usd,departamento,95000,168,remax infocasas uprop cb psir prestige
2026-10-04,c:itapua:encarnacion,Encarnación,asking_price_usd,duplex,97098,24,remax infocasas uprop cb psir prestige
2026-10-04,c:itapua:encarnacion,Encarnación,asking_price_usd,terreno,50764,335,remax infocasas uprop cb psir prestige
2026-10-04,c:itapua:encarnacion,Encarnación,asking_usd_per_m2_built,casa,686,139,remax infocasas uprop cb psir prestige
2026-10-04,c:itapua:encarnacion,Encarnación,asking_usd_per_m2_built,departamento,1290,39,remax infocasas uprop cb psir prestige
2026-10-04,c:itapua:encarnacion,Encarnación,asking_rent_usd_month,departamento,426,55,remax infocasas uprop cb psir prestige
2026-10-04,c:itapua:cambyreta,c:itapua:cambyreta,active_sale,,232,232,remax infocasas uprop cb psir prestige
2026-10-04,c:itapua:cambyreta,c:itapua:cambyreta,active_rent,,10,10,remax infocasas uprop cb psir prestige
2026-10-04,c:itapua:cambyreta,c:itapua:cambyreta,asking_price_usd,casa,90000,63,remax infocasas uprop cb psir prestige
2026-10-04,c:itapua:cambyreta,c:itapua:cambyreta,asking_price_usd,terreno,34070,146,remax infocasas uprop cb psir prestige
2026-10-04,c:itapua:cambyreta,c:itapua:cambyreta,asking_usd_per_m2_built,casa,684,57,remax infocasas uprop cb psir prestige
2026-10-04,c:itapua:san-juan-del-parana,San Juan del Paraná,active_sale,,159,159,remax infocasas uprop cb psir prestige
2026-10-04,c:itapua:san-juan-del-parana,San Juan del Paraná,active_rent,,4,4,remax infocasas uprop cb psir prestige
2026-10-04,c:itapua:san-juan-del-parana,San Juan del Paraná,asking_price_usd,casa,124539,23,remax infocasas uprop cb psir prestige
2026-10-04,c:itapua:san-juan-del-parana,San Juan del Paraná,asking_price_usd,terreno,14480,121,remax infocasas uprop cb psir prestige
2026-10-04,c:itapua:san-juan-del-parana,San Juan del Paraná,asking_usd_per_m2_built,casa,1099,21,remax infocasas uprop cb psir prestige
2026-10-04,c:itapua:capitan-miranda,Capitán Miranda,active_sale,,109,109,remax infocasas uprop cb psir prestige
2026-10-04,c:itapua:capitan-miranda,Capitán Miranda,active_rent,,14,14,remax infocasas uprop cb psir prestige
2026-10-04,c:itapua:capitan-miranda,Capitán Miranda,asking_price_usd,terreno,21038,93,remax infocasas uprop cb psir prestige
2026-10-04,d:alto-parana,Alto Paraná,active_sale,,922,922,remax infocasas uprop cb psir prestige
2026-10-04,d:alto-parana,Alto Paraná,active_rent,,75,75,remax infocasas uprop cb psir prestige
2026-10-04,d:alto-parana,Alto Paraná,asking_price_usd,casa,122224,236,remax infocasas uprop cb psir prestige
2026-10-04,d:alto-parana,Alto Paraná,asking_price_usd,departamento,89000,89,remax infocasas uprop cb psir prestige
2026-10-04,d:alto-parana,Alto Paraná,asking_price_usd,terreno,65584,469,remax infocasas uprop cb psir prestige
2026-10-04,d:alto-parana,Alto Paraná,asking_usd_per_m2_built,casa,733,211,remax infocasas uprop cb psir prestige
2026-10-04,d:alto-parana,Alto Paraná,asking_usd_per_m2_built,departamento,1599,29,remax infocasas uprop cb psir prestige
2026-10-04,c:alto-parana:ciudad-del-este,Ciudad del Este,active_sale,,410,410,remax infocasas uprop cb psir prestige
2026-10-04,c:alto-parana:ciudad-del-este,Ciudad del Este,active_rent,,42,42,remax infocasas uprop cb psir prestige
2026-10-04,c:alto-parana:ciudad-del-este,Ciudad del Este,asking_price_usd,casa,136278,104,remax infocasas uprop cb psir prestige
2026-10-04,c:alto-parana:ciudad-del-este,Ciudad del Este,asking_price_usd,departamento,89000,77,remax infocasas uprop cb psir prestige
2026-10-04,c:alto-parana:ciudad-del-este,Ciudad del Este,asking_price_usd,terreno,83383,178,remax infocasas uprop cb psir prestige
2026-10-04,c:alto-parana:ciudad-del-este,Ciudad del Este,asking_usd_per_m2_built,casa,750,95,remax infocasas uprop cb psir prestige
2026-10-04,c:alto-parana:ciudad-del-este,Ciudad del Este,asking_usd_per_m2_built,departamento,1698,26,remax infocasas uprop cb psir prestige
2026-10-04,c:alto-parana:hernandarias,Hernandarias,active_sale,,158,158,remax infocasas uprop cb psir prestige
2026-10-04,c:alto-parana:hernandarias,Hernandarias,active_rent,,8,8,remax infocasas uprop cb psir prestige
2026-10-04,c:alto-parana:hernandarias,Hernandarias,asking_price_usd,casa,110726,53,remax infocasas uprop cb psir prestige
2026-10-04,c:alto-parana:hernandarias,Hernandarias,asking_price_usd,terreno,50126,86,remax infocasas uprop cb psir prestige
2026-10-04,c:alto-parana:hernandarias,Hernandarias,asking_usd_per_m2_built,casa,568,47,remax infocasas uprop cb psir prestige
2026-10-04,c:alto-parana:minga-guazu,Minga Guazú,active_sale,,106,106,remax infocasas uprop cb psir prestige
2026-10-04,c:alto-parana:minga-guazu,Minga Guazú,active_rent,,2,2,remax infocasas uprop cb psir prestige
2026-10-04,c:alto-parana:minga-guazu,Minga Guazú,asking_price_usd,terreno,25552,85,remax infocasas uprop cb psir prestige
2026-10-04,d:cordillera,Cordillera,active_sale,,942,942,remax infocasas uprop cb psir prestige
2026-10-04,d:cordillera,Cordillera,active_rent,,51,51,remax infocasas uprop cb psir prestige
2026-10-04,d:cordillera,Cordillera,asking_price_usd,casa,190000,193,remax infocasas uprop cb psir prestige
2026-10-04,d:cordillera,Cordillera,asking_price_usd,departamento,239501,25,remax infocasas uprop cb psir prestige
2026-10-04,d:cordillera,Cordillera,asking_price_usd,terreno,47741,648,remax infocasas uprop cb psir prestige
2026-10-04,d:cordillera,Cordillera,asking_usd_per_m2_built,casa,885,156,remax infocasas uprop cb psir prestige
2026-10-04,d:cordillera,Cordillera,asking_rent_usd_month,casa,1576,34,remax infocasas uprop cb psir prestige
2026-10-04,c:cordillera:san-bernardino,San Bernardino,active_sale,,397,397,remax infocasas uprop cb psir prestige
2026-10-04,c:cordillera:san-bernardino,San Bernardino,active_rent,,29,29,remax infocasas uprop cb psir prestige
2026-10-04,c:cordillera:san-bernardino,San Bernardino,asking_price_usd,casa,220000,98,remax infocasas uprop cb psir prestige
2026-10-04,c:cordillera:san-bernardino,San Bernardino,asking_price_usd,terreno,61330,278,remax infocasas uprop cb psir prestige
2026-10-04,c:cordillera:san-bernardino,San Bernardino,asking_usd_per_m2_built,casa,976,85,remax infocasas uprop cb psir prestige
2026-10-04,c:cordillera:san-bernardino,San Bernardino,asking_rent_usd_month,casa,1686,24,remax infocasas uprop cb psir prestige
2026-10-04,c:cordillera:caacupe,Caacupé,active_sale,,160,160,remax infocasas uprop cb psir prestige
2026-10-04,c:cordillera:caacupe,Caacupé,active_rent,,7,7,remax infocasas uprop cb psir prestige
2026-10-04,c:cordillera:caacupe,Caacupé,asking_price_usd,casa,83470,33,remax infocasas uprop cb psir prestige
2026-10-04,c:cordillera:caacupe,Caacupé,asking_price_usd,terreno,17461,110,remax infocasas uprop cb psir prestige
2026-10-04,c:cordillera:caacupe,Caacupé,asking_usd_per_m2_built,casa,466,26,remax infocasas uprop cb psir prestige
2026-10-04,c:cordillera:altos,Altos,active_sale,,129,129,remax infocasas uprop cb psir prestige
2026-10-04,c:cordillera:altos,Altos,active_rent,,8,8,remax infocasas uprop cb psir prestige
2026-10-04,c:cordillera:altos,Altos,asking_price_usd,casa,232975,22,remax infocasas uprop cb psir prestige
2026-10-04,c:cordillera:altos,Altos,asking_price_usd,terreno,39640,93,remax infocasas uprop cb psir prestige
2026-10-04,d:boqueron,Boquerón,active_sale,,156,156,remax infocasas uprop cb psir prestige
2026-10-04,d:boqueron,Boquerón,active_rent,,36,36,remax infocasas uprop cb psir prestige
2026-10-04,d:boqueron,Boquerón,asking_price_usd,casa,69246,22,remax infocasas uprop cb psir prestige
2026-10-04,d:boqueron,Boquerón,asking_price_usd,terreno,15331,119,remax infocasas uprop cb psir prestige
2026-10-04,d:presidente-hayes,Presidente Hayes,active_sale,,173,173,remax infocasas uprop cb psir prestige
2026-10-04,d:presidente-hayes,Presidente Hayes,active_rent,,0,0,remax infocasas uprop cb psir prestige
2026-10-04,d:presidente-hayes,Presidente Hayes,asking_price_usd,terreno,91846,138,remax infocasas uprop cb psir prestige
2026-10-04,c:presidente-hayes:villa-hayes,Villa Hayes,active_sale,,101,101,remax infocasas uprop cb psir prestige
2026-10-04,c:presidente-hayes:villa-hayes,Villa Hayes,active_rent,,0,0,remax infocasas uprop cb psir prestige
2026-10-04,c:presidente-hayes:villa-hayes,Villa Hayes,asking_price_usd,terreno,106006,82,remax infocasas uprop cb psir prestige
2026-10-04,d:paraguari,Paraguarí,active_sale,,109,109,remax infocasas uprop cb psir prestige
2026-10-04,d:paraguari,Paraguarí,active_rent,,2,2,remax infocasas uprop cb psir prestige
2026-10-04,d:paraguari,Paraguarí,asking_price_usd,terreno,45568,66,remax infocasas uprop cb psir prestige
2026-10-04,d:caaguazu,Caaguazú,active_sale,,66,66,remax infocasas uprop cb psir prestige
2026-10-04,d:caaguazu,Caaguazú,active_rent,,2,2,remax infocasas uprop cb psir prestige
2026-10-04,d:caaguazu,Caaguazú,asking_price_usd,terreno,70000,43,remax infocasas uprop cb psir prestige
2026-10-04,d:misiones,Misiones,active_sale,,64,64,remax infocasas uprop cb psir prestige
2026-10-04,d:misiones,Misiones,active_rent,,3,3,remax infocasas uprop cb psir prestige
2026-10-04,d:misiones,Misiones,asking_price_usd,terreno,32366,36,remax infocasas uprop cb psir prestige
2026-10-04,d:guaira,Guairá,active_sale,,37,37,remax infocasas uprop cb psir prestige
2026-10-04,d:guaira,Guairá,active_rent,,2,2,remax infocasas uprop cb psir prestige
2026-10-04,d:guaira,Guairá,asking_price_usd,terreno,24260,26,remax infocasas uprop cb psir prestige
2026-10-04,d:san-pedro,San Pedro,active_sale,,34,34,remax infocasas uprop cb psir prestige
2026-10-04,d:san-pedro,San Pedro,active_rent,,0,0,remax infocasas uprop cb psir prestige
2026-10-04,d:san-pedro,San Pedro,asking_price_usd,terreno,136278,26,remax infocasas uprop cb psir prestige
2026-10-04,d:caazapa,Caazapá,active_sale,,21,21,remax infocasas uprop cb psir prestige
2026-10-04,d:caazapa,Caazapá,active_rent,,6,6,remax infocasas uprop cb psir prestige
2026-10-04,d:canindeyu,Canindeyú,active_sale,,19,19,remax infocasas uprop cb psir prestige
2026-10-04,d:canindeyu,Canindeyú,active_rent,,1,1,remax infocasas uprop cb psir prestige
2026-10-04,d:neembucu,Ñeembucú,active_sale,,20,20,remax infocasas uprop cb psir prestige
2026-10-04,d:neembucu,Ñeembucú,active_rent,,0,0,remax infocasas uprop cb psir prestige
2026-10-04,d:concepcion,Concepción,active_sale,,20,20,remax infocasas uprop cb psir prestige
2026-10-04,d:concepcion,Concepción,active_rent,,0,0,remax infocasas uprop cb psir prestige
2026-10-04,d:amambay,Amambay,active_sale,,13,13,remax infocasas uprop cb psir prestige
2026-10-04,d:amambay,Amambay,active_rent,,0,0,remax infocasas uprop cb psir prestige
2026-10-04,d:alto-paraguay,Alto Paraguay,active_sale,,10,10,remax infocasas uprop cb psir prestige
2026-10-04,d:alto-paraguay,Alto Paraguay,active_rent,,0,0,remax infocasas uprop cb psir prestige
2026-10-05,py,Paraguay,active_sale,,22088,22088,remax infocasas uprop cb psir prestige
2026-10-05,py,Paraguay,active_rent,,5180,5180,remax infocasas uprop cb psir prestige
2026-10-05,py,Paraguay,asking_price_usd,casa,154556,8001,remax infocasas uprop cb psir prestige
2026-10-05,py,Paraguay,asking_price_usd,departamento,103911,5116,remax infocasas uprop cb psir prestige
2026-10-05,py,Paraguay,asking_price_usd,duplex,120473,264,remax infocasas uprop cb psir prestige
2026-10-05,py,Paraguay,asking_price_usd,terreno,64732,7427,remax infocasas uprop cb psir prestige
2026-10-05,py,Paraguay,asking_usd_per_m2_built,casa,830,6449,remax infocasas uprop cb psir prestige
2026-10-05,py,Paraguay,asking_usd_per_m2_built,departamento,1731,2484,remax infocasas uprop cb psir prestige
2026-10-05,py,Paraguay,asking_rent_usd_month,departamento,937,2837,remax infocasas uprop cb psir prestige
2026-10-05,py,Paraguay,asking_rent_usd_month,casa,2000,1560,remax infocasas uprop cb psir prestige
2026-10-05,d:asuncion,Asunción,active_sale,,8600,8600,remax infocasas uprop cb psir prestige
2026-10-05,d:asuncion,Asunción,active_rent,,4107,4107,remax infocasas uprop cb psir prestige
2026-10-05,d:asuncion,Asunción,asking_price_usd,casa,280000,3292,remax infocasas uprop cb psir prestige
2026-10-05,d:asuncion,Asunción,asking_price_usd,departamento,111710,4049,remax infocasas uprop cb psir prestige
2026-10-05,d:asuncion,Asunción,asking_price_usd,duplex,191191,34,remax infocasas uprop cb psir prestige
2026-10-05,d:asuncion,Asunción,asking_price_usd,terreno,204417,822,remax infocasas uprop cb psir prestige
2026-10-05,d:asuncion,Asunción,asking_usd_per_m2_built,casa,997,2678,remax infocasas uprop cb psir prestige
2026-10-05,d:asuncion,Asunción,asking_usd_per_m2_built,departamento,1782,2164,remax infocasas uprop cb psir prestige
2026-10-05,d:asuncion,Asunción,asking_rent_usd_month,departamento,990,2529,remax infocasas uprop cb psir prestige
2026-10-05,d:asuncion,Asunción,asking_rent_usd_month,casa,2215,1322,remax infocasas uprop cb psir prestige
2026-10-05,d:central,Central,active_sale,,9143,9143,remax infocasas uprop cb psir prestige
2026-10-05,d:central,Central,active_rent,,737,737,remax infocasas uprop cb psir prestige
2026-10-05,d:central,Central,asking_price_usd,casa,102209,3816,remax infocasas uprop cb psir prestige
2026-10-05,d:central,Central,asking_price_usd,departamento,76656,763,remax infocasas uprop cb psir prestige
2026-10-05,d:central,Central,asking_price_usd,duplex,116092,190,remax infocasas uprop cb psir prestige
2026-10-05,d:central,Central,asking_price_usd,terreno,62706,4003,remax infocasas uprop cb psir prestige
2026-10-05,d:central,Central,asking_usd_per_m2_built,casa,738,3034,remax infocasas uprop cb psir prestige
2026-10-05,d:central,Central,asking_usd_per_m2_built,departamento,1286,233,remax infocasas uprop cb psir prestige
2026-10-05,d:central,Central,asking_rent_usd_month,departamento,588,240,remax infocasas uprop cb psir prestige
2026-10-05,d:central,Central,asking_rent_usd_month,casa,681,143,remax infocasas uprop cb psir prestige
2026-10-05,c:central:luque,Luque,active_sale,,1865,1865,remax infocasas uprop cb psir prestige
2026-10-05,c:central:luque,Luque,active_rent,,159,159,remax infocasas uprop cb psir prestige
2026-10-05,c:central:luque,Luque,asking_price_usd,casa,110726,800,remax infocasas uprop cb psir prestige
2026-10-05,c:central:luque,Luque,asking_price_usd,departamento,81767,301,remax infocasas uprop cb psir prestige
2026-10-05,c:central:luque,Luque,asking_price_usd,duplex,127761,70,remax infocasas uprop cb psir prestige
2026-10-05,c:central:luque,Luque,asking_price_usd,terreno,80063,640,remax infocasas uprop cb psir prestige
2026-10-05,c:central:luque,Luque,asking_usd_per_m2_built,casa,902,596,remax infocasas uprop cb psir prestige
2026-10-05,c:central:luque,Luque,asking_usd_per_m2_built,departamento,1304,71,remax infocasas uprop cb psir prestige
2026-10-05,c:central:luque,Luque,asking_rent_usd_month,departamento,649,74,remax infocasas uprop cb psir prestige
2026-10-05,c:central:luque,Luque,asking_rent_usd_month,casa,681,41,remax infocasas uprop cb psir prestige
2026-10-05,c:central:san-lorenzo,San Lorenzo,active_sale,,783,783,remax infocasas uprop cb psir prestige
2026-10-05,c:central:san-lorenzo,San Lorenzo,active_rent,,161,161,remax infocasas uprop cb psir prestige
2026-10-05,c:central:san-lorenzo,San Lorenzo,asking_price_usd,casa,124354,375,remax infocasas uprop cb psir prestige
2026-10-05,c:central:san-lorenzo,San Lorenzo,asking_price_usd,departamento,59807,57,remax infocasas uprop cb psir prestige
2026-10-05,c:central:san-lorenzo,San Lorenzo,asking_price_usd,duplex,119243,31,remax infocasas uprop cb psir prestige
2026-10-05,c:central:san-lorenzo,San Lorenzo,asking_price_usd,terreno,85174,259,remax infocasas uprop cb psir prestige
2026-10-05,c:central:san-lorenzo,San Lorenzo,asking_usd_per_m2_built,casa,784,279,remax infocasas uprop cb psir prestige
2026-10-05,c:central:san-lorenzo,San Lorenzo,asking_rent_usd_month,departamento,341,53,remax infocasas uprop cb psir prestige
2026-10-05,c:central:lambare,Lambaré,active_sale,,733,733,remax infocasas uprop cb psir prestige
2026-10-05,c:central:lambare,Lambaré,active_rent,,84,84,remax infocasas uprop cb psir prestige
2026-10-05,c:central:lambare,Lambaré,asking_price_usd,casa,160127,351,remax infocasas uprop cb psir prestige
2026-10-05,c:central:lambare,Lambaré,asking_price_usd,departamento,87000,81,remax infocasas uprop cb psir prestige
2026-10-05,c:central:lambare,Lambaré,asking_price_usd,duplex,118903,31,remax infocasas uprop cb psir prestige
2026-10-05,c:central:lambare,Lambaré,asking_price_usd,terreno,93691,238,remax infocasas uprop cb psir prestige
2026-10-05,c:central:lambare,Lambaré,asking_usd_per_m2_built,casa,751,267,remax infocasas uprop cb psir prestige
2026-10-05,c:central:lambare,Lambaré,asking_usd_per_m2_built,departamento,1230,36,remax infocasas uprop cb psir prestige
2026-10-05,c:central:lambare,Lambaré,asking_rent_usd_month,departamento,596,41,remax infocasas uprop cb psir prestige
2026-10-05,c:central:fernando-de-la-mora,Fernando de la Mora,active_sale,,680,680,remax infocasas uprop cb psir prestige
2026-10-05,c:central:fernando-de-la-mora,Fernando de la Mora,active_rent,,144,144,remax infocasas uprop cb psir prestige
2026-10-05,c:central:fernando-de-la-mora,Fernando de la Mora,asking_price_usd,casa,166089,282,remax infocasas uprop cb psir prestige
2026-10-05,c:central:fernando-de-la-mora,Fernando de la Mora,asking_price_usd,departamento,70810,161,remax infocasas uprop cb psir prestige
2026-10-05,c:central:fernando-de-la-mora,Fernando de la Mora,asking_price_usd,terreno,127761,187,remax infocasas uprop cb psir prestige
2026-10-05,c:central:fernando-de-la-mora,Fernando de la Mora,asking_usd_per_m2_built,casa,841,216,remax infocasas uprop cb psir prestige
2026-10-05,c:central:fernando-de-la-mora,Fernando de la Mora,asking_usd_per_m2_built,departamento,1203,58,remax infocasas uprop cb psir prestige
2026-10-05,c:central:fernando-de-la-mora,Fernando de la Mora,asking_rent_usd_month,departamento,596,44,remax infocasas uprop cb psir prestige
2026-10-05,c:central:fernando-de-la-mora,Fernando de la Mora,asking_rent_usd_month,casa,937,22,remax infocasas uprop cb psir prestige
2026-10-05,c:central:capiata,Capiatá,active_sale,,625,625,remax infocasas uprop cb psir prestige
2026-10-05,c:central:capiata,Capiatá,active_rent,,27,27,remax infocasas uprop cb psir prestige
2026-10-05,c:central:capiata,Capiatá,asking_price_usd,casa,61410,306,remax infocasas uprop cb psir prestige
2026-10-05,c:central:capiata,Capiatá,asking_price_usd,terreno,37476,279,remax infocasas uprop cb psir prestige
2026-10-05,c:central:capiata,Capiatá,asking_usd_per_m2_built,casa,618,257,remax infocasas uprop cb psir prestige
2026-10-05,c:central:nemby,Ñemby,active_sale,,544,544,remax infocasas uprop cb psir prestige
2026-10-05,c:central:nemby,Ñemby,active_rent,,33,33,remax infocasas uprop cb psir prestige
2026-10-05,c:central:nemby,Ñemby,asking_price_usd,casa,71546,260,remax infocasas uprop cb psir prestige
2026-10-05,c:central:nemby,Ñemby,asking_price_usd,terreno,51104,242,remax infocasas uprop cb psir prestige
2026-10-05,c:central:nemby,Ñemby,asking_usd_per_m2_built,casa,653,233,remax infocasas uprop cb psir prestige
2026-10-05,c:central:mariano-roque-alonso,Mariano Roque Alonso,active_sale,,480,480,remax infocasas uprop cb psir prestige
2026-10-05,c:central:mariano-roque-alonso,Mariano Roque Alonso,active_rent,,38,38,remax infocasas uprop cb psir prestige
2026-10-05,c:central:mariano-roque-alonso,Mariano Roque Alonso,asking_price_usd,casa,129464,144,remax infocasas uprop cb psir prestige
2026-10-05,c:central:mariano-roque-alonso,Mariano Roque Alonso,asking_price_usd,departamento,60000,88,remax infocasas uprop cb psir prestige
2026-10-05,c:central:mariano-roque-alonso,Mariano Roque Alonso,asking_price_usd,terreno,94684,200,remax infocasas uprop cb psir prestige
2026-10-05,c:central:mariano-roque-alonso,Mariano Roque Alonso,asking_usd_per_m2_built,casa,719,111,remax infocasas uprop cb psir prestige
2026-10-05,c:central:limpio,Limpio,active_sale,,468,468,remax infocasas uprop cb psir prestige
2026-10-05,c:central:limpio,Limpio,active_rent,,10,10,remax infocasas uprop cb psir prestige
2026-10-05,c:central:limpio,Limpio,asking_price_usd,casa,63029,207,remax infocasas uprop cb psir prestige
2026-10-05,c:central:limpio,Limpio,asking_price_usd,departamento,62932,22,remax infocasas uprop cb psir prestige
2026-10-05,c:central:limpio,Limpio,asking_price_usd,terreno,40883,209,remax infocasas uprop cb psir prestige
2026-10-05,c:central:limpio,Limpio,asking_usd_per_m2_built,casa,660,174,remax infocasas uprop cb psir prestige
2026-10-05,c:central:villa-elisa,Villa Elisa,active_sale,,447,447,remax infocasas uprop cb psir prestige
2026-10-05,c:central:villa-elisa,Villa Elisa,active_rent,,18,18,remax infocasas uprop cb psir prestige
2026-10-05,c:central:villa-elisa,Villa Elisa,asking_price_usd,casa,98802,248,remax infocasas uprop cb psir prestige
2026-10-05,c:central:villa-elisa,Villa Elisa,asking_price_usd,terreno,59622,174,remax infocasas uprop cb psir prestige
2026-10-05,c:central:villa-elisa,Villa Elisa,asking_usd_per_m2_built,casa,738,193,remax infocasas uprop cb psir prestige
2026-10-05,c:central:aregua,Areguá,active_sale,,399,399,remax infocasas uprop cb psir prestige
2026-10-05,c:central:aregua,Areguá,active_rent,,4,4,remax infocasas uprop cb psir prestige
2026-10-05,c:central:aregua,Areguá,asking_price_usd,casa,101783,162,remax infocasas uprop cb psir prestige
2026-10-05,c:central:aregua,Areguá,asking_price_usd,terreno,34000,225,remax infocasas uprop cb psir prestige
2026-10-05,c:central:aregua,Areguá,asking_usd_per_m2_built,casa,680,133,remax infocasas uprop cb psir prestige
2026-10-05,c:central:itaugua,Itauguá,active_sale,,392,392,remax infocasas uprop cb psir prestige
2026-10-05,c:central:itaugua,Itauguá,active_rent,,20,20,remax infocasas uprop cb psir prestige
2026-10-05,c:central:itaugua,Itauguá,asking_price_usd,casa,71802,140,remax infocasas uprop cb psir prestige
2026-10-05,c:central:itaugua,Itauguá,asking_price_usd,terreno,27256,233,remax infocasas uprop cb psir prestige
2026-10-05,c:central:itaugua,Itauguá,asking_usd_per_m2_built,casa,575,127,remax infocasas uprop cb psir prestige
2026-10-05,c:central:ypane,Ypané,active_sale,,313,313,remax infocasas uprop cb psir prestige
2026-10-05,c:central:ypane,Ypané,active_rent,,7,7,remax infocasas uprop cb psir prestige
2026-10-05,c:central:ypane,Ypané,asking_price_usd,casa,78360,91,remax infocasas uprop cb psir prestige
2026-10-05,c:central:ypane,Ypané,asking_price_usd,terreno,29385,218,remax infocasas uprop cb psir prestige
2026-10-05,c:central:ypane,Ypané,asking_usd_per_m2_built,casa,530,80,remax infocasas uprop cb psir prestige
2026-10-05,c:central:ypacarai,Ypacaraí,active_sale,,278,278,remax infocasas uprop cb psir prestige
2026-10-05,c:central:ypacarai,Ypacaraí,active_rent,,3,3,remax infocasas uprop cb psir prestige
2026-10-05,c:central:ypacarai,Ypacaraí,asking_price_usd,casa,98802,71,remax infocasas uprop cb psir prestige
2026-10-05,c:central:ypacarai,Ypacaraí,asking_price_usd,terreno,42587,202,remax infocasas uprop cb psir prestige
2026-10-05,c:central:ypacarai,Ypacaraí,asking_usd_per_m2_built,casa,584,64,remax infocasas uprop cb psir prestige
2026-10-05,c:central:villeta,Villeta,active_sale,,219,219,remax infocasas uprop cb psir prestige
2026-10-05,c:central:villeta,Villeta,active_rent,,7,7,remax infocasas uprop cb psir prestige
2026-10-05,c:central:villeta,Villeta,asking_price_usd,casa,86877,79,remax infocasas uprop cb psir prestige
2026-10-05,c:central:villeta,Villeta,asking_price_usd,terreno,119243,131,remax infocasas uprop cb psir prestige
2026-10-05,c:central:villeta,Villeta,asking_usd_per_m2_built,casa,730,63,remax infocasas uprop cb psir prestige
2026-10-05,c:central:ita,Itá,active_sale,,202,202,remax infocasas uprop cb psir prestige
2026-10-05,c:central:ita,Itá,active_rent,,3,3,remax infocasas uprop cb psir prestige
2026-10-05,c:central:ita,Itá,asking_price_usd,casa,83383,70,remax infocasas uprop cb psir prestige
2026-10-05,c:central:ita,Itá,asking_price_usd,terreno,101357,125,remax infocasas uprop cb psir prestige
2026-10-05,c:central:ita,Itá,asking_usd_per_m2_built,casa,686,58,remax infocasas uprop cb psir prestige
2026-10-05,c:central:julian-augusto-saldivar,Julián Augusto Saldívar,active_sale,,157,157,remax infocasas uprop cb psir prestige
2026-10-05,c:central:julian-augusto-saldivar,Julián Augusto Saldívar,active_rent,,1,1,remax infocasas uprop cb psir prestige
2026-10-05,c:central:julian-augusto-saldivar,Julián Augusto Saldívar,asking_price_usd,casa,49401,58,remax infocasas uprop cb psir prestige
2026-10-05,c:central:julian-augusto-saldivar,Julián Augusto Saldívar,asking_price_usd,terreno,23849,94,remax infocasas uprop cb psir prestige
2026-10-05,c:central:julian-augusto-saldivar,Julián Augusto Saldívar,asking_usd_per_m2_built,casa,555,52,remax infocasas uprop cb psir prestige
2026-10-05,d:itapua,Itapúa,active_sale,,1552,1552,remax infocasas uprop cb psir prestige
2026-10-05,d:itapua,Itapúa,active_rent,,146,146,remax infocasas uprop cb psir prestige
2026-10-05,d:itapua,Itapúa,asking_price_usd,casa,127761,309,remax infocasas uprop cb psir prestige
2026-10-05,d:itapua,Itapúa,asking_price_usd,departamento,95000,171,remax infocasas uprop cb psir prestige
2026-10-05,d:itapua,Itapúa,asking_price_usd,duplex,97098,32,remax infocasas uprop cb psir prestige
2026-10-05,d:itapua,Itapúa,asking_price_usd,terreno,34070,879,remax infocasas uprop cb psir prestige
2026-10-05,d:itapua,Itapúa,asking_usd_per_m2_built,casa,706,267,remax infocasas uprop cb psir prestige
2026-10-05,d:itapua,Itapúa,asking_usd_per_m2_built,departamento,1295,40,remax infocasas uprop cb psir prestige
2026-10-05,d:itapua,Itapúa,asking_rent_usd_month,departamento,477,59,remax infocasas uprop cb psir prestige
2026-10-05,d:itapua,Itapúa,asking_rent_usd_month,casa,937,25,remax infocasas uprop cb psir prestige
2026-10-05,c:itapua:encarnacion,Encarnación,active_sale,,768,768,remax infocasas uprop cb psir prestige
2026-10-05,c:itapua:encarnacion,Encarnación,active_rent,,107,107,remax infocasas uprop cb psir prestige
2026-10-05,c:itapua:encarnacion,Encarnación,asking_price_usd,casa,140000,160,remax infocasas uprop cb psir prestige
2026-10-05,c:itapua:encarnacion,Encarnación,asking_price_usd,departamento,95000,168,remax infocasas uprop cb psir prestige
2026-10-05,c:itapua:encarnacion,Encarnación,asking_price_usd,duplex,97098,24,remax infocasas uprop cb psir prestige
2026-10-05,c:itapua:encarnacion,Encarnación,asking_price_usd,terreno,50764,335,remax infocasas uprop cb psir prestige
2026-10-05,c:itapua:encarnacion,Encarnación,asking_usd_per_m2_built,casa,686,139,remax infocasas uprop cb psir prestige
2026-10-05,c:itapua:encarnacion,Encarnación,asking_usd_per_m2_built,departamento,1290,39,remax infocasas uprop cb psir prestige
2026-10-05,c:itapua:encarnacion,Encarnación,asking_rent_usd_month,departamento,426,56,remax infocasas uprop cb psir prestige
2026-10-05,c:itapua:cambyreta,c:itapua:cambyreta,active_sale,,232,232,remax infocasas uprop cb psir prestige
2026-10-05,c:itapua:cambyreta,c:itapua:cambyreta,active_rent,,10,10,remax infocasas uprop cb psir prestige
2026-10-05,c:itapua:cambyreta,c:itapua:cambyreta,asking_price_usd,casa,90000,63,remax infocasas uprop cb psir prestige
2026-10-05,c:itapua:cambyreta,c:itapua:cambyreta,asking_price_usd,terreno,34070,146,remax infocasas uprop cb psir prestige
2026-10-05,c:itapua:cambyreta,c:itapua:cambyreta,asking_usd_per_m2_built,casa,684,57,remax infocasas uprop cb psir prestige
2026-10-05,c:itapua:san-juan-del-parana,San Juan del Paraná,active_sale,,159,159,remax infocasas uprop cb psir prestige
2026-10-05,c:itapua:san-juan-del-parana,San Juan del Paraná,active_rent,,4,4,remax infocasas uprop cb psir prestige
2026-10-05,c:itapua:san-juan-del-parana,San Juan del Paraná,asking_price_usd,casa,124539,23,remax infocasas uprop cb psir prestige
2026-10-05,c:itapua:san-juan-del-parana,San Juan del Paraná,asking_price_usd,terreno,14480,121,remax infocasas uprop cb psir prestige
2026-10-05,c:itapua:san-juan-del-parana,San Juan del Paraná,asking_usd_per_m2_built,casa,1099,21,remax infocasas uprop cb psir prestige
2026-10-05,c:itapua:capitan-miranda,Capitán Miranda,active_sale,,109,109,remax infocasas uprop cb psir prestige
2026-10-05,c:itapua:capitan-miranda,Capitán Miranda,active_rent,,14,14,remax infocasas uprop cb psir prestige
2026-10-05,c:itapua:capitan-miranda,Capitán Miranda,asking_price_usd,terreno,21038,93,remax infocasas uprop cb psir prestige
2026-10-05,d:cordillera,Cordillera,active_sale,,946,946,remax infocasas uprop cb psir prestige
2026-10-05,d:cordillera,Cordillera,active_rent,,51,51,remax infocasas uprop cb psir prestige
2026-10-05,d:cordillera,Cordillera,asking_price_usd,casa,190000,193,remax infocasas uprop cb psir prestige
2026-10-05,d:cordillera,Cordillera,asking_price_usd,departamento,239501,25,remax infocasas uprop cb psir prestige
2026-10-05,d:cordillera,Cordillera,asking_price_usd,terreno,47697,652,remax infocasas uprop cb psir prestige
2026-10-05,d:cordillera,Cordillera,asking_usd_per_m2_built,casa,885,156,remax infocasas uprop cb psir prestige
2026-10-05,d:cordillera,Cordillera,asking_rent_usd_month,casa,1576,34,remax infocasas uprop cb psir prestige
2026-10-05,c:cordillera:san-bernardino,San Bernardino,active_sale,,397,397,remax infocasas uprop cb psir prestige
2026-10-05,c:cordillera:san-bernardino,San Bernardino,active_rent,,29,29,remax infocasas uprop cb psir prestige
2026-10-05,c:cordillera:san-bernardino,San Bernardino,asking_price_usd,casa,220000,98,remax infocasas uprop cb psir prestige
2026-10-05,c:cordillera:san-bernardino,San Bernardino,asking_price_usd,terreno,61330,278,remax infocasas uprop cb psir prestige
2026-10-05,c:cordillera:san-bernardino,San Bernardino,asking_usd_per_m2_built,casa,976,85,remax infocasas uprop cb psir prestige
2026-10-05,c:cordillera:san-bernardino,San Bernardino,asking_rent_usd_month,casa,1686,24,remax infocasas uprop cb psir prestige
2026-10-05,c:cordillera:caacupe,Caacupé,active_sale,,163,163,remax infocasas uprop cb psir prestige
2026-10-05,c:cordillera:caacupe,Caacupé,active_rent,,7,7,remax infocasas uprop cb psir prestige
2026-10-05,c:cordillera:caacupe,Caacupé,asking_price_usd,casa,83470,33,remax infocasas uprop cb psir prestige
2026-10-05,c:cordillera:caacupe,Caacupé,asking_price_usd,terreno,17035,113,remax infocasas uprop cb psir prestige
2026-10-05,c:cordillera:caacupe,Caacupé,asking_usd_per_m2_built,casa,466,26,remax infocasas uprop cb psir prestige
2026-10-05,c:cordillera:altos,Altos,active_sale,,129,129,remax infocasas uprop cb psir prestige
2026-10-05,c:cordillera:altos,Altos,active_rent,,8,8,remax infocasas uprop cb psir prestige
2026-10-05,c:cordillera:altos,Altos,asking_price_usd,casa,232975,22,remax infocasas uprop cb psir prestige
2026-10-05,c:cordillera:altos,Altos,asking_price_usd,terreno,39640,93,remax infocasas uprop cb psir prestige
2026-10-05,d:alto-parana,Alto Paraná,active_sale,,918,918,remax infocasas uprop cb psir prestige
2026-10-05,d:alto-parana,Alto Paraná,active_rent,,72,72,remax infocasas uprop cb psir prestige
2026-10-05,d:alto-parana,Alto Paraná,asking_price_usd,casa,123825,236,remax infocasas uprop cb psir prestige
2026-10-05,d:alto-parana,Alto Paraná,asking_price_usd,departamento,89000,89,remax infocasas uprop cb psir prestige
2026-10-05,d:alto-parana,Alto Paraná,asking_price_usd,terreno,66436,467,remax infocasas uprop cb psir prestige
2026-10-05,d:alto-parana,Alto Paraná,asking_usd_per_m2_built,casa,733,211,remax infocasas uprop cb psir prestige
2026-10-05,d:alto-parana,Alto Paraná,asking_usd_per_m2_built,departamento,1525,31,remax infocasas uprop cb psir prestige
2026-10-05,c:alto-parana:ciudad-del-este,Ciudad del Este,active_sale,,410,410,remax infocasas uprop cb psir prestige
2026-10-05,c:alto-parana:ciudad-del-este,Ciudad del Este,active_rent,,40,40,remax infocasas uprop cb psir prestige
2026-10-05,c:alto-parana:ciudad-del-este,Ciudad del Este,asking_price_usd,casa,136278,104,remax infocasas uprop cb psir prestige
2026-10-05,c:alto-parana:ciudad-del-este,Ciudad del Este,asking_price_usd,departamento,89000,77,remax infocasas uprop cb psir prestige
2026-10-05,c:alto-parana:ciudad-del-este,Ciudad del Este,asking_price_usd,terreno,85000,178,remax infocasas uprop cb psir prestige
2026-10-05,c:alto-parana:ciudad-del-este,Ciudad del Este,asking_usd_per_m2_built,casa,750,95,remax infocasas uprop cb psir prestige
2026-10-05,c:alto-parana:ciudad-del-este,Ciudad del Este,asking_usd_per_m2_built,departamento,1635,28,remax infocasas uprop cb psir prestige
2026-10-05,c:alto-parana:hernandarias,Hernandarias,active_sale,,157,157,remax infocasas uprop cb psir prestige
2026-10-05,c:alto-parana:hernandarias,Hernandarias,active_rent,,8,8,remax infocasas uprop cb psir prestige
2026-10-05,c:alto-parana:hernandarias,Hernandarias,asking_price_usd,casa,110726,53,remax infocasas uprop cb psir prestige
2026-10-05,c:alto-parana:hernandarias,Hernandarias,asking_price_usd,terreno,50253,85,remax infocasas uprop cb psir prestige
2026-10-05,c:alto-parana:hernandarias,Hernandarias,asking_usd_per_m2_built,casa,568,47,remax infocasas uprop cb psir prestige
2026-10-05,c:alto-parana:minga-guazu,Minga Guazú,active_sale,,106,106,remax infocasas uprop cb psir prestige
2026-10-05,c:alto-parana:minga-guazu,Minga Guazú,active_rent,,2,2,remax infocasas uprop cb psir prestige
2026-10-05,c:alto-parana:minga-guazu,Minga Guazú,asking_price_usd,terreno,25552,85,remax infocasas uprop cb psir prestige
2026-10-05,d:boqueron,Boquerón,active_sale,,155,155,remax infocasas uprop cb psir prestige
2026-10-05,d:boqueron,Boquerón,active_rent,,36,36,remax infocasas uprop cb psir prestige
2026-10-05,d:boqueron,Boquerón,asking_price_usd,casa,69246,22,remax infocasas uprop cb psir prestige
2026-10-05,d:boqueron,Boquerón,asking_price_usd,terreno,14674,118,remax infocasas uprop cb psir prestige
2026-10-05,d:presidente-hayes,Presidente Hayes,active_sale,,173,173,remax infocasas uprop cb psir prestige
2026-10-05,d:presidente-hayes,Presidente Hayes,active_rent,,0,0,remax infocasas uprop cb psir prestige
2026-10-05,d:presidente-hayes,Presidente Hayes,asking_price_usd,terreno,90255,138,remax infocasas uprop cb psir prestige
2026-10-05,c:presidente-hayes:villa-hayes,Villa Hayes,active_sale,,101,101,remax infocasas uprop cb psir prestige
2026-10-05,c:presidente-hayes:villa-hayes,Villa Hayes,active_rent,,0,0,remax infocasas uprop cb psir prestige
2026-10-05,c:presidente-hayes:villa-hayes,Villa Hayes,asking_price_usd,terreno,106006,82,remax infocasas uprop cb psir prestige
2026-10-05,d:paraguari,Paraguarí,active_sale,,107,107,remax infocasas uprop cb psir prestige
2026-10-05,d:paraguari,Paraguarí,active_rent,,2,2,remax infocasas uprop cb psir prestige
2026-10-05,d:paraguari,Paraguarí,asking_price_usd,terreno,45568,66,remax infocasas uprop cb psir prestige
2026-10-05,d:caaguazu,Caaguazú,active_sale,,66,66,remax infocasas uprop cb psir prestige
2026-10-05,d:caaguazu,Caaguazú,active_rent,,2,2,remax infocasas uprop cb psir prestige
2026-10-05,d:caaguazu,Caaguazú,asking_price_usd,terreno,70000,43,remax infocasas uprop cb psir prestige
2026-10-05,d:misiones,Misiones,active_sale,,64,64,remax infocasas uprop cb psir prestige
2026-10-05,d:misiones,Misiones,active_rent,,3,3,remax infocasas uprop cb psir prestige
2026-10-05,d:misiones,Misiones,asking_price_usd,terreno,32366,36,remax infocasas uprop cb psir prestige
2026-10-05,d:guaira,Guairá,active_sale,,37,37,remax infocasas uprop cb psir prestige
2026-10-05,d:guaira,Guairá,active_rent,,2,2,remax infocasas uprop cb psir prestige
2026-10-05,d:guaira,Guairá,asking_price_usd,terreno,24260,26,remax infocasas uprop cb psir prestige
2026-10-05,d:san-pedro,San Pedro,active_sale,,34,34,remax infocasas uprop cb psir prestige
2026-10-05,d:san-pedro,San Pedro,active_rent,,0,0,remax infocasas uprop cb psir prestige
2026-10-05,d:san-pedro,San Pedro,asking_price_usd,terreno,136278,26,remax infocasas uprop cb psir prestige
2026-10-05,d:caazapa,Caazapá,active_sale,,21,21,remax infocasas uprop cb psir prestige
2026-10-05,d:caazapa,Caazapá,active_rent,,6,6,remax infocasas uprop cb psir prestige
2026-10-05,d:canindeyu,Canindeyú,active_sale,,19,19,remax infocasas uprop cb psir prestige
2026-10-05,d:canindeyu,Canindeyú,active_rent,,1,1,remax infocasas uprop cb psir prestige
2026-10-05,d:concepcion,Concepción,active_sale,,20,20,remax infocasas uprop cb psir prestige
2026-10-05,d:concepcion,Concepción,active_rent,,0,0,remax infocasas uprop cb psir prestige
2026-10-05,d:neembucu,Ñeembucú,active_sale,,19,19,remax infocasas uprop cb psir prestige
2026-10-05,d:neembucu,Ñeembucú,active_rent,,0,0,remax infocasas uprop cb psir prestige
2026-10-05,d:amambay,Amambay,active_sale,,13,13,remax infocasas uprop cb psir prestige
2026-10-05,d:amambay,Amambay,active_rent,,0,0,remax infocasas uprop cb psir prestige
2026-10-05,d:alto-paraguay,Alto Paraguay,active_sale,,10,10,remax infocasas uprop cb psir prestige
2026-10-05,d:alto-paraguay,Alto Paraguay,active_rent,,0,0,remax infocasas uprop cb psir prestige
2026-10-06,py,Paraguay,active_sale,,22050,22050,remax infocasas uprop cb psir prestige
2026-10-06,py,Paraguay,active_rent,,5145,5145,remax infocasas uprop cb psir prestige
2026-10-06,py,Paraguay,asking_price_usd,casa,155590,7955,remax infocasas uprop cb psir prestige
2026-10-06,py,Paraguay,asking_price_usd,departamento,103628,5132,remax infocasas uprop cb psir prestige
2026-10-06,py,Paraguay,asking_price_usd,duplex,120947,263,remax infocasas uprop cb psir prestige
2026-10-06,py,Paraguay,asking_price_usd,terreno,64732,7439,remax infocasas uprop cb psir prestige
2026-10-06,py,Paraguay,asking_usd_per_m2_built,casa,833,6405,remax infocasas uprop cb psir prestige
2026-10-06,py,Paraguay,asking_usd_per_m2_built,departamento,1731,2498,remax infocasas uprop cb psir prestige
2026-10-06,py,Paraguay,asking_rent_usd_month,departamento,937,2823,remax infocasas uprop cb psir prestige
2026-10-06,py,Paraguay,asking_rent_usd_month,casa,2044,1540,remax infocasas uprop cb psir prestige
2026-10-06,d:asuncion,Asunción,active_sale,,8601,8601,remax infocasas uprop cb psir prestige
2026-10-06,d:asuncion,Asunción,active_rent,,4070,4070,remax infocasas uprop cb psir prestige
2026-10-06,d:asuncion,Asunción,asking_price_usd,casa,280000,3282,remax infocasas uprop cb psir prestige
2026-10-06,d:asuncion,Asunción,asking_price_usd,departamento,111142,4063,remax infocasas uprop cb psir prestige
2026-10-06,d:asuncion,Asunción,asking_price_usd,duplex,191191,34,remax infocasas uprop cb psir prestige
2026-10-06,d:asuncion,Asunción,asking_price_usd,terreno,204417,822,remax infocasas uprop cb psir prestige
2026-10-06,d:asuncion,Asunción,asking_usd_per_m2_built,casa,1000,2667,remax infocasas uprop cb psir prestige
2026-10-06,d:asuncion,Asunción,asking_usd_per_m2_built,departamento,1780,2179,remax infocasas uprop cb psir prestige
2026-10-06,d:asuncion,Asunción,asking_rent_usd_month,departamento,998,2514,remax infocasas uprop cb psir prestige
2026-10-06,d:asuncion,Asunción,asking_rent_usd_month,casa,2283,1301,remax infocasas uprop cb psir prestige
2026-10-06,d:central,Central,active_sale,,9103,9103,remax infocasas uprop cb psir prestige
2026-10-06,d:central,Central,active_rent,,740,740,remax infocasas uprop cb psir prestige
2026-10-06,d:central,Central,asking_price_usd,casa,102209,3779,remax infocasas uprop cb psir prestige
2026-10-06,d:central,Central,asking_price_usd,departamento,76656,766,remax infocasas uprop cb psir prestige
2026-10-06,d:central,Central,asking_price_usd,duplex,116347,189,remax infocasas uprop cb psir prestige
2026-10-06,d:central,Central,asking_price_usd,terreno,63029,4015,remax infocasas uprop cb psir prestige
2026-10-06,d:central,Central,asking_usd_per_m2_built,casa,744,3000,remax infocasas uprop cb psir prestige
2026-10-06,d:central,Central,asking_usd_per_m2_built,departamento,1276,234,remax infocasas uprop cb psir prestige
2026-10-06,d:central,Central,asking_rent_usd_month,departamento,588,242,remax infocasas uprop cb psir prestige
2026-10-06,d:central,Central,asking_rent_usd_month,casa,681,143,remax infocasas uprop cb psir prestige
2026-10-06,c:central:luque,Luque,active_sale,,1866,1866,remax infocasas uprop cb psir prestige
2026-10-06,c:central:luque,Luque,active_rent,,160,160,remax infocasas uprop cb psir prestige
2026-10-06,c:central:luque,Luque,asking_price_usd,casa,110556,799,remax infocasas uprop cb psir prestige
2026-10-06,c:central:luque,Luque,asking_price_usd,departamento,81237,301,remax infocasas uprop cb psir prestige
2026-10-06,c:central:luque,Luque,asking_price_usd,duplex,127761,69,remax infocasas uprop cb psir prestige
2026-10-06,c:central:luque,Luque,asking_price_usd,terreno,76656,645,remax infocasas uprop cb psir prestige
2026-10-06,c:central:luque,Luque,asking_usd_per_m2_built,casa,903,594,remax infocasas uprop cb psir prestige
2026-10-06,c:central:luque,Luque,asking_usd_per_m2_built,departamento,1302,72,remax infocasas uprop cb psir prestige
2026-10-06,c:central:luque,Luque,asking_rent_usd_month,departamento,647,75,remax infocasas uprop cb psir prestige
2026-10-06,c:central:luque,Luque,asking_rent_usd_month,casa,681,41,remax infocasas uprop cb psir prestige
2026-10-06,c:central:san-lorenzo,San Lorenzo,active_sale,,784,784,remax infocasas uprop cb psir prestige
2026-10-06,c:central:san-lorenzo,San Lorenzo,active_rent,,163,163,remax infocasas uprop cb psir prestige
2026-10-06,c:central:san-lorenzo,San Lorenzo,asking_price_usd,casa,125078,374,remax infocasas uprop cb psir prestige
2026-10-06,c:central:san-lorenzo,San Lorenzo,asking_price_usd,departamento,59807,57,remax infocasas uprop cb psir prestige
2026-10-06,c:central:san-lorenzo,San Lorenzo,asking_price_usd,duplex,119243,31,remax infocasas uprop cb psir prestige
2026-10-06,c:central:san-lorenzo,San Lorenzo,asking_price_usd,terreno,85174,262,remax infocasas uprop cb psir prestige
2026-10-06,c:central:san-lorenzo,San Lorenzo,asking_usd_per_m2_built,casa,785,278,remax infocasas uprop cb psir prestige
2026-10-06,c:central:san-lorenzo,San Lorenzo,asking_rent_usd_month,departamento,341,55,remax infocasas uprop cb psir prestige
2026-10-06,c:central:lambare,Lambaré,active_sale,,734,734,remax infocasas uprop cb psir prestige
2026-10-06,c:central:lambare,Lambaré,active_rent,,84,84,remax infocasas uprop cb psir prestige
2026-10-06,c:central:lambare,Lambaré,asking_price_usd,casa,161830,354,remax infocasas uprop cb psir prestige
2026-10-06,c:central:lambare,Lambaré,asking_price_usd,departamento,87000,81,remax infocasas uprop cb psir prestige
2026-10-06,c:central:lambare,Lambaré,asking_price_usd,duplex,118903,31,remax infocasas uprop cb psir prestige
2026-10-06,c:central:lambare,Lambaré,asking_price_usd,terreno,93691,239,remax infocasas uprop cb psir prestige
2026-10-06,c:central:lambare,Lambaré,asking_usd_per_m2_built,casa,757,269,remax infocasas uprop cb psir prestige
2026-10-06,c:central:lambare,Lambaré,asking_usd_per_m2_built,departamento,1230,36,remax infocasas uprop cb psir prestige
2026-10-06,c:central:lambare,Lambaré,asking_rent_usd_month,departamento,596,41,remax infocasas uprop cb psir prestige
2026-10-06,c:central:fernando-de-la-mora,Fernando de la Mora,active_sale,,677,677,remax infocasas uprop cb psir prestige
2026-10-06,c:central:fernando-de-la-mora,Fernando de la Mora,active_rent,,142,142,remax infocasas uprop cb psir prestige
2026-10-06,c:central:fernando-de-la-mora,Fernando de la Mora,asking_price_usd,casa,167261,280,remax infocasas uprop cb psir prestige
2026-10-06,c:central:fernando-de-la-mora,Fernando de la Mora,asking_price_usd,departamento,70810,161,remax infocasas uprop cb psir prestige
2026-10-06,c:central:fernando-de-la-mora,Fernando de la Mora,asking_price_usd,terreno,128880,186,remax infocasas uprop cb psir prestige
2026-10-06,c:central:fernando-de-la-mora,Fernando de la Mora,asking_usd_per_m2_built,casa,838,214,remax infocasas uprop cb psir prestige
2026-10-06,c:central:fernando-de-la-mora,Fernando de la Mora,asking_usd_per_m2_built,departamento,1203,58,remax infocasas uprop cb psir prestige
2026-10-06,c:central:fernando-de-la-mora,Fernando de la Mora,asking_rent_usd_month,departamento,596,43,remax infocasas uprop cb psir prestige
2026-10-06,c:central:fernando-de-la-mora,Fernando de la Mora,asking_rent_usd_month,casa,937,22,remax infocasas uprop cb psir prestige
2026-10-06,c:central:capiata,Capiatá,active_sale,,624,624,remax infocasas uprop cb psir prestige
2026-10-06,c:central:capiata,Capiatá,active_rent,,27,27,remax infocasas uprop cb psir prestige
2026-10-06,c:central:capiata,Capiatá,asking_price_usd,casa,61495,301,remax infocasas uprop cb psir prestige
2026-10-06,c:central:capiata,Capiatá,asking_price_usd,terreno,37476,283,remax infocasas uprop cb psir prestige
2026-10-06,c:central:capiata,Capiatá,asking_usd_per_m2_built,casa,612,252,remax infocasas uprop cb psir prestige
2026-10-06,c:central:nemby,Ñemby,active_sale,,521,521,remax infocasas uprop cb psir prestige
2026-10-06,c:central:nemby,Ñemby,active_rent,,35,35,remax infocasas uprop cb psir prestige
2026-10-06,c:central:nemby,Ñemby,asking_price_usd,casa,71546,251,remax infocasas uprop cb psir prestige
2026-10-06,c:central:nemby,Ñemby,asking_price_usd,terreno,54511,239,remax infocasas uprop cb psir prestige
2026-10-06,c:central:nemby,Ñemby,asking_usd_per_m2_built,casa,653,225,remax infocasas uprop cb psir prestige
2026-10-06,c:central:mariano-roque-alonso,Mariano Roque Alonso,active_sale,,481,481,remax infocasas uprop cb psir prestige
2026-10-06,c:central:mariano-roque-alonso,Mariano Roque Alonso,active_rent,,38,38,remax infocasas uprop cb psir prestige
2026-10-06,c:central:mariano-roque-alonso,Mariano Roque Alonso,asking_price_usd,casa,131168,145,remax infocasas uprop cb psir prestige
2026-10-06,c:central:mariano-roque-alonso,Mariano Roque Alonso,asking_price_usd,departamento,59047,87,remax infocasas uprop cb psir prestige
2026-10-06,c:central:mariano-roque-alonso,Mariano Roque Alonso,asking_price_usd,terreno,95000,201,remax infocasas uprop cb psir prestige
2026-10-06,c:central:mariano-roque-alonso,Mariano Roque Alonso,asking_usd_per_m2_built,casa,711,112,remax infocasas uprop cb psir prestige
2026-10-06,c:central:limpio,Limpio,active_sale,,471,471,remax infocasas uprop cb psir prestige
2026-10-06,c:central:limpio,Limpio,active_rent,,10,10,remax infocasas uprop cb psir prestige
2026-10-06,c:central:limpio,Limpio,asking_price_usd,casa,63029,203,remax infocasas uprop cb psir prestige
2026-10-06,c:central:limpio,Limpio,asking_price_usd,departamento,60323,26,remax infocasas uprop cb psir prestige
2026-10-06,c:central:limpio,Limpio,asking_price_usd,terreno,39442,212,remax infocasas uprop cb psir prestige
2026-10-06,c:central:limpio,Limpio,asking_usd_per_m2_built,casa,660,170,remax infocasas uprop cb psir prestige
2026-10-06,c:central:villa-elisa,Villa Elisa,active_sale,,449,449,remax infocasas uprop cb psir prestige
2026-10-06,c:central:villa-elisa,Villa Elisa,active_rent,,18,18,remax infocasas uprop cb psir prestige
2026-10-06,c:central:villa-elisa,Villa Elisa,asking_price_usd,casa,97950,251,remax infocasas uprop cb psir prestige
2026-10-06,c:central:villa-elisa,Villa Elisa,asking_price_usd,terreno,59622,173,remax infocasas uprop cb psir prestige
2026-10-06,c:central:villa-elisa,Villa Elisa,asking_usd_per_m2_built,casa,738,199,remax infocasas uprop cb psir prestige
2026-10-06,c:central:aregua,Areguá,active_sale,,394,394,remax infocasas uprop cb psir prestige
2026-10-06,c:central:aregua,Areguá,active_rent,,4,4,remax infocasas uprop cb psir prestige
2026-10-06,c:central:aregua,Areguá,asking_price_usd,casa,102209,160,remax infocasas uprop cb psir prestige
2026-10-06,c:central:aregua,Areguá,asking_price_usd,terreno,33098,222,remax infocasas uprop cb psir prestige
2026-10-06,c:central:aregua,Areguá,asking_usd_per_m2_built,casa,681,130,remax infocasas uprop cb psir prestige
2026-10-06,c:central:itaugua,Itauguá,active_sale,,383,383,remax infocasas uprop cb psir prestige
2026-10-06,c:central:itaugua,Itauguá,active_rent,,20,20,remax infocasas uprop cb psir prestige
2026-10-06,c:central:itaugua,Itauguá,asking_price_usd,casa,71802,132,remax infocasas uprop cb psir prestige
2026-10-06,c:central:itaugua,Itauguá,asking_price_usd,terreno,27681,232,remax infocasas uprop cb psir prestige
2026-10-06,c:central:itaugua,Itauguá,asking_usd_per_m2_built,casa,570,120,remax infocasas uprop cb psir prestige
2026-10-06,c:central:ypane,Ypané,active_sale,,308,308,remax infocasas uprop cb psir prestige
2026-10-06,c:central:ypane,Ypané,active_rent,,7,7,remax infocasas uprop cb psir prestige
2026-10-06,c:central:ypane,Ypané,asking_price_usd,casa,78360,86,remax infocasas uprop cb psir prestige
2026-10-06,c:central:ypane,Ypané,asking_price_usd,terreno,29385,218,remax infocasas uprop cb psir prestige
2026-10-06,c:central:ypane,Ypané,asking_usd_per_m2_built,casa,535,76,remax infocasas uprop cb psir prestige
2026-10-06,c:central:ypacarai,Ypacaraí,active_sale,,278,278,remax infocasas uprop cb psir prestige
2026-10-06,c:central:ypacarai,Ypacaraí,active_rent,,3,3,remax infocasas uprop cb psir prestige
2026-10-06,c:central:ypacarai,Ypacaraí,asking_price_usd,casa,98802,70,remax infocasas uprop cb psir prestige
2026-10-06,c:central:ypacarai,Ypacaraí,asking_price_usd,terreno,42587,203,remax infocasas uprop cb psir prestige
2026-10-06,c:central:ypacarai,Ypacaraí,asking_usd_per_m2_built,casa,571,63,remax infocasas uprop cb psir prestige
2026-10-06,c:central:villeta,Villeta,active_sale,,219,219,remax infocasas uprop cb psir prestige
2026-10-06,c:central:villeta,Villeta,active_rent,,7,7,remax infocasas uprop cb psir prestige
2026-10-06,c:central:villeta,Villeta,asking_price_usd,casa,85600,80,remax infocasas uprop cb psir prestige
2026-10-06,c:central:villeta,Villeta,asking_price_usd,terreno,119243,130,remax infocasas uprop cb psir prestige
2026-10-06,c:central:villeta,Villeta,asking_usd_per_m2_built,casa,705,64,remax infocasas uprop cb psir prestige
2026-10-06,c:central:ita,Itá,active_sale,,205,205,remax infocasas uprop cb psir prestige
2026-10-06,c:central:ita,Itá,active_rent,,3,3,remax infocasas uprop cb psir prestige
2026-10-06,c:central:ita,Itá,asking_price_usd,casa,83383,70,remax infocasas uprop cb psir prestige
2026-10-06,c:central:ita,Itá,asking_price_usd,terreno,79212,128,remax infocasas uprop cb psir prestige
2026-10-06,c:central:ita,Itá,asking_usd_per_m2_built,casa,701,57,remax infocasas uprop cb psir prestige
2026-10-06,c:central:julian-augusto-saldivar,Julián Augusto Saldívar,active_sale,,155,155,remax infocasas uprop cb psir prestige
2026-10-06,c:central:julian-augusto-saldivar,Julián Augusto Saldívar,active_rent,,1,1,remax infocasas uprop cb psir prestige
2026-10-06,c:central:julian-augusto-saldivar,Julián Augusto Saldívar,asking_price_usd,casa,48975,58,remax infocasas uprop cb psir prestige
2026-10-06,c:central:julian-augusto-saldivar,Julián Augusto Saldívar,asking_price_usd,terreno,23849,92,remax infocasas uprop cb psir prestige
2026-10-06,c:central:julian-augusto-saldivar,Julián Augusto Saldívar,asking_usd_per_m2_built,casa,569,52,remax infocasas uprop cb psir prestige
2026-10-06,d:itapua,Itapúa,active_sale,,1551,1551,remax infocasas uprop cb psir prestige
2026-10-06,d:itapua,Itapúa,active_rent,,146,146,remax infocasas uprop cb psir prestige
2026-10-06,d:itapua,Itapúa,asking_price_usd,casa,127761,308,remax infocasas uprop cb psir prestige
2026-10-06,d:itapua,Itapúa,asking_price_usd,departamento,95000,171,remax infocasas uprop cb psir prestige
2026-10-06,d:itapua,Itapúa,asking_price_usd,duplex,97098,32,remax infocasas uprop cb psir prestige
2026-10-06,d:itapua,Itapúa,asking_price_usd,terreno,34070,879,remax infocasas uprop cb psir prestige
2026-10-06,d:itapua,Itapúa,asking_usd_per_m2_built,casa,706,266,remax infocasas uprop cb psir prestige
2026-10-06,d:itapua,Itapúa,asking_usd_per_m2_built,departamento,1290,39,remax infocasas uprop cb psir prestige
2026-10-06,d:itapua,Itapúa,asking_rent_usd_month,departamento,451,58,remax infocasas uprop cb psir prestige
2026-10-06,d:itapua,Itapúa,asking_rent_usd_month,casa,943,26,remax infocasas uprop cb psir prestige
2026-10-06,c:itapua:encarnacion,Encarnación,active_sale,,770,770,remax infocasas uprop cb psir prestige
2026-10-06,c:itapua:encarnacion,Encarnación,active_rent,,107,107,remax infocasas uprop cb psir prestige
2026-10-06,c:itapua:encarnacion,Encarnación,asking_price_usd,casa,140000,160,remax infocasas uprop cb psir prestige
2026-10-06,c:itapua:encarnacion,Encarnación,asking_price_usd,departamento,95000,169,remax infocasas uprop cb psir prestige
2026-10-06,c:itapua:encarnacion,Encarnación,asking_price_usd,duplex,97098,24,remax infocasas uprop cb psir prestige
2026-10-06,c:itapua:encarnacion,Encarnación,asking_price_usd,terreno,50593,336,remax infocasas uprop cb psir prestige
2026-10-06,c:itapua:encarnacion,Encarnación,asking_usd_per_m2_built,casa,686,139,remax infocasas uprop cb psir prestige
2026-10-06,c:itapua:encarnacion,Encarnación,asking_usd_per_m2_built,departamento,1290,39,remax infocasas uprop cb psir prestige
2026-10-06,c:itapua:encarnacion,Encarnación,asking_rent_usd_month,departamento,426,54,remax infocasas uprop cb psir prestige
2026-10-06,c:itapua:san-juan-del-parana,San Juan del Paraná,active_sale,,159,159,remax infocasas uprop cb psir prestige
2026-10-06,c:itapua:san-juan-del-parana,San Juan del Paraná,active_rent,,4,4,remax infocasas uprop cb psir prestige
2026-10-06,c:itapua:san-juan-del-parana,San Juan del Paraná,asking_price_usd,casa,124539,23,remax infocasas uprop cb psir prestige
2026-10-06,c:itapua:san-juan-del-parana,San Juan del Paraná,asking_price_usd,terreno,14480,121,remax infocasas uprop cb psir prestige
2026-10-06,c:itapua:san-juan-del-parana,San Juan del Paraná,asking_usd_per_m2_built,casa,1099,21,remax infocasas uprop cb psir prestige
2026-10-06,c:itapua:capitan-miranda,Capitán Miranda,active_sale,,109,109,remax infocasas uprop cb psir prestige
2026-10-06,c:itapua:capitan-miranda,Capitán Miranda,active_rent,,14,14,remax infocasas uprop cb psir prestige
2026-10-06,c:itapua:capitan-miranda,Capitán Miranda,asking_price_usd,terreno,21038,93,remax infocasas uprop cb psir prestige
2026-10-06,d:cordillera,Cordillera,active_sale,,948,948,remax infocasas uprop cb psir prestige
2026-10-06,d:cordillera,Cordillera,active_rent,,51,51,remax infocasas uprop cb psir prestige
2026-10-06,d:cordillera,Cordillera,asking_price_usd,casa,190000,195,remax infocasas uprop cb psir prestige
2026-10-06,d:cordillera,Cordillera,asking_price_usd,departamento,239501,25,remax infocasas uprop cb psir prestige
2026-10-06,d:cordillera,Cordillera,asking_price_usd,terreno,47697,651,remax infocasas uprop cb psir prestige
2026-10-06,d:cordillera,Cordillera,asking_usd_per_m2_built,casa,885,158,remax infocasas uprop cb psir prestige
2026-10-06,d:cordillera,Cordillera,asking_rent_usd_month,casa,1576,34,remax infocasas uprop cb psir prestige
2026-10-06,c:cordillera:san-bernardino,San Bernardino,active_sale,,396,396,remax infocasas uprop cb psir prestige
2026-10-06,c:cordillera:san-bernardino,San Bernardino,active_rent,,29,29,remax infocasas uprop cb psir prestige
2026-10-06,c:cordillera:san-bernardino,San Bernardino,asking_price_usd,casa,220000,99,remax infocasas uprop cb psir prestige
2026-10-06,c:cordillera:san-bernardino,San Bernardino,asking_price_usd,terreno,61163,276,remax infocasas uprop cb psir prestige
2026-10-06,c:cordillera:san-bernardino,San Bernardino,asking_usd_per_m2_built,casa,961,86,remax infocasas uprop cb psir prestige
2026-10-06,c:cordillera:san-bernardino,San Bernardino,asking_rent_usd_month,casa,1686,24,remax infocasas uprop cb psir prestige
2026-10-06,c:cordillera:caacupe,Caacupé,active_sale,,163,163,remax infocasas uprop cb psir prestige
2026-10-06,c:cordillera:caacupe,Caacupé,active_rent,,7,7,remax infocasas uprop cb psir prestige
2026-10-06,c:cordillera:caacupe,Caacupé,asking_price_usd,casa,83470,33,remax infocasas uprop cb psir prestige
2026-10-06,c:cordillera:caacupe,Caacupé,asking_price_usd,terreno,17035,113,remax infocasas uprop cb psir prestige
2026-10-06,c:cordillera:caacupe,Caacupé,asking_usd_per_m2_built,casa,466,26,remax infocasas uprop cb psir prestige
2026-10-06,c:cordillera:altos,Altos,active_sale,,133,133,remax infocasas uprop cb psir prestige
2026-10-06,c:cordillera:altos,Altos,active_rent,,8,8,remax infocasas uprop cb psir prestige
2026-10-06,c:cordillera:altos,Altos,asking_price_usd,casa,255950,23,remax infocasas uprop cb psir prestige
2026-10-06,c:cordillera:altos,Altos,asking_price_usd,terreno,42314,95,remax infocasas uprop cb psir prestige
2026-10-06,c:cordillera:altos,Altos,asking_usd_per_m2_built,casa,1075,20,remax infocasas uprop cb psir prestige
2026-10-06,d:alto-parana,Alto Paraná,active_sale,,919,919,remax infocasas uprop cb psir prestige
2026-10-06,d:alto-parana,Alto Paraná,active_rent,,73,73,remax infocasas uprop cb psir prestige
2026-10-06,d:alto-parana,Alto Paraná,asking_price_usd,casa,123825,236,remax infocasas uprop cb psir prestige
2026-10-06,d:alto-parana,Alto Paraná,asking_price_usd,departamento,89000,88,remax infocasas uprop cb psir prestige
2026-10-06,d:alto-parana,Alto Paraná,asking_price_usd,terreno,66436,468,remax infocasas uprop cb psir prestige
2026-10-06,d:alto-parana,Alto Paraná,asking_usd_per_m2_built,casa,733,211,remax infocasas uprop cb psir prestige
2026-10-06,d:alto-parana,Alto Paraná,asking_usd_per_m2_built,departamento,1481,30,remax infocasas uprop cb psir prestige
2026-10-06,c:alto-parana:ciudad-del-este,Ciudad del Este,active_sale,,410,410,remax infocasas uprop cb psir prestige
2026-10-06,c:alto-parana:ciudad-del-este,Ciudad del Este,active_rent,,40,40,remax infocasas uprop cb psir prestige
2026-10-06,c:alto-parana:ciudad-del-este,Ciudad del Este,asking_price_usd,casa,136278,104,remax infocasas uprop cb psir prestige
2026-10-06,c:alto-parana:ciudad-del-este,Ciudad del Este,asking_price_usd,departamento,88999,76,remax infocasas uprop cb psir prestige
2026-10-06,c:alto-parana:ciudad-del-este,Ciudad del Este,asking_price_usd,terreno,85000,179,remax infocasas uprop cb psir prestige
2026-10-06,c:alto-parana:ciudad-del-este,Ciudad del Este,asking_usd_per_m2_built,casa,750,95,remax infocasas uprop cb psir prestige
2026-10-06,c:alto-parana:ciudad-del-este,Ciudad del Este,asking_usd_per_m2_built,departamento,1599,27,remax infocasas uprop cb psir prestige
2026-10-06,c:alto-parana:hernandarias,Hernandarias,active_sale,,157,157,remax infocasas uprop cb psir prestige
2026-10-06,c:alto-parana:hernandarias,Hernandarias,active_rent,,9,9,remax infocasas uprop cb psir prestige
2026-10-06,c:alto-parana:hernandarias,Hernandarias,asking_price_usd,casa,110726,53,remax infocasas uprop cb psir prestige
2026-10-06,c:alto-parana:hernandarias,Hernandarias,asking_price_usd,terreno,50253,85,remax infocasas uprop cb psir prestige
2026-10-06,c:alto-parana:hernandarias,Hernandarias,asking_usd_per_m2_built,casa,568,47,remax infocasas uprop cb psir prestige
2026-10-06,c:alto-parana:minga-guazu,Minga Guazú,active_sale,,106,106,remax infocasas uprop cb psir prestige
2026-10-06,c:alto-parana:minga-guazu,Minga Guazú,active_rent,,2,2,remax infocasas uprop cb psir prestige
2026-10-06,c:alto-parana:minga-guazu,Minga Guazú,asking_price_usd,terreno,25552,85,remax infocasas uprop cb psir prestige
2026-10-06,d:boqueron,Boquerón,active_sale,,155,155,remax infocasas uprop cb psir prestige
2026-10-06,d:boqueron,Boquerón,active_rent,,34,34,remax infocasas uprop cb psir prestige
2026-10-06,d:boqueron,Boquerón,asking_price_usd,casa,69246,22,remax infocasas uprop cb psir prestige
2026-10-06,d:boqueron,Boquerón,asking_price_usd,terreno,14674,118,remax infocasas uprop cb psir prestige
2026-10-06,d:presidente-hayes,Presidente Hayes,active_sale,,173,173,remax infocasas uprop cb psir prestige
2026-10-06,d:presidente-hayes,Presidente Hayes,active_rent,,0,0,remax infocasas uprop cb psir prestige
2026-10-06,d:presidente-hayes,Presidente Hayes,asking_price_usd,terreno,90162,138,remax infocasas uprop cb psir prestige
2026-10-06,c:presidente-hayes:villa-hayes,Villa Hayes,active_sale,,101,101,remax infocasas uprop cb psir prestige
2026-10-06,c:presidente-hayes:villa-hayes,Villa Hayes,active_rent,,0,0,remax infocasas uprop cb psir prestige
2026-10-06,c:presidente-hayes:villa-hayes,Villa Hayes,asking_price_usd,terreno,106006,82,remax infocasas uprop cb psir prestige
2026-10-06,d:paraguari,Paraguarí,active_sale,,107,107,remax infocasas uprop cb psir prestige
2026-10-06,d:paraguari,Paraguarí,active_rent,,2,2,remax infocasas uprop cb psir prestige
2026-10-06,d:paraguari,Paraguarí,asking_price_usd,terreno,42587,65,remax infocasas uprop cb psir prestige
2026-10-06,d:caaguazu,Caaguazú,active_sale,,68,68,remax infocasas uprop cb psir prestige
2026-10-06,d:caaguazu,Caaguazú,active_rent,,2,2,remax infocasas uprop cb psir prestige
2026-10-06,d:caaguazu,Caaguazú,asking_price_usd,terreno,69921,44,remax infocasas uprop cb psir prestige
2026-10-06,d:misiones,Misiones,active_sale,,63,63,remax infocasas uprop cb psir prestige
2026-10-06,d:misiones,Misiones,active_rent,,3,3,remax infocasas uprop cb psir prestige
2026-10-06,d:misiones,Misiones,asking_price_usd,terreno,32366,36,remax infocasas uprop cb psir prestige
2026-10-06,d:guaira,Guairá,active_sale,,37,37,remax infocasas uprop cb psir prestige
2026-10-06,d:guaira,Guairá,active_rent,,2,2,remax infocasas uprop cb psir prestige
2026-10-06,d:guaira,Guairá,asking_price_usd,terreno,24519,26,remax infocasas uprop cb psir prestige
2026-10-06,d:san-pedro,San Pedro,active_sale,,34,34,remax infocasas uprop cb psir prestige
2026-10-06,d:san-pedro,San Pedro,active_rent,,0,0,remax infocasas uprop cb psir prestige
2026-10-06,d:san-pedro,San Pedro,asking_price_usd,terreno,136278,26,remax infocasas uprop cb psir prestige
2026-10-06,d:caazapa,Caazapá,active_sale,,21,21,remax infocasas uprop cb psir prestige
2026-10-06,d:caazapa,Caazapá,active_rent,,6,6,remax infocasas uprop cb psir prestige
2026-10-06,d:canindeyu,Canindeyú,active_sale,,19,19,remax infocasas uprop cb psir prestige
2026-10-06,d:canindeyu,Canindeyú,active_rent,,1,1,remax infocasas uprop cb psir prestige
2026-10-06,d:concepcion,Concepción,active_sale,,20,20,remax infocasas uprop cb psir prestige
2026-10-06,d:concepcion,Concepción,active_rent,,0,0,remax infocasas uprop cb psir prestige
2026-10-06,d:neembucu,Ñeembucú,active_sale,,19,19,remax infocasas uprop cb psir prestige
2026-10-06,d:neembucu,Ñeembucú,active_rent,,0,0,remax infocasas uprop cb psir prestige
2026-10-06,d:amambay,Amambay,active_sale,,13,13,remax infocasas uprop cb psir prestige
2026-10-06,d:amambay,Amambay,active_rent,,0,0,remax infocasas uprop cb psir prestige
2026-10-06,d:alto-paraguay,Alto Paraguay,active_sale,,10,10,remax infocasas uprop cb psir prestige
2026-10-06,d:alto-paraguay,Alto Paraguay,active_rent,,0,0,remax infocasas uprop cb psir prestige
2026-10-07,py,Paraguay,active_sale,,21967,21967,remax infocasas uprop cb psir prestige
2026-10-07,py,Paraguay,active_rent,,5114,5114,remax infocasas uprop cb psir prestige
2026-10-07,py,Paraguay,asking_price_usd,casa,155000,7911,remax infocasas uprop cb psir prestige
2026-10-07,py,Paraguay,asking_price_usd,departamento,104045,5143,remax infocasas uprop cb psir prestige
2026-10-07,py,Paraguay,asking_price_usd,duplex,121685,263,remax infocasas uprop cb psir prestige
2026-10-07,py,Paraguay,asking_price_usd,terreno,65127,7384,remax infocasas uprop cb psir prestige
2026-10-07,py,Paraguay,asking_usd_per_m2_built,casa,833,6376,remax infocasas uprop cb psir prestige
2026-10-07,py,Paraguay,asking_usd_per_m2_built,departamento,1735,2504,remax infocasas uprop cb psir prestige
2026-10-07,py,Paraguay,asking_rent_usd_month,departamento,943,2792,remax infocasas uprop cb psir prestige
2026-10-07,py,Paraguay,asking_rent_usd_month,casa,2057,1542,remax infocasas uprop cb psir prestige
2026-10-07,d:asuncion,Asunción,active_sale,,8577,8577,remax infocasas uprop cb psir prestige
2026-10-07,d:asuncion,Asunción,active_rent,,4044,4044,remax infocasas uprop cb psir prestige
2026-10-07,d:asuncion,Asunción,asking_price_usd,casa,280000,3250,remax infocasas uprop cb psir prestige
2026-10-07,d:asuncion,Asunción,asking_price_usd,departamento,111402,4071,remax infocasas uprop cb psir prestige
2026-10-07,d:asuncion,Asunción,asking_price_usd,duplex,191763,34,remax infocasas uprop cb psir prestige
2026-10-07,d:asuncion,Asunción,asking_price_usd,terreno,205665,820,remax infocasas uprop cb psir prestige
2026-10-07,d:asuncion,Asunción,asking_usd_per_m2_built,casa,1000,2647,remax infocasas uprop cb psir prestige
2026-10-07,d:asuncion,Asunción,asking_usd_per_m2_built,departamento,1785,2184,remax infocasas uprop cb psir prestige
2026-10-07,d:asuncion,Asunción,asking_rent_usd_month,departamento,994,2484,remax infocasas uprop cb psir prestige
2026-10-07,d:asuncion,Asunción,asking_rent_usd_month,casa,2228,1305,remax infocasas uprop cb psir prestige
2026-10-07,d:central,Central,active_sale,,9042,9042,remax infocasas uprop cb psir prestige
2026-10-07,d:central,Central,active_rent,,737,737,remax infocasas uprop cb psir prestige
2026-10-07,d:central,Central,asking_price_usd,casa,102832,3770,remax infocasas uprop cb psir prestige
2026-10-07,d:central,Central,asking_price_usd,departamento,77000,769,remax infocasas uprop cb psir prestige
2026-10-07,d:central,Central,asking_price_usd,duplex,117057,189,remax infocasas uprop cb psir prestige
2026-10-07,d:central,Central,asking_price_usd,terreno,63413,3958,remax infocasas uprop cb psir prestige
2026-10-07,d:central,Central,asking_usd_per_m2_built,casa,745,2991,remax infocasas uprop cb psir prestige
2026-10-07,d:central,Central,asking_usd_per_m2_built,departamento,1279,235,remax infocasas uprop cb psir prestige
2026-10-07,d:central,Central,asking_rent_usd_month,departamento,583,243,remax infocasas uprop cb psir prestige
2026-10-07,d:central,Central,asking_rent_usd_month,casa,686,141,remax infocasas uprop cb psir prestige
2026-10-07,c:central:luque,Luque,active_sale,,1875,1875,remax infocasas uprop cb psir prestige
2026-10-07,c:central:luque,Luque,active_rent,,159,159,remax infocasas uprop cb psir prestige
2026-10-07,c:central:luque,Luque,asking_price_usd,casa,110459,800,remax infocasas uprop cb psir prestige
2026-10-07,c:central:luque,Luque,asking_price_usd,departamento,82000,301,remax infocasas uprop cb psir prestige
2026-10-07,c:central:luque,Luque,asking_price_usd,duplex,129270,68,remax infocasas uprop cb psir prestige
2026-10-07,c:central:luque,Luque,asking_price_usd,terreno,77124,654,remax infocasas uprop cb psir prestige
2026-10-07,c:central:luque,Luque,asking_usd_per_m2_built,casa,906,596,remax infocasas uprop cb psir prestige
2026-10-07,c:central:luque,Luque,asking_usd_per_m2_built,departamento,1304,73,remax infocasas uprop cb psir prestige
2026-10-07,c:central:luque,Luque,asking_rent_usd_month,departamento,651,75,remax infocasas uprop cb psir prestige
2026-10-07,c:central:luque,Luque,asking_rent_usd_month,casa,686,40,remax infocasas uprop cb psir prestige
2026-10-07,c:central:san-lorenzo,San Lorenzo,active_sale,,784,784,remax infocasas uprop cb psir prestige
2026-10-07,c:central:san-lorenzo,San Lorenzo,active_rent,,162,162,remax infocasas uprop cb psir prestige
2026-10-07,c:central:san-lorenzo,San Lorenzo,asking_price_usd,casa,124256,371,remax infocasas uprop cb psir prestige
2026-10-07,c:central:san-lorenzo,San Lorenzo,asking_price_usd,departamento,51497,59,remax infocasas uprop cb psir prestige
2026-10-07,c:central:san-lorenzo,San Lorenzo,asking_price_usd,duplex,122542,32,remax infocasas uprop cb psir prestige
2026-10-07,c:central:san-lorenzo,San Lorenzo,asking_price_usd,terreno,85694,260,remax infocasas uprop cb psir prestige
2026-10-07,c:central:san-lorenzo,San Lorenzo,asking_usd_per_m2_built,casa,788,275,remax infocasas uprop cb psir prestige
2026-10-07,c:central:san-lorenzo,San Lorenzo,asking_rent_usd_month,departamento,343,54,remax infocasas uprop cb psir prestige
2026-10-07,c:central:lambare,Lambaré,active_sale,,731,731,remax infocasas uprop cb psir prestige
2026-10-07,c:central:lambare,Lambaré,active_rent,,85,85,remax infocasas uprop cb psir prestige
2026-10-07,c:central:lambare,Lambaré,asking_price_usd,casa,161104,352,remax infocasas uprop cb psir prestige
2026-10-07,c:central:lambare,Lambaré,asking_price_usd,departamento,87000,81,remax infocasas uprop cb psir prestige
2026-10-07,c:central:lambare,Lambaré,asking_price_usd,duplex,119628,31,remax infocasas uprop cb psir prestige
2026-10-07,c:central:lambare,Lambaré,asking_price_usd,terreno,94263,238,remax infocasas uprop cb psir prestige
2026-10-07,c:central:lambare,Lambaré,asking_usd_per_m2_built,casa,762,267,remax infocasas uprop cb psir prestige
2026-10-07,c:central:lambare,Lambaré,asking_usd_per_m2_built,departamento,1238,36,remax infocasas uprop cb psir prestige
2026-10-07,c:central:lambare,Lambaré,asking_rent_usd_month,departamento,600,42,remax infocasas uprop cb psir prestige
2026-10-07,c:central:fernando-de-la-mora,Fernando de la Mora,active_sale,,672,672,remax infocasas uprop cb psir prestige
2026-10-07,c:central:fernando-de-la-mora,Fernando de la Mora,active_rent,,143,143,remax infocasas uprop cb psir prestige
2026-10-07,c:central:fernando-de-la-mora,Fernando de la Mora,asking_price_usd,casa,167102,276,remax infocasas uprop cb psir prestige
2026-10-07,c:central:fernando-de-la-mora,Fernando de la Mora,asking_price_usd,departamento,70810,161,remax infocasas uprop cb psir prestige
2026-10-07,c:central:fernando-de-la-mora,Fernando de la Mora,asking_price_usd,terreno,128540,185,remax infocasas uprop cb psir prestige
2026-10-07,c:central:fernando-de-la-mora,Fernando de la Mora,asking_usd_per_m2_built,casa,838,211,remax infocasas uprop cb psir prestige
2026-10-07,c:central:fernando-de-la-mora,Fernando de la Mora,asking_usd_per_m2_built,departamento,1158,58,remax infocasas uprop cb psir prestige
2026-10-07,c:central:fernando-de-la-mora,Fernando de la Mora,asking_rent_usd_month,departamento,604,44,remax infocasas uprop cb psir prestige
2026-10-07,c:central:fernando-de-la-mora,Fernando de la Mora,asking_rent_usd_month,casa,943,22,remax infocasas uprop cb psir prestige
2026-10-07,c:central:capiata,Capiatá,active_sale,,608,608,remax infocasas uprop cb psir prestige
2026-10-07,c:central:capiata,Capiatá,active_rent,,26,26,remax infocasas uprop cb psir prestige
2026-10-07,c:central:capiata,Capiatá,asking_price_usd,casa,63413,295,remax infocasas uprop cb psir prestige
2026-10-07,c:central:capiata,Capiatá,asking_price_usd,terreno,37705,273,remax infocasas uprop cb psir prestige
2026-10-07,c:central:capiata,Capiatá,asking_usd_per_m2_built,casa,621,247,remax infocasas uprop cb psir prestige
2026-10-07,c:central:nemby,Ñemby,active_sale,,518,518,remax infocasas uprop cb psir prestige
2026-10-07,c:central:nemby,Ñemby,active_rent,,35,35,remax infocasas uprop cb psir prestige
2026-10-07,c:central:nemby,Ñemby,asking_price_usd,casa,73268,260,remax infocasas uprop cb psir prestige
2026-10-07,c:central:nemby,Ñemby,asking_price_usd,terreno,54844,227,remax infocasas uprop cb psir prestige
2026-10-07,c:central:nemby,Ñemby,asking_usd_per_m2_built,casa,657,233,remax infocasas uprop cb psir prestige
2026-10-07,c:central:mariano-roque-alonso,Mariano Roque Alonso,active_sale,,480,480,remax infocasas uprop cb psir prestige
2026-10-07,c:central:mariano-roque-alonso,Mariano Roque Alonso,active_rent,,38,38,remax infocasas uprop cb psir prestige
2026-10-07,c:central:mariano-roque-alonso,Mariano Roque Alonso,asking_price_usd,casa,130254,144,remax infocasas uprop cb psir prestige
2026-10-07,c:central:mariano-roque-alonso,Mariano Roque Alonso,asking_price_usd,departamento,59704,88,remax infocasas uprop cb psir prestige
2026-10-07,c:central:mariano-roque-alonso,Mariano Roque Alonso,asking_price_usd,terreno,95000,200,remax infocasas uprop cb psir prestige
2026-10-07,c:central:mariano-roque-alonso,Mariano Roque Alonso,asking_usd_per_m2_built,casa,707,111,remax infocasas uprop cb psir prestige
2026-10-07,c:central:limpio,Limpio,active_sale,,470,470,remax infocasas uprop cb psir prestige
2026-10-07,c:central:limpio,Limpio,active_rent,,9,9,remax infocasas uprop cb psir prestige
2026-10-07,c:central:limpio,Limpio,asking_price_usd,casa,63413,199,remax infocasas uprop cb psir prestige
2026-10-07,c:central:limpio,Limpio,asking_price_usd,departamento,60692,26,remax infocasas uprop cb psir prestige
2026-10-07,c:central:limpio,Limpio,asking_price_usd,terreno,37071,215,remax infocasas uprop cb psir prestige
2026-10-07,c:central:limpio,Limpio,asking_usd_per_m2_built,casa,659,166,remax infocasas uprop cb psir prestige
2026-10-07,c:central:villa-elisa,Villa Elisa,active_sale,,450,450,remax infocasas uprop cb psir prestige
2026-10-07,c:central:villa-elisa,Villa Elisa,active_rent,,18,18,remax infocasas uprop cb psir prestige
2026-10-07,c:central:villa-elisa,Villa Elisa,asking_price_usd,casa,98976,258,remax infocasas uprop cb psir prestige
2026-10-07,c:central:villa-elisa,Villa Elisa,asking_price_usd,terreno,59985,167,remax infocasas uprop cb psir prestige
2026-10-07,c:central:villa-elisa,Villa Elisa,asking_usd_per_m2_built,casa,723,204,remax infocasas uprop cb psir prestige
2026-10-07,c:central:aregua,Areguá,active_sale,,384,384,remax infocasas uprop cb psir prestige
2026-10-07,c:central:aregua,Areguá,active_rent,,3,3,remax infocasas uprop cb psir prestige
2026-10-07,c:central:aregua,Areguá,asking_price_usd,casa,101975,157,remax infocasas uprop cb psir prestige
2026-10-07,c:central:aregua,Areguá,asking_price_usd,terreno,34277,215,remax infocasas uprop cb psir prestige
2026-10-07,c:central:aregua,Areguá,asking_usd_per_m2_built,casa,686,127,remax infocasas uprop cb psir prestige
2026-10-07,c:central:itaugua,Itauguá,active_sale,,379,379,remax infocasas uprop cb psir prestige
2026-10-07,c:central:itaugua,Itauguá,active_rent,,20,20,remax infocasas uprop cb psir prestige
2026-10-07,c:central:itaugua,Itauguá,asking_price_usd,casa,74553,131,remax infocasas uprop cb psir prestige
2026-10-07,c:central:itaugua,Itauguá,asking_price_usd,terreno,27422,229,remax infocasas uprop cb psir prestige
2026-10-07,c:central:itaugua,Itauguá,asking_usd_per_m2_built,casa,571,118,remax infocasas uprop cb psir prestige
2026-10-07,c:central:ypane,Ypané,active_sale,,303,303,remax infocasas uprop cb psir prestige
2026-10-07,c:central:ypane,Ypané,active_rent,,7,7,remax infocasas uprop cb psir prestige
2026-10-07,c:central:ypane,Ypané,asking_price_usd,casa,73696,86,remax infocasas uprop cb psir prestige
2026-10-07,c:central:ypane,Ypané,asking_price_usd,terreno,29136,213,remax infocasas uprop cb psir prestige
2026-10-07,c:central:ypane,Ypané,asking_usd_per_m2_built,casa,533,75,remax infocasas uprop cb psir prestige
2026-10-07,c:central:ypacarai,Ypacaraí,active_sale,,274,274,remax infocasas uprop cb psir prestige
2026-10-07,c:central:ypacarai,Ypacaraí,active_rent,,3,3,remax infocasas uprop cb psir prestige
2026-10-07,c:central:ypacarai,Ypacaraí,asking_price_usd,casa,99405,69,remax infocasas uprop cb psir prestige
2026-10-07,c:central:ypacarai,Ypacaraí,asking_price_usd,terreno,41561,200,remax infocasas uprop cb psir prestige
2026-10-07,c:central:ypacarai,Ypacaraí,asking_usd_per_m2_built,casa,589,62,remax infocasas uprop cb psir prestige
2026-10-07,c:central:villeta,Villeta,active_sale,,217,217,remax infocasas uprop cb psir prestige
2026-10-07,c:central:villeta,Villeta,active_rent,,7,7,remax infocasas uprop cb psir prestige
2026-10-07,c:central:villeta,Villeta,asking_price_usd,casa,87407,83,remax infocasas uprop cb psir prestige
2026-10-07,c:central:villeta,Villeta,asking_price_usd,terreno,119971,125,remax infocasas uprop cb psir prestige
2026-10-07,c:central:villeta,Villeta,asking_usd_per_m2_built,casa,735,67,remax infocasas uprop cb psir prestige
2026-10-07,c:central:ita,Itá,active_sale,,202,202,remax infocasas uprop cb psir prestige
2026-10-07,c:central:ita,Itá,active_rent,,3,3,remax infocasas uprop cb psir prestige
2026-10-07,c:central:ita,Itá,asking_price_usd,casa,77124,68,remax infocasas uprop cb psir prestige
2026-10-07,c:central:ita,Itá,asking_price_usd,terreno,82266,127,remax infocasas uprop cb psir prestige
2026-10-07,c:central:ita,Itá,asking_usd_per_m2_built,casa,671,56,remax infocasas uprop cb psir prestige
2026-10-07,c:central:san-antonio,San Antonio,active_sale,,169,169,remax infocasas uprop cb psir prestige
2026-10-07,c:central:san-antonio,San Antonio,active_rent,,7,7,remax infocasas uprop cb psir prestige
2026-10-07,c:central:san-antonio,San Antonio,asking_price_usd,casa,80552,82,remax infocasas uprop cb psir prestige
2026-10-07,c:central:san-antonio,San Antonio,asking_price_usd,terreno,58100,82,remax infocasas uprop cb psir prestige
2026-10-07,c:central:san-antonio,San Antonio,asking_usd_per_m2_built,casa,671,76,remax infocasas uprop cb psir prestige
2026-10-07,c:central:julian-augusto-saldivar,Julián Augusto Saldívar,active_sale,,151,151,remax infocasas uprop cb psir prestige
2026-10-07,c:central:julian-augusto-saldivar,Julián Augusto Saldívar,active_rent,,1,1,remax infocasas uprop cb psir prestige
2026-10-07,c:central:julian-augusto-saldivar,Julián Augusto Saldívar,asking_price_usd,casa,49274,56,remax infocasas uprop cb psir prestige
2026-10-07,c:central:julian-augusto-saldivar,Julián Augusto Saldívar,asking_price_usd,terreno,23994,90,remax infocasas uprop cb psir prestige
2026-10-07,c:central:julian-augusto-saldivar,Julián Augusto Saldívar,asking_usd_per_m2_built,casa,579,51,remax infocasas uprop cb psir prestige
2026-10-07,d:itapua,Itapúa,active_sale,,1548,1548,remax infocasas uprop cb psir prestige
2026-10-07,d:itapua,Itapúa,active_rent,,146,146,remax infocasas uprop cb psir prestige
2026-10-07,d:itapua,Itapúa,asking_price_usd,casa,128540,305,remax infocasas uprop cb psir prestige
2026-10-07,d:itapua,Itapúa,asking_price_usd,departamento,94000,172,remax infocasas uprop cb psir prestige
2026-10-07,d:itapua,Itapúa,asking_price_usd,duplex,97691,32,remax infocasas uprop cb psir prestige
2026-10-07,d:itapua,Itapúa,asking_price_usd,terreno,34277,878,remax infocasas uprop cb psir prestige
2026-10-07,d:itapua,Itapúa,asking_usd_per_m2_built,casa,694,265,remax infocasas uprop cb psir prestige
2026-10-07,d:itapua,Itapúa,asking_usd_per_m2_built,departamento,1290,39,remax infocasas uprop cb psir prestige
2026-10-07,d:itapua,Itapúa,asking_rent_usd_month,departamento,454,58,remax infocasas uprop cb psir prestige
2026-10-07,d:itapua,Itapúa,asking_rent_usd_month,casa,946,26,remax infocasas uprop cb psir prestige
2026-10-07,c:itapua:encarnacion,Encarnación,active_sale,,767,767,remax infocasas uprop cb psir prestige
2026-10-07,c:itapua:encarnacion,Encarnación,active_rent,,107,107,remax infocasas uprop cb psir prestige
2026-10-07,c:itapua:encarnacion,Encarnación,asking_price_usd,casa,137110,159,remax infocasas uprop cb psir prestige
2026-10-07,c:itapua:encarnacion,Encarnación,asking_price_usd,departamento,94000,170,remax infocasas uprop cb psir prestige
2026-10-07,c:itapua:encarnacion,Encarnación,asking_price_usd,duplex,97691,24,remax infocasas uprop cb psir prestige
2026-10-07,c:itapua:encarnacion,Encarnación,asking_price_usd,terreno,51073,333,remax infocasas uprop cb psir prestige
2026-10-07,c:itapua:encarnacion,Encarnación,asking_usd_per_m2_built,casa,686,139,remax infocasas uprop cb psir prestige
2026-10-07,c:itapua:encarnacion,Encarnación,asking_usd_per_m2_built,departamento,1290,39,remax infocasas uprop cb psir prestige
2026-10-07,c:itapua:encarnacion,Encarnación,asking_rent_usd_month,departamento,428,54,remax infocasas uprop cb psir prestige
2026-10-07,c:itapua:san-juan-del-parana,San Juan del Paraná,active_sale,,161,161,remax infocasas uprop cb psir prestige
2026-10-07,c:itapua:san-juan-del-parana,San Juan del Paraná,active_rent,,4,4,remax infocasas uprop cb psir prestige
2026-10-07,c:itapua:san-juan-del-parana,San Juan del Paraná,asking_price_usd,casa,125299,23,remax infocasas uprop cb psir prestige
2026-10-07,c:itapua:san-juan-del-parana,San Juan del Paraná,asking_price_usd,terreno,14568,123,remax infocasas uprop cb psir prestige
2026-10-07,c:itapua:san-juan-del-parana,San Juan del Paraná,asking_usd_per_m2_built,casa,1099,21,remax infocasas uprop cb psir prestige
2026-10-07,c:itapua:capitan-miranda,Capitán Miranda,active_sale,,110,110,remax infocasas uprop cb psir prestige
2026-10-07,c:itapua:capitan-miranda,Capitán Miranda,active_rent,,14,14,remax infocasas uprop cb psir prestige
2026-10-07,c:itapua:capitan-miranda,Capitán Miranda,asking_price_usd,terreno,21166,93,remax infocasas uprop cb psir prestige
2026-10-07,d:cordillera,Cordillera,active_sale,,948,948,remax infocasas uprop cb psir prestige
2026-10-07,d:cordillera,Cordillera,active_rent,,51,51,remax infocasas uprop cb psir prestige
2026-10-07,d:cordillera,Cordillera,asking_price_usd,casa,190000,195,remax infocasas uprop cb psir prestige
2026-10-07,d:cordillera,Cordillera,asking_price_usd,departamento,239501,25,remax infocasas uprop cb psir prestige
2026-10-07,d:cordillera,Cordillera,asking_price_usd,terreno,47988,651,remax infocasas uprop cb psir prestige
2026-10-07,d:cordillera,Cordillera,asking_usd_per_m2_built,casa,885,158,remax infocasas uprop cb psir prestige
2026-10-07,d:cordillera,Cordillera,asking_rent_usd_month,casa,1585,34,remax infocasas uprop cb psir prestige
2026-10-07,c:cordillera:san-bernardino,San Bernardino,active_sale,,395,395,remax infocasas uprop cb psir prestige
2026-10-07,c:cordillera:san-bernardino,San Bernardino,active_rent,,29,29,remax infocasas uprop cb psir prestige
2026-10-07,c:cordillera:san-bernardino,San Bernardino,asking_price_usd,casa,221089,99,remax infocasas uprop cb psir prestige
2026-10-07,c:cordillera:san-bernardino,San Bernardino,asking_price_usd,terreno,61660,275,remax infocasas uprop cb psir prestige
2026-10-07,c:cordillera:san-bernardino,San Bernardino,asking_usd_per_m2_built,casa,964,86,remax infocasas uprop cb psir prestige
2026-10-07,c:cordillera:san-bernardino,San Bernardino,asking_rent_usd_month,casa,1697,24,remax infocasas uprop cb psir prestige
2026-10-07,c:cordillera:caacupe,Caacupé,active_sale,,163,163,remax infocasas uprop cb psir prestige
2026-10-07,c:cordillera:caacupe,Caacupé,active_rent,,7,7,remax infocasas uprop cb psir prestige
2026-10-07,c:cordillera:caacupe,Caacupé,asking_price_usd,casa,83980,33,remax infocasas uprop cb psir prestige
2026-10-07,c:cordillera:caacupe,Caacupé,asking_price_usd,terreno,17139,113,remax infocasas uprop cb psir prestige
2026-10-07,c:cordillera:caacupe,Caacupé,asking_usd_per_m2_built,casa,468,26,remax infocasas uprop cb psir prestige
2026-10-07,c:cordillera:altos,Altos,active_sale,,134,134,remax infocasas uprop cb psir prestige
2026-10-07,c:cordillera:altos,Altos,active_rent,,8,8,remax infocasas uprop cb psir prestige
2026-10-07,c:cordillera:altos,Altos,asking_price_usd,casa,255950,23,remax infocasas uprop cb psir prestige
2026-10-07,c:cordillera:altos,Altos,asking_price_usd,terreno,46994,96,remax infocasas uprop cb psir prestige
2026-10-07,c:cordillera:altos,Altos,asking_usd_per_m2_built,casa,1075,20,remax infocasas uprop cb psir prestige
2026-10-07,d:alto-parana,Alto Paraná,active_sale,,920,920,remax infocasas uprop cb psir prestige
2026-10-07,d:alto-parana,Alto Paraná,active_rent,,71,71,remax infocasas uprop cb psir prestige
2026-10-07,d:alto-parana,Alto Paraná,asking_price_usd,casa,125000,237,remax infocasas uprop cb psir prestige
2026-10-07,d:alto-parana,Alto Paraná,asking_price_usd,departamento,89000,87,remax infocasas uprop cb psir prestige
2026-10-07,d:alto-parana,Alto Paraná,asking_price_usd,terreno,66412,468,remax infocasas uprop cb psir prestige
2026-10-07,d:alto-parana,Alto Paraná,asking_usd_per_m2_built,casa,740,213,remax infocasas uprop cb psir prestige
2026-10-07,d:alto-parana,Alto Paraná,asking_usd_per_m2_built,departamento,1481,30,remax infocasas uprop cb psir prestige
2026-10-07,c:alto-parana:ciudad-del-este,Ciudad del Este,active_sale,,410,410,remax infocasas uprop cb psir prestige
2026-10-07,c:alto-parana:ciudad-del-este,Ciudad del Este,active_rent,,38,38,remax infocasas uprop cb psir prestige
2026-10-07,c:alto-parana:ciudad-del-este,Ciudad del Este,asking_price_usd,casa,137110,104,remax infocasas uprop cb psir prestige
2026-10-07,c:alto-parana:ciudad-del-este,Ciudad del Este,asking_price_usd,departamento,89000,75,remax infocasas uprop cb psir prestige
2026-10-07,c:alto-parana:ciudad-del-este,Ciudad del Este,asking_price_usd,terreno,85000,180,remax infocasas uprop cb psir prestige
2026-10-07,c:alto-parana:ciudad-del-este,Ciudad del Este,asking_usd_per_m2_built,casa,750,95,remax infocasas uprop cb psir prestige
2026-10-07,c:alto-parana:ciudad-del-este,Ciudad del Este,asking_usd_per_m2_built,departamento,1599,27,remax infocasas uprop cb psir prestige
2026-10-07,c:alto-parana:hernandarias,Hernandarias,active_sale,,157,157,remax infocasas uprop cb psir prestige
2026-10-07,c:alto-parana:hernandarias,Hernandarias,active_rent,,9,9,remax infocasas uprop cb psir prestige
2026-10-07,c:alto-parana:hernandarias,Hernandarias,asking_price_usd,casa,111402,53,remax infocasas uprop cb psir prestige
2026-10-07,c:alto-parana:hernandarias,Hernandarias,asking_price_usd,terreno,50559,85,remax infocasas uprop cb psir prestige
2026-10-07,c:alto-parana:hernandarias,Hernandarias,asking_usd_per_m2_built,casa,571,47,remax infocasas uprop cb psir prestige
2026-10-07,c:alto-parana:minga-guazu,Minga Guazú,active_sale,,106,106,remax infocasas uprop cb psir prestige
2026-10-07,c:alto-parana:minga-guazu,Minga Guazú,active_rent,,2,2,remax infocasas uprop cb psir prestige
2026-10-07,c:alto-parana:minga-guazu,Minga Guazú,asking_price_usd,terreno,25708,85,remax infocasas uprop cb psir prestige
2026-10-07,d:boqueron,Boquerón,active_sale,,155,155,remax infocasas uprop cb psir prestige
2026-10-07,d:boqueron,Boquerón,active_rent,,34,34,remax infocasas uprop cb psir prestige
2026-10-07,d:boqueron,Boquerón,asking_price_usd,casa,69669,22,remax infocasas uprop cb psir prestige
2026-10-07,d:boqueron,Boquerón,asking_price_usd,terreno,14763,118,remax infocasas uprop cb psir prestige
2026-10-07,d:presidente-hayes,Presidente Hayes,active_sale,,173,173,remax infocasas uprop cb psir prestige
2026-10-07,d:presidente-hayes,Presidente Hayes,active_rent,,0,0,remax infocasas uprop cb psir prestige
2026-10-07,d:presidente-hayes,Presidente Hayes,asking_price_usd,terreno,90448,138,remax infocasas uprop cb psir prestige
2026-10-07,c:presidente-hayes:villa-hayes,Villa Hayes,active_sale,,101,101,remax infocasas uprop cb psir prestige
2026-10-07,c:presidente-hayes:villa-hayes,Villa Hayes,active_rent,,0,0,remax infocasas uprop cb psir prestige
2026-10-07,c:presidente-hayes:villa-hayes,Villa Hayes,asking_price_usd,terreno,106006,82,remax infocasas uprop cb psir prestige
2026-10-07,d:paraguari,Paraguarí,active_sale,,107,107,remax infocasas uprop cb psir prestige
2026-10-07,d:paraguari,Paraguarí,active_rent,,2,2,remax infocasas uprop cb psir prestige
2026-10-07,d:paraguari,Paraguarí,asking_price_usd,terreno,42847,66,remax infocasas uprop cb psir prestige
2026-10-07,d:caaguazu,Caaguazú,active_sale,,68,68,remax infocasas uprop cb psir prestige
2026-10-07,d:caaguazu,Caaguazú,active_rent,,2,2,remax infocasas uprop cb psir prestige
2026-10-07,d:caaguazu,Caaguazú,asking_price_usd,terreno,70134,44,remax infocasas uprop cb psir prestige
2026-10-07,d:misiones,Misiones,active_sale,,63,63,remax infocasas uprop cb psir prestige
2026-10-07,d:misiones,Misiones,active_rent,,3,3,remax infocasas uprop cb psir prestige
2026-10-07,d:misiones,Misiones,asking_price_usd,terreno,32564,36,remax infocasas uprop cb psir prestige
2026-10-07,d:guaira,Guairá,active_sale,,41,41,remax infocasas uprop cb psir prestige
2026-10-07,d:guaira,Guairá,active_rent,,2,2,remax infocasas uprop cb psir prestige
2026-10-07,d:guaira,Guairá,asking_price_usd,terreno,25708,30,remax infocasas uprop cb psir prestige
2026-10-07,d:san-pedro,San Pedro,active_sale,,34,34,remax infocasas uprop cb psir prestige
2026-10-07,d:san-pedro,San Pedro,active_rent,,0,0,remax infocasas uprop cb psir prestige
2026-10-07,d:san-pedro,San Pedro,asking_price_usd,terreno,137110,26,remax infocasas uprop cb psir prestige
2026-10-07,d:caazapa,Caazapá,active_sale,,21,21,remax infocasas uprop cb psir prestige
2026-10-07,d:caazapa,Caazapá,active_rent,,6,6,remax infocasas uprop cb psir prestige
2026-10-07,d:canindeyu,Canindeyú,active_sale,,19,19,remax infocasas uprop cb psir prestige
2026-10-07,d:canindeyu,Canindeyú,active_rent,,1,1,remax infocasas uprop cb psir prestige
2026-10-07,d:neembucu,Ñeembucú,active_sale,,20,20,remax infocasas uprop cb psir prestige
2026-10-07,d:neembucu,Ñeembucú,active_rent,,0,0,remax infocasas uprop cb psir prestige
2026-10-07,d:concepcion,Concepción,active_sale,,20,20,remax infocasas uprop cb psir prestige
2026-10-07,d:concepcion,Concepción,active_rent,,0,0,remax infocasas uprop cb psir prestige
2026-10-07,d:amambay,Amambay,active_sale,,13,13,remax infocasas uprop cb psir prestige
2026-10-07,d:amambay,Amambay,active_rent,,0,0,remax infocasas uprop cb psir prestige
2026-10-07,d:alto-paraguay,Alto Paraguay,active_sale,,9,9,remax infocasas uprop cb psir prestige
2026-10-07,d:alto-paraguay,Alto Paraguay,active_rent,,0,0,remax infocasas uprop cb psir prestige
2026-10-08,py,Paraguay,active_sale,,22016,22016,remax infocasas uprop cb psir prestige
2026-10-08,py,Paraguay,active_rent,,5089,5089,remax infocasas uprop cb psir prestige
2026-10-08,py,Paraguay,asking_price_usd,casa,158000,7932,remax infocasas uprop cb psir prestige
2026-10-08,py,Paraguay,asking_price_usd,departamento,105000,5145,remax infocasas uprop cb psir prestige
2026-10-08,py,Paraguay,asking_price_usd,duplex,122000,263,remax infocasas uprop cb psir prestige
2026-10-08,py,Paraguay,asking_price_usd,terreno,66028,7405,remax infocasas uprop cb psir prestige
2026-10-08,py,Paraguay,asking_usd_per_m2_built,casa,843,6409,remax infocasas uprop cb psir prestige
2026-10-08,py,Paraguay,asking_usd_per_m2_built,departamento,1739,2502,remax infocasas uprop cb psir prestige
2026-10-08,py,Paraguay,asking_rent_usd_month,departamento,956,2759,remax infocasas uprop cb psir prestige
2026-10-08,py,Paraguay,asking_rent_usd_month,casa,2085,1556,remax infocasas uprop cb psir prestige
2026-10-08,d:asuncion,Asunción,active_sale,,8597,8597,remax infocasas uprop cb psir prestige
2026-10-08,d:asuncion,Asunción,active_rent,,4028,4028,remax infocasas uprop cb psir prestige
2026-10-08,d:asuncion,Asunción,asking_price_usd,casa,280000,3269,remax infocasas uprop cb psir prestige
2026-10-08,d:asuncion,Asunción,asking_price_usd,departamento,112000,4072,remax infocasas uprop cb psir prestige
2026-10-08,d:asuncion,Asunción,asking_price_usd,duplex,193067,34,remax infocasas uprop cb psir prestige
2026-10-08,d:asuncion,Asunción,asking_price_usd,terreno,208511,817,remax infocasas uprop cb psir prestige
2026-10-08,d:asuncion,Asunción,asking_usd_per_m2_built,casa,1000,2669,remax infocasas uprop cb psir prestige
2026-10-08,d:asuncion,Asunción,asking_usd_per_m2_built,departamento,1793,2185,remax infocasas uprop cb psir prestige
2026-10-08,d:asuncion,Asunción,asking_rent_usd_month,departamento,1000,2452,remax infocasas uprop cb psir prestige
2026-10-08,d:asuncion,Asunción,asking_rent_usd_month,casa,2300,1321,remax infocasas uprop cb psir prestige
2026-10-08,d:central,Central,active_sale,,9069,9069,remax infocasas uprop cb psir prestige
2026-10-08,d:central,Central,active_rent,,731,731,remax infocasas uprop cb psir prestige
2026-10-08,d:central,Central,asking_price_usd,casa,104255,3772,remax infocasas uprop cb psir prestige
2026-10-08,d:central,Central,asking_price_usd,departamento,77212,769,remax infocasas uprop cb psir prestige
2026-10-08,d:central,Central,asking_price_usd,duplex,118677,189,remax infocasas uprop cb psir prestige
2026-10-08,d:central,Central,asking_price_usd,terreno,64291,3982,remax infocasas uprop cb psir prestige
2026-10-08,d:central,Central,asking_usd_per_m2_built,casa,751,3000,remax infocasas uprop cb psir prestige
2026-10-08,d:central,Central,asking_usd_per_m2_built,departamento,1289,234,remax infocasas uprop cb psir prestige
2026-10-08,d:central,Central,asking_rent_usd_month,departamento,608,243,remax infocasas uprop cb psir prestige
2026-10-08,d:central,Central,asking_rent_usd_month,casa,695,140,remax infocasas uprop cb psir prestige
2026-10-08,c:central:luque,Luque,active_sale,,1882,1882,remax infocasas uprop cb psir prestige
2026-10-08,c:central:luque,Luque,active_rent,,157,157,remax infocasas uprop cb psir prestige
2026-10-08,c:central:luque,Luque,asking_price_usd,casa,111562,801,remax infocasas uprop cb psir prestige
2026-10-08,c:central:luque,Luque,asking_price_usd,departamento,82000,301,remax infocasas uprop cb psir prestige
2026-10-08,c:central:luque,Luque,asking_price_usd,duplex,130319,69,remax infocasas uprop cb psir prestige
2026-10-08,c:central:luque,Luque,asking_price_usd,terreno,78192,659,remax infocasas uprop cb psir prestige
2026-10-08,c:central:luque,Luque,asking_usd_per_m2_built,casa,918,597,remax infocasas uprop cb psir prestige
2026-10-08,c:central:luque,Luque,asking_usd_per_m2_built,departamento,1315,72,remax infocasas uprop cb psir prestige
2026-10-08,c:central:luque,Luque,asking_rent_usd_month,departamento,660,75,remax infocasas uprop cb psir prestige
2026-10-08,c:central:luque,Luque,asking_rent_usd_month,casa,695,39,remax infocasas uprop cb psir prestige
2026-10-08,c:central:san-lorenzo,San Lorenzo,active_sale,,785,785,remax infocasas uprop cb psir prestige
2026-10-08,c:central:san-lorenzo,San Lorenzo,active_rent,,162,162,remax infocasas uprop cb psir prestige
2026-10-08,c:central:san-lorenzo,San Lorenzo,asking_price_usd,casa,126670,371,remax infocasas uprop cb psir prestige
2026-10-08,c:central:san-lorenzo,San Lorenzo,asking_price_usd,departamento,52121,59,remax infocasas uprop cb psir prestige
2026-10-08,c:central:san-lorenzo,San Lorenzo,asking_price_usd,duplex,124238,32,remax infocasas uprop cb psir prestige
2026-10-08,c:central:san-lorenzo,San Lorenzo,asking_price_usd,terreno,86880,261,remax infocasas uprop cb psir prestige
2026-10-08,c:central:san-lorenzo,San Lorenzo,asking_usd_per_m2_built,casa,799,276,remax infocasas uprop cb psir prestige
2026-10-08,c:central:san-lorenzo,San Lorenzo,asking_rent_usd_month,departamento,348,54,remax infocasas uprop cb psir prestige
2026-10-08,c:central:lambare,Lambaré,active_sale,,731,731,remax infocasas uprop cb psir prestige
2026-10-08,c:central:lambare,Lambaré,active_rent,,84,84,remax infocasas uprop cb psir prestige
2026-10-08,c:central:lambare,Lambaré,asking_price_usd,casa,163334,351,remax infocasas uprop cb psir prestige
2026-10-08,c:central:lambare,Lambaré,asking_price_usd,departamento,87000,81,remax infocasas uprop cb psir prestige
2026-10-08,c:central:lambare,Lambaré,asking_price_usd,duplex,121458,30,remax infocasas uprop cb psir prestige
2026-10-08,c:central:lambare,Lambaré,asking_price_usd,terreno,95567,240,remax infocasas uprop cb psir prestige
2026-10-08,c:central:lambare,Lambaré,asking_usd_per_m2_built,casa,771,266,remax infocasas uprop cb psir prestige
2026-10-08,c:central:lambare,Lambaré,asking_usd_per_m2_built,departamento,1249,36,remax infocasas uprop cb psir prestige
2026-10-08,c:central:lambare,Lambaré,asking_rent_usd_month,departamento,608,41,remax infocasas uprop cb psir prestige
2026-10-08,c:central:lambare,Lambaré,asking_rent_usd_month,casa,895,20,remax infocasas uprop cb psir prestige
2026-10-08,c:central:fernando-de-la-mora,Fernando de la Mora,active_sale,,680,680,remax infocasas uprop cb psir prestige
2026-10-08,c:central:fernando-de-la-mora,Fernando de la Mora,active_rent,,140,140,remax infocasas uprop cb psir prestige
2026-10-08,c:central:fernando-de-la-mora,Fernando de la Mora,asking_price_usd,casa,170000,281,remax infocasas uprop cb psir prestige
2026-10-08,c:central:fernando-de-la-mora,Fernando de la Mora,asking_price_usd,departamento,70810,161,remax infocasas uprop cb psir prestige
2026-10-08,c:central:fernando-de-la-mora,Fernando de la Mora,asking_price_usd,terreno,133794,188,remax infocasas uprop cb psir prestige
2026-10-08,c:central:fernando-de-la-mora,Fernando de la Mora,asking_usd_per_m2_built,casa,838,216,remax infocasas uprop cb psir prestige
2026-10-08,c:central:fernando-de-la-mora,Fernando de la Mora,asking_usd_per_m2_built,departamento,1165,58,remax infocasas uprop cb psir prestige
2026-10-08,c:central:fernando-de-la-mora,Fernando de la Mora,asking_rent_usd_month,departamento,613,44,remax infocasas uprop cb psir prestige
2026-10-08,c:central:fernando-de-la-mora,Fernando de la Mora,asking_rent_usd_month,casa,956,22,remax infocasas uprop cb psir prestige
2026-10-08,c:central:capiata,Capiatá,active_sale,,610,610,remax infocasas uprop cb psir prestige
2026-10-08,c:central:capiata,Capiatá,active_rent,,26,26,remax infocasas uprop cb psir prestige
2026-10-08,c:central:capiata,Capiatá,asking_price_usd,casa,62727,291,remax infocasas uprop cb psir prestige
2026-10-08,c:central:capiata,Capiatá,asking_price_usd,terreno,39965,279,remax infocasas uprop cb psir prestige
2026-10-08,c:central:capiata,Capiatá,asking_usd_per_m2_built,casa,652,244,remax infocasas uprop cb psir prestige
2026-10-08,c:central:nemby,Ñemby,active_sale,,518,518,remax infocasas uprop cb psir prestige
2026-10-08,c:central:nemby,Ñemby,active_rent,,35,35,remax infocasas uprop cb psir prestige
2026-10-08,c:central:nemby,Ñemby,asking_price_usd,casa,74716,262,remax infocasas uprop cb psir prestige
2026-10-08,c:central:nemby,Ñemby,asking_price_usd,terreno,52128,225,remax infocasas uprop cb psir prestige
2026-10-08,c:central:nemby,Ñemby,asking_usd_per_m2_built,casa,665,234,remax infocasas uprop cb psir prestige
2026-10-08,c:central:mariano-roque-alonso,Mariano Roque Alonso,active_sale,,483,483,remax infocasas uprop cb psir prestige
2026-10-08,c:central:mariano-roque-alonso,Mariano Roque Alonso,active_rent,,38,38,remax infocasas uprop cb psir prestige
2026-10-08,c:central:mariano-roque-alonso,Mariano Roque Alonso,asking_price_usd,casa,133794,145,remax infocasas uprop cb psir prestige
2026-10-08,c:central:mariano-roque-alonso,Mariano Roque Alonso,asking_price_usd,departamento,60000,88,remax infocasas uprop cb psir prestige
2026-10-08,c:central:mariano-roque-alonso,Mariano Roque Alonso,asking_price_usd,terreno,100390,202,remax infocasas uprop cb psir prestige
2026-10-08,c:central:mariano-roque-alonso,Mariano Roque Alonso,asking_usd_per_m2_built,casa,725,112,remax infocasas uprop cb psir prestige
2026-10-08,c:central:limpio,Limpio,active_sale,,468,468,remax infocasas uprop cb psir prestige
2026-10-08,c:central:limpio,Limpio,active_rent,,9,9,remax infocasas uprop cb psir prestige
2026-10-08,c:central:limpio,Limpio,asking_price_usd,casa,64291,195,remax infocasas uprop cb psir prestige
2026-10-08,c:central:limpio,Limpio,asking_price_usd,departamento,61285,26,remax infocasas uprop cb psir prestige
2026-10-08,c:central:limpio,Limpio,asking_price_usd,terreno,36489,217,remax infocasas uprop cb psir prestige
2026-10-08,c:central:limpio,Limpio,asking_usd_per_m2_built,casa,666,163,remax infocasas uprop cb psir prestige
2026-10-08,c:central:villa-elisa,Villa Elisa,active_sale,,443,443,remax infocasas uprop cb psir prestige
2026-10-08,c:central:villa-elisa,Villa Elisa,active_rent,,18,18,remax infocasas uprop cb psir prestige
2026-10-08,c:central:villa-elisa,Villa Elisa,asking_price_usd,casa,100390,246,remax infocasas uprop cb psir prestige
2026-10-08,c:central:villa-elisa,Villa Elisa,asking_price_usd,terreno,60816,172,remax infocasas uprop cb psir prestige
2026-10-08,c:central:villa-elisa,Villa Elisa,asking_usd_per_m2_built,casa,706,194,remax infocasas uprop cb psir prestige
2026-10-08,c:central:aregua,Areguá,active_sale,,390,390,remax infocasas uprop cb psir prestige
2026-10-08,c:central:aregua,Areguá,active_rent,,3,3,remax infocasas uprop cb psir prestige
2026-10-08,c:central:aregua,Areguá,asking_price_usd,casa,100000,165,remax infocasas uprop cb psir prestige
2026-10-08,c:central:aregua,Areguá,asking_price_usd,terreno,34752,213,remax infocasas uprop cb psir prestige
2026-10-08,c:central:aregua,Areguá,asking_usd_per_m2_built,casa,695,135,remax infocasas uprop cb psir prestige
2026-10-08,c:central:itaugua,Itauguá,active_sale,,379,379,remax infocasas uprop cb psir prestige
2026-10-08,c:central:itaugua,Itauguá,active_rent,,20,20,remax infocasas uprop cb psir prestige
2026-10-08,c:central:itaugua,Itauguá,asking_price_usd,casa,73848,133,remax infocasas uprop cb psir prestige
2026-10-08,c:central:itaugua,Itauguá,asking_price_usd,terreno,27801,227,remax infocasas uprop cb psir prestige
2026-10-08,c:central:itaugua,Itauguá,asking_usd_per_m2_built,casa,579,121,remax infocasas uprop cb psir prestige
2026-10-08,c:central:ypane,Ypané,active_sale,,307,307,remax infocasas uprop cb psir prestige
2026-10-08,c:central:ypane,Ypané,active_rent,,7,7,remax infocasas uprop cb psir prestige
2026-10-08,c:central:ypane,Ypané,asking_price_usd,casa,79929,87,remax infocasas uprop cb psir prestige
2026-10-08,c:central:ypane,Ypané,asking_price_usd,terreno,29539,216,remax infocasas uprop cb psir prestige
2026-10-08,c:central:ypane,Ypané,asking_usd_per_m2_built,casa,541,76,remax infocasas uprop cb psir prestige
2026-10-08,c:central:ypacarai,Ypacaraí,active_sale,,272,272,remax infocasas uprop cb psir prestige
2026-10-08,c:central:ypacarai,Ypacaraí,active_rent,,3,3,remax infocasas uprop cb psir prestige
2026-10-08,c:central:ypacarai,Ypacaraí,asking_price_usd,casa,100780,70,remax infocasas uprop cb psir prestige
2026-10-08,c:central:ypacarai,Ypacaraí,asking_price_usd,terreno,39965,197,remax infocasas uprop cb psir prestige
2026-10-08,c:central:ypacarai,Ypacaraí,asking_usd_per_m2_built,casa,652,64,remax infocasas uprop cb psir prestige
2026-10-08,c:central:villeta,Villeta,active_sale,,218,218,remax infocasas uprop cb psir prestige
2026-10-08,c:central:villeta,Villeta,active_rent,,7,7,remax infocasas uprop cb psir prestige
2026-10-08,c:central:villeta,Villeta,asking_price_usd,casa,86011,83,remax infocasas uprop cb psir prestige
2026-10-08,c:central:villeta,Villeta,asking_price_usd,terreno,121631,126,remax infocasas uprop cb psir prestige
2026-10-08,c:central:villeta,Villeta,asking_usd_per_m2_built,casa,745,67,remax infocasas uprop cb psir prestige
2026-10-08,c:central:ita,Itá,active_sale,,205,205,remax infocasas uprop cb psir prestige
2026-10-08,c:central:ita,Itá,active_rent,,3,3,remax infocasas uprop cb psir prestige
2026-10-08,c:central:ita,Itá,asking_price_usd,casa,80798,70,remax infocasas uprop cb psir prestige
2026-10-08,c:central:ita,Itá,asking_price_usd,terreno,73848,128,remax infocasas uprop cb psir prestige
2026-10-08,c:central:ita,Itá,asking_usd_per_m2_built,casa,693,58,remax infocasas uprop cb psir prestige
2026-10-08,c:central:san-antonio,San Antonio,active_sale,,175,175,remax infocasas uprop cb psir prestige
2026-10-08,c:central:san-antonio,San Antonio,active_rent,,6,6,remax infocasas uprop cb psir prestige
2026-10-08,c:central:san-antonio,San Antonio,asking_price_usd,casa,81667,81,remax infocasas uprop cb psir prestige
2026-10-08,c:central:san-antonio,San Antonio,asking_price_usd,terreno,63422,88,remax infocasas uprop cb psir prestige
2026-10-08,c:central:san-antonio,San Antonio,asking_usd_per_m2_built,casa,681,75,remax infocasas uprop cb psir prestige
2026-10-08,c:central:julian-augusto-saldivar,Julián Augusto Saldívar,active_sale,,152,152,remax infocasas uprop cb psir prestige
2026-10-08,c:central:julian-augusto-saldivar,Julián Augusto Saldívar,active_rent,,1,1,remax infocasas uprop cb psir prestige
2026-10-08,c:central:julian-augusto-saldivar,Julián Augusto Saldívar,asking_price_usd,casa,50390,58,remax infocasas uprop cb psir prestige
2026-10-08,c:central:julian-augusto-saldivar,Julián Augusto Saldívar,asking_price_usd,terreno,24326,89,remax infocasas uprop cb psir prestige
2026-10-08,c:central:julian-augusto-saldivar,Julián Augusto Saldívar,asking_usd_per_m2_built,casa,587,53,remax infocasas uprop cb psir prestige
2026-10-08,d:itapua,Itapúa,active_sale,,1552,1552,remax infocasas uprop cb psir prestige
2026-10-08,d:itapua,Itapúa,active_rent,,145,145,remax infocasas uprop cb psir prestige
2026-10-08,d:itapua,Itapúa,asking_price_usd,casa,130160,306,remax infocasas uprop cb psir prestige
2026-10-08,d:itapua,Itapúa,asking_price_usd,departamento,92000,173,remax infocasas uprop cb psir prestige
2026-10-08,d:itapua,Itapúa,asking_price_usd,duplex,99043,32,remax infocasas uprop cb psir prestige
2026-10-08,d:itapua,Itapúa,asking_price_usd,terreno,34752,879,remax infocasas uprop cb psir prestige
2026-10-08,d:itapua,Itapúa,asking_usd_per_m2_built,casa,720,267,remax infocasas uprop cb psir prestige
2026-10-08,d:itapua,Itapúa,asking_usd_per_m2_built,departamento,1238,38,remax infocasas uprop cb psir prestige
2026-10-08,d:itapua,Itapúa,asking_rent_usd_month,departamento,434,57,remax infocasas uprop cb psir prestige
2026-10-08,d:itapua,Itapúa,asking_rent_usd_month,casa,953,26,remax infocasas uprop cb psir prestige
2026-10-08,c:itapua:encarnacion,Encarnación,active_sale,,768,768,remax infocasas uprop cb psir prestige
2026-10-08,c:itapua:encarnacion,Encarnación,active_rent,,106,106,remax infocasas uprop cb psir prestige
2026-10-08,c:itapua:encarnacion,Encarnación,asking_price_usd,casa,139007,159,remax infocasas uprop cb psir prestige
2026-10-08,c:itapua:encarnacion,Encarnación,asking_price_usd,departamento,92500,170,remax infocasas uprop cb psir prestige
2026-10-08,c:itapua:encarnacion,Encarnación,asking_price_usd,duplex,99043,24,remax infocasas uprop cb psir prestige
2026-10-08,c:itapua:encarnacion,Encarnación,asking_price_usd,terreno,51780,333,remax infocasas uprop cb psir prestige
2026-10-08,c:itapua:encarnacion,Encarnación,asking_usd_per_m2_built,casa,686,139,remax infocasas uprop cb psir prestige
2026-10-08,c:itapua:encarnacion,Encarnación,asking_usd_per_m2_built,departamento,1238,38,remax infocasas uprop cb psir prestige
2026-10-08,c:itapua:encarnacion,Encarnación,asking_rent_usd_month,departamento,434,53,remax infocasas uprop cb psir prestige
2026-10-08,c:itapua:san-juan-del-parana,San Juan del Paraná,active_sale,,162,162,remax infocasas uprop cb psir prestige
2026-10-08,c:itapua:san-juan-del-parana,San Juan del Paraná,active_rent,,4,4,remax infocasas uprop cb psir prestige
2026-10-08,c:itapua:san-juan-del-parana,San Juan del Paraná,asking_price_usd,casa,127033,23,remax infocasas uprop cb psir prestige
2026-10-08,c:itapua:san-juan-del-parana,San Juan del Paraná,asking_price_usd,terreno,14770,124,remax infocasas uprop cb psir prestige
2026-10-08,c:itapua:san-juan-del-parana,San Juan del Paraná,asking_usd_per_m2_built,casa,1099,21,remax infocasas uprop cb psir prestige
2026-10-08,c:itapua:capitan-miranda,Capitán Miranda,active_sale,,110,110,remax infocasas uprop cb psir prestige
2026-10-08,c:itapua:capitan-miranda,Capitán Miranda,active_rent,,14,14,remax infocasas uprop cb psir prestige
2026-10-08,c:itapua:capitan-miranda,Capitán Miranda,asking_price_usd,terreno,21459,93,remax infocasas uprop cb psir prestige
2026-10-08,d:cordillera,Cordillera,active_sale,,949,949,remax infocasas uprop cb psir prestige
2026-10-08,d:cordillera,Cordillera,active_rent,,51,51,remax infocasas uprop cb psir prestige
2026-10-08,d:cordillera,Cordillera,asking_price_usd,casa,193067,196,remax infocasas uprop cb psir prestige
2026-10-08,d:cordillera,Cordillera,asking_price_usd,departamento,239501,25,remax infocasas uprop cb psir prestige
2026-10-08,d:cordillera,Cordillera,asking_price_usd,terreno,48653,651,remax infocasas uprop cb psir prestige
2026-10-08,d:cordillera,Cordillera,asking_usd_per_m2_built,casa,885,159,remax infocasas uprop cb psir prestige
2026-10-08,d:cordillera,Cordillera,asking_rent_usd_month,casa,1607,34,remax infocasas uprop cb psir prestige
2026-10-08,c:cordillera:san-bernardino,San Bernardino,active_sale,,396,396,remax infocasas uprop cb psir prestige
2026-10-08,c:cordillera:san-bernardino,San Bernardino,active_rent,,29,29,remax infocasas uprop cb psir prestige
2026-10-08,c:cordillera:san-bernardino,San Bernardino,asking_price_usd,casa,227075,100,remax infocasas uprop cb psir prestige
2026-10-08,c:cordillera:san-bernardino,San Bernardino,asking_price_usd,terreno,61000,275,remax infocasas uprop cb psir prestige
2026-10-08,c:cordillera:san-bernardino,San Bernardino,asking_usd_per_m2_built,casa,965,87,remax infocasas uprop cb psir prestige
2026-10-08,c:cordillera:san-bernardino,San Bernardino,asking_rent_usd_month,casa,1720,24,remax infocasas uprop cb psir prestige
2026-10-08,c:cordillera:caacupe,Caacupé,active_sale,,162,162,remax infocasas uprop cb psir prestige
2026-10-08,c:cordillera:caacupe,Caacupé,active_rent,,7,7,remax infocasas uprop cb psir prestige
2026-10-08,c:cordillera:caacupe,Caacupé,asking_price_usd,casa,85142,33,remax infocasas uprop cb psir prestige
2026-10-08,c:cordillera:caacupe,Caacupé,asking_price_usd,terreno,17376,112,remax infocasas uprop cb psir prestige
2026-10-08,c:cordillera:caacupe,Caacupé,asking_usd_per_m2_built,casa,474,27,remax infocasas uprop cb psir prestige
2026-10-08,c:cordillera:altos,Altos,active_sale,,134,134,remax infocasas uprop cb psir prestige
2026-10-08,c:cordillera:altos,Altos,active_rent,,8,8,remax infocasas uprop cb psir prestige
2026-10-08,c:cordillera:altos,Altos,asking_price_usd,casa,255950,23,remax infocasas uprop cb psir prestige
2026-10-08,c:cordillera:altos,Altos,asking_price_usd,terreno,47645,96,remax infocasas uprop cb psir prestige
2026-10-08,c:cordillera:altos,Altos,asking_usd_per_m2_built,casa,1075,20,remax infocasas uprop cb psir prestige
2026-10-08,d:alto-parana,Alto Paraná,active_sale,,918,918,remax infocasas uprop cb psir prestige
2026-10-08,d:alto-parana,Alto Paraná,active_rent,,68,68,remax infocasas uprop cb psir prestige
2026-10-08,d:alto-parana,Alto Paraná,asking_price_usd,casa,126844,236,remax infocasas uprop cb psir prestige
2026-10-08,d:alto-parana,Alto Paraná,asking_price_usd,departamento,89000,87,remax infocasas uprop cb psir prestige
2026-10-08,d:alto-parana,Alto Paraná,asking_price_usd,terreno,67332,468,remax infocasas uprop cb psir prestige
2026-10-08,d:alto-parana,Alto Paraná,asking_usd_per_m2_built,casa,747,213,remax infocasas uprop cb psir prestige
2026-10-08,d:alto-parana,Alto Paraná,asking_usd_per_m2_built,departamento,1438,29,remax infocasas uprop cb psir prestige
2026-10-08,c:alto-parana:ciudad-del-este,Ciudad del Este,active_sale,,410,410,remax infocasas uprop cb psir prestige
2026-10-08,c:alto-parana:ciudad-del-este,Ciudad del Este,active_rent,,37,37,remax infocasas uprop cb psir prestige
2026-10-08,c:alto-parana:ciudad-del-este,Ciudad del Este,asking_price_usd,casa,139007,104,remax infocasas uprop cb psir prestige
2026-10-08,c:alto-parana:ciudad-del-este,Ciudad del Este,asking_price_usd,departamento,89000,75,remax infocasas uprop cb psir prestige
2026-10-08,c:alto-parana:ciudad-del-este,Ciudad del Este,asking_price_usd,terreno,84202,180,remax infocasas uprop cb psir prestige
2026-10-08,c:alto-parana:ciudad-del-este,Ciudad del Este,asking_usd_per_m2_built,casa,753,95,remax infocasas uprop cb psir prestige
2026-10-08,c:alto-parana:ciudad-del-este,Ciudad del Este,asking_usd_per_m2_built,departamento,1562,26,remax infocasas uprop cb psir prestige
2026-10-08,c:alto-parana:hernandarias,Hernandarias,active_sale,,156,156,remax infocasas uprop cb psir prestige
2026-10-08,c:alto-parana:hernandarias,Hernandarias,active_rent,,8,8,remax infocasas uprop cb psir prestige
2026-10-08,c:alto-parana:hernandarias,Hernandarias,asking_price_usd,casa,113972,52,remax infocasas uprop cb psir prestige
2026-10-08,c:alto-parana:hernandarias,Hernandarias,asking_price_usd,terreno,51259,85,remax infocasas uprop cb psir prestige
2026-10-08,c:alto-parana:hernandarias,Hernandarias,asking_usd_per_m2_built,casa,579,47,remax infocasas uprop cb psir prestige
2026-10-08,c:alto-parana:minga-guazu,Minga Guazú,active_sale,,106,106,remax infocasas uprop cb psir prestige
2026-10-08,c:alto-parana:minga-guazu,Minga Guazú,active_rent,,2,2,remax infocasas uprop cb psir prestige
2026-10-08,c:alto-parana:minga-guazu,Minga Guazú,asking_price_usd,terreno,26498,86,remax infocasas uprop cb psir prestige
2026-10-08,d:boqueron,Boquerón,active_sale,,155,155,remax infocasas uprop cb psir prestige
2026-10-08,d:boqueron,Boquerón,active_rent,,35,35,remax infocasas uprop cb psir prestige
2026-10-08,d:boqueron,Boquerón,asking_price_usd,casa,70633,22,remax infocasas uprop cb psir prestige
2026-10-08,d:boqueron,Boquerón,asking_price_usd,terreno,14968,118,remax infocasas uprop cb psir prestige
2026-10-08,d:presidente-hayes,Presidente Hayes,active_sale,,172,172,remax infocasas uprop cb psir prestige
2026-10-08,d:presidente-hayes,Presidente Hayes,active_rent,,0,0,remax infocasas uprop cb psir prestige
2026-10-08,d:presidente-hayes,Presidente Hayes,asking_price_usd,terreno,90000,137,remax infocasas uprop cb psir prestige
2026-10-08,c:presidente-hayes:villa-hayes,Villa Hayes,active_sale,,100,100,remax infocasas uprop cb psir prestige
2026-10-08,c:presidente-hayes:villa-hayes,Villa Hayes,active_rent,,0,0,remax infocasas uprop cb psir prestige
2026-10-08,c:presidente-hayes:villa-hayes,Villa Hayes,asking_price_usd,terreno,112011,81,remax infocasas uprop cb psir prestige
2026-10-08,d:paraguari,Paraguarí,active_sale,,108,108,remax infocasas uprop cb psir prestige
2026-10-08,d:paraguari,Paraguarí,active_rent,,2,2,remax infocasas uprop cb psir prestige
2026-10-08,d:paraguari,Paraguarí,asking_price_usd,terreno,43440,66,remax infocasas uprop cb psir prestige
2026-10-08,d:caaguazu,Caaguazú,active_sale,,67,67,remax infocasas uprop cb psir prestige
2026-10-08,d:caaguazu,Caaguazú,active_rent,,2,2,remax infocasas uprop cb psir prestige
2026-10-08,d:caaguazu,Caaguazú,asking_price_usd,terreno,70621,44,remax infocasas uprop cb psir prestige
2026-10-08,d:misiones,Misiones,active_sale,,63,63,remax infocasas uprop cb psir prestige
2026-10-08,d:misiones,Misiones,active_rent,,3,3,remax infocasas uprop cb psir prestige
2026-10-08,d:misiones,Misiones,asking_price_usd,terreno,33014,36,remax infocasas uprop cb psir prestige
2026-10-08,d:guaira,Guairá,active_sale,,41,41,remax infocasas uprop cb psir prestige
2026-10-08,d:guaira,Guairá,active_rent,,2,2,remax infocasas uprop cb psir prestige
2026-10-08,d:guaira,Guairá,asking_price_usd,terreno,25799,30,remax infocasas uprop cb psir prestige
2026-10-08,d:san-pedro,San Pedro,active_sale,,34,34,remax infocasas uprop cb psir prestige
2026-10-08,d:san-pedro,San Pedro,active_rent,,0,0,remax infocasas uprop cb psir prestige
2026-10-08,d:san-pedro,San Pedro,asking_price_usd,terreno,139007,26,remax infocasas uprop cb psir prestige
2026-10-08,d:caazapa,Caazapá,active_sale,,21,21,remax infocasas uprop cb psir prestige
2026-10-08,d:caazapa,Caazapá,active_rent,,6,6,remax infocasas uprop cb psir prestige
2026-10-08,d:canindeyu,Canindeyú,active_sale,,19,19,remax infocasas uprop cb psir prestige
2026-10-08,d:canindeyu,Canindeyú,active_rent,,1,1,remax infocasas uprop cb psir prestige
2026-10-08,d:neembucu,Ñeembucú,active_sale,,20,20,remax infocasas uprop cb psir prestige
2026-10-08,d:neembucu,Ñeembucú,active_rent,,0,0,remax infocasas uprop cb psir prestige
2026-10-08,d:concepcion,Concepción,active_sale,,20,20,remax infocasas uprop cb psir prestige
2026-10-08,d:concepcion,Concepción,active_rent,,0,0,remax infocasas uprop cb psir prestige
2026-10-08,d:amambay,Amambay,active_sale,,13,13,remax infocasas uprop cb psir prestige
2026-10-08,d:amambay,Amambay,active_rent,,0,0,remax infocasas uprop cb psir prestige
2026-10-08,d:alto-paraguay,Alto Paraguay,active_sale,,9,9,remax infocasas uprop cb psir prestige
2026-10-08,d:alto-paraguay,Alto Paraguay,active_rent,,0,0,remax infocasas uprop cb psir prestige
