transaction_id,close_date,operation,kind,place,barrio,department_market,city_market,area_m2,area_basis,bedrooms,terminal_ask,ask_currency,ask_usd_sale_date_fx,close_price,close_currency,close_usd_sale_date_fx,fx_sale_date,close_usd_per_m2,ask_to_close_pct,reported_equals_ask,reported_below_ask,deal_records,deal_record_kept,in_ask_to_close_base,held_out_because,source,mls_id
309439,2024-02-06,rent,casa,"Ciudad del Este, Alto Paraná",,Alto Paraná,Ciudad del Este,120,built,2,3000000,PYG,411.61,3000000,PYG,411.61,7288.455,3,0,1,0,1,1,1,,remax,143099002-3
310117,2024-02-06,rent,departamento,"Ciudad del Este, Alto Paraná",,Alto Paraná,Ciudad del Este,89,built,2,600,USD,600,4380000,PYG,600.95,7288.455,7,0.158,0,0,1,1,0,cross-currency,remax,143099002-2
309509,2024-02-22,rent,duplex,Asunción,Villa Aurelia,Asunción,,233,built,3,6500000,PYG,893.28,6500000,PYG,893.28,7276.59,4,0,1,0,1,1,1,,remax,143063076-26
312175,2024-02-22,rent,duplex,Asunción,San Vicente,Asunción,,315,land,4,6000000,PYG,824.56,5000000,PYG,687.14,7276.59,2,-16.666,0,1,1,1,1,,remax,143063090-3
308868,2024-02-23,sale,terreno,"Ciudad del Este, Alto Paraná",,Alto Paraná,Ciudad del Este,480,land,,195000000,PYG,26782.84,150000000,PYG,20602.19,7280.78,43,-23.077,0,1,1,1,1,,remax,143099006-76
2113,2024-02-26,sale,terreno,Asunción,Recoleta,Asunción,,648,built,5,390000,USD,390000,2500000000,PYG,342606.32,7297.005,529,-12.152,0,0,1,1,0,cross-currency,remax,143098017-7
313035,2024-02-28,rent,duplex,Asunción,Las Lomas (Carmelitas),Asunción,,322,land,4,8000000,PYG,1098.2,8000000,PYG,1098.2,7284.625,3,0,1,0,1,1,1,,remax,143063031-140
311484,2024-02-29,rent,departamento,Asunción,San Jorge,Asunción,,45,land,1,2600000,PYG,355.66,2600000,PYG,355.66,7310.275,8,0,1,0,1,1,1,,remax,143063031-156
309800,2024-03-01,sale,casa,"Lambaré, Central",,Central,Lambaré,390,built,4,250000,USD,250000,187500000,PYG,25648.83,7310.275,66,-89.74,0,0,1,1,0,cross-currency,remax,143063051-81
312835,2024-03-02,sale,terreno,"San Antonio, Central",,Central,San Antonio,360,land,,130000000,PYG,17783.19,115000000,PYG,15731.28,7310.275,44,-11.538,0,1,1,1,1,,remax,143063148-95
308345,2024-03-04,rent,duplex,"Luque, Central",,Central,Luque,100,land,2,3300000,PYG,452.38,3300000,PYG,452.38,7294.715,5,0,1,0,1,1,1,,remax,143063031-172
309976,2024-03-04,sale,departamento,Asunción,Ycuá Satí,Asunción,,,,1,115000,USD,115000,821250000,PYG,112581.51,7294.715,,-2.103,0,0,1,1,0,cross-currency,remax,143063031-53
311841,2024-03-04,rent,departamento,Asunción,Las Lomas (Carmelitas),Asunción,,35,land,1,2900000,PYG,397.55,2750000,PYG,376.99,7294.715,11,-5.172,0,1,1,1,1,,remax,143063031-180
311932,2024-03-04,sale,duplex,"Fernando de la Mora, Central",,Central,Fernando de la Mora,119,built,3,795000000,PYG,108983.01,795000000,PYG,108983.01,7294.715,916,0,1,0,1,1,1,,remax,143063147-38
313253,2024-03-04,sale,terreno,"Altos, Cordillera",,Cordillera,Altos,654,land,,105000,USD,105000,766500000,PYG,105076.07,7294.715,161,0.072,0,0,1,1,0,cross-currency,remax,143063080-47
313674,2024-03-04,rent,duplex,"Luque, Central",,Central,Luque,214,built,3,6000000,PYG,822.51,5000000,PYG,685.43,7294.715,3,-16.666,0,1,1,1,1,,remax,143063090-10
311581,2024-03-05,rent,departamento,"Ciudad del Este, Alto Paraná",,Alto Paraná,Ciudad del Este,89,built,2,800,USD,800,5840000,PYG,801.87,7282.995,9,0.234,0,0,1,1,0,cross-currency,remax,143099002-5
312036,2024-03-13,rent,edificio,"Ciudad del Este, Alto Paraná",,Alto Paraná,Ciudad del Este,,,,10000000,PYG,1369.93,7000000,PYG,958.95,7299.665,,-30,0,1,1,1,1,,remax,143099006-70
310703,2024-03-14,rent,departamento,Asunción,Ycuá Satí,Asunción,,200,land,3,1750,USD,1750,12775000,PYG,1751.74,7292.735,9,0.099,0,0,1,1,0,cross-currency,remax,143063051-196
311918,2024-03-19,rent,departamento,Asunción,Ycuá Satí,Asunción,,55,land,1,3200000,PYG,437.45,3200000,PYG,437.45,7315.06,8,0,1,0,1,1,1,,remax,143063031-199
313408,2024-03-23,sale,terreno,"Mariano Roque Alonso, Central",,Central,Mariano Roque Alonso,1193,land,,600000000,PYG,81630.15,525000000,PYG,71426.38,7350.225,60,-12.5,0,1,1,1,1,,remax,143063147-7
310856,2024-03-26,rent,departamento,Asunción,San Jorge,Asunción,,70,land,2,4200000,PYG,569.5,3800000,PYG,515.26,7374.92,7,-9.524,0,1,1,1,1,,remax,143063147-27
312882,2024-03-28,rent,casa,"San Lorenzo, Central",,Central,San Lorenzo,240,built,3,3500000,PYG,473.3,3000000,PYG,405.69,7394.865,2,-14.285,0,1,1,1,1,,remax,143063094-177
313071,2024-04-05,rent,departamento,Asunción,Villa Morra,Asunción,,81,land,2,900,USD,900,6552000,PYG,889.65,7364.68,11,-1.15,0,0,1,1,0,cross-currency,remax,143063102-221
313387,2024-04-05,rent,departamento,Asunción,Las Lomas (Carmelitas),Asunción,,50,land,1,680,USD,680,4725500,PYG,641.64,7364.68,13,-5.641,0,0,1,1,0,cross-currency,remax,143063102-207
313389,2024-04-05,sale,departamento,Asunción,Las Mercedes,Asunción,,155,built,3,168000,USD,168000,1128400000,PYG,153217.79,7364.68,989,-8.799,0,0,1,1,0,cross-currency,remax,143063144-316
313521,2024-04-11,rent,departamento,"Fernando de la Mora, Central",,Central,Fernando de la Mora,28,built,1,1800000,PYG,243.36,1800000,PYG,243.36,7396.31,9,0,1,0,1,1,1,,remax,143063094-186
309562,2024-04-15,rent,departamento,Asunción,Herrera,Asunción,,65,land,2,4000000,PYG,540.19,4000000,PYG,540.19,7404.84,8,0,1,0,1,1,1,,remax,143063084-38
312153,2024-04-17,rent,departamento,Asunción,San Jorge,Asunción,,25,land,1,2500000,PYG,337.81,2500000,PYG,337.81,7400.56,14,0,1,0,1,1,1,,remax,143063031-188
308566,2024-04-19,sale,departamento,"Ciudad del Este, Alto Paraná",,Alto Paraná,Ciudad del Este,85,land,3,37000,USD,37000,255500000,PYG,34480.94,7409.89,408,-6.808,0,0,1,1,0,cross-currency,remax,143099006-64
312941,2024-04-22,rent,departamento,"Ciudad del Este, Alto Paraná",,Alto Paraná,Ciudad del Este,89,built,3,800,USD,800,5856000,PYG,789.23,7419.93,9,-1.346,0,0,1,1,0,cross-currency,remax,143099002-4
312540,2024-04-23,rent,duplex,"Luque, Central",,Central,Luque,166,built,3,4250000,PYG,572.09,4250000,PYG,572.09,7428.91,3,0,1,0,1,1,1,,remax,143063094-175
309121,2024-04-26,rent,casa,Asunción,Madame Lynch,Asunción,,300,built,5,7500000,PYG,1007.11,7000000,PYG,939.97,7447.035,3,-6.667,0,1,1,1,1,,remax,143063076-34
310436,2024-04-26,rent,local,Asunción,Los Laureles,Asunción,,28,built,,2200000,PYG,295.42,1800000,PYG,241.71,7447.035,9,-18.181,0,1,1,1,1,,remax,143063094-168
313438,2024-04-30,sale,terreno,Asunción,Pinoza,Asunción,,444,land,2,160000,USD,160000,1095000000,PYG,146131.13,7493.27,329,-8.668,0,0,1,1,0,cross-currency,remax,143063102-185
313073,2024-05-01,rent,deposito,"Lambaré, Central",,Central,Lambaré,,,,6700000,PYG,894.14,6700000,PYG,894.14,7493.27,,0,1,0,1,1,1,,remax,143063009-37
309750,2024-05-02,rent,casa,Asunción,Vista Alegre,Asunción,,120,built,2,2650000,PYG,353.97,2650000,PYG,353.97,7486.55,3,0,1,0,1,1,1,,remax,143063075-43
309189,2024-05-03,rent,duplex,Asunción,Mburucuyá,Asunción,,200,built,3,1800,USD,1800,13140000,PYG,1757.14,7478.065,9,-2.381,0,0,1,1,0,cross-currency,remax,143063144-374
308856,2024-05-06,sale,departamento,Asunción,Las Lomas (Carmelitas),Asunción,,95,land,1,175520,USD,175520,1281296000,PYG,171707.05,7462.105,1807,-2.172,0,0,1,1,0,cross-currency,remax,143063080-60
313376,2024-05-20,sale,departamento,Asunción,Las Lomas (Carmelitas),Asunción,,70,land,1,140000,USD,140000,1045000000,PYG,139127.24,7511.11,1988,-0.623,0,0,1,1,0,cross-currency,remax,143063080-40
312702,2024-05-27,rent,departamento,Asunción,Villa Morra,Asunción,,55,built,1,650,USD,650,650,USD,650,7529.33,12,0,1,0,1,1,1,,remax,143063076-36
311127,2024-05-28,rent,duplex,Asunción,Los Laureles,Asunción,,280,built,3,5500000,PYG,729.8,5500000,PYG,729.8,7536.305,3,0,1,0,1,1,1,,remax,143063159-1
309262,2024-05-29,sale,terreno,Asunción,Mburicaó,Asunción,,337,built,,150000,USD,150000,971100000,PYG,128657.28,7547.96,382,-14.228,0,0,1,1,0,cross-currency,remax,143037112-5
310611,2024-06-03,rent,departamento,"San Lorenzo, Central",,Central,San Lorenzo,80,built,2,2000000,PYG,265.71,2000000,PYG,265.71,7526.91,3,0,1,0,1,1,1,,remax,143063076-32
312604,2024-06-05,sale,departamento,Asunción,Hipódromo,Asunción,,154,land,2,300000000,PYG,39870.87,300000000,PYG,39870.87,7524.29,259,0,1,0,1,1,1,,remax,143037037-293
311525,2024-06-13,sale,terreno,"San Bernardino, Cordillera",,Cordillera,San Bernardino,360,land,,20000,USD,20000,140000000,PYG,18615.2,7520.735,52,-6.924,0,0,1,1,0,cross-currency,remax,143063144-346
308306,2024-06-19,sale,departamento,Asunción,Las Lomas (Carmelitas),Asunción,,535,land,1,80715,USD,80715,601000000,PYG,79856.6,7525.99,149,-1.063,0,0,1,1,0,cross-currency,remax,143063080-61
312546,2024-06-19,sale,departamento,Asunción,Las Lomas (Carmelitas),Asunción,,1319,land,2,209470,USD,209470,1539604500,PYG,204571.69,7525.99,155,-2.338,0,0,1,1,0,cross-currency,remax,143063080-14
309019,2024-06-25,sale,local,"San Lorenzo, Central",,Central,San Lorenzo,,,,340000,USD,340000,2304000000,PYG,305524.91,7541.12,,-10.14,0,0,1,1,0,cross-currency,remax,143063068-66
312476,2024-06-25,sale,casa,Asunción,Las Lomas (Carmelitas),Asunción,,350,built,4,410000,USD,410000,2700000000,PYG,358037,7541.12,1023,-12.674,0,0,1,1,0,cross-currency,remax,143063144-373
311356,2024-06-26,sale,duplex,"Luque, Central",,Central,Luque,120,built,3,811000000,PYG,107594.57,800000000,PYG,106135.21,7537.555,884,-1.356,0,1,1,1,1,,remax,143063051-186
311675,2024-06-28,rent,departamento,Asunción,Ycuá Satí,Asunción,,58,land,,3800000,PYG,504.08,3800000,PYG,504.08,7538.495,9,0,1,0,1,1,1,,remax,143063084-46
1554,2024-07-01,sale,casa,Asunción,Villa Aurelia,Asunción,,400,built,5,295000,USD,295000,1937000000,PYG,257120.94,7533.42,643,-12.84,0,0,1,1,0,cross-currency,remax,143063130-33
310022,2024-07-01,sale,terreno,"Lambaré, Central",,Central,Lambaré,8120,land,,2700000,USD,2700000,20196000000,PYG,2680854.11,7533.42,330,-0.709,0,0,1,1,0,cross-currency,remax,143037037-346
309003,2024-07-03,rent,local,"Capiatá, Central",,Central,Capiatá,,,,1300000,PYG,172.47,1000000,PYG,132.67,7537.55,,-23.076,0,1,1,1,1,,remax,143063129-1
309546,2024-07-03,sale,casa,Asunción,Mburucuyá,Asunción,,322,built,2,205000,USD,205000,1541600000,PYG,204522.69,7537.55,635,-0.233,0,0,1,1,0,cross-currency,remax,143037112-17
311021,2024-07-03,rent,local,"Fernando de la Mora, Central",,Central,Fernando de la Mora,65,built,,2500000,PYG,331.67,3000000,PYG,398.01,7537.55,6,20.002,0,0,1,1,1,,remax,143063031-212
2659,2024-07-04,rent,casa,"Lambaré, Central",,Central,Lambaré,300,built,4,8500000,PYG,1128.06,7500000,PYG,995.35,7535.06,3,-11.764,0,1,1,1,1,,remax,143063130-49
311376,2024-07-04,sale,terreno,"Altos, Cordillera",,Cordillera,Altos,1800,land,1,315000,USD,315000,2300000000,PYG,305239.77,7535.06,170,-3.098,0,0,1,1,0,cross-currency,remax,143063075-45
312768,2024-07-04,rent,departamento,Asunción,Ycuá Satí,Asunción,,64,land,1,550,USD,550,3700000,PYG,491.04,7535.06,8,-10.72,0,0,1,1,0,cross-currency,remax,143063080-71
309968,2024-07-10,rent,casa,"Fernando de la Mora, Central",,Central,Fernando de la Mora,120,built,3,3500000,PYG,464.13,3500000,PYG,464.13,7541.05,4,0,1,0,1,1,1,,remax,143036045-106
311352,2024-07-11,rent,local,"Luque, Central",,Central,Luque,100,built,,5000000,PYG,662.85,5000000,PYG,662.85,7543.17,7,0,1,0,1,1,1,,remax,143063148-101
308465,2024-07-15,sale,departamento,Asunción,Recoleta,Asunción,,77,land,2,110000,USD,110000,816410000,PYG,108030.04,7557.25,1403,-1.791,0,0,1,1,0,cross-currency,remax,143063102-186
311170,2024-07-19,rent,departamento,"Luque, Central",,Central,Luque,30,land,1,1150000,PYG,151.95,1150000,PYG,151.95,7568.035,5,0,1,0,1,1,1,,remax,143037037-314
309523,2024-07-22,sale,casa,"Ypané, Central",,Central,Ypané,70,built,2,250000000,PYG,33036.99,250000000,PYG,33036.99,7567.275,472,0,1,0,1,1,1,,remax,143063094-145
311937,2024-07-23,rent,departamento,Asunción,San Jorge,Asunción,,50,land,1,4500000,PYG,594.19,4500000,PYG,594.19,7573.38,12,0,1,0,1,1,1,,remax,143063084-41
310622,2024-07-24,rent,local,"Fernando de la Mora, Central",,Central,Fernando de la Mora,36,built,,1000000,PYG,131.86,1000000,PYG,131.86,7583.68,4,0,1,0,1,1,1,,remax,143063031-213
313186,2024-07-27,rent,duplex,"Lambaré, Central",,Central,Lambaré,100,built,3,3000000,PYG,396.14,2700000,PYG,356.52,7573.13,4,-10.002,0,1,1,1,1,,remax,143063148-102
308738,2024-07-29,sale,duplex,"Lambaré, Central",,Central,Lambaré,150,built,5,630000000,PYG,83305.84,610000000,PYG,80661.21,7562.495,538,-3.175,0,1,1,1,1,,remax,143037037-335
310670,2024-08-01,sale,terreno,"San Lorenzo, Central",,Central,San Lorenzo,360,land,,200000000,PYG,26420.64,180000000,PYG,23778.57,7569.84,66,-10,0,1,1,1,1,,remax,143063084-48
310223,2024-08-05,rent,local,Asunción,Villa Aurelia,Asunción,,,,,3080000,PYG,406.65,3080000,PYG,406.65,7574.05,,0,1,0,1,1,1,,remax,143037037-349
312600,2024-08-05,sale,casa,"Ciudad del Este, Alto Paraná",,Alto Paraná,Ciudad del Este,210,built,3,525000000,PYG,69315.62,525000000,PYG,69315.62,7574.05,330,0,1,0,1,1,1,,remax,143099004-40
313416,2024-08-05,rent,casa,Asunción,Los Laureles,Asunción,,531,built,3,3000,USD,3000,19552000,PYG,2581.45,7574.05,5,-13.952,0,0,1,1,0,cross-currency,remax,143063102-235
309752,2024-08-19,rent,local,"Villa Elisa, Central",,Central,Villa Elisa,487,built,,12000000,PYG,1581.37,12000000,PYG,1581.37,7588.34,3,0,1,0,1,1,1,,remax,143063084-51
311455,2024-08-19,rent,departamento,"Luque, Central",,Central,Luque,72,land,2,3500000,PYG,461.23,3300000,PYG,434.88,7588.34,6,-5.713,0,1,1,1,1,,remax,143037037-334
312029,2024-08-19,sale,departamento,Asunción,Ycuá Satí,Asunción,,99,land,2,165800,USD,165800,1131500000,PYG,149110.35,7588.34,1506,-10.066,0,0,1,1,0,cross-currency,remax,143063080-67
311219,2024-08-22,sale,casa,"Lambaré, Central",,Central,Lambaré,110,built,3,745000000,PYG,98084.59,702500000,PYG,92489.16,7595.485,841,-5.705,0,1,1,1,1,,remax,143063094-174
312620,2024-08-22,sale,terreno,Asunción,Bernardino Caballero,Asunción,,328,land,4,135000,USD,135000,950000000,PYG,125074.3,7595.485,381,-7.352,0,0,1,1,0,cross-currency,remax,143063147-39
311157,2024-08-23,sale,departamento,"Lambaré, Central",,Central,Lambaré,750,land,1,430000000,PYG,56561.23,420000000,PYG,55245.86,7602.38,74,-2.326,0,1,1,1,1,,remax,143037037-182
312751,2024-08-23,rent,duplex,"Luque, Central",,Central,Luque,168,built,3,4500000,PYG,591.92,4500000,PYG,591.92,7602.38,4,0,1,0,1,1,1,,remax,143037037-351
310248,2024-08-24,rent,otro,"Ciudad del Este, Alto Paraná",,Alto Paraná,Ciudad del Este,,,,3500000,PYG,460.38,3000000,PYG,394.61,7602.38,,-14.286,0,1,1,1,1,,remax,143099006-79
311659,2024-08-27,rent,departamento,Asunción,Ycuá Satí,Asunción,,39,land,,3000000,PYG,393.23,3000000,PYG,393.23,7629.08,10,0,1,0,1,1,1,,remax,143063084-44
311445,2024-08-28,rent,departamento,Asunción,Las Lomas (Carmelitas),Asunción,,55,land,1,800,USD,800,5250000,PYG,686.16,7651.235,12,-14.23,0,0,1,1,0,cross-currency,remax,143063080-55
308989,2024-08-29,sale,terreno,"Lambaré, Central",,Central,Lambaré,105,land,,22000,USD,22000,165400000000,PYG,21546221.46,7676.52,205202,97837.37,0,0,1,1,0,cross-currency,remax,143037112-15
309540,2024-08-31,rent,departamento,Asunción,Manorá,Asunción,,64,land,2,5300000,PYG,690.95,4500000,PYG,586.66,7670.565,9,-15.094,0,1,1,1,1,,remax,143005060-22
308550,2024-09-02,rent,departamento,"Villa Elisa, Central",,Central,Villa Elisa,35,built,2,1200000,PYG,156.04,1200000,PYG,156.04,7690.22,4,0,1,0,1,1,1,,remax,143063148-111
309320,2024-09-05,rent,local,Asunción,Los Laureles,Asunción,,21,built,,2750000,PYG,356,2700000,PYG,349.53,7724.72,17,-1.817,0,1,1,1,1,,remax,143063094-190
434,2024-09-07,rent,casa,Asunción,Vista Alegre,Asunción,,155,built,3,3000000,PYG,387.9,3000000,PYG,387.9,7734.045,3,0,1,0,1,1,1,,remax,143037043-99
309650,2024-09-09,rent,departamento,"Lambaré, Central",,Central,Lambaré,110,land,3,3700000,PYG,478.83,3700000,PYG,478.83,7727.125,4,0,1,0,1,1,1,,remax,143037037-352
311729,2024-09-09,rent,departamento,Asunción,San Vicente,Asunción,,90,land,2,3500000,PYG,452.95,3500000,PYG,452.95,7727.125,5,0,1,0,1,1,1,,remax,143037037-350
312073,2024-09-09,rent,local,"Ciudad del Este, Alto Paraná",,Alto Paraná,Ciudad del Este,450,built,,1600,USD,1600,1600,USD,1600,7727.125,4,0,1,0,1,1,1,,remax,143099004-43
310228,2024-09-10,sale,terreno,"Ñemby, Central",,Central,Ñemby,406,land,,185000000,PYG,23942.28,155000000,PYG,20059.75,7726.915,49,-16.216,0,1,1,1,1,,remax,143063094-188
309431,2024-09-19,rent,local,"Fernando de la Mora, Central",,Central,Fernando de la Mora,,,,1700000,PYG,217.89,1700000,PYG,217.89,7801.965,,0,1,0,1,1,1,,remax,143036008-103
309054,2024-09-20,rent,local,Asunción,Los Laureles,Asunción,,70,built,,4500000,PYG,578.11,4400000,PYG,565.27,7783.94,8,-2.221,0,1,1,1,1,,remax,143063094-196
313004,2024-09-20,sale,departamento,Asunción,La Encarnación,Asunción,,28,land,1,90000000,PYG,11562.27,80000000,PYG,10277.57,7783.94,367,-11.111,0,1,1,1,1,,remax,143037037-347
309211,2024-09-25,sale,terreno,"Lambaré, Central",,Central,Lambaré,360,land,,450000000,PYG,57613.38,420000000,PYG,53772.49,7810.685,149,-6.667,0,1,1,1,1,,remax,143063029-43
312154,2024-10-01,sale,casa,Asunción,Recoleta,Asunción,,200,built,3,750000000,PYG,96261.89,750000000,PYG,96261.89,7791.245,481,0,1,0,1,1,1,,remax,143063102-248
309308,2024-10-04,rent,departamento,"Luque, Central",,Central,Luque,30,land,1,1000000,PYG,128.26,1000000,PYG,128.26,7796.72,4,0,1,0,1,1,1,,remax,143037037-315
311984,2024-10-04,sale,terreno,"Villeta, Central",,Central,Villeta,12,land,1,450000000,PYG,57716.58,450000000,PYG,57716.58,7796.72,4810,0,1,0,1,1,1,,remax,143037037-373
310595,2024-10-08,rent,departamento,"San Lorenzo, Central",,Central,San Lorenzo,70,built,2,1500000,PYG,192.42,1500000,PYG,192.42,7795.42,3,0,1,0,1,1,1,,remax,143036101-2
310555,2024-10-10,rent,duplex,Asunción,Los Laureles,Asunción,,280,built,3,6000000,PYG,768.73,6000000,PYG,768.73,7805.035,3,0,1,0,1,1,1,,remax,143063159-10
311953,2024-10-10,sale,terreno,"Piribebuy, Cordillera",,Cordillera,,1158,land,,300000000,PYG,38436.73,240000000,PYG,30749.38,7805.035,27,-20,0,1,1,1,1,,remax,143063112-26
311507,2024-10-18,sale,casa,"San Antonio, Central",,Central,San Antonio,130,built,4,340000000,PYG,42908.43,325000000,PYG,41015.42,7923.85,316,-4.412,0,1,1,1,1,,remax,143063029-35
312630,2024-10-20,rent,casa,"Lambaré, Central",,Central,Lambaré,138,built,1,3200000,PYG,403.84,3200000,PYG,403.84,7923.85,3,0,1,0,1,1,1,,remax,143036045-132
309705,2024-10-21,rent,departamento,Asunción,Ciudad Nueva,Asunción,,80,land,2,680,USD,680,5390360,PYG,681.23,7912.72,9,0.181,0,0,1,1,0,cross-currency,remax,143037037-374
309106,2024-10-22,rent,deposito,"Fernando de la Mora, Central",,Central,Fernando de la Mora,360,built,,3500000,PYG,441.16,3500000,PYG,441.16,7933.685,1,0,1,0,1,1,1,,remax,143063068-88
310300,2024-10-22,rent,departamento,Asunción,Carmelitas,Asunción,,58,land,1,3800000,PYG,478.97,3800000,PYG,478.97,7933.685,8,0,1,0,1,1,1,,remax,143063152-8
313363,2024-10-22,rent,deposito,"Fernando de la Mora, Central",,Central,Fernando de la Mora,320,built,,12000000,PYG,1512.54,10000000,PYG,1260.45,7933.685,4,-16.667,0,1,1,1,1,,remax,143063068-83
309287,2024-10-23,sale,duplex,"Fernando de la Mora, Central",,Central,Fernando de la Mora,181,built,4,155000,USD,155000,1230080000,PYG,154546.45,7959.29,854,-0.293,0,0,1,1,0,cross-currency,remax,143063068-71
313657,2024-10-24,sale,terreno,Asunción,San Pablo,Asunción,,360,land,1,540000000,PYG,67474.95,500000000,PYG,62476.81,8002.97,174,-7.407,0,1,1,1,1,,remax,143063068-37
313723,2024-10-24,rent,departamento,Asunción,Pinoza,Asunción,,360,land,2,2300000,PYG,287.39,2000000,PYG,249.91,8002.97,1,-13.042,0,1,1,1,1,,remax,143063029-47
136502,2024-10-27,sale,otro,"Luque, Central",,Central,Luque,224,built,3,1427318360,PYG,179302.34,1427318360,PYG,179302.34,7960.4,800,0,1,0,1,1,1,,remax,143063090-69
309410,2024-10-28,sale,duplex,Asunción,Obrero,Asunción,,161,built,3,930000000,PYG,117532.35,870000000,PYG,109949.62,7912.715,683,-6.452,0,1,1,1,1,,remax,143063051-209
312579,2024-10-28,sale,terreno,"Luque, Central",,Central,Luque,1390,land,,200000,USD,200000,1500000000,PYG,189568.31,7912.715,136,-5.216,0,0,1,1,0,cross-currency,remax,143063147-24
309914,2024-10-30,rent,departamento,Asunción,Villa Morra,Asunción,,53,land,1,3500000,PYG,443.02,3650000,PYG,462.01,7900.31,9,4.286,0,0,1,1,1,,remax,143063084-59
4422,2024-10-31,rent,casa,Asunción,Itá Enramada,Asunción,,205,built,3,5500000,PYG,698.33,4800000,PYG,609.45,7875.91,3,-12.728,0,1,1,1,1,,remax,143063130-53
309333,2024-11-01,rent,departamento,Asunción,Los Laureles,Asunción,,78,built,2,4350000,PYG,556.26,4350000,PYG,556.26,7820.06,7,0,1,0,1,1,1,,remax,143063161-5
311124,2024-11-04,rent,deposito,"San Lorenzo, Central",,Central,San Lorenzo,,,,15000000,PYG,1929.4,14200000,PYG,1826.5,7774.45,,-5.333,0,1,1,1,1,,remax,143063130-64
313464,2024-11-06,rent,local,Asunción,Los Laureles,Asunción,,21,built,,2400000,PYG,306.93,2400000,PYG,306.93,7819.39,15,0,1,0,1,1,1,,remax,143063094-200
310612,2024-11-07,rent,casa,Asunción,Las Mercedes,Asunción,,150,built,3,4000000,PYG,511.88,4000000,PYG,511.88,7814.265,3,0,1,0,1,1,1,,remax,143037037-375
309673,2024-11-11,rent,departamento,"San Lorenzo, Central",,Central,San Lorenzo,70,land,2,2000000,PYG,256.28,2000000,PYG,256.28,7804.005,4,0,1,0,1,1,1,,remax,143036067-1
311180,2024-11-21,rent,duplex,"Lambaré, Central",,Central,Lambaré,160,built,3,5500000,PYG,705.89,5500000,PYG,705.89,7791.615,4,0,1,0,1,1,1,,remax,143063094-203
312357,2024-11-21,sale,departamento,Asunción,La Encarnación,Asunción,,46,land,1,75800,USD,75800,591846400,PYG,75959.4,7791.615,1651,0.21,0,0,1,1,0,cross-currency,remax,143037037-382
308961,2024-11-23,rent,departamento,"Fernando de la Mora, Central",,Central,Fernando de la Mora,390,land,2,2100000,PYG,269.1,2000000,PYG,256.29,7803.71,1,-4.76,0,1,1,1,1,,remax,143037112-22
172,2024-11-26,sale,departamento,Asunción,La Encarnación,Asunción,,42,land,1,335088000,PYG,42963.11,335088000,PYG,42963.11,7799.435,1023,0,1,0,1,1,1,,remax,143037035-130
1593,2024-11-26,sale,departamento,Asunción,La Encarnación,Asunción,,32,land,1,328000000,PYG,42054.33,328380000,PYG,42103.05,7799.435,1316,0.116,0,0,1,1,1,,remax,143037035-134
309266,2024-11-26,rent,casa,"Luque, Central",,Central,Luque,93,built,2,1200000,PYG,153.86,1200000,PYG,153.86,7799.435,2,0,1,0,1,1,1,,remax,143036099-9
310393,2024-11-26,rent,departamento,Asunción,Las Mercedes,Asunción,,84,land,2,4000000,PYG,512.86,4000000,PYG,512.86,7799.435,6,0,1,0,1,1,1,,remax,143037112-30
312902,2024-11-26,rent,departamento,Asunción,Carmelitas,Asunción,,77,land,2,5500000,PYG,705.18,5500000,PYG,705.18,7799.435,9,0,1,0,1,1,1,,remax,143063049-20
310384,2024-11-28,sale,terreno,"San Lorenzo, Central",,Central,San Lorenzo,300,built,4,220000,USD,220000,185000,USD,185000,7805.625,617,-15.909,0,1,1,1,1,,remax,143063148-66
313418,2024-11-29,sale,terreno,"Capiatá, Central",,Central,Capiatá,384,land,,90000000,PYG,11550.73,90000000,PYG,11550.73,7791.715,30,0,1,0,1,1,1,,remax,143063171-3
308265,2024-12-02,rent,departamento,Asunción,Barrio Jara,Asunción,,35,land,1,3300000,PYG,422.95,3300000,PYG,422.95,7802.38,12,0,1,0,1,1,1,,remax,143037037-400
311927,2024-12-02,rent,casa,"Hernandarias, Alto Paraná",,Alto Paraná,Hernandarias,360,built,5,3500000,PYG,448.58,3000000,PYG,384.5,7802.38,1,-14.285,0,1,1,1,1,,remax,143099004-38
312276,2024-12-04,rent,casa,"Lambaré, Central",,Central,Lambaré,355,built,5,5000000,PYG,639.08,5000000,PYG,639.08,7823.725,2,0,1,0,1,1,1,,remax,143063102-265
310812,2024-12-06,sale,departamento,Asunción,Catedral,Asunción,,30,land,1,428536000,PYG,54933.68,428536000,PYG,54933.68,7800.97,1831,0,1,0,1,1,1,,remax,143037037-405
311807,2024-12-11,rent,departamento,Asunción,San Jorge,Asunción,,80,land,2,3500000,PYG,447.07,3500000,PYG,447.07,7828.675,6,0,1,0,1,1,1,,remax,143063031-226
310451,2024-12-26,rent,casa,Asunción,San Jorge,Asunción,,470,built,3,2400,USD,2400,18782400,PYG,2403.24,7815.445,5,0.135,0,0,1,1,0,cross-currency,remax,143063150-10
311696,2024-12-26,sale,terreno,"Ypané, Central",,Central,Ypané,3506,land,,400000000,PYG,51180.71,370000000,PYG,47342.15,7815.445,14,-7.5,0,1,1,1,1,,remax,143063094-195
3656,2024-12-27,rent,departamento,Asunción,Carmelitas,Asunción,,90,land,2,5600000,PYG,717.85,5600000,PYG,717.85,7801.055,8,0,1,0,1,1,1,,remax,143063132-81
312819,2024-12-30,rent,departamento,Asunción,Villa Morra,Asunción,,80,land,2,2500000,PYG,319.37,2500000,PYG,319.37,7827.815,4,0,1,0,1,1,1,,remax,143036045-146
2539,2025-01-08,sale,casa,"Luque, Central",,Central,Luque,177,built,3,600000000,PYG,76408.5,580000000,PYG,73861.55,7852.53,417,-3.333,0,1,1,1,1,,remax,143037035-117
312131,2025-01-09,rent,departamento,Asunción,Mburucuyá,Asunción,,110,land,2,6000000,PYG,762.08,5000000,PYG,635.07,7873.195,6,-16.666,0,1,1,1,1,,remax,143063084-54
313677,2025-01-09,rent,duplex,"Luque, Central",,Central,Luque,168,built,3,4800000,PYG,609.66,4800000,PYG,609.66,7873.195,4,0,1,0,1,1,1,,remax,143037037-379
311500,2025-01-13,rent,departamento,Asunción,Las Lomas (Carmelitas),Asunción,,110,land,2,1000,USD,1000,1000,USD,1000,7890.53,9,0,1,0,1,1,1,,remax,143063084-72
3785,2025-02-07,rent,departamento,Asunción,Los Laureles,Asunción,,110,land,1,4800000,PYG,608.86,4800000,PYG,608.86,7883.6,6,0,1,0,1,1,1,,remax,143063132-82
310625,2025-02-07,rent,casa,Asunción,Cañada del Ybaray,Asunción,,80,built,1,2000000,PYG,253.69,1800000,PYG,228.32,7883.6,3,-10,0,1,1,1,1,,remax,143063196-94
313040,2025-02-12,sale,duplex,"Fernando de la Mora, Central",,Central,Fernando de la Mora,108,built,3,540000000,PYG,68534.53,515000000,PYG,65361.63,7879.24,605,-4.63,0,1,1,1,1,,remax,143063132-74
312775,2025-02-13,rent,departamento,"Villa Elisa, Central",,Central,Villa Elisa,660,built,2,2300000,PYG,291.02,2300000,PYG,291.02,7903.2,0,0,1,0,1,1,1,,remax,143036067-12
313547,2025-02-14,rent,duplex,"Luque, Central",,Central,Luque,60,built,2,3300000,PYG,417.62,3000000,PYG,379.65,7901.96,6,-9.092,0,1,1,1,1,,remax,143063076-61
310954,2025-02-18,sale,terreno,"Lambaré, Central",,Central,Lambaré,130,built,,400000000,PYG,50628.14,400000000,PYG,50628.14,7900.745,389,0,1,0,1,1,1,,remax,143037112-3
2008,2025-02-27,rent,local,"Villa Elisa, Central",,Central,Villa Elisa,60,built,,2000000,PYG,252.43,2000000,PYG,252.43,7923.015,4,0,1,0,1,1,1,,remax,143037122-24
310306,2025-03-01,rent,departamento,"San Lorenzo, Central",,Central,San Lorenzo,360,land,2,1200000,PYG,151.54,1200000,PYG,151.54,7918.67,0,0,1,0,1,1,1,,remax,143036101-14
313140,2025-03-01,sale,casa,Asunción,Mariscal Estigarribia,Asunción,,387,built,4,330000,USD,330000,2345000000,PYG,296135.59,7918.67,765,-10.262,0,0,1,1,0,cross-currency,remax,143063193-76
313556,2025-03-01,rent,casa,"Luque, Central",,Central,Luque,150,built,4,6500000,PYG,820.84,6200000,PYG,782.96,7918.67,5,-4.615,0,1,1,1,1,,remax,143036051-143
3542,2025-03-11,sale,casa,"Villa Elisa, Central",,Central,Villa Elisa,130,built,3,495000000,PYG,62463.72,490000000,PYG,61832.77,7924.6,476,-1.01,0,1,1,1,1,,remax,143063188-101
311428,2025-03-20,sale,casa,"Luque, Central",,Central,Luque,95,built,3,420000000,PYG,52699.07,400000000,PYG,50189.59,7969.78,528,-4.762,0,1,1,1,1,,remax,143063068-84
308633,2025-03-31,rent,departamento,Asunción,Las Mercedes,Asunción,,42,land,1,600,USD,600,4795200,PYG,601,7978.665,14,0.167,0,0,1,1,0,cross-currency,remax,143037037-381
313108,2025-04-01,sale,otro,"Quiindy, Paraguarí",,Paraguarí,,,,3,420000000,PYG,52437.01,415000000,PYG,51812.76,8009.61,,-1.19,0,1,1,1,1,,remax,143068129-54
308946,2025-04-02,sale,casa,"Lambaré, Central",,Central,Lambaré,110,built,2,330000000,PYG,41129.93,290000000,PYG,36144.48,8023.355,329,-12.121,0,1,1,1,1,,remax,143063029-49
308848,2025-04-03,rent,departamento,"Luque, Central",,Central,Luque,70,land,2,3350000,PYG,417.89,3350000,PYG,417.89,8016.455,6,0,1,0,1,1,1,,remax,143036045-172
313153,2025-04-04,rent,duplex,"Luque, Central",,Central,Luque,150,built,3,5000000,PYG,624.61,5000000,PYG,624.61,8004.965,4,0,1,0,1,1,1,,remax,143063076-70
309525,2025-04-05,rent,local,"Ciudad del Este, Alto Paraná",,Alto Paraná,Ciudad del Este,,,,1500000,PYG,187.38,1500000,PYG,187.38,8004.965,,0,1,0,1,1,1,,remax,143099012-22
312912,2025-04-14,sale,departamento,Asunción,Las Lomas (Carmelitas),Asunción,,55,land,1,89345,USD,89345,714491965,PYG,89404.64,7991.665,1626,0.067,0,0,1,1,0,cross-currency,remax,143063130-74
308780,2025-04-21,rent,departamento,"Luque, Central",,Central,Luque,54,land,1,2500000,PYG,312.26,2500000,PYG,312.26,8006.245,6,0,1,0,1,1,1,,remax,143036045-140
313111,2025-04-24,rent,departamento,"Luque, Central",,Central,Luque,70,land,2,3350000,PYG,418.79,3350000,PYG,418.79,7999.275,6,0,1,0,1,1,1,,remax,143036045-166
313357,2025-04-28,sale,departamento,"Ciudad del Este, Alto Paraná",,Alto Paraná,Ciudad del Este,85,land,3,320500000,PYG,40009.04,320500000,PYG,40009.04,8010.69,471,0,1,0,1,1,1,,remax,143099006-106
309664,2025-04-30,sale,departamento,Asunción,Villa Morra,Asunción,,32,land,1,68162.8,USD,68162.8,543257516,PYG,67903.67,8000.415,2098,-0.38,0,0,1,1,0,cross-currency,remax,143063128-207
312712,2025-04-30,sale,departamento,Asunción,Villa Morra,Asunción,,32,land,1,57902.8,USD,57902.8,461485316,PYG,57682.67,8000.415,1782,-0.38,0,0,1,1,0,cross-currency,remax,143063128-208
313554,2025-05-02,rent,local,"Fernando de la Mora, Central",,Central,Fernando de la Mora,39,built,,1000000,PYG,125.11,1000000,PYG,125.11,7993.27,3,0,1,0,1,1,1,,remax,143036099-34
308880,2025-05-05,rent,departamento,Asunción,Vista Alegre,Asunción,,80,land,2,3500000,PYG,437.17,3500000,PYG,437.17,8006.085,5,0,1,0,1,1,1,,remax,143063130-77
310985,2025-05-05,rent,departamento,"Ciudad del Este, Alto Paraná",,Alto Paraná,Ciudad del Este,37,land,1,3300000,PYG,412.19,3300000,PYG,412.19,8006.085,11,0,1,0,1,1,1,,remax,143099021-6
309404,2025-05-08,rent,departamento,Asunción,Catedral,Asunción,,45,land,1,2300000,PYG,287.59,2300000,PYG,287.59,7997.39,6,0,1,0,1,1,1,,remax,143063130-75
309656,2025-05-08,sale,departamento,Asunción,Las Mercedes,Asunción,,32,land,1,55228,USD,55228,330000000,PYG,41263.46,7997.39,1281,-25.285,0,0,1,1,0,cross-currency,remax,143063128-182
312911,2025-05-08,sale,terreno,"Ciudad del Este, Alto Paraná",,Alto Paraná,Ciudad del Este,300,built,,140000,USD,140000,1094340000,PYG,136837.14,7997.39,456,-2.259,0,0,1,1,0,cross-currency,remax,143099004-49
310607,2025-05-13,sale,terreno,"Santa Rita, Alto Paraná",,Alto Paraná,,,,,40000,USD,40000,300960000,PYG,37696.45,7983.775,,-5.759,0,0,1,1,0,cross-currency,remax,143099013-27
312239,2025-05-20,sale,departamento,Asunción,Mburucuyá,Asunción,,80,built,2,140000,USD,140000,135000,USD,135000,7989.855,1688,-3.571,0,1,1,1,1,,remax,143084037-47
309245,2025-05-22,sale,duplex,"Luque, Central",,Central,Luque,170,built,3,127000,USD,127000,996250000,PYG,124871.13,7978.225,735,-1.676,0,0,1,1,0,cross-currency,remax,143063128-146
309936,2025-05-22,rent,departamento,"Luque, Central",,Central,Luque,47,land,1,2800000,PYG,350.96,2800000,PYG,350.96,7978.225,7,0,1,0,1,1,1,,remax,143036045-167
308762,2025-05-23,sale,casa,"Piribebuy, Cordillera",,Cordillera,,126,built,2,470000000,PYG,58871.35,455134820,PYG,57009.36,7983.51,452,-3.163,0,1,1,1,1,,remax,143063128-202
309199,2025-05-24,rent,casa,Asunción,Ytay,Asunción,,150,built,3,4500000,PYG,563.66,4500000,PYG,563.66,7983.51,4,0,1,0,1,1,1,,remax,143036051-151
309741,2025-05-26,sale,rural,"Ybycuí, Paraguarí",,Paraguarí,,400000,land,,750000000,PYG,93867.51,700000000,PYG,87609.68,7989.985,0,-6.667,0,1,1,1,1,,remax,143084005-86
311575,2025-05-26,sale,terreno,Asunción,Herrera,Asunción,,,,,950000000,PYG,118898.85,867000000,PYG,108510.84,7989.985,,-8.737,0,1,1,1,1,,remax,143063152-16
313269,2025-05-29,rent,oficina,Asunción,Madame Lynch,Asunción,,36,built,,3700000,PYG,463.95,3700000,PYG,463.95,7975.03,13,0,1,0,1,1,1,,remax,143063076-78
308681,2025-05-30,rent,casa,"Hernandarias, Alto Paraná",,Alto Paraná,Hernandarias,400,built,5,2500,USD,2500,19750000,PYG,2482.92,7954.345,6,-0.683,0,0,1,1,0,cross-currency,remax,143099002-30
311731,2025-05-31,sale,casa,"Hernandarias, Alto Paraná",,Alto Paraná,Hernandarias,100,built,2,260000000,PYG,32686.54,230000000,PYG,28915.01,7954.345,289,-11.538,0,1,1,1,1,,remax,143099004-50
313511,2025-06-05,rent,local,"Fernando de la Mora, Central",,Central,Fernando de la Mora,48,built,,3500000,PYG,439.73,3300000,PYG,414.6,7959.44,9,-5.715,0,1,1,1,1,,remax,143084041-15
309850,2025-06-06,rent,departamento,"Luque, Central",,Central,Luque,70,land,2,3550000,PYG,446.07,3550000,PYG,446.07,7958.48,6,0,1,0,1,1,1,,remax,143036045-164
311490,2025-06-06,rent,casa,"Ciudad del Este, Alto Paraná",,Alto Paraná,Ciudad del Este,200,built,4,5000000,PYG,628.26,4500000,PYG,565.43,7958.48,3,-10.001,0,1,1,1,1,,remax,143099012-30
3580,2025-06-07,rent,casa,"Ñemby, Central",,Central,Ñemby,70,built,2,2100000,PYG,263.87,1800000,PYG,226.17,7958.48,3,-14.287,0,1,1,1,1,,remax,143037043-109
310970,2025-06-09,rent,departamento,"Fernando de la Mora, Central",,Central,Fernando de la Mora,32,land,1,1890000,PYG,237.63,1890000,PYG,237.63,7953.61,7,0,1,0,1,1,1,,remax,143068120-3
308830,2025-06-10,rent,duplex,"Lambaré, Central",,Central,Lambaré,128,built,3,3850000,PYG,483.23,3850000,PYG,483.23,7967.225,4,0,1,0,1,1,1,,remax,143063094-214
310991,2025-06-10,rent,duplex,Asunción,Santa María,Asunción,,150,built,2,2500000,PYG,313.79,2500000,PYG,313.79,7967.225,2,0,1,0,1,1,1,,remax,143063196-106
310265,2025-06-12,rent,departamento,"Ciudad del Este, Alto Paraná",,Alto Paraná,Ciudad del Este,37,land,1,3500000,PYG,439.71,3400000,PYG,427.14,7959.87,12,-2.859,0,1,1,1,1,,remax,143099021-8
309686,2025-06-13,rent,local,Asunción,Madame Lynch,Asunción,,75,built,,8500000,PYG,1067.92,8000000,PYG,1005.1,7959.39,13,-5.882,0,1,1,1,1,,remax,143084005-90
309679,2025-06-18,rent,duplex,"San Lorenzo, Central",,Central,San Lorenzo,120,built,3,3900000,PYG,488.9,3300000,PYG,413.68,7977.13,3,-15.386,0,1,1,1,1,,remax,143084005-88
312757,2025-06-18,rent,departamento,"Ciudad del Este, Alto Paraná",,Alto Paraná,Ciudad del Este,37,land,1,3500000,PYG,438.75,3400000,PYG,426.22,7977.13,12,-2.856,0,1,1,1,1,,remax,143099021-7
399498,2025-06-18,sale,terreno,"Guarambaré, Central",,Central,,,,,130000000,PYG,16296.59,130000000,PYG,16296.59,7977.13,,0,1,0,1,1,1,,remax,143072153-4
313279,2025-06-20,rent,departamento,Asunción,Los Laureles,Asunción,,80,built,1,5000000,PYG,627.84,5000000,PYG,627.84,7963.75,8,0,1,0,1,1,1,,remax,143036045-187
311583,2025-06-23,rent,casa,"San Lorenzo, Central",,Central,San Lorenzo,240,built,3,3750000,PYG,470.32,3750000,PYG,470.32,7973.28,2,0,1,0,1,1,1,,remax,143063094-209
310240,2025-06-27,rent,departamento,"Luque, Central",,Central,Luque,70,land,2,3550000,PYG,449.52,3550000,PYG,449.52,7897.305,6,0,1,0,1,1,1,,remax,143036045-189
309269,2025-06-30,rent,oficina,"Fernando de la Mora, Central",,Central,Fernando de la Mora,,,,5500000,PYG,705.21,5500000,PYG,705.21,7799.08,,0,1,0,1,1,1,,remax,143063187-31
313147,2025-06-30,rent,casa,Asunción,Manorá,Asunción,,1193,built,5,2600,USD,2600,18803249,PYG,2410.96,7799.08,2,-7.271,0,0,1,1,0,cross-currency,remax,143063084-76
308320,2025-07-01,rent,local,"Ciudad del Este, Alto Paraná",,Alto Paraná,Ciudad del Este,300,built,,2600,USD,2600,19750000,PYG,2567.75,7691.545,9,-1.24,0,0,1,1,0,cross-currency,remax,143099006-96
309023,2025-07-01,rent,local,Asunción,San Jorge,Asunción,,154,land,,3000,USD,3000,19500000,PYG,2535.25,7691.545,16,-15.492,0,0,1,1,0,cross-currency,remax,143084037-45
309763,2025-07-01,rent,casa,"Capiatá, Central",,Central,Capiatá,72,built,1,1500000,PYG,195.02,1500000,PYG,195.02,7691.545,3,0,1,0,1,1,1,,remax,143063189-24
313595,2025-07-02,rent,deposito,Asunción,San Pablo,Asunción,,198,land,,4200000,PYG,544.96,4200000,PYG,544.96,7707.025,3,0,1,0,1,1,1,,remax,143036126-5
310867,2025-07-03,rent,deposito,"Villa Elisa, Central",,Central,Villa Elisa,480,built,,12000000,PYG,1538.87,11000000,PYG,1410.64,7797.905,3,-8.333,0,1,1,1,1,,remax,143063152-34
313484,2025-07-03,sale,duplex,"Luque, Central",,Central,Luque,170,built,3,680000000,PYG,87202.91,680000000,PYG,87202.91,7797.905,513,0,1,0,1,1,1,,remax,143063128-217
309046,2025-07-07,rent,casa,"Fernando de la Mora, Central",,Central,Fernando de la Mora,200,built,3,7000000,PYG,907.57,7000000,PYG,907.57,7712.875,5,0,1,0,1,1,1,,remax,143063076-81
310921,2025-07-11,rent,local,"Ñemby, Central",,Central,Ñemby,243,land,,4700000,PYG,617.46,4250000,PYG,558.34,7611.795,2,-9.575,0,1,1,1,1,,remax,143084041-31
312422,2025-07-11,rent,local,"Ñemby, Central",,Central,Ñemby,243,land,,6350000,PYG,834.23,4250000,PYG,558.34,7611.795,2,-33.071,0,1,1,1,1,,remax,143084041-30
309734,2025-07-13,rent,duplex,"San Lorenzo, Central",,Central,San Lorenzo,90,built,3,3500000,PYG,459.81,3500000,PYG,459.81,7611.795,5,0,1,0,1,1,1,,remax,143036045-192
311640,2025-07-13,rent,casa,Asunción,Dr. Francia,Asunción,,200,built,4,6800000,PYG,893.35,6000000,PYG,788.25,7611.795,4,-11.765,0,1,1,1,1,,remax,143036045-183
310192,2025-07-17,rent,casa,"Fernando de la Mora, Central",,Central,Fernando de la Mora,200,built,3,5500000,PYG,732.24,5500000,PYG,732.24,7511.205,4,0,1,0,1,1,1,,remax,143036040-151
312408,2025-07-17,sale,departamento,Asunción,Recoleta,Asunción,,30,land,1,50900,USD,50900,381750000,PYG,50824.07,7511.205,1694,-0.149,0,0,1,1,0,cross-currency,remax,143056047-69
311559,2025-07-18,sale,casa,"Ciudad del Este, Alto Paraná",,Alto Paraná,Ciudad del Este,160,built,3,350000000,PYG,47052.88,350000000,PYG,47052.88,7438.44,294,0,1,0,1,1,1,,remax,143099018-23
313440,2025-07-19,rent,casa,Asunción,Sajonia,Asunción,,313,built,4,6300000,PYG,846.95,5833333,PYG,784.21,7438.44,3,-7.408,0,1,1,1,1,,remax,143036051-167
313034,2025-07-22,rent,deposito,"Ciudad del Este, Alto Paraná",,Alto Paraná,Ciudad del Este,,,,2800,USD,2800,21060000,PYG,2838.6,7419.145,,1.379,0,0,1,1,0,cross-currency,remax,143099002-9
309550,2025-07-24,sale,departamento,Asunción,Mburucuyá,Asunción,,108,land,2,198000,USD,198000,198000,USD,198000,7452.275,1833,0,1,0,1,1,1,,remax,143063102-296
310945,2025-07-24,rent,casa,"Luque, Central",,Central,Luque,190,built,4,3300000,PYG,442.82,3000000,PYG,402.56,7452.275,2,-9.092,0,1,1,1,1,,remax,143063193-122
311276,2025-07-24,rent,departamento,Asunción,Santísima Trinidad,Asunción,,495,land,2,2200000,PYG,295.21,2200000,PYG,295.21,7452.275,1,0,1,0,1,1,1,,remax,143063102-275
311903,2025-07-24,sale,terreno,"Luque, Central",,Central,Luque,360,land,,89000000,PYG,11942.66,80000000,PYG,10734.98,7452.275,30,-10.112,0,1,1,1,1,,remax,143063102-204
310068,2025-07-28,rent,departamento,Asunción,Villa Morra,Asunción,,86,land,2,5600000,PYG,758.53,5500000,PYG,744.99,7382.695,9,-1.785,0,1,1,1,1,,remax,143056047-61
313053,2025-07-28,rent,departamento,Asunción,Los Laureles,Asunción,,67,land,2,4800000,PYG,650.17,4800000,PYG,650.17,7382.695,10,0,1,0,1,1,1,,remax,143036045-193
309992,2025-07-30,rent,casa,"Areguá, Central",,Central,Areguá,250,built,2,3800000,PYG,514.31,3300000,PYG,446.64,7388.565,2,-13.157,0,1,1,1,1,,remax,143063196-107
311582,2025-07-30,rent,departamento,"San Lorenzo, Central",,Central,San Lorenzo,300,land,1,1450000,PYG,196.25,1450000,PYG,196.25,7388.565,1,0,1,0,1,1,1,,remax,143036051-182
312091,2025-07-30,rent,duplex,"Luque, Central",,Central,Luque,165,land,3,4700000,PYG,636.12,4000000,PYG,541.38,7388.565,3,-14.893,0,1,1,1,1,,remax,143036040-161
308467,2025-07-31,rent,departamento,Asunción,Ycuá Satí,Asunción,,39,land,1,3600000,PYG,486.74,3500000,PYG,473.22,7396.085,12,-2.778,0,1,1,1,1,,remax,143056050-35
309636,2025-08-01,rent,departamento,"Villa Elisa, Central",,Central,Villa Elisa,70,land,2,2300000,PYG,310.44,23000000,PYG,3104.44,7408.74,44,900.013,0,0,1,1,0,outside 0.4 to 1.6 of the ask,remax,143036067-27
310437,2025-08-01,rent,departamento,Asunción,Villa Morra,Asunción,,49,built,,5700000,PYG,769.36,5650000,PYG,762.61,7408.74,16,-0.877,0,1,1,1,1,,remax,143056050-32
311068,2025-08-01,rent,local,"Ciudad del Este, Alto Paraná",,Alto Paraná,Ciudad del Este,60,built,,2000000,PYG,269.95,2000000,PYG,269.95,7408.74,4,0,1,0,1,1,1,,remax,143099023-9
312290,2025-08-01,sale,departamento,Asunción,Villa Morra,Asunción,,32,land,1,57778,USD,57778,418042250,PYG,56425.55,7408.74,1743,-2.341,0,0,1,1,0,cross-currency,remax,143063128-175
312681,2025-08-05,sale,departamento,Asunción,Recoleta,Asunción,,39,built,1,64300,USD,64300,455951300,PYG,61998.26,7354.26,1590,-3.58,0,0,1,1,0,cross-currency,remax,143056050-42
308402,2025-08-06,rent,local,"San Lorenzo, Central",,Central,San Lorenzo,62,built,,700,USD,700,5110000,PYG,696.8,7333.51,11,-0.457,0,0,1,1,0,cross-currency,remax,143063031-279
313281,2025-08-06,sale,departamento,Asunción,Villa Morra,Asunción,,55,built,1,82000,USD,82000,588300000,PYG,80220.79,7333.51,1463,-2.17,0,0,1,1,0,cross-currency,remax,143063076-30
311480,2025-08-07,rent,duplex,"Luque, Central",,Central,Luque,165,land,3,4000000,PYG,548.01,3800000,PYG,520.61,7299.175,3,-5,0,1,1,1,1,,remax,143036040-160
311060,2025-08-08,rent,deposito,"Ciudad del Este, Alto Paraná",,Alto Paraná,Ciudad del Este,,,,1400,USD,1400,7300000,PYG,1005.15,7262.62,,-28.204,0,0,2,1,0,cross-currency,remax,143099002-10
311836,2025-08-08,rent,duplex,"Fernando de la Mora, Central",,Central,Fernando de la Mora,175,built,4,7500000,PYG,1032.69,7500000,PYG,1032.69,7262.62,6,0,1,0,1,1,1,,remax,143036136-4
313148,2025-08-08,rent,deposito,"Ciudad del Este, Alto Paraná",,Alto Paraná,Ciudad del Este,,,,1400,USD,1400,7300000,PYG,1005.15,7262.62,,-28.204,0,0,2,0,0,cross-currency,remax,143099002-11
313350,2025-08-08,sale,departamento,"Ciudad del Este, Alto Paraná",,Alto Paraná,Ciudad del Este,51,built,1,81900,USD,81900,597870000,PYG,82321.53,7262.62,1614,0.515,0,0,1,1,0,cross-currency,remax,143099023-20
3079,2025-08-13,sale,casa,"Lambaré, Central",,Central,Lambaré,520,built,4,280000,USD,280000,280000,USD,280000,7231.405,538,0,1,0,1,1,1,,remax,143063102-284
312087,2025-08-13,rent,departamento,"Luque, Central",,Central,Luque,54,land,2,2000000,PYG,276.57,2000000,PYG,276.57,7231.405,5,0,1,0,1,1,1,,remax,143063187-47
511,2025-08-14,rent,departamento,"Luque, Central",,Central,Luque,60,built,2,1800000,PYG,250.93,1800000,PYG,250.93,7173.31,4,0,1,0,1,1,1,,remax,143068037-93
311058,2025-08-14,rent,deposito,"Mariano Roque Alonso, Central",,Central,Mariano Roque Alonso,450,built,,7000000,PYG,975.84,7000000,PYG,975.84,7173.31,2,0,1,0,1,1,1,,remax,143036040-162
312807,2025-08-15,sale,casa,"San Lorenzo, Central",,Central,San Lorenzo,230,built,5,245000,USD,245000,1909252207,PYG,266160.56,7173.31,1159,8.637,0,0,1,1,0,cross-currency,remax,143063128-170
312455,2025-08-17,sale,departamento,Asunción,Herrera,Asunción,,30,land,1,49700,USD,49700,372750000,PYG,51963.46,7173.31,1732,4.554,0,0,1,1,0,cross-currency,remax,143056047-68
309588,2025-08-18,rent,terreno,Asunción,San Roque,Asunción,,,,,3500000,PYG,486.11,3000000,PYG,416.66,7200.04,,-14.287,0,1,1,1,1,,remax,143063130-82
308329,2025-08-20,sale,terreno,"Capiatá, Central",,Central,Capiatá,845,land,,250000000,PYG,33964.09,220000000,PYG,29888.4,7360.715,35,-12,0,1,1,1,1,,remax,143063189-21
311488,2025-08-20,sale,departamento,Asunción,Ycuá Satí,Asunción,,85,built,2,144900,USD,144900,1002840000,PYG,136242.2,7360.715,1603,-5.975,0,0,1,1,0,cross-currency,remax,143084037-49
308985,2025-08-21,rent,casa,"San Bernardino, Cordillera",,Cordillera,San Bernardino,120,built,2,15000000,PYG,2027.59,8250000,PYG,1115.18,7397.93,9,-45,0,1,1,1,1,,remax,143063193-106
308635,2025-08-22,rent,departamento,Asunción,Barrio Jara,Asunción,,200,land,3,12350000,PYG,1669.02,12350000,PYG,1669.02,7399.565,8,0,1,0,1,1,1,,remax,143063159-34
124,2025-08-25,sale,terreno,"Ciudad del Este, Alto Paraná",,Alto Paraná,Ciudad del Este,360,land,,160000000,PYG,21670.45,160000000,PYG,21670.45,7383.325,60,0,1,0,1,1,1,,remax,143099013-45
566,2025-08-25,sale,terreno,"Luque, Central",,Central,Luque,360,land,,110000000,PYG,14898.44,110000000,PYG,14898.44,7383.325,41,0,1,0,1,1,1,,remax,143061068-14
595,2025-08-25,sale,departamento,Asunción,Ycuá Satí,Asunción,,37,land,1,75950,USD,75950,562030000,PYG,76121.53,7383.325,2057,0.226,0,0,1,1,0,cross-currency,remax,143056031-623
814,2025-08-25,rent,local,"Ñemby, Central",,Central,Ñemby,52,built,,3900000,PYG,528.22,3500000,PYG,474.04,7383.325,9,-10.257,0,1,1,1,1,,remax,143084038-35
920,2025-08-25,rent,casa,Asunción,Los Laureles,Asunción,,531,built,3,2500,USD,2500,15000000,PYG,2031.61,7383.325,4,-18.736,0,0,1,1,0,cross-currency,remax,143063102-288
1759,2025-08-25,rent,casa,"Capiatá, Central",,Central,Capiatá,90,built,3,1500000,PYG,203.16,1300000,PYG,176.07,7383.325,2,-13.334,0,1,1,1,1,,remax,143080163-6
1879,2025-08-25,rent,local,"Fernando de la Mora, Central",,Central,Fernando de la Mora,,,,5500000,PYG,744.92,5000000,PYG,677.2,7383.325,,-9.091,0,1,1,1,1,,remax,143084038-24
1926,2025-08-25,sale,duplex,Asunción,Sajonia,Asunción,,180,land,3,500000000,PYG,67720.17,450000000,PYG,60948.15,7383.325,339,-10,0,1,1,1,1,,remax,143061068-30
2204,2025-08-25,sale,departamento,Asunción,Mburucuyá,Asunción,,46,land,1,64652,USD,64652,466200000,PYG,63142.28,7383.325,1373,-2.335,0,0,1,1,0,cross-currency,remax,143063187-40
2287,2025-08-25,sale,departamento,"Ciudad del Este, Alto Paraná",,Alto Paraná,Ciudad del Este,38,land,1,65885,USD,65885,487746655,PYG,66060.57,7383.325,1738,0.266,0,0,1,1,0,cross-currency,remax,143050113-22
2997,2025-08-25,sale,terreno,"Fernando de la Mora, Central",,Central,Fernando de la Mora,360,built,,545000000,PYG,73814.98,520000000,PYG,70428.97,7383.325,196,-4.587,0,1,1,1,1,,remax,143063141-56
3448,2025-08-25,rent,local,"Ñemby, Central",,Central,Ñemby,1100,land,,22000000,PYG,2979.69,12000000,PYG,1625.28,7383.325,1,-45.455,0,1,1,1,1,,remax,143080105-102
4388,2025-08-25,sale,terreno,"Luque, Central",,Central,Luque,360,land,,320000000,PYG,43340.91,320000000,PYG,43340.91,7383.325,120,0,1,0,1,1,1,,remax,143061080-37
310217,2025-08-25,rent,local,Asunción,Obrero,Asunción,,101,land,,4400000,PYG,595.94,3000000,PYG,406.32,7383.325,4,-31.819,0,1,1,1,1,,remax,143063102-299
313616,2025-08-25,sale,departamento,Asunción,Recoleta,Asunción,,77,land,2,121000,USD,121000,840000000,PYG,113769.88,7383.325,1478,-5.975,0,0,1,1,0,cross-currency,remax,143063102-289
149,2025-08-26,sale,terreno,"Lambaré, Central",,Central,Lambaré,60,built,1,280000000,PYG,38278.09,280000000,PYG,38278.09,7314.89,638,0,1,0,1,1,1,,remax,143097001-61
496,2025-08-26,sale,terreno,"Luque, Central",,Central,Luque,720,land,,120000,USD,120000,870000000,PYG,118935.49,7314.89,165,-0.887,0,0,1,1,0,cross-currency,remax,143098017-97
1480,2025-08-26,sale,terreno,"Hernandarias, Alto Paraná",,Alto Paraná,Hernandarias,799,land,,53000,USD,53000,328590000,PYG,44920.7,7314.89,56,-15.244,0,0,1,1,0,cross-currency,remax,143050081-99
1683,2025-08-26,rent,departamento,Asunción,Mburucuyá,Asunción,,1,land,1,900,USD,900,6480000,PYG,885.86,7314.89,886,-1.571,0,0,1,1,0,cross-currency,remax,143025004-106
2044,2025-08-26,rent,otro,Asunción,Ciudad Nueva,Asunción,,,,,2400000,PYG,328.1,2400000,PYG,328.1,7314.89,,0,1,0,1,1,1,,remax,143080203-3
2554,2025-08-26,rent,casa,Asunción,San Vicente,Asunción,,227,built,3,5500000,PYG,751.89,5500000,PYG,751.89,7314.89,3,0,1,0,1,1,1,,remax,143061056-117
2787,2025-08-26,sale,terreno,"Villa Elisa, Central",,Central,Villa Elisa,1680,land,,900000000,PYG,123036.71,800000000,PYG,109365.96,7314.89,65,-11.111,0,1,1,1,1,,remax,143072117-10
3089,2025-08-26,rent,casa,"San Lorenzo, Central",,Central,San Lorenzo,150,built,3,3000000,PYG,410.12,3000000,PYG,410.12,7314.89,3,0,1,0,1,1,1,,remax,143080045-51
3680,2025-08-26,sale,terreno,"Mariano Roque Alonso, Central",,Central,Mariano Roque Alonso,713,land,,320000000,PYG,43746.39,300000000,PYG,41012.24,7314.89,58,-6.25,0,1,1,1,1,,remax,143098017-59
3858,2025-08-26,rent,casa,"San Lorenzo, Central",,Central,San Lorenzo,150,built,3,4000000,PYG,546.83,4000000,PYG,546.83,7314.89,4,0,1,0,1,1,1,,remax,143028010-154
4070,2025-08-26,rent,local,"Luque, Central",,Central,Luque,41,built,,2000000,PYG,273.41,1700000,PYG,232.4,7314.89,6,-14.999,0,1,1,1,1,,remax,143025147-59
4483,2025-08-26,sale,casa,Asunción,San Pablo,Asunción,,150,built,3,800000000,PYG,109365.96,800000000,PYG,109365.96,7314.89,729,0,1,0,1,1,1,,remax,143025178-24
308786,2025-08-26,rent,departamento,Asunción,Recoleta,Asunción,,83,land,2,4500000,PYG,615.18,4500000,PYG,615.18,7314.89,7,0,1,0,1,1,1,,remax,143063102-305
313255,2025-08-26,sale,terreno,"Hernandarias, Alto Paraná",,Alto Paraná,Hernandarias,,,,80000000,PYG,10936.6,75000000,PYG,10253.06,7314.89,,-6.25,0,1,1,1,1,,remax,143099013-24
711,2025-08-27,sale,terreno,"Hernandarias, Alto Paraná",,Alto Paraná,Hernandarias,,,,265000000,PYG,36286.08,235000000,PYG,32178.23,7303.075,,-11.321,0,1,1,1,1,,remax,143050097-72
796,2025-08-27,rent,oficina,Asunción,Catedral,Asunción,,280,land,,7270000,PYG,995.47,7270000,PYG,995.47,7303.075,4,0,1,0,1,1,1,,remax,143048025-93
1015,2025-08-27,sale,terreno,"Filadelfia, Boquerón",,Boquerón,,479,land,,115790000,PYG,15854.97,115790000,PYG,15854.97,7303.075,33,0,1,0,1,1,1,,remax,143016008-487
1737,2025-08-27,rent,local,"Ciudad del Este, Alto Paraná",,Alto Paraná,Ciudad del Este,330,built,,3300,USD,3300,3300,USD,3300,7303.075,10,0,1,0,1,1,1,,remax,143050092-38
2284,2025-08-27,sale,terreno,"Filadelfia, Boquerón",,Boquerón,,1504,land,,105280000,PYG,14415.85,105280000,PYG,14415.85,7303.075,10,0,1,0,1,1,1,,remax,143102004-6
2422,2025-08-27,sale,casa,"Santa Rita, Alto Paraná",,Alto Paraná,,268,built,,1726084607,PYG,236350.39,1726000000,PYG,236338.8,7303.075,882,-0.005,0,1,1,1,1,,remax,143065026-184
2481,2025-08-27,sale,casa,Asunción,Mburucuyá,Asunción,,415,built,3,330000,USD,330000,2241750000,PYG,306959.74,7303.075,740,-6.982,0,0,1,1,0,cross-currency,remax,143063098-47
2512,2025-08-27,rent,departamento,Asunción,Mariscal López,Asunción,,245,built,3,2500,USD,2500,16650000,PYG,2279.86,7303.075,9,-8.806,0,0,1,1,0,cross-currency,remax,143046003-248
2831,2025-08-27,rent,local,"Encarnación, Itapúa",,Itapúa,Encarnación,,,,4000000,PYG,547.71,4000000,PYG,547.71,7303.075,,0,1,0,1,1,1,,remax,143011007-2087
3385,2025-08-27,rent,departamento,Asunción,San Roque,Asunción,,110,land,2,3500000,PYG,479.25,3200000,PYG,438.17,7303.075,4,-8.572,0,1,1,1,1,,remax,143054077-58
3652,2025-08-27,rent,duplex,"Cambyretá, Itapúa",,Itapúa,Cambyretá,60,built,2,2200000,PYG,301.24,2200000,PYG,301.24,7303.075,5,0,1,0,1,1,1,,remax,143011091-26
3674,2025-08-27,rent,local,Asunción,Sajonia,Asunción,,46,built,,1500000,PYG,205.39,1100000,PYG,150.62,7303.075,3,-26.666,0,1,1,1,1,,remax,143061061-102
3835,2025-08-27,rent,deposito,"Lambaré, Central",,Central,Lambaré,300,built,,8500000,PYG,1163.89,6363637,PYG,871.36,7303.075,3,-25.134,0,1,1,1,1,,remax,143028006-122
13,2025-08-28,sale,casa,"Presidente Franco, Alto Paraná",,Alto Paraná,,49,built,2,282781655,PYG,38549.46,282781655,PYG,38549.46,7335.555,787,0,1,0,1,1,1,,remax,143050033-172
268,2025-08-28,rent,departamento,"San Lorenzo, Central",,Central,San Lorenzo,50,land,1,1850000,PYG,252.2,1850000,PYG,252.2,7335.555,5,0,1,0,1,1,1,,remax,143098061-28
482,2025-08-28,rent,departamento,"Lambaré, Central",,Central,Lambaré,115,land,2,3500000,PYG,477.13,3500000,PYG,477.13,7335.555,4,0,1,0,1,1,1,,remax,114006001-207
521,2025-08-28,sale,casa,"Luque, Central",,Central,Luque,75,built,2,420000000,PYG,57255.38,420000000,PYG,57255.38,7335.555,763,0,1,0,1,1,1,,remax,143071054-496
1556,2025-08-28,sale,casa,"Luque, Central",,Central,Luque,78,built,2,380000000,PYG,51802.49,370000000,PYG,50439.26,7335.555,647,-2.632,0,1,1,1,1,,remax,143071054-492
2523,2025-08-28,rent,departamento,Asunción,Las Mercedes,Asunción,,39,land,,4000000,PYG,545.29,3700000,PYG,504.39,7335.555,13,-7.501,0,1,1,1,1,,remax,143097001-65
3121,2025-08-28,sale,terreno,"San Juan del Paraná, Itapúa",,Itapúa,San Juan del Paraná,,,,100000,USD,100000,722000000,PYG,98424.73,7335.555,,-1.575,0,0,1,1,0,cross-currency,remax,143011030-228
3229,2025-08-28,sale,terreno,"Fernando de la Mora, Central",,Central,Fernando de la Mora,426,land,,510000000,PYG,69524.39,490000000,PYG,66797.95,7335.555,157,-3.922,0,1,1,1,1,,remax,143036021-132
4222,2025-08-28,sale,departamento,Asunción,Recoleta,Asunción,,27,built,1,71500,USD,71500,529100000,PYG,72128.15,7335.555,2671,0.879,0,0,1,1,0,cross-currency,remax,143063147-91
4383,2025-08-28,rent,departamento,Asunción,General Díaz,Asunción,,90,land,2,3700000,PYG,504.39,3400000,PYG,463.5,7335.555,5,-8.107,0,1,1,1,1,,remax,143072115-24
311407,2025-08-28,rent,casa,"San Lorenzo, Central",,Central,San Lorenzo,115,built,3,1700000,PYG,231.75,1700000,PYG,231.75,7335.555,2,0,1,0,1,1,1,,remax,143068042-31
138,2025-08-29,sale,terreno,"Lambaré, Central",,Central,Lambaré,450,land,4,580000000,PYG,79230.1,550000000,PYG,75131.99,7320.45,167,-5.172,0,1,1,1,1,,remax,143025091-88
405,2025-08-29,rent,local,"Caacupé, Cordillera",,Cordillera,Caacupé,157,built,,4500000,PYG,614.72,4500000,PYG,614.72,7320.45,4,0,1,0,1,1,1,,remax,143094021-23
478,2025-08-29,sale,terreno,"Ciudad del Este, Alto Paraná",,Alto Paraná,Ciudad del Este,,,,600000000,PYG,81962.17,550000000,PYG,75131.99,7320.45,,-8.333,0,1,1,1,1,,remax,143050128-37
651,2025-08-29,sale,departamento,"Ciudad del Este, Alto Paraná",,Alto Paraná,Ciudad del Este,68,land,1,78300,USD,78300,565493483,PYG,77248.46,7320.45,1136,-1.343,0,0,1,1,0,cross-currency,remax,143099023-21
915,2025-08-29,sale,terreno,"Areguá, Central",,Central,Areguá,360,land,,21600,USD,21600,160000000,PYG,21856.58,7320.45,61,1.188,0,0,1,1,0,cross-currency,remax,143014041-396
1419,2025-08-29,sale,terreno,"Mariano Roque Alonso, Central",,Central,Mariano Roque Alonso,525,land,,220000000,PYG,30052.8,165000000,PYG,22539.6,7320.45,43,-25,0,1,1,1,1,,remax,143036107-4
1680,2025-08-29,sale,duplex,"Luque, Central",,Central,Luque,106,built,2,590000000,PYG,80596.14,570000000,PYG,77864.07,7320.45,735,-3.39,0,1,1,1,1,,remax,143063098-52
1881,2025-08-29,sale,casa,Asunción,Manorá,Asunción,,360,built,4,360000,USD,360000,2345280000,PYG,320373.75,7320.45,890,-11.007,0,0,1,1,0,cross-currency,remax,143063136-307
1934,2025-08-29,sale,duplex,"Luque, Central",,Central,Luque,171,built,3,110000,USD,110000,792550000,PYG,108265.2,7320.45,633,-1.577,0,0,1,1,0,cross-currency,remax,143036040-146
2033,2025-08-29,rent,duplex,"Villa Elisa, Central",,Central,Villa Elisa,112,built,3,3000000,PYG,409.81,3000000,PYG,409.81,7320.45,4,0,1,0,1,1,1,,remax,143092028-72
2138,2025-08-29,sale,terreno,"Limpio, Central",,Central,Limpio,,,,120000000,PYG,16392.43,110000000,PYG,15026.4,7320.45,,-8.333,0,1,1,1,1,,remax,143072119-36
2220,2025-08-29,rent,duplex,"Fernando de la Mora, Central",,Central,Fernando de la Mora,193,land,5,6000000,PYG,819.62,5250000,PYG,717.17,7320.45,4,-12.5,0,1,1,1,1,,remax,143098058-28
2822,2025-08-29,rent,casa,"San Juan del Paraná, Itapúa",,Itapúa,San Juan del Paraná,1000,land,4,500,USD,500,7335000,PYG,1001.99,7320.45,1,100.398,0,0,1,1,0,cross-currency,remax,143032066-40
3004,2025-08-29,sale,deposito,"Lambaré, Central",,Central,Lambaré,330,built,,80000,USD,80000,76000,USD,76000,7320.45,230,-5,0,1,1,1,1,,remax,143063094-234
3226,2025-08-29,rent,departamento,Asunción,San Jorge,Asunción,,74,land,2,4500000,PYG,614.72,4500000,PYG,614.72,7320.45,8,0,1,0,1,1,1,,remax,143063059-66
3487,2025-08-29,rent,duplex,"Luque, Central",,Central,Luque,120,land,3,3200000,PYG,437.13,3200000,PYG,437.13,7320.45,4,0,1,0,1,1,1,,remax,114006030-31
3856,2025-08-29,sale,terreno,"Areguá, Central",,Central,Areguá,360,land,,21600,USD,21600,160000000,PYG,21856.58,7320.45,61,1.188,0,0,1,1,0,cross-currency,remax,143098126-393
3954,2025-08-29,sale,departamento,Asunción,Recoleta,Asunción,,30,built,1,51000,USD,51000,377400000,PYG,51554.21,7320.45,1718,1.087,0,0,1,1,0,cross-currency,remax,143063147-90
4284,2025-08-29,sale,casa,"Julián Augusto Saldívar, Central",,Central,Julián Augusto Saldívar,100,built,2,285000000,PYG,38932.03,285000000,PYG,38932.03,7320.45,389,0,1,0,1,1,1,,remax,143036051-168
4532,2025-08-29,rent,deposito,"Lambaré, Central",,Central,Lambaré,488,built,,10000000,PYG,1366.04,10000000,PYG,1366.04,7320.45,3,0,1,0,1,1,1,,remax,143026204-10
443,2025-08-30,rent,duplex,Asunción,Nazareth,Asunción,,110,built,3,4000000,PYG,546.41,4000000,PYG,546.41,7320.45,5,0,1,0,1,1,1,,remax,143014041-436
991,2025-08-30,rent,departamento,"Villa Elisa, Central",,Central,Villa Elisa,60,built,2,1580000,PYG,215.83,1580000,PYG,215.83,7320.45,4,0,1,0,1,1,1,,remax,143036021-134
1517,2025-08-30,sale,departamento,"Luque, Central",,Central,Luque,30,land,1,36600,USD,36600,264618000,PYG,36147.78,7320.45,1205,-1.236,0,0,1,1,0,cross-currency,remax,143025145-271
1927,2025-08-30,rent,duplex,Asunción,Nazareth,Asunción,,110,built,3,4000000,PYG,546.41,4000000,PYG,546.41,7320.45,5,0,1,0,1,1,1,,remax,143098126-433
3097,2025-08-30,rent,departamento,"Fernando de la Mora, Central",,Central,Fernando de la Mora,358,land,1,1890000,PYG,258.18,1890000,PYG,258.18,7320.45,1,0,1,0,1,1,1,,remax,143068120-11
3614,2025-08-30,rent,casa,"Luque, Central",,Central,Luque,55,built,2,2100000,PYG,286.87,2100000,PYG,286.87,7320.45,5,0,1,0,1,1,1,,remax,143072115-26
3802,2025-08-30,rent,terreno,"Ciudad del Este, Alto Paraná",,Alto Paraná,Ciudad del Este,596,land,,4000000,PYG,546.41,4000000,PYG,546.41,7320.45,1,0,1,0,1,1,1,,remax,143050113-26
1871,2025-08-31,sale,terreno,Asunción,Madame Lynch,Asunción,,,,,565735,USD,565735,4141180200,PYG,565700.22,7320.45,,-0.006,0,0,1,1,0,cross-currency,remax,143098021-57
3977,2025-08-31,rent,oficina,"Luque, Central",,Central,Luque,141,built,,6500000,PYG,887.92,5500000,PYG,751.32,7320.45,5,-15.384,0,1,1,1,1,,remax,143019021-95
230,2025-09-01,rent,casa,"Guarambaré, Central",,Central,,100,built,2,1800000,PYG,246.64,1800000,PYG,246.64,7298.225,2,0,1,0,1,1,1,,remax,143092038-57
439,2025-09-01,rent,departamento,Asunción,Ycuá Satí,Asunción,,3000,land,3,2200,USD,2200,13163400,PYG,1803.64,7298.225,1,-18.016,0,0,1,1,0,cross-currency,remax,143025033-443
930,2025-09-01,rent,departamento,Asunción,Las Lomas (Carmelitas),Asunción,,62,built,1,0,USD,0,4777500,USD,4777500,7298.225,77056,,0,0,1,1,0,no ask,remax,143056032-198
951,2025-09-01,rent,casa,"San Lorenzo, Central",,Central,San Lorenzo,200,built,2,1200000,PYG,164.42,1200000,PYG,164.42,7298.225,1,0,1,0,1,1,1,,remax,143080171-13
1196,2025-09-01,rent,duplex,"Mariano Roque Alonso, Central",,Central,Mariano Roque Alonso,80,built,2,2000000,PYG,274.04,1800000,PYG,246.64,7298.225,3,-9.999,0,1,1,1,1,,remax,143063199-18
1373,2025-09-01,rent,terreno,"Loma Plata, Boquerón",,Boquerón,,,,,3500000,PYG,479.57,1800000,PYG,246.64,7298.225,,-48.571,0,1,1,1,1,,remax,143016016-16
1813,2025-09-01,sale,casa,Asunción,Ytay,Asunción,,258,built,3,135000,USD,135000,1000000000,PYG,137019.62,7298.225,531,1.496,0,0,1,1,0,cross-currency,remax,143098023-16
1942,2025-09-01,rent,casa,"Lambaré, Central",,Central,Lambaré,158,built,2,3500000,PYG,479.57,3000000,PYG,411.06,7298.225,3,-14.286,0,1,1,1,1,,remax,143092070-36
2010,2025-09-01,rent,departamento,Asunción,Santísima Trinidad,Asunción,,53,land,1,3900000,PYG,534.38,3900000,PYG,534.38,7298.225,10,0,1,0,1,1,1,,remax,143098020-67
2108,2025-09-01,rent,casa,Asunción,San Pablo,Asunción,,200,built,4,3000000,PYG,411.06,3000000,PYG,411.06,7298.225,2,0,1,0,1,1,1,,remax,143092028-74
2784,2025-09-01,sale,casa,"San Lorenzo, Central",,Central,San Lorenzo,120,built,3,300000000,PYG,41105.89,260000000,PYG,35625.1,7298.225,297,-13.333,0,1,1,1,1,,remax,143092070-29
3256,2025-09-01,sale,terreno,"Fernando de la Mora, Central",,Central,Fernando de la Mora,361,land,,720000000,PYG,98654.12,650000000,PYG,89062.75,7298.225,247,-9.722,0,1,1,1,1,,remax,143036008-115
3748,2025-09-01,sale,departamento,Asunción,Las Lomas (Carmelitas),Asunción,,34,land,1,68200,USD,68200,484220000,PYG,66347.64,7298.225,1951,-2.716,0,0,1,1,0,cross-currency,remax,143063051-318
3815,2025-09-01,sale,terreno,"Filadelfia, Boquerón",,Boquerón,,,,,85000000,PYG,11646.67,85000000,PYG,11646.67,7298.225,,0,1,0,1,1,1,,remax,143016034-4
3871,2025-09-01,rent,departamento,"Villa Elisa, Central",,Central,Villa Elisa,60,land,2,700000,PYG,95.91,700000,PYG,95.91,7298.225,2,0,1,0,1,1,1,,remax,143019044-118
4146,2025-09-01,rent,casa,Asunción,Pettirossi,Asunción,,90,built,1,2000000,PYG,274.04,2000000,PYG,274.04,7298.225,3,0,1,0,1,1,1,,remax,143014052-99
4349,2025-09-01,rent,departamento,"Ñemby, Central",,Central,Ñemby,180,built,3,2600000,PYG,356.25,2500000,PYG,342.55,7298.225,2,-3.846,0,1,1,1,1,,remax,143026092-53
4477,2025-09-01,rent,casa,"San Lorenzo, Central",,Central,San Lorenzo,365,built,3,6000000,PYG,822.12,5000000,PYG,685.1,7298.225,2,-16.667,0,1,1,1,1,,remax,143080163-3
312005,2025-09-01,rent,departamento,"Fernando de la Mora, Central",,Central,Fernando de la Mora,60,built,2,3000000,PYG,411.06,3000000,PYG,411.06,7298.225,7,0,1,0,1,1,1,,remax,143063102-306
312196,2025-09-01,rent,casa,Asunción,Zeballos Cué,Asunción,,290,built,5,1500000,PYG,205.53,1500000,PYG,205.53,7298.225,1,0,1,0,1,1,1,,remax,143063098-55
313291,2025-09-01,sale,departamento,Asunción,Las Lomas (Carmelitas),Asunción,,34,land,1,61000,USD,61000,427000000,PYG,58507.38,7298.225,1721,-4.086,0,0,1,1,0,cross-currency,remax,143063051-293
222,2025-09-02,sale,terreno,"Luque, Central",,Central,Luque,1872,land,,380000000,PYG,52021.52,400000000,PYG,54759.49,7304.67,29,5.263,0,0,1,1,1,,remax,143096002-88
417,2025-09-02,sale,terreno,Asunción,Bella Vista,Asunción,,,,,2241700000,PYG,306885.87,1630000000,PYG,223144.92,7304.67,,-27.287,0,1,1,1,1,,remax,143063159-33
690,2025-09-02,sale,departamento,Asunción,Manorá,Asunción,,180,built,3,385000,USD,385000,2850925000,PYG,390287.99,7304.67,2168,1.374,0,0,1,1,0,cross-currency,remax,143025033-413
958,2025-09-02,sale,departamento,"Fernando de la Mora, Central",,Central,Fernando de la Mora,67,land,2,65000,USD,65000,480000000,PYG,65711.39,7304.67,981,1.094,0,0,1,1,0,cross-currency,remax,143063101-109
1726,2025-09-02,sale,departamento,Asunción,Manorá,Asunción,,3000,land,1,24000,USD,24000,177720000,PYG,24329.64,7304.67,8,1.374,0,0,1,1,0,cross-currency,remax,143025033-450
2215,2025-09-02,rent,departamento,Asunción,General Díaz,Asunción,,32,land,1,3600000,PYG,492.84,3600000,PYG,492.84,7304.67,15,0,1,0,1,1,1,,remax,143037037-439
2959,2025-09-02,sale,departamento,Asunción,Manorá,Asunción,,3000,land,1,138000,USD,138000,1021890000,PYG,139895.44,7304.67,47,1.374,0,0,1,1,0,cross-currency,remax,143025033-448
2983,2025-09-02,sale,terreno,"Santa Rita, Alto Paraná",,Alto Paraná,,,,,30000,USD,30000,305500000,PYG,41822.56,7304.67,,39.409,0,0,1,1,0,cross-currency,remax,143065028-39
3395,2025-09-02,sale,departamento,Asunción,Villa Morra,Asunción,,32,built,,55000,USD,55000,440385000,PYG,60288.14,7304.67,1867,9.615,0,0,1,1,0,cross-currency,remax,143025033-408
4415,2025-09-02,sale,casa,"Limpio, Central",,Central,Limpio,90,built,2,295000000,PYG,40385.12,250000000,PYG,34224.68,7304.67,380,-15.254,0,1,1,1,1,,remax,143063130-85
384,2025-09-03,rent,casa,"Filadelfia, Boquerón",,Boquerón,,640,land,3,5000000,PYG,685.76,5000000,PYG,685.76,7291.17,1,0,1,0,1,1,1,,remax,143016008-466
689,2025-09-03,sale,departamento,"Encarnación, Itapúa",,Itapúa,Encarnación,,,1,66000,USD,66000,482196000,PYG,66134.24,7291.17,,0.203,0,0,1,1,0,cross-currency,remax,143011007-1663
1837,2025-09-03,rent,departamento,"Encarnación, Itapúa",,Itapúa,Encarnación,1,land,3,450,USD,450,3287700,PYG,450.92,7291.17,451,0.204,0,0,1,1,0,cross-currency,remax,143011007-2090
2153,2025-09-03,sale,casa,Asunción,La Encarnación,Asunción,,400,built,4,95000,USD,95000,675000000,PYG,92577.73,7291.17,231,-2.55,0,0,1,1,0,cross-currency,remax,143054117-7
2208,2025-09-03,rent,departamento,"Cambyretá, Itapúa",,Itapúa,Cambyretá,,,1,1500000,PYG,205.73,1500000,PYG,205.73,7291.17,,0,1,0,1,1,1,,remax,143011007-2099
2395,2025-09-03,sale,departamento,"Encarnación, Itapúa",,Itapúa,Encarnación,85,land,2,100000,USD,100000,730600000,PYG,100203.4,7291.17,1179,0.203,0,0,1,1,0,cross-currency,remax,143011007-2081
2929,2025-09-03,sale,terreno,"Hernandarias, Alto Paraná",,Alto Paraná,Hernandarias,,,,65000,USD,65000,490105000,PYG,67218.98,7291.17,,3.414,0,0,1,1,0,cross-currency,remax,143050067-52
3862,2025-09-03,rent,duplex,"Cambyretá, Itapúa",,Itapúa,Cambyretá,1,land,3,4000000,PYG,548.61,4000000,PYG,548.61,7291.17,549,0,1,0,1,1,1,,remax,143011007-2095
310960,2025-09-03,rent,duplex,"Luque, Central",,Central,Luque,100,land,2,3300000,PYG,452.6,3150000,PYG,432.03,7291.17,4,-4.545,0,1,1,1,1,,remax,143063031-264
1308,2025-09-04,rent,departamento,"San Lorenzo, Central",,Central,San Lorenzo,30,built,1,1600000,PYG,221.59,1500000,PYG,207.74,7220.69,7,-6.25,0,1,1,1,1,,remax,143092059-24
2219,2025-09-04,sale,terreno,"Luque, Central",,Central,Luque,,,,350000000,PYG,48471.82,320000000,PYG,44317.09,7220.69,,-8.571,0,1,1,1,1,,remax,143061080-44
2849,2025-09-04,sale,casa,"Luque, Central",,Central,Luque,156,built,3,151000,USD,151000,1094408840,PYG,151565.69,7220.69,972,0.375,0,0,1,1,0,cross-currency,remax,143063089-91
3251,2025-09-04,sale,terreno,"Hernandarias, Alto Paraná",,Alto Paraná,Hernandarias,518,land,,215000000,PYG,29775.55,215000000,PYG,29775.55,7220.69,57,0,1,0,1,1,1,,remax,143050033-203
1081,2025-09-05,rent,casa,"Santa Rita, Alto Paraná",,Alto Paraná,,76,built,2,2500000,PYG,346.23,2500000,PYG,346.23,7220.69,5,0,1,0,1,1,1,,remax,143065021-134
1367,2025-09-05,rent,local,Asunción,Villa Morra,Asunción,,150,built,,8250000,PYG,1142.55,7000000,PYG,969.44,7220.69,6,-15.151,0,1,1,1,1,,remax,143098031-45
2230,2025-09-05,sale,terreno,"Atyra, Cordillera",,Cordillera,,1200,land,,75000000,PYG,10386.82,65000000,PYG,9001.91,7220.69,8,-13.333,0,1,1,1,1,,remax,143063070-146
3278,2025-09-05,rent,departamento,"Fernando de la Mora, Central",,Central,Fernando de la Mora,44,land,1,3500000,PYG,484.72,3200000,PYG,443.17,7220.69,10,-8.572,0,1,1,1,1,,remax,143025146-51
107070,2025-09-05,sale,terreno,"Atyra, Cordillera",,Cordillera,,1200,land,,75000000,PYG,10386.82,65000000,PYG,9001.91,7220.69,8,-13.333,0,1,1,1,1,,remax,143063193-108
4432,2025-09-06,rent,departamento,Asunción,Recoleta,Asunción,,120,land,3,4000000,PYG,553.96,4000000,PYG,553.96,7220.69,5,0,1,0,1,1,1,,remax,143080114-30
309150,2025-09-06,rent,duplex,Asunción,Pinoza,Asunción,,210,built,2,2500000,PYG,346.23,2500000,PYG,346.23,7220.69,2,0,1,0,1,1,1,,remax,143063104-164
187,2025-09-08,rent,deposito,"Santa Rita, Alto Paraná",,Alto Paraná,,95,built,,3000000,PYG,420.62,2800000,PYG,392.58,7132.285,4,-6.666,0,1,1,1,1,,remax,143065026-156
369,2025-09-08,sale,terreno,"Luque, Central",,Central,Luque,466,land,,135000,USD,135000,929500000,PYG,130322.89,7132.285,280,-3.465,0,0,1,1,0,cross-currency,remax,143098017-70
670,2025-09-08,rent,casa,"Cambyretá, Itapúa",,Itapúa,Cambyretá,159,built,5,3000000,PYG,420.62,3000000,PYG,420.62,7132.285,3,0,1,0,1,1,1,,remax,143032066-42
817,2025-09-08,rent,departamento,Asunción,Villa Morra,Asunción,,50,land,1,650,USD,650,4548600,PYG,637.75,7132.285,13,-1.885,0,0,1,1,0,cross-currency,remax,143054116-44
997,2025-09-08,rent,otro,"Lambaré, Central",,Central,Lambaré,,,,7000000,PYG,981.45,5750000,PYG,806.19,7132.285,,-17.857,0,1,1,1,1,,remax,143014179-24
1268,2025-09-08,sale,casa,"San Bernardino, Cordillera",,Cordillera,San Bernardino,250,built,3,1380000000,PYG,193486.38,1293870000,PYG,181410.31,7132.285,726,-6.241,0,1,1,1,1,,remax,143063188-113
2305,2025-09-08,rent,departamento,Asunción,Los Laureles,Asunción,,83,land,2,4300000,PYG,602.89,4300000,PYG,602.89,7132.285,7,0,1,0,1,1,1,,remax,143037112-55
2619,2025-09-08,sale,terreno,"Capiatá, Central",,Central,Capiatá,360,land,1,120000000,PYG,16824.9,97500000,PYG,13670.23,7132.285,38,-18.75,0,1,1,1,1,,remax,143061046-77
3067,2025-09-08,sale,casa,"San Bernardino, Cordillera",,Cordillera,San Bernardino,240,built,4,1995123200,PYG,279731.28,1852614400,PYG,259750.47,7132.285,1082,-7.143,0,1,1,1,1,,remax,143106003-2
3312,2025-09-08,sale,casa,"Luque, Central",,Central,Luque,500,built,4,850000000,PYG,119176.39,850000000,PYG,119176.39,7132.285,238,0,1,0,1,1,1,,remax,143014151-34
3779,2025-09-08,sale,local,Asunción,Las Lomas (Carmelitas),Asunción,,200,built,,650000,USD,650000,3600000000,PYG,504747.08,7132.285,2524,-22.347,0,0,1,1,0,cross-currency,remax,143098038-35
4112,2025-09-08,rent,local,"Villeta, Central",,Central,Villeta,180,built,,1850000,PYG,259.38,1750000,PYG,245.36,7132.285,1,-5.405,0,1,1,1,1,,remax,143072083-19
4144,2025-09-08,rent,departamento,"Mariano Roque Alonso, Central",,Central,Mariano Roque Alonso,60,land,2,2500000,PYG,350.52,2500000,PYG,350.52,7132.285,6,0,1,0,1,1,1,,remax,143056056-36
4365,2025-09-08,rent,departamento,Asunción,Ciudad Nueva,Asunción,,100,land,2,2500000,PYG,350.52,2500000,PYG,350.52,7132.285,4,0,1,0,1,1,1,,remax,143028009-121
309813,2025-09-08,rent,otro,"Ciudad del Este, Alto Paraná",,Alto Paraná,Ciudad del Este,60,built,,5000000,PYG,701.04,5000000,PYG,701.04,7132.285,12,0,1,0,1,1,1,,remax,143099018-8
310466,2025-09-08,sale,casa,Asunción,Loma Pytá,Asunción,,130,built,3,660000000,PYG,92536.96,580000000,PYG,81320.36,7132.285,626,-12.121,0,1,1,1,1,,remax,143063189-15
311042,2025-09-08,sale,terreno,"Ciudad del Este, Alto Paraná",,Alto Paraná,Ciudad del Este,480,land,,250000000,PYG,35051.88,250000000,PYG,35051.88,7132.285,73,0,1,0,1,1,1,,remax,143099018-24
381,2025-09-09,sale,duplex,"Encarnación, Itapúa",,Itapúa,Encarnación,140,land,3,75000,USD,75000,534900000,PYG,74570.58,7173.07,533,-0.573,0,0,1,1,0,cross-currency,remax,143011008-236
383,2025-09-09,rent,departamento,Asunción,Santa Librada,Asunción,,95,land,2,2800000,PYG,390.35,2800000,PYG,390.35,7173.07,4,0,1,0,1,1,1,,remax,143098008-165
534,2025-09-09,sale,casa,"Areguá, Central",,Central,Areguá,67,built,2,220000000,PYG,30670.27,200000000,PYG,27882.06,7173.07,416,-9.091,0,1,1,1,1,,remax,143036099-29
1239,2025-09-09,rent,departamento,"Luque, Central",,Central,Luque,38,land,1,2850000,PYG,397.32,2850000,PYG,397.32,7173.07,10,0,1,0,1,1,1,,remax,143056036-149
1605,2025-09-09,rent,casa,"Cambyretá, Itapúa",,Itapúa,Cambyretá,100,built,3,3500000,PYG,487.94,3500000,PYG,487.94,7173.07,5,0,1,0,1,1,1,,remax,143011030-225
2442,2025-09-09,sale,terreno,"Filadelfia, Boquerón",,Boquerón,,1504,land,,105280000,PYG,14677.12,105280000,PYG,14677.12,7173.07,10,0,1,0,1,1,1,,remax,143102004-8
2521,2025-09-09,sale,departamento,"Encarnación, Itapúa",,Itapúa,Encarnación,48,built,2,25000,USD,25000,179500000,PYG,25024.15,7173.07,521,0.097,0,0,1,1,0,cross-currency,remax,143085019-507
3465,2025-09-09,sale,terreno,"Filadelfia, Boquerón",,Boquerón,,,,,290000000,PYG,40428.99,290000000,PYG,40428.99,7173.07,,0,1,0,1,1,1,,remax,143016034-11
3905,2025-09-09,sale,terreno,"Fernando de la Mora, Central",,Central,Fernando de la Mora,377,land,,460000000,PYG,64128.75,430000000,PYG,59946.44,7173.07,159,-6.522,0,1,1,1,1,,remax,143036021-136
527,2025-09-10,rent,departamento,Asunción,Barrio Jara,Asunción,,98,land,2,3900000,PYG,542.98,3900000,PYG,542.98,7182.54,6,0,1,0,1,1,1,,remax,143098014-206
794,2025-09-10,sale,casa,"Luque, Central",,Central,Luque,70,built,2,281400000,PYG,39178.34,299000000,PYG,41628.73,7182.54,595,6.254,0,0,1,1,1,,remax,143028074-16
1578,2025-09-10,sale,casa,"Loma Plata, Boquerón",,Boquerón,,201,built,4,550000000,PYG,76574.58,350000000,PYG,48729.28,7182.54,242,-36.364,0,1,1,1,1,,remax,143078013-39
2646,2025-09-10,rent,terreno,"Encarnación, Itapúa",,Itapúa,Encarnación,1035,land,,1700000,PYG,236.69,1700000,PYG,236.69,7182.54,0,0,1,0,1,1,1,,remax,143085019-281
2733,2025-09-10,rent,departamento,"Encarnación, Itapúa",,Itapúa,Encarnación,2500,land,1,3500000,PYG,487.29,3500000,PYG,487.29,7182.54,0,0,1,0,1,1,1,,remax,143085032-69
3424,2025-09-10,sale,casa,Asunción,Terminal,Asunción,,400,built,5,560000000,PYG,77966.85,550000000,PYG,76574.58,7182.54,191,-1.786,0,1,1,1,1,,remax,143026176-46
3558,2025-09-10,sale,deposito,"San Lorenzo, Central",,Central,San Lorenzo,360,built,,1200000000,PYG,167071.82,868800000,PYG,120959.99,7182.54,336,-27.6,0,1,1,1,1,,remax,143025199-1
3749,2025-09-10,sale,casa,Asunción,Mburucuyá,Asunción,,393,built,5,385000,USD,385000,380000,USD,380000,7182.54,967,-1.299,0,1,1,1,1,,remax,143098027-56
4348,2025-09-10,rent,departamento,"Encarnación, Itapúa",,Itapúa,Encarnación,50,built,1,550,USD,550,3850000,PYG,536.02,7182.54,11,-2.542,0,0,1,1,0,cross-currency,remax,143032061-122
309809,2025-09-10,rent,deposito,"Fernando de la Mora, Central",,Central,Fernando de la Mora,309,built,,3500000,PYG,487.29,3000000,PYG,417.68,7182.54,1,-14.285,0,1,1,1,1,,remax,143036099-19
753,2025-09-11,rent,casa,Asunción,Los Laureles,Asunción,,110,built,3,4500000,PYG,628.08,4725000,PYG,659.48,7164.685,6,4.999,0,0,1,1,1,,remax,143014133-129
2323,2025-09-11,rent,duplex,"Mariano Roque Alonso, Central",,Central,Mariano Roque Alonso,180,land,4,4300000,PYG,600.17,4300000,PYG,600.17,7164.685,3,0,1,0,1,1,1,,remax,143025144-57
3045,2025-09-11,sale,terreno,"Loma Plata, Boquerón",,Boquerón,,1616,land,,415000000,PYG,57922.99,378000000,PYG,52758.77,7164.685,33,-8.916,0,1,1,1,1,,remax,143078013-52
3783,2025-09-11,rent,departamento,Asunción,Los Laureles,Asunción,,83,land,2,4500000,PYG,628.08,4500000,PYG,628.08,7164.685,8,0,1,0,1,1,1,,remax,143037112-47
3910,2025-09-11,rent,casa,Asunción,Los Laureles,Asunción,,110,built,3,4500000,PYG,628.08,4725000,PYG,659.48,7164.685,6,4.999,0,0,1,1,1,,remax,143098109-97
4054,2025-09-11,sale,departamento,Asunción,Recoleta,Asunción,,60,land,1,100000,USD,100000,592200000,PYG,82655.41,7164.685,1373,-17.345,0,0,1,1,0,cross-currency,remax,143054117-8
4298,2025-09-11,rent,local,Asunción,Villa Morra,Asunción,,,,,2000000,PYG,279.15,2000000,PYG,279.15,7164.685,,0,1,0,1,1,1,,remax,143037125-11
4356,2025-09-11,rent,casa,"Mariano Roque Alonso, Central",,Central,Mariano Roque Alonso,170,built,4,4500000,PYG,628.08,4700000,PYG,656,7164.685,4,4.445,0,0,1,1,1,,remax,143026188-55
4407,2025-09-11,sale,terreno,"Encarnación, Itapúa",,Itapúa,Encarnación,1426,land,,140000000,PYG,19540.29,140000000,PYG,19540.29,7164.685,14,0,1,0,1,1,1,,remax,143011089-12
4471,2025-09-11,sale,departamento,Asunción,Catedral,Asunción,,129,land,3,120000,USD,120000,786500000,PYG,109774.54,7164.685,850,-8.521,0,0,1,1,0,cross-currency,remax,143100017-18
4489,2025-09-11,sale,terreno,Asunción,Pettirossi,Asunción,,474,land,,130000,USD,130000,854000000,PYG,119195.75,7164.685,251,-8.311,0,0,1,1,0,cross-currency,remax,143098031-43
312375,2025-09-11,sale,terreno,"San Juan del Paraná, Itapúa",,Itapúa,San Juan del Paraná,,,,130000,USD,130000,923000000,PYG,128826.32,7164.685,,-0.903,0,0,1,1,0,cross-currency,remax,114001022-199
751,2025-09-12,rent,local,"Mariano Roque Alonso, Central",,Central,Mariano Roque Alonso,300,built,,4500000,PYG,625.18,4500000,PYG,625.18,7197.915,2,0,1,0,1,1,1,,remax,143094021-83
848,2025-09-12,rent,casa,"Santa Rita, Alto Paraná",,Alto Paraná,,67,built,2,1850000,PYG,257.02,1850000,PYG,257.02,7197.915,4,0,1,0,1,1,1,,remax,143065021-136
1736,2025-09-12,rent,duplex,"Fernando de la Mora, Central",,Central,Fernando de la Mora,200,land,2,3500000,PYG,486.25,3300000,PYG,458.47,7197.915,2,-5.713,0,1,1,1,1,,remax,143025004-105
1816,2025-09-12,rent,local,"San Lorenzo, Central",,Central,San Lorenzo,30,built,,2000000,PYG,277.86,2200000,PYG,305.64,7197.915,10,9.998,0,0,1,1,1,,remax,143025124-146
1897,2025-09-12,rent,duplex,Asunción,Loma Pytá,Asunción,,300,land,2,2180000,PYG,302.87,2289000,PYG,318.01,7197.915,1,4.999,0,0,1,1,1,,remax,143025157-15
2015,2025-09-12,rent,departamento,Asunción,Barrio Jara,Asunción,,94,land,1,5000000,PYG,694.65,5000000,PYG,694.65,7197.915,7,0,1,0,1,1,1,,remax,143098020-60
2053,2025-09-12,rent,local,"Encarnación, Itapúa",,Itapúa,Encarnación,120,built,,8500000,PYG,1180.9,8500000,PYG,1180.9,7197.915,10,0,1,0,1,1,1,,remax,143032072-37
2377,2025-09-12,sale,terreno,"Limpio, Central",,Central,Limpio,360,land,,55000000,PYG,7641.1,50000000,PYG,6946.46,7197.915,19,-9.091,0,1,1,1,1,,remax,143061056-64
3054,2025-09-12,sale,duplex,"Villa Elisa, Central",,Central,Villa Elisa,76,built,2,420000000,PYG,58350.23,420000000,PYG,58350.23,7197.915,768,0,1,0,1,1,1,,remax,143071054-509
3406,2025-09-12,sale,departamento,Asunción,Ycuá Satí,Asunción,,41,land,1,95000,USD,95000,684000000,PYG,95027.52,7197.915,2293,0.029,0,0,1,1,0,cross-currency,remax,143056031-609
3703,2025-09-12,rent,departamento,"Filadelfia, Boquerón",,Boquerón,,6000,land,2,4000000,PYG,555.72,4000000,PYG,555.72,7197.915,0,0,1,0,1,1,1,,remax,143016008-479
3804,2025-09-12,sale,departamento,Asunción,Villa Morra,Asunción,,28,built,,46223,USD,46223,333730060,PYG,46364.82,7197.915,1656,0.307,0,0,1,1,0,cross-currency,remax,143097036-5
4431,2025-09-12,rent,casa,"San Cristóbal, Alto Paraná",,Alto Paraná,,130,built,,1200000,PYG,166.71,1200000,PYG,166.71,7197.915,1,0,1,0,1,1,1,,remax,143065021-149
309740,2025-09-12,sale,terreno,"Ciudad del Este, Alto Paraná",,Alto Paraná,Ciudad del Este,720,land,,440000000,PYG,61128.81,425585000,PYG,59126.15,7197.915,82,-3.276,0,1,1,1,1,,remax,143107004-7
310824,2025-09-12,rent,local,"Ñemby, Central",,Central,Ñemby,243,land,,4300000,PYG,597.4,4500000,PYG,625.18,7197.915,3,4.65,0,0,1,1,1,,remax,143084041-33
312387,2025-09-12,rent,local,"Ñemby, Central",,Central,Ñemby,243,land,,4700000,PYG,652.97,4500000,PYG,625.18,7197.915,3,-4.256,0,1,1,1,1,,remax,143084041-32
1904,2025-09-13,rent,local,"Lambaré, Central",,Central,Lambaré,80,built,,2000000,PYG,277.86,2000000,PYG,277.86,7197.915,3,0,1,0,1,1,1,,remax,143063148-152
2575,2025-09-13,rent,casa,"Encarnación, Itapúa",,Itapúa,Encarnación,140,built,3,3000000,PYG,416.79,3000000,PYG,416.79,7197.915,3,0,1,0,1,1,1,,remax,143032072-10
310545,2025-09-14,rent,departamento,"Luque, Central",,Central,Luque,28,land,1,1900000,PYG,263.97,1900000,PYG,263.97,7197.915,9,0,1,0,1,1,1,,remax,143036045-195
313264,2025-09-14,rent,departamento,"Luque, Central",,Central,Luque,80,land,2,4000000,PYG,555.72,4200000,PYG,583.5,7197.915,7,4.999,0,0,1,1,1,,remax,143036045-163
771,2025-09-15,rent,duplex,"Fernando de la Mora, Central",,Central,Fernando de la Mora,220,built,3,4500000,PYG,623.15,4000000,PYG,553.91,7221.4,3,-11.111,0,1,1,1,1,,remax,143095011-33
1311,2025-09-15,rent,casa,Asunción,Mariscal Estigarribia,Asunción,,800,built,4,22740000,PYG,3148.97,22740000,PYG,3148.97,7221.4,4,0,1,0,1,1,1,,remax,143098021-75
1381,2025-09-15,sale,terreno,"Ciudad del Este, Alto Paraná",,Alto Paraná,Ciudad del Este,,,,650000000,PYG,90010.25,600000000,PYG,83086.38,7221.4,,-7.692,0,1,1,1,1,,remax,143050135-16
1684,2025-09-15,sale,casa,"Hernandarias, Alto Paraná",,Alto Paraná,Hernandarias,490,built,4,450000,USD,450000,3017500000,PYG,417855.26,7221.4,853,-7.143,0,0,1,1,0,cross-currency,remax,114001022-206
2699,2025-09-15,sale,departamento,Asunción,General Díaz,Asunción,,73,built,2,35000,USD,35000,230000000,PYG,31849.78,7221.4,439,-9.001,0,0,1,1,0,cross-currency,remax,143001133-26
3127,2025-09-15,rent,otro,"Santa Rita, Alto Paraná",,Alto Paraná,,540,built,,1950000,PYG,270.03,1950000,PYG,270.03,7221.4,1,0,1,0,1,1,1,,remax,143065026-189
3295,2025-09-15,rent,casa,"Mariano Roque Alonso, Central",,Central,Mariano Roque Alonso,80,built,2,3800000,PYG,526.21,3500000,PYG,484.67,7221.4,6,-7.894,0,1,1,1,1,,remax,143046007-159
3847,2025-09-15,sale,departamento,Asunción,Las Lomas (Carmelitas),Asunción,,32,land,1,69000,USD,69000,68425,USD,68425,7221.4,2172,-0.833,0,1,1,1,1,,remax,143092038-68
4468,2025-09-15,rent,otro,"Santa Rita, Alto Paraná",,Alto Paraná,,90,built,2,3300000,PYG,456.98,3300000,PYG,456.98,7221.4,5,0,1,0,1,1,1,,remax,143065026-188
153,2025-09-16,rent,departamento,Asunción,Las Mercedes,Asunción,,40,land,1,3000000,PYG,418.82,3000000,PYG,418.82,7163.015,10,0,1,0,1,1,1,,remax,143048005-295
746,2025-09-16,rent,local,"San Ignacio, Misiones",,Misiones,,240,built,,5500000,PYG,767.83,5000000,PYG,698.03,7163.015,3,-9.091,0,1,1,1,1,,remax,143085037-9
782,2025-09-16,sale,terreno,"Luque, Central",,Central,Luque,,,,300000000,PYG,41881.81,290000000,PYG,40485.75,7163.015,,-3.333,0,1,3,1,1,,remax,143061080-45
1698,2025-09-16,sale,casa,"Capiatá, Central",,Central,Capiatá,80,built,2,345000000,PYG,48164.08,345000000,PYG,48164.08,7163.015,602,0,1,0,1,1,1,,remax,143019044-104
1714,2025-09-16,rent,departamento,Asunción,Recoleta,Asunción,,1,land,2,5200000,PYG,725.95,5200000,PYG,725.95,7163.015,726,0,1,0,1,1,1,,remax,143056033-203
1908,2025-09-16,sale,oficina,Asunción,Ciudad Nueva,Asunción,,404,built,,750000000,PYG,104704.51,750000000,PYG,104704.51,7163.015,259,0,1,0,1,1,1,,remax,143001004-33
1970,2025-09-16,sale,terreno,Asunción,Carmelitas,Asunción,,,,,205000,USD,205000,1476000000,PYG,206058.48,7163.015,,0.516,0,0,1,1,0,cross-currency,remax,143063070-381
2670,2025-09-16,sale,casa,Asunción,Pinoza,Asunción,,340,built,5,344000000,PYG,48024.47,344000000,PYG,48024.47,7163.015,141,0,1,0,1,1,1,,remax,143072119-17
3223,2025-09-16,sale,terreno,"Luque, Central",,Central,Luque,,,,300000000,PYG,41881.81,290000000,PYG,40485.75,7163.015,,-3.333,0,1,3,0,0,second record of one deal,remax,143061080-46
3340,2025-09-16,sale,terreno,"Luque, Central",,Central,Luque,,,,300000000,PYG,41881.81,290000000,PYG,40485.75,7163.015,,-3.333,0,1,3,0,0,second record of one deal,remax,143061080-41
3630,2025-09-16,sale,duplex,"Villa Elisa, Central",,Central,Villa Elisa,76,built,2,435000000,PYG,60728.62,430000000,PYG,60030.59,7163.015,790,-1.149,0,1,1,1,1,,remax,143071054-511
1266,2025-09-17,sale,casa,"Mariano Roque Alonso, Central",,Central,Mariano Roque Alonso,89,built,2,250000000,PYG,34882.83,250000000,PYG,34882.83,7166.85,392,0,1,0,1,1,1,,remax,143025201-5
1781,2025-09-17,sale,duplex,"Mariano Roque Alonso, Central",,Central,Mariano Roque Alonso,80,built,2,500000000,PYG,69765.66,496000000,PYG,69207.53,7166.85,865,-0.8,0,1,1,1,1,,remax,143063138-37
2948,2025-09-17,sale,casa,"Fernando de la Mora, Central",,Central,Fernando de la Mora,224,built,2,650000000,PYG,90695.35,650000000,PYG,90695.35,7166.85,405,0,1,0,1,1,1,,remax,143019036-34
3682,2025-09-17,rent,departamento,"Lambaré, Central",,Central,Lambaré,180,land,2,1500000,PYG,209.3,1500000,PYG,209.3,7166.85,1,0,1,0,1,1,1,,remax,143061058-27
3700,2025-09-17,sale,terreno,"Luque, Central",,Central,Luque,,,,300000000,PYG,41859.39,300000000,PYG,41859.39,7166.85,,0,1,0,1,1,1,,remax,143061080-40
3855,2025-09-17,rent,otro,"Santa Rita, Alto Paraná",,Alto Paraná,,540,built,,2500000,PYG,348.83,2500000,PYG,348.83,7166.85,1,0,1,0,1,1,1,,remax,143065026-191
4055,2025-09-17,sale,terreno,Asunción,Carmelitas,Asunción,,828,land,,510000,USD,510000,3533377000,PYG,493016.74,7166.85,595,-3.33,0,0,1,1,0,cross-currency,remax,143063084-77
32524,2025-09-17,sale,departamento,Asunción,Las Lomas (Carmelitas),Asunción,,89,land,2,170344,USD,170344,170344,USD,170344,7166.85,1914,0,1,0,1,1,1,,remax,143063185-27
310702,2025-09-17,sale,terreno,"Ciudad del Este, Alto Paraná",,Alto Paraná,Ciudad del Este,,,,30000,USD,30000,180000000,PYG,25115.64,7166.85,,-16.281,0,0,1,1,0,cross-currency,remax,143099013-16
311636,2025-09-17,sale,terreno,"Ciudad del Este, Alto Paraná",,Alto Paraná,Ciudad del Este,,,,35000,USD,35000,180000000,PYG,25115.64,7166.85,,-28.241,0,0,1,1,0,cross-currency,remax,143099013-15
396,2025-09-18,sale,terreno,"Fernando de la Mora, Central",,Central,Fernando de la Mora,360,land,,390000000,PYG,54303.97,352500000,PYG,49082.44,7181.795,136,-9.615,0,1,1,1,1,,remax,143019099-11
871,2025-09-18,rent,deposito,Asunción,General Díaz,Asunción,,400,built,,6000000,PYG,835.45,5000000,PYG,696.2,7181.795,2,-16.668,0,1,1,1,1,,remax,143061061-107
1696,2025-09-18,rent,local,Asunción,San Pablo,Asunción,,334,built,,3300,USD,3300,23710500,PYG,3301.47,7181.795,10,0.045,0,0,1,1,0,cross-currency,remax,143101003-2
2816,2025-09-18,sale,terreno,"Ciudad del Este, Alto Paraná",,Alto Paraná,Ciudad del Este,600,land,,179000,USD,179000,1185591000,PYG,165082.82,7181.795,275,-7.775,0,0,1,1,0,cross-currency,remax,143050129-53
2873,2025-09-18,rent,casa,"San Juan del Paraná, Itapúa",,Itapúa,San Juan del Paraná,200,built,4,720,USD,720,5068800,PYG,705.78,7181.795,4,-1.975,0,0,1,1,0,cross-currency,remax,143085019-515
3420,2025-09-18,rent,deposito,"Ñemby, Central",,Central,Ñemby,250,built,,3000000,PYG,417.72,3000000,PYG,417.72,7181.795,2,0,1,0,1,1,1,,remax,143063129-46
3851,2025-09-18,rent,casa,"Encarnación, Itapúa",,Itapúa,Encarnación,100,built,2,2500000,PYG,348.1,2500000,PYG,348.1,7181.795,3,0,1,0,1,1,1,,remax,143011088-19
4104,2025-09-18,rent,departamento,"Ciudad del Este, Alto Paraná",,Alto Paraná,Ciudad del Este,750,land,2,1300,USD,1300,8614680,PYG,1199.52,7181.795,2,-7.729,0,0,1,1,0,cross-currency,remax,143050056-132
4268,2025-09-18,sale,terreno,"Ypané, Central",,Central,Ypané,,,,130000000,PYG,18101.32,120000000,PYG,16708.91,7181.795,,-7.692,0,1,1,1,1,,remax,114006001-203
20,2025-09-19,sale,local,"Caacupé, Cordillera",,Cordillera,Caacupé,270,built,,220000,USD,220000,1369000000,PYG,191057.96,7165.365,708,-13.155,0,0,1,1,0,cross-currency,remax,143094043-12
350,2025-09-19,sale,terreno,"Capiatá, Central",,Central,Capiatá,,,,120000000,PYG,16747.23,100000000,PYG,13956.02,7165.365,,-16.667,0,1,1,1,1,,remax,143001133-18
550,2025-09-19,rent,casa,"Encarnación, Itapúa",,Itapúa,Encarnación,100,built,2,4000000,PYG,558.24,3000000,PYG,418.68,7165.365,4,-25,0,1,1,1,1,,remax,143085019-485
966,2025-09-19,sale,terreno,"Encarnación, Itapúa",,Itapúa,Encarnación,446,land,,121600,USD,121600,871872000,PYG,121678.66,7165.365,273,0.065,0,0,1,1,0,cross-currency,remax,143011007-969
1010,2025-09-19,sale,otro,"Itauguá, Central",,Central,Itauguá,80,built,,130000,USD,130000,90000,USD,90000,7165.365,1125,-30.769,0,1,1,1,1,,remax,143080127-26
1665,2025-09-19,sale,departamento,Asunción,Las Lomas (Carmelitas),Asunción,,67,land,1,126776,USD,126776,126776,USD,126776,7165.365,1892,0,1,0,1,1,1,,remax,143025117-44
2315,2025-09-19,sale,terreno,Asunción,Recoleta,Asunción,,448,built,,1500000,USD,1500000,1022000,USD,1022000,7165.365,2281,-31.867,0,1,1,1,1,,remax,143036034-94
2617,2025-09-19,sale,departamento,Asunción,Las Lomas (Carmelitas),Asunción,,27,land,,85000,USD,85000,525000000,PYG,73269.12,7165.365,2714,-13.801,0,0,1,1,0,cross-currency,remax,143098038-28
2886,2025-09-19,sale,terreno,"Encarnación, Itapúa",,Itapúa,Encarnación,,,,450000000,PYG,62802.1,450000000,PYG,62802.1,7165.365,,0,1,0,1,1,1,,remax,143011007-2098
3619,2025-09-19,sale,terreno,"Fernando de la Mora, Central",,Central,Fernando de la Mora,101,built,3,750000000,PYG,104670.17,700000000,PYG,97692.16,7165.365,967,-6.667,0,1,1,1,1,,remax,143098026-3
3998,2025-09-19,rent,departamento,"Encarnación, Itapúa",,Itapúa,Encarnación,80,built,1,2500000,PYG,348.9,2500000,PYG,348.9,7165.365,4,0,1,0,1,1,1,,remax,143085019-510
4321,2025-09-19,rent,casa,"Cambyretá, Itapúa",,Itapúa,Cambyretá,120,built,2,1700000,PYG,237.25,1700000,PYG,237.25,7165.365,2,0,1,0,1,1,1,,remax,143032035-281
313118,2025-09-19,sale,terreno,"Ciudad del Este, Alto Paraná",,Alto Paraná,Ciudad del Este,,,,500000,USD,500000,3600000000,PYG,502416.83,7165.365,,0.483,0,0,1,1,0,cross-currency,remax,143099021-9
676,2025-09-20,rent,casa,"Presidente Franco, Alto Paraná",,Alto Paraná,,150,built,2,2800000,PYG,390.77,2800000,PYG,390.77,7165.365,3,0,1,0,1,1,1,,remax,143050055-125
2342,2025-09-20,sale,departamento,Asunción,Recoleta,Asunción,,2300,land,,47200,USD,47200,335120000,PYG,46769.42,7165.365,20,-0.912,0,0,1,1,0,cross-currency,remax,143056033-183
3309,2025-09-20,rent,departamento,"Mariano Roque Alonso, Central",,Central,Mariano Roque Alonso,300,built,2,2000000,PYG,279.12,2000000,PYG,279.12,7165.365,1,0,1,0,1,1,1,,remax,143094021-89
4278,2025-09-20,rent,departamento,Asunción,San Roque,Asunción,,66,land,2,3500000,PYG,488.46,3500000,PYG,488.46,7165.365,7,0,1,0,1,1,1,,remax,143026171-43
308612,2025-09-20,rent,local,"Ypané, Central",,Central,Ypané,400,land,,1800000,PYG,251.21,1800000,PYG,251.21,7165.365,1,0,1,0,1,1,1,,remax,143084041-35
56,2025-09-22,sale,casa,"Lambaré, Central",,Central,Lambaré,240,built,3,750000000,PYG,105616.03,690000000,PYG,97166.74,7101.195,405,-8,0,1,1,1,1,,remax,143014041-431
146,2025-09-22,sale,casa,"Lambaré, Central",,Central,Lambaré,240,built,3,750000000,PYG,105616.03,690000000,PYG,97166.74,7101.195,405,-8,0,1,1,1,1,,remax,143098126-428
423,2025-09-22,rent,terreno,Asunción,Obrero,Asunción,,340,built,,3000000,PYG,422.46,3000000,PYG,422.46,7101.195,1,0,1,0,1,1,1,,remax,143063148-59
1293,2025-09-22,sale,terreno,Asunción,Madame Lynch,Asunción,,418,land,,180000,USD,180000,993020000,PYG,139838.44,7101.195,335,-22.312,0,0,1,1,0,cross-currency,remax,143014151-77
1933,2025-09-22,sale,casa,"Villa Elisa, Central",,Central,Villa Elisa,250,built,4,530000000,PYG,74635.33,530000000,PYG,74635.33,7101.195,299,0,1,0,1,1,1,,remax,143072124-24
2362,2025-09-22,rent,local,"Lambaré, Central",,Central,Lambaré,,,,5500000,PYG,774.52,5500000,PYG,774.52,7101.195,,0,1,0,1,1,1,,remax,143019093-22
2516,2025-09-22,rent,oficina,Asunción,General Díaz,Asunción,,108,built,,4500000,PYG,633.7,4500000,PYG,633.7,7101.195,6,0,1,0,1,1,1,,remax,143098126-429
2742,2025-09-22,rent,departamento,Asunción,Las Mercedes,Asunción,,67,land,2,4500000,PYG,633.7,4500000,PYG,633.7,7101.195,9,0,1,0,1,1,1,,remax,143096010-22
2772,2025-09-22,sale,terreno,"Ñemby, Central",,Central,Ñemby,360,land,,95000000,PYG,13378.03,80000000,PYG,11265.71,7101.195,31,-15.789,0,1,1,1,1,,remax,143080114-4
2782,2025-09-22,sale,casa,"Capiatá, Central",,Central,Capiatá,144,built,2,560000000,PYG,78859.97,525000000,PYG,73931.22,7101.195,513,-6.25,0,1,1,1,1,,remax,143037122-30
3073,2025-09-22,rent,oficina,Asunción,General Díaz,Asunción,,108,built,,5000000,PYG,704.11,4500000,PYG,633.7,7101.195,6,-10,0,1,1,1,1,,remax,143098126-413
3453,2025-09-22,rent,duplex,"Luque, Central",,Central,Luque,224,land,3,6500000,PYG,915.34,6300000,PYG,887.17,7101.195,4,-3.078,0,1,1,1,1,,remax,143098058-32
3502,2025-09-22,sale,deposito,"Encarnación, Itapúa",,Itapúa,Encarnación,220,built,,450000000,PYG,63369.62,386100000,PYG,54371.13,7101.195,247,-14.2,0,1,1,1,1,,remax,143032061-79
3715,2025-09-22,rent,oficina,Asunción,General Díaz,Asunción,,108,built,,4500000,PYG,633.7,4500000,PYG,633.7,7101.195,6,0,1,0,1,1,1,,remax,143014041-432
3780,2025-09-22,rent,oficina,Asunción,General Díaz,Asunción,,108,built,,5000000,PYG,704.11,4500000,PYG,633.7,7101.195,6,-10,0,1,1,1,1,,remax,143014041-416
4082,2025-09-22,sale,terreno,"Eusebio Ayala, Cordillera",,Cordillera,,975,land,,120000000,PYG,16898.56,130000000,PYG,18306.78,7101.195,19,8.333,0,0,1,1,1,,remax,143037122-39
311399,2025-09-22,sale,terreno,"Hernandarias, Alto Paraná",,Alto Paraná,Hernandarias,2000,land,,210000,USD,210000,1508934000,PYG,212490.15,7101.195,106,1.186,0,0,1,1,0,cross-currency,remax,143107003-5
312996,2025-09-22,sale,casa,"San Lorenzo, Central",,Central,San Lorenzo,240,built,4,780000000,PYG,109840.67,780000000,PYG,109840.67,7101.195,458,0,1,0,1,1,1,,remax,143063186-3
798,2025-09-23,sale,terreno,"Ñemby, Central",,Central,Ñemby,,,,200000000,PYG,28336.9,160000000,PYG,22669.52,7057.935,,-20,0,1,1,1,1,,remax,143009135-47
1057,2025-09-23,sale,otro,Asunción,Recoleta,Asunción,,44,land,1,72500,USD,72500,507500000,PYG,71904.88,7057.935,1634,-0.821,0,0,1,1,0,cross-currency,remax,143056031-614
1077,2025-09-23,rent,duplex,"Fernando de la Mora, Central",,Central,Fernando de la Mora,200,built,3,4500000,PYG,637.58,4000000,PYG,566.74,7057.935,3,-11.111,0,1,1,1,1,,remax,143095011-35
1564,2025-09-23,sale,terreno,"Filadelfia, Boquerón",,Boquerón,,,,,105280000,PYG,14916.54,105280000,PYG,14916.54,7057.935,,0,1,0,1,1,1,,remax,143102001-12
2104,2025-09-23,sale,departamento,"Ciudad del Este, Alto Paraná",,Alto Paraná,Ciudad del Este,38,built,1,41800,USD,41800,294700000,PYG,41754.42,7057.935,1099,-0.109,0,0,1,1,0,cross-currency,remax,143050067-71
2780,2025-09-23,sale,casa,"Lambaré, Central",,Central,Lambaré,351,built,3,220000,USD,220000,1349000000,PYG,191132.39,7057.935,545,-13.122,0,0,1,1,0,cross-currency,remax,143098008-169
3416,2025-09-23,sale,departamento,"Ciudad del Este, Alto Paraná",,Alto Paraná,Ciudad del Este,48,built,1,66000,USD,66000,467280000,PYG,66206.33,7057.935,1379,0.313,0,0,1,1,0,cross-currency,remax,143050067-70
3601,2025-09-23,sale,casa,"Villa Elisa, Central",,Central,Villa Elisa,170,built,3,650000000,PYG,92094.93,550000000,PYG,77926.48,7057.935,458,-15.385,0,1,1,1,1,,remax,143019010-215
3712,2025-09-23,rent,casa,"Loma Plata, Boquerón",,Boquerón,,104,built,2,6000000,PYG,850.11,6000000,PYG,850.11,7057.935,8,0,1,0,1,1,1,,remax,143016008-495
3975,2025-09-23,rent,departamento,Asunción,Recoleta,Asunción,,50,land,1,3500000,PYG,495.9,3500000,PYG,495.9,7057.935,10,0,1,0,1,1,1,,remax,143054116-46
4279,2025-09-23,rent,casa,"Luque, Central",,Central,Luque,60,built,2,1500000,PYG,212.53,1500000,PYG,212.53,7057.935,4,0,1,0,1,1,1,,remax,143097013-22
4410,2025-09-23,sale,terreno,"Luque, Central",,Central,Luque,420,land,,450000000,PYG,63758.03,400000000,PYG,56673.8,7057.935,135,-11.111,0,1,1,1,1,,remax,143036139-67
441,2025-09-24,rent,departamento,"Luque, Central",,Central,Luque,54,built,2,2200000,PYG,311.67,2200000,PYG,311.67,7058.795,6,0,1,0,1,1,1,,remax,143019087-29
541,2025-09-24,sale,otro,"Caaguazú, Caaguazú",,Caaguazú,,120,built,3,270000,USD,270000,1904310000,PYG,269778.34,7058.795,2248,-0.082,0,0,1,1,0,cross-currency,remax,143065026-150
831,2025-09-24,rent,departamento,"Encarnación, Itapúa",,Itapúa,Encarnación,38,built,1,2400000,PYG,340,2400000,PYG,340,7058.795,9,0,1,0,1,1,1,,remax,143032072-39
847,2025-09-24,rent,oficina,Asunción,Ciudad Nueva,Asunción,,225,built,,6000000,PYG,850,6000000,PYG,850,7058.795,4,0,1,0,1,1,1,,remax,143014167-77
922,2025-09-24,rent,departamento,Asunción,Las Mercedes,Asunción,,36,built,1,3400000,PYG,481.67,3400000,PYG,481.67,7058.795,13,0,1,0,1,1,1,,remax,143096010-21
1310,2025-09-24,rent,departamento,"Luque, Central",,Central,Luque,190,land,3,2900000,PYG,410.83,2750000,PYG,389.58,7058.795,2,-5.172,0,1,1,1,1,,remax,143098014-199
1515,2025-09-24,sale,casa,Asunción,Barrio Jara,Asunción,,298,built,2,165000,USD,165000,1003940000,PYG,142225.41,7058.795,477,-13.803,0,0,1,1,0,cross-currency,remax,143036021-131
1716,2025-09-24,rent,local,Asunción,Ciudad Nueva,Asunción,,327,built,,2200,USD,2200,12695400,PYG,1798.52,7058.795,6,-18.249,0,0,1,1,0,cross-currency,remax,143098128-220
1874,2025-09-24,sale,casa,"Capiatá, Central",,Central,Capiatá,85,built,2,125000000,PYG,17708.4,125000000,PYG,17708.4,7058.795,208,0,1,0,1,1,1,,remax,143028006-71
2570,2025-09-24,rent,casa,"Hernandarias, Alto Paraná",,Alto Paraná,Hernandarias,80,built,2,2700000,PYG,382.5,2300000,PYG,325.83,7058.795,4,-14.816,0,1,1,1,1,,remax,143050066-64
2589,2025-09-24,rent,departamento,Asunción,Mariscal Estigarribia,Asunción,,92,land,2,6000000,PYG,850,6000000,PYG,850,7058.795,9,0,1,0,1,1,1,,remax,143080055-141
3268,2025-09-24,rent,oficina,Asunción,Ciudad Nueva,Asunción,,225,built,,6000000,PYG,850,6000000,PYG,850,7058.795,4,0,1,0,1,1,1,,remax,143098115-73
3621,2025-09-24,rent,deposito,"Lambaré, Central",,Central,Lambaré,300,built,,8000000,PYG,1133.34,7500000,PYG,1062.5,7058.795,4,-6.251,0,1,1,1,1,,remax,143036021-140
3675,2025-09-24,sale,terreno,"Santa Rita, Alto Paraná",,Alto Paraná,,,,,30000,USD,30000,250910000,PYG,35545.73,7058.795,,18.486,0,0,1,1,0,cross-currency,remax,143065021-150
3807,2025-09-24,sale,terreno,"Presidente Franco, Alto Paraná",,Alto Paraná,,742,land,,630000000,PYG,89250.36,550000000,PYG,77916.98,7058.795,105,-12.698,0,1,1,1,1,,remax,143050056-42
3817,2025-09-24,sale,departamento,Asunción,Recoleta,Asunción,,63,land,2,109800,USD,109800,779580000,PYG,110440.95,7058.795,1753,0.584,0,0,1,1,0,cross-currency,remax,143056032-199
3827,2025-09-24,sale,departamento,"Ciudad del Este, Alto Paraná",,Alto Paraná,Ciudad del Este,44,land,1,31000,USD,31000,30000,USD,30000,7058.795,682,-3.226,0,1,1,1,1,,remax,143050056-137
4052,2025-09-24,rent,casa,"Lambaré, Central",,Central,Lambaré,368,built,4,4000000,PYG,566.67,4000000,PYG,566.67,7058.795,2,0,1,0,1,1,1,,remax,143028077-8
4123,2025-09-24,rent,casa,"Lambaré, Central",,Central,Lambaré,72,built,3,2500000,PYG,354.17,2500000,PYG,354.17,7058.795,5,0,1,0,1,1,1,,remax,143001160-34
4141,2025-09-24,rent,local,Asunción,Ciudad Nueva,Asunción,,327,built,,2200,USD,2200,12695400,PYG,1798.52,7058.795,6,-18.249,0,0,1,1,0,cross-currency,remax,143014125-220
313400,2025-09-24,rent,casa,"Fernando de la Mora, Central",,Central,Fernando de la Mora,200,built,3,5500000,PYG,779.17,4800000,PYG,680,7058.795,3,-12.728,0,1,1,1,1,,remax,143036040-152
1141,2025-09-25,rent,otro,Asunción,Mburucuyá,Asunción,,200,built,3,4800000,PYG,678.61,5000000,PYG,706.89,7073.26,4,4.167,0,0,1,1,1,,remax,143025156-180
1401,2025-09-25,rent,local,Asunción,Los Laureles,Asunción,,28,built,,3000000,PYG,424.13,2500000,PYG,353.44,7073.26,13,-16.667,0,1,1,1,1,,remax,143063094-247
1628,2025-09-25,rent,departamento,Asunción,Las Mercedes,Asunción,,100,land,2,4100000,PYG,579.65,4100000,PYG,579.65,7073.26,6,0,1,0,1,1,1,,remax,143048005-296
1648,2025-09-25,rent,departamento,"Ciudad del Este, Alto Paraná",,Alto Paraná,Ciudad del Este,510,land,2,550,USD,550,3900000,PYG,551.37,7073.26,1,0.249,0,0,1,1,0,cross-currency,remax,143050072-46
1724,2025-09-25,sale,terreno,Asunción,Mburucuyá,Asunción,,375,land,1,150000,USD,150000,1125000000,PYG,159049.72,7073.26,424,6.033,0,0,1,1,0,cross-currency,remax,143098047-34
1779,2025-09-25,rent,casa,"Fernando de la Mora, Central",,Central,Fernando de la Mora,140,built,4,3000000,PYG,424.13,3000000,PYG,424.13,7073.26,3,0,1,0,1,1,1,,remax,143095011-40
1887,2025-09-25,rent,duplex,"Ciudad del Este, Alto Paraná",,Alto Paraná,Ciudad del Este,70,built,2,1800000,PYG,254.48,1750000,PYG,247.41,7073.26,4,-2.778,0,1,2,1,1,,remax,143050002-225
2052,2025-09-25,rent,oficina,"Ciudad del Este, Alto Paraná",,Alto Paraná,Ciudad del Este,,,,10000000,PYG,1413.78,7120000,PYG,1006.61,7073.26,,-28.8,0,1,1,1,1,,remax,143099018-26
2198,2025-09-25,rent,duplex,"Ciudad del Este, Alto Paraná",,Alto Paraná,Ciudad del Este,70,built,2,1800000,PYG,254.48,1750000,PYG,247.41,7073.26,4,-2.778,0,1,2,0,0,second record of one deal,remax,143050002-224
2263,2025-09-25,rent,departamento,"Luque, Central",,Central,Luque,66,land,2,1800000,PYG,254.48,1800000,PYG,254.48,7073.26,4,0,1,0,1,1,1,,remax,143048005-290
2269,2025-09-25,sale,casa,Asunción,Sajonia,Asunción,,500,built,6,1000000000,PYG,141377.53,810000000,PYG,114515.8,7073.26,229,-19,0,1,1,1,1,,remax,143054077-47
2449,2025-09-25,rent,casa,Asunción,Carmelitas,Asunción,,275,built,7,9000000,PYG,1272.4,9000000,PYG,1272.4,7073.26,5,0,1,0,1,1,1,,remax,143025156-179
2509,2025-09-25,rent,casa,"Atyra, Cordillera",,Cordillera,,260,built,4,7000000,PYG,989.64,7000000,PYG,989.64,7073.26,4,0,1,0,1,1,1,,remax,114006001-195
3648,2025-09-25,rent,departamento,Asunción,Ycuá Satí,Asunción,,54,built,1,3500000,PYG,494.82,3500000,PYG,494.82,7073.26,9,0,1,0,1,1,1,,remax,143096015-52
3721,2025-09-25,sale,terreno,"Hernandarias, Alto Paraná",,Alto Paraná,Hernandarias,,,,109000000,PYG,15410.15,97500000,PYG,13784.31,7073.26,,-10.55,0,1,1,1,1,,remax,143050097-54
4536,2025-09-25,sale,otro,"San Estanislao, San Pedro",,San Pedro,,5000,land,,120000000,PYG,16965.3,95000000,PYG,13430.86,7073.26,3,-20.833,0,1,1,1,1,,remax,143025145-226
311673,2025-09-25,rent,local,Asunción,Los Laureles,Asunción,,28,built,,2450000,PYG,346.37,2500000,PYG,353.44,7073.26,13,2.041,0,0,1,1,1,,remax,143063094-233
312176,2025-09-25,sale,terreno,"Villa Hayes, Presidente Hayes",,Presidente Hayes,Villa Hayes,480,land,,130000000,PYG,18379.08,130000000,PYG,18379.08,7073.26,38,0,1,0,1,1,1,,remax,143063159-13
313719,2025-09-25,rent,departamento,"Luque, Central",,Central,Luque,61,land,2,3150000,PYG,445.34,3150000,PYG,445.34,7073.26,7,0,1,0,1,1,1,,remax,143098018-45
444,2025-09-26,sale,casa,"Lambaré, Central",,Central,Lambaré,395,built,4,1200000000,PYG,170010.68,1185000000,PYG,167885.55,7058.38,425,-1.25,0,1,1,1,1,,remax,143063051-312
698,2025-09-26,sale,terreno,"Encarnación, Itapúa",,Itapúa,Encarnación,680,land,,85000,USD,85000,602990000,PYG,85428.95,7058.38,126,0.505,0,0,1,1,0,cross-currency,remax,143011036-21
977,2025-09-26,rent,duplex,"San Lorenzo, Central",,Central,San Lorenzo,142,built,3,3800000,PYG,538.37,3800000,PYG,538.37,7058.38,4,0,1,0,1,1,1,,remax,143063190-385
1118,2025-09-26,sale,departamento,"Encarnación, Itapúa",,Itapúa,Encarnación,79,land,2,135346,USD,135346,960144524,PYG,136029.02,7058.38,1721,0.505,0,0,1,1,0,cross-currency,remax,143011089-14
1511,2025-09-26,rent,departamento,"Luque, Central",,Central,Luque,360,land,2,3500000,PYG,495.86,3500000,PYG,495.86,7058.38,1,0,1,0,1,1,1,,remax,143098058-38
1752,2025-09-26,rent,casa,Asunción,San Vicente,Asunción,,50,built,1,2500000,PYG,354.19,2500000,PYG,354.19,7058.38,7,0,1,0,1,1,1,,remax,143072121-69
1784,2025-09-26,sale,departamento,"Encarnación, Itapúa",,Itapúa,Encarnación,75,land,2,133922,USD,133922,950042668,PYG,134597.84,7058.38,1792,0.505,0,0,1,1,0,cross-currency,remax,143011089-13
2088,2025-09-26,sale,departamento,Asunción,San Roque,Asunción,,104,built,2,105000,USD,105000,676400000,PYG,95829.35,7058.38,921,-8.734,0,0,1,1,0,cross-currency,remax,143050176-3
2327,2025-09-26,rent,departamento,"Luque, Central",,Central,Luque,70,land,2,5000000,PYG,708.38,5000000,PYG,708.38,7058.38,10,0,1,0,1,1,1,,remax,143036119-19
2398,2025-09-26,rent,local,"Santa Rita, Alto Paraná",,Alto Paraná,,192,built,,1800000,PYG,255.02,1800000,PYG,255.02,7058.38,1,0,1,0,1,1,1,,remax,143065026-192
2526,2025-09-26,rent,departamento,Asunción,Obrero,Asunción,,200,land,3,3000000,PYG,425.03,3000000,PYG,425.03,7058.38,2,0,1,0,1,1,1,,remax,143026204-8
3190,2025-09-26,rent,departamento,"Luque, Central",,Central,Luque,70,built,3,3500000,PYG,495.86,3500000,PYG,495.86,7058.38,7,0,1,0,1,1,1,,remax,143046003-249
3373,2025-09-26,sale,terreno,"San Lorenzo, Central",,Central,San Lorenzo,160,built,,199000,USD,199000,165000,USD,165000,7058.38,1031,-17.085,0,1,1,1,1,,remax,143036071-50
3389,2025-09-26,rent,local,"Luque, Central",,Central,Luque,150,built,,3500000,PYG,495.86,3500000,PYG,495.86,7058.38,3,0,1,0,1,1,1,,remax,143071054-455
3634,2025-09-26,sale,terreno,Asunción,Loma Pytá,Asunción,,720,land,,144000,USD,144000,888300000,PYG,125850.41,7058.38,175,-12.604,0,0,1,1,0,cross-currency,remax,143098009-546
4027,2025-09-26,sale,terreno,"Ñemby, Central",,Central,Ñemby,360,land,,165000000,PYG,23376.47,140000000,PYG,19834.58,7058.38,55,-15.152,0,1,1,1,1,,remax,143096049-3
4120,2025-09-26,rent,departamento,Asunción,Madame Lynch,Asunción,,92,built,3,700,USD,700,4943092,PYG,700.32,7058.38,8,0.046,0,0,1,1,0,cross-currency,remax,143028080-46
4231,2025-09-26,sale,casa,"Luque, Central",,Central,Luque,250,built,2,800000000,PYG,113340.45,710000000,PYG,100589.65,7058.38,402,-11.25,0,1,1,1,1,,remax,143063140-26
4242,2025-09-26,rent,casa,"Encarnación, Itapúa",,Itapúa,Encarnación,1,built,4,1250000,PYG,177.09,1250000,PYG,177.09,7058.38,177,0,1,0,1,1,1,,remax,143011007-2117
4503,2025-09-26,rent,casa,"Luque, Central",,Central,Luque,120,built,5,4000000,PYG,566.7,3500000,PYG,495.86,7058.38,4,-12.5,0,1,1,1,1,,remax,143092058-68
2135,2025-09-27,sale,departamento,"Encarnación, Itapúa",,Itapúa,Encarnación,38,built,1,63500,USD,63500,448627500,PYG,63559.56,7058.38,1673,0.094,0,0,1,1,0,cross-currency,remax,143011091-30
3323,2025-09-27,rent,departamento,"Lambaré, Central",,Central,Lambaré,70,built,2,2800000,PYG,396.69,2800000,PYG,396.69,7058.38,6,0,1,0,1,1,1,,remax,143072073-101
3640,2025-09-27,sale,departamento,"Encarnación, Itapúa",,Itapúa,Encarnación,38,built,1,74500,USD,74500,526342500,PYG,74569.87,7058.38,1962,0.094,0,0,1,1,0,cross-currency,remax,143011091-29
607,2025-09-28,rent,duplex,"Luque, Central",,Central,Luque,114,built,3,3700000,PYG,524.2,3700000,PYG,524.2,7058.38,5,0,1,0,1,1,1,,remax,143063076-92
16,2025-09-30,sale,casa,Asunción,Sajonia,Asunción,,150,built,3,600000000,PYG,86189.87,540000000,PYG,77570.88,6961.375,517,-10,0,1,1,1,1,,remax,143038002-268
135,2025-09-30,sale,departamento,Asunción,Villa Morra,Asunción,,38,land,1,86000,USD,86000,619200000,PYG,88947.94,6961.375,2341,3.428,0,0,1,1,0,cross-currency,remax,143038001-207
159,2025-09-30,rent,otro,Asunción,Mburucuyá,Asunción,,,,1,800000,PYG,114.92,800000,PYG,114.92,6961.375,,0,1,0,1,1,1,,remax,143038046-164
165,2025-09-30,rent,casa,"Mariano Roque Alonso, Central",,Central,Mariano Roque Alonso,90,built,2,3000000,PYG,430.95,2500000,PYG,359.12,6961.375,4,-16.668,0,1,1,1,1,,remax,143025145-264
412,2025-09-30,rent,departamento,"San Lorenzo, Central",,Central,San Lorenzo,20,built,,1000000,PYG,143.65,1000000,PYG,143.65,6961.375,7,0,1,0,1,1,1,,remax,143009127-70
499,2025-09-30,sale,casa,"Mariano Roque Alonso, Central",,Central,Mariano Roque Alonso,358,built,4,160000,USD,160000,835200000,PYG,119976.3,6961.375,335,-25.015,0,0,1,1,0,cross-currency,remax,143038003-144
532,2025-09-30,sale,departamento,Asunción,Recoleta,Asunción,,2300,land,1,71400,USD,71400,506940000,PYG,72821.82,6961.375,32,1.991,0,0,1,1,0,cross-currency,remax,143056033-199
564,2025-09-30,sale,terreno,"Ñemby, Central",,Central,Ñemby,741,land,,200000000,PYG,28729.96,200000000,PYG,28729.96,6961.375,39,0,1,0,1,1,1,,remax,143038011-379
1244,2025-09-30,rent,departamento,"Luque, Central",,Central,Luque,70,land,2,4800000,PYG,689.52,4800000,PYG,689.52,6961.375,10,0,1,0,1,1,1,,remax,143063105-72
1341,2025-09-30,rent,casa,Asunción,Villa Morra,Asunción,,60,built,2,3000000,PYG,430.95,2800000,PYG,402.22,6961.375,7,-6.667,0,1,1,1,1,,remax,143036126-19
1355,2025-09-30,sale,terreno,Asunción,Mburucuyá,Asunción,,,,,270000,USD,270000,1650000000,PYG,237022.14,6961.375,,-12.214,0,0,1,1,0,cross-currency,remax,143038001-183
1420,2025-09-30,rent,departamento,"Villa Elisa, Central",,Central,Villa Elisa,60,land,1,2000000,PYG,287.3,2000000,PYG,287.3,6961.375,5,0,1,0,1,1,1,,remax,143038011-384
1440,2025-09-30,rent,departamento,Asunción,Los Laureles,Asunción,,80,built,3,4200000,PYG,603.33,4200000,PYG,603.33,6961.375,8,0,1,0,1,1,1,,remax,143100028-34
1449,2025-09-30,sale,departamento,Asunción,General Díaz,Asunción,,100,land,2,350000000,PYG,50277.42,320000000,PYG,45967.93,6961.375,460,-8.571,0,1,1,1,1,,remax,143038002-290
1631,2025-09-30,rent,local,"Fernando de la Mora, Central",,Central,Fernando de la Mora,,,,2000000,PYG,287.3,2000000,PYG,287.3,6961.375,,0,1,0,1,1,1,,remax,143038046-124
1892,2025-09-30,rent,departamento,Asunción,Mariscal López,Asunción,,120,land,3,3500000,PYG,502.77,3340000,PYG,479.79,6961.375,4,-4.571,0,1,1,1,1,,remax,143028006-127
1901,2025-09-30,rent,casa,"Capiatá, Central",,Central,Capiatá,180,built,2,3300000,PYG,474.04,3000000,PYG,430.95,6961.375,2,-9.09,0,1,1,1,1,,remax,143028010-160
2048,2025-09-30,rent,departamento,Asunción,Carmelitas,Asunción,,32,land,1,450,USD,450,450,USD,450,6961.375,14,0,1,0,1,1,1,,remax,143092038-73
2079,2025-09-30,rent,departamento,Asunción,San Pablo,Asunción,,72,built,1,2500000,PYG,359.12,2400000,PYG,344.76,6961.375,5,-3.999,0,1,1,1,1,,remax,143020120-2
2134,2025-09-30,rent,casa,Asunción,San Antonio,Asunción,,200,built,3,3000000,PYG,430.95,3000000,PYG,430.95,6961.375,2,0,1,0,1,1,1,,remax,143025149-211
2282,2025-09-30,sale,terreno,"Lambaré, Central",,Central,Lambaré,732,land,1,630000000,PYG,90499.36,570000000,PYG,81880.38,6961.375,112,-9.524,0,1,1,1,1,,remax,143098126-229
2292,2025-09-30,rent,departamento,Asunción,Carmelitas,Asunción,,48,built,1,900,USD,900,6345000,PYG,911.46,6961.375,19,1.273,0,0,1,1,0,cross-currency,remax,143098011-276
2357,2025-09-30,rent,departamento,Asunción,Santísima Trinidad,Asunción,,80,land,2,1200000,PYG,172.38,1200000,PYG,172.38,6961.375,2,0,1,0,1,1,1,,remax,143038046-171
2428,2025-09-30,rent,duplex,Asunción,Mburucuyá,Asunción,,120,land,3,5000000,PYG,718.25,5000000,PYG,718.25,6961.375,6,0,1,0,1,1,1,,remax,143038011-389
2467,2025-09-30,sale,duplex,Asunción,Mburucuyá,Asunción,,189,land,3,170000,USD,170000,1268600000,PYG,182234.11,6961.375,964,7.197,0,0,1,1,0,cross-currency,remax,143038002-236
2552,2025-09-30,sale,terreno,"Ciudad del Este, Alto Paraná",,Alto Paraná,Ciudad del Este,,,,270000000,PYG,38785.44,270000000,PYG,38785.44,6961.375,,0,1,0,1,1,1,,remax,143050060-288
2579,2025-09-30,rent,departamento,"Luque, Central",,Central,Luque,40,land,1,3300000,PYG,474.04,3200000,PYG,459.68,6961.375,11,-3.029,0,1,1,1,1,,remax,143038011-388
2618,2025-09-30,rent,duplex,Asunción,San Jorge,Asunción,,180,land,3,7300000,PYG,1048.64,7300000,PYG,1048.64,6961.375,6,0,1,0,1,1,1,,remax,143038002-294
2727,2025-09-30,rent,local,"Villa Elisa, Central",,Central,Villa Elisa,,,,4000000,PYG,574.6,3000000,PYG,430.95,6961.375,,-25,0,1,1,1,1,,remax,143092038-79
2738,2025-09-30,rent,oficina,Asunción,Los Laureles,Asunción,,200,land,,7000000,PYG,1005.55,7000000,PYG,1005.55,6961.375,5,0,1,0,1,1,1,,remax,143038003-184
2989,2025-09-30,rent,casa,"San Lorenzo, Central",,Central,San Lorenzo,100,built,3,2000000,PYG,287.3,2000000,PYG,287.3,6961.375,3,0,1,0,2,1,1,,remax,143080075-48
3111,2025-09-30,sale,terreno,"San Rafael del Paraná, Itapúa",,Itapúa,,,,,90000,USD,90000,621000000,PYG,89206.51,6961.375,,-0.882,0,0,1,1,0,cross-currency,remax,143098020-68
3288,2025-09-30,rent,departamento,Asunción,Santísima Trinidad,Asunción,,100,built,2,3500000,PYG,502.77,3500000,PYG,502.77,6961.375,5,0,1,0,1,1,1,,remax,143038002-273
3594,2025-09-30,rent,casa,Asunción,Barrio Jara,Asunción,,430,built,5,1800,USD,1800,10000000,PYG,1436.5,6961.375,3,-20.194,0,0,1,1,0,cross-currency,remax,143038001-202
3762,2025-09-30,rent,departamento,"Luque, Central",,Central,Luque,320,land,2,3500000,PYG,502.77,3500000,PYG,502.77,6961.375,2,0,1,0,1,1,1,,remax,143098058-37
3873,2025-09-30,rent,duplex,"Lambaré, Central",,Central,Lambaré,180,built,4,5500000,PYG,790.07,6000000,PYG,861.9,6961.375,5,9.092,0,0,1,1,1,,remax,143038004-257
4016,2025-09-30,sale,terreno,"Lambaré, Central",,Central,Lambaré,732,land,1,630000000,PYG,90499.36,570000000,PYG,81880.38,6961.375,112,-9.524,0,1,1,1,1,,remax,143014041-232
4269,2025-09-30,sale,duplex,Asunción,Mburucuyá,Asunción,,210,land,3,190000,USD,190000,1128000000,PYG,162036.95,6961.375,772,-14.717,0,0,1,1,0,cross-currency,remax,143098009-625
4493,2025-09-30,rent,quinta,"Capiatá, Central",,Central,Capiatá,72,built,2,2000000,PYG,287.3,2000000,PYG,287.3,6961.375,4,0,1,0,2,0,0,second record of one deal,remax,143080075-45
4505,2025-09-30,rent,departamento,"Encarnación, Itapúa",,Itapúa,Encarnación,60,built,1,450,USD,450,3162600,PYG,454.31,6961.375,8,0.958,0,0,1,1,0,cross-currency,remax,143085019-506
309867,2025-09-30,rent,local,"San Lorenzo, Central",,Central,San Lorenzo,,,,20000000,PYG,2873,20000000,PYG,2873,6961.375,,0,1,0,1,1,1,,remax,143063198-4
313075,2025-09-30,rent,duplex,"Fernando de la Mora, Central",,Central,Fernando de la Mora,175,built,4,7500000,PYG,1077.37,7500000,PYG,1077.37,6961.375,6,0,1,0,1,1,1,,remax,143036136-5
802,2025-10-01,rent,casa,Asunción,Nazareth,Asunción,,660,built,4,11000000,PYG,1570.34,11000000,PYG,1570.34,7004.865,2,0,1,0,1,1,1,,remax,143096015-68
1004,2025-10-01,rent,casa,"Fernando de la Mora, Central",,Central,Fernando de la Mora,130,built,2,2600000,PYG,371.17,2600000,PYG,371.17,7004.865,3,0,1,0,1,1,1,,remax,143009127-93
1621,2025-10-01,sale,departamento,Asunción,Manorá,Asunción,,67,built,2,157603,USD,157603,1256889468,PYG,179430.93,7004.865,2681,13.85,0,0,1,1,0,cross-currency,remax,143025033-414
1731,2025-10-01,sale,otro,Asunción,Recoleta,Asunción,,1360,built,,960000,USD,960000,5596000000,PYG,798873.35,7004.865,587,-16.784,0,0,1,1,0,cross-currency,remax,143054072-39
2065,2025-10-01,sale,casa,"Concepción, Concepción",,Concepción,,236,built,2,165000000,PYG,23555.06,165000000,PYG,23555.06,7004.865,100,0,1,0,1,1,1,,remax,143032071-6
2248,2025-10-01,rent,otro,"Villeta, Central",,Central,Villeta,750,land,,2500000,PYG,356.89,2500000,PYG,356.89,7004.865,0,0,1,0,1,1,1,,remax,143063206-17
2511,2025-10-01,sale,terreno,Asunción,Obrero,Asunción,,336,land,,400000000,PYG,57103.17,400000000,PYG,57103.17,7004.865,170,0,1,0,1,1,1,,remax,143061015-119
2684,2025-10-01,rent,otro,"San Ignacio, Misiones",,Misiones,,130,built,2,1000000,PYG,142.76,1000000,PYG,142.76,7004.865,1,0,1,0,1,1,1,,remax,143085037-11
2862,2025-10-01,sale,terreno,"Encarnación, Itapúa",,Itapúa,Encarnación,594,land,,280000000,PYG,39972.22,280000000,PYG,39972.22,7004.865,67,0,1,0,1,1,1,,remax,143011008-326
2945,2025-10-01,rent,departamento,Asunción,Recoleta,Asunción,,45,land,1,700,USD,700,4794000,PYG,684.38,7004.865,15,-2.231,0,0,1,1,0,cross-currency,remax,143056047-71
3107,2025-10-01,sale,terreno,Asunción,Sajonia,Asunción,,16,land,,880000000,PYG,125626.97,830000000,PYG,118489.08,7004.865,7406,-5.682,0,1,1,1,1,,remax,143068074-36
3315,2025-10-01,sale,casa,"Limpio, Central",,Central,Limpio,69,built,2,279000000,PYG,39829.46,279000000,PYG,39829.46,7004.865,577,0,1,0,1,1,1,,remax,143028041-93
3391,2025-10-01,rent,departamento,"Mariano Roque Alonso, Central",,Central,Mariano Roque Alonso,90,land,2,2500000,PYG,356.89,2500000,PYG,356.89,7004.865,4,0,1,0,1,1,1,,remax,143038004-252
3890,2025-10-01,rent,departamento,"Fernando de la Mora, Central",,Central,Fernando de la Mora,960,land,4,5200000,PYG,742.34,5200000,PYG,742.34,7004.865,1,0,1,0,1,1,1,,remax,143068074-40
3923,2025-10-01,sale,terreno,"San Ignacio, Misiones",,Misiones,,462,land,,61000000,PYG,8708.23,61000000,PYG,8708.23,7004.865,19,0,1,0,1,1,1,,remax,143085037-4
4374,2025-10-01,rent,local,Asunción,Bernardino Caballero,Asunción,,50,built,,5950000,PYG,849.41,5000000,PYG,713.79,7004.865,14,-15.966,0,1,1,1,1,,remax,143084036-32
4379,2025-10-01,sale,local,"San Lorenzo, Central",,Central,San Lorenzo,120,built,,1200000000,PYG,171309.51,1100000000,PYG,157033.72,7004.865,1309,-8.333,0,1,1,1,1,,remax,143036119-18
310376,2025-10-01,sale,casa,"Hernandarias, Alto Paraná",,Alto Paraná,Hernandarias,118,built,2,265000000,PYG,37830.85,220000000,PYG,31406.74,7004.865,266,-16.981,0,1,1,1,1,,remax,143099013-41
312169,2025-10-01,sale,casa,"Luque, Central",,Central,Luque,90,built,2,340000000,PYG,48537.69,295000000,PYG,42113.59,7004.865,468,-13.235,0,1,1,1,1,,remax,143063116-35
1036,2025-10-02,sale,terreno,Asunción,Las Lomas (Carmelitas),Asunción,,,,,260000,USD,260000,1680000000,PYG,239870.81,7003.77,,-7.742,0,0,1,1,0,cross-currency,remax,143036139-71
1987,2025-10-02,rent,departamento,"Ciudad del Este, Alto Paraná",,Alto Paraná,Ciudad del Este,44,land,1,550,USD,550,3450000,PYG,492.59,7003.77,11,-10.438,0,0,1,1,0,cross-currency,remax,143050113-24
3090,2025-10-02,sale,casa,"Ñemby, Central",,Central,Ñemby,90,built,2,390000000,PYG,55684.3,375000000,PYG,53542.59,7003.77,595,-3.846,0,1,1,1,1,,remax,143019021-101
308300,2025-10-02,rent,otro,"Ciudad del Este, Alto Paraná",,Alto Paraná,Ciudad del Este,60,built,,2000000,PYG,285.56,2000000,PYG,285.56,7003.77,5,0,1,0,1,1,1,,remax,143099023-10
81,2025-10-03,sale,casa,Asunción,San Vicente,Asunción,,444,built,5,200000,USD,200000,1198500000,PYG,170132.97,7044.49,383,-14.934,0,0,1,1,0,cross-currency,remax,143096002-91
336,2025-10-03,rent,otro,"San Ignacio, Misiones",,Misiones,,125,built,,1500000,PYG,212.93,1500000,PYG,212.93,7044.49,2,0,1,0,1,1,1,,remax,143085037-2
341,2025-10-03,sale,casa,"Luque, Central",,Central,Luque,95,built,3,440000000,PYG,62460.16,440000000,PYG,62460.16,7044.49,657,0,1,0,1,1,1,,remax,114006001-199
1606,2025-10-03,sale,terreno,"Caazapá, Caazapá",,Caazapá,,30,built,,65000000,PYG,9227.07,55000000,PYG,7807.52,7044.49,260,-15.385,0,1,1,1,1,,remax,143095004-59
3240,2025-10-03,sale,terreno,"Luque, Central",,Central,Luque,,,,430000000,PYG,61040.61,418000000,PYG,59337.16,7044.49,,-2.791,0,1,1,1,1,,remax,143036126-20
3763,2025-10-03,sale,departamento,"San Lorenzo, Central",,Central,San Lorenzo,73,land,1,70000,USD,70000,458640000,PYG,65106.2,7044.49,892,-6.991,0,0,1,1,0,cross-currency,remax,143071082-9
3869,2025-10-03,rent,departamento,"Luque, Central",,Central,Luque,130,land,4,5200000,PYG,738.17,4800000,PYG,681.38,7044.49,5,-7.693,0,1,1,1,1,,remax,143096005-28
312378,2025-10-03,rent,local,"Luque, Central",,Central,Luque,150,land,,6000000,PYG,851.73,5500000,PYG,780.75,7044.49,5,-8.334,0,1,1,1,1,,remax,143036119-14
2970,2025-10-04,sale,terreno,"Itauguá, Central",,Central,Itauguá,,,,130000000,PYG,18454.14,110000000,PYG,15615.04,7044.49,,-15.385,0,1,1,1,1,,remax,143037122-43
4332,2025-10-04,sale,terreno,"Capiatá, Central",,Central,Capiatá,,,1,90000000,PYG,12775.94,80000000,PYG,11356.39,7044.49,,-11.111,0,1,1,1,1,,remax,143061058-28
3215,2025-10-05,rent,departamento,Asunción,Ycuá Satí,Asunción,,49,built,1,700,USD,700,700,USD,700,7044.49,14,0,1,0,1,1,1,,remax,143025155-213
256,2025-10-06,rent,otro,"Ciudad del Este, Alto Paraná",,Alto Paraná,Ciudad del Este,120,built,,5000000,PYG,713.34,4500000,PYG,642.01,7009.235,5,-9.999,0,1,1,1,1,,remax,143107007-9
601,2025-10-06,rent,departamento,Asunción,La Encarnación,Asunción,,63,land,2,3800000,PYG,542.14,3800000,PYG,542.14,7009.235,9,0,1,0,1,1,1,,remax,143063146-154
1236,2025-10-06,sale,terreno,Asunción,San Jorge,Asunción,,180,built,,1450000000,PYG,206869.94,1200000000,PYG,171202.71,7009.235,951,-17.241,0,1,1,1,1,,remax,143063152-48
1260,2025-10-06,rent,departamento,Asunción,Recoleta,Asunción,,500,land,2,4800000,PYG,684.81,4800000,PYG,684.81,7009.235,1,0,1,0,1,1,1,,remax,143056033-204
2631,2025-10-06,rent,oficina,Asunción,General Díaz,Asunción,,74,built,,4000000,PYG,570.68,4000000,PYG,570.68,7009.235,8,0,1,0,1,1,1,,remax,143097001-54
3084,2025-10-06,rent,local,"Limpio, Central",,Central,Limpio,85,built,,2500000,PYG,356.67,2000000,PYG,285.34,7009.235,3,-19.999,0,1,1,1,1,,remax,143092078-2
3375,2025-10-06,sale,terreno,"Ñemby, Central",,Central,Ñemby,532,land,,240000000,PYG,34240.54,210000000,PYG,29960.47,7009.235,56,-12.5,0,1,1,1,1,,remax,143063172-12
3380,2025-10-06,rent,oficina,Asunción,Ycuá Satí,Asunción,,75,built,,1200,USD,1200,8416800,PYG,1200.82,7009.235,16,0.068,0,0,1,1,0,cross-currency,remax,143054045-85
4510,2025-10-06,sale,terreno,"Ñemby, Central",,Central,Ñemby,430,land,,290000000,PYG,41373.99,270000000,PYG,38520.61,7009.235,90,-6.897,0,1,1,1,1,,remax,143096015-20
469,2025-10-07,sale,casa,Asunción,San Vicente,Asunción,,153,built,5,1500000000,PYG,214803.39,1400000000,PYG,200483.16,6983.13,1307,-6.667,0,1,1,1,1,,remax,143072123-7
605,2025-10-07,rent,casa,"Santa Rita, Alto Paraná",,Alto Paraná,,234,built,8,3000000,PYG,429.61,3000000,PYG,429.61,6983.13,2,0,1,0,1,1,1,,remax,143065021-151
1102,2025-10-07,sale,departamento,Asunción,Recoleta,Asunción,,29,land,1,78900,USD,78900,552300000,PYG,79090.61,6983.13,2727,0.242,0,0,1,1,0,cross-currency,remax,143056036-151
1138,2025-10-07,sale,casa,"Caacupé, Cordillera",,Cordillera,Caacupé,60,built,1,310000000,PYG,44392.7,300000000,PYG,42960.68,6983.13,716,-3.226,0,1,1,1,1,,remax,143094021-86
1402,2025-10-07,rent,local,Asunción,Recoleta,Asunción,,200,built,,16000000,PYG,2291.24,15000000,PYG,2148.03,6983.13,11,-6.25,0,1,1,1,1,,remax,143098017-95
1524,2025-10-07,sale,casa,"Capiatá, Central",,Central,Capiatá,250,built,5,430000000,PYG,61576.97,370000000,PYG,52984.84,6983.13,212,-13.953,0,1,1,1,1,,remax,143096013-17
1985,2025-10-07,sale,duplex,"Encarnación, Itapúa",,Itapúa,Encarnación,190,built,3,95000,USD,95000,666330000,PYG,95419.96,6983.13,502,0.442,0,0,1,1,0,cross-currency,remax,143011007-1825
4143,2025-10-07,sale,terreno,"Hernandarias, Alto Paraná",,Alto Paraná,Hernandarias,300,land,,400000000,PYG,57280.9,410000000,PYG,58712.93,6983.13,196,2.5,0,0,1,1,1,,remax,143050081-123
4181,2025-10-07,rent,local,"Filadelfia, Boquerón",,Boquerón,,70,built,,2000000,PYG,286.4,2000000,PYG,286.4,6983.13,4,0,1,0,1,1,1,,remax,143016029-91
28291,2025-10-07,rent,departamento,Asunción,Pettirossi,Asunción,,78,land,2,2000000,PYG,286.4,2000000,PYG,286.4,6983.13,4,0,1,0,1,1,1,,remax,143036137-9
312727,2025-10-07,sale,departamento,Asunción,Recoleta,Asunción,,43,built,1,85000,USD,85000,596275000,PYG,85387.93,6983.13,1986,0.456,0,0,1,1,0,cross-currency,remax,143056050-39
313414,2025-10-07,rent,edificio,Asunción,Los Laureles,Asunción,,360,land,2,4500000,PYG,644.41,4500000,PYG,644.41,6983.13,2,0,1,0,1,1,1,,remax,143037112-58
227,2025-10-08,rent,local,"San Lorenzo, Central",,Central,San Lorenzo,,,,500,USD,500,2975000,PYG,425.17,6997.24,,-14.966,0,0,2,1,0,cross-currency,remax,143063090-49
361,2025-10-08,sale,terreno,"Lambaré, Central",,Central,Lambaré,622,land,,235000,USD,235000,1750750000,PYG,250205.8,6997.24,402,6.471,0,0,1,1,0,cross-currency,remax,143098041-13
370,2025-10-08,sale,terreno,"Luque, Central",,Central,Luque,,,,150000,USD,150000,900000000,PYG,128622.14,6997.24,,-14.252,0,0,1,1,0,cross-currency,remax,143063152-49
484,2025-10-08,rent,casa,Asunción,Villa Aurelia,Asunción,,100,built,3,4500000,PYG,643.11,4500000,PYG,643.11,6997.24,6,0,1,0,1,1,1,,remax,143019044-114
643,2025-10-08,rent,local,"San Lorenzo, Central",,Central,San Lorenzo,,,,500,USD,500,3500000,PYG,500.2,6997.24,,0.04,0,0,1,1,0,cross-currency,remax,143063090-48
1063,2025-10-08,sale,terreno,"Capiatá, Central",,Central,Capiatá,,,1,90000000,PYG,12862.21,80000000,PYG,11433.08,6997.24,,-11.111,0,1,1,1,1,,remax,143061058-29
1256,2025-10-08,sale,terreno,"Ñemby, Central",,Central,Ñemby,,,,540000000,PYG,77173.29,540000000,PYG,77173.29,6997.24,,0,1,0,1,1,1,,remax,143036051-203
1796,2025-10-08,rent,local,"San Lorenzo, Central",,Central,San Lorenzo,,,,500,USD,500,2975000,PYG,425.17,6997.24,,-14.966,0,0,2,0,0,cross-currency,remax,143063090-50
2005,2025-10-08,rent,local,"San Lorenzo, Central",,Central,San Lorenzo,79,built,,1100,USD,1100,6300000,PYG,900.35,6997.24,11,-18.15,0,0,1,1,0,cross-currency,remax,143063090-47
2203,2025-10-08,sale,terreno,"Limpio, Central",,Central,Limpio,680,land,,175000000,PYG,25009.86,175000000,PYG,25009.86,6997.24,37,0,1,0,1,1,1,,remax,143026176-37
2482,2025-10-08,sale,terreno,Asunción,Itá Enramada,Asunción,,,,,630000000,PYG,90035.5,600000000,PYG,85748.09,6997.24,,-4.762,0,1,1,1,1,,remax,143098047-16
3031,2025-10-08,sale,terreno,Asunción,Ycuá Satí,Asunción,,456,land,,180000,USD,180000,1226412000,PYG,175270.82,6997.24,384,-2.627,0,0,1,1,0,cross-currency,remax,143014151-63
3150,2025-10-08,sale,terreno,Asunción,Bella Vista,Asunción,,620,land,,115000,USD,115000,775500000,PYG,110829.41,6997.24,179,-3.627,0,0,1,1,0,cross-currency,remax,143037125-13
3343,2025-10-08,rent,duplex,Asunción,Salvador del Mundo,Asunción,,72,land,2,3500000,PYG,500.2,3000000,PYG,428.74,6997.24,6,-14.286,0,1,1,1,1,,remax,143028041-107
4137,2025-10-08,rent,local,"Ñemby, Central",,Central,Ñemby,640,built,,7000000,PYG,1000.39,7000000,PYG,1000.39,6997.24,2,0,1,0,1,1,1,,remax,143026124-28
4411,2025-10-08,sale,casa,"Lambaré, Central",,Central,Lambaré,120,built,2,650000000,PYG,92893.77,620000000,PYG,88606.36,6997.24,738,-4.615,0,1,1,1,1,,remax,143036051-205
234,2025-10-09,sale,terreno,Asunción,Recoleta,Asunción,,547,land,,365000,USD,365000,2249600000,PYG,320599.7,7016.85,586,-12.164,0,0,1,1,0,cross-currency,remax,143063150-13
578,2025-10-09,rent,casa,"Luque, Central",,Central,Luque,200,built,5,1000,USD,1000,6960000,PYG,991.9,7016.85,5,-0.81,0,0,1,1,0,cross-currency,remax,143025199-5
644,2025-10-09,rent,departamento,Asunción,Recoleta,Asunción,,125,land,2,6300000,PYG,897.84,6000000,PYG,855.08,7016.85,7,-4.763,0,1,1,1,1,,remax,143025091-112
662,2025-10-09,sale,otro,"San Juan del Paraná, Itapúa",,Itapúa,San Juan del Paraná,120,built,3,95027,USD,95027,667184567,PYG,95083.2,7016.85,792,0.059,0,0,1,1,0,cross-currency,remax,143011024-368
1455,2025-10-09,sale,casa,Asunción,Manorá,Asunción,,207,built,4,185000,USD,185000,1278000000,PYG,182133.01,7016.85,880,-1.55,0,0,1,1,0,cross-currency,remax,143098027-36
1521,2025-10-09,rent,casa,Asunción,Ycuá Satí,Asunción,,350,built,4,12000000,PYG,1710.17,12000000,PYG,1710.17,7016.85,5,0,1,0,1,1,1,,remax,143061002-181
1930,2025-10-09,sale,departamento,"Fernando de la Mora, Central",,Central,Fernando de la Mora,33,built,,35000,USD,35000,245735000,PYG,35020.7,7016.85,1061,0.059,0,0,1,1,0,cross-currency,remax,143097001-72
2498,2025-10-09,sale,terreno,"Itauguá, Central",,Central,Itauguá,360,land,,90000000,PYG,12826.27,97500000,PYG,13895.12,7016.85,39,8.333,0,0,1,1,1,,remax,143061080-21
3321,2025-10-09,sale,casa,"Limpio, Central",,Central,Limpio,75,built,2,270000000,PYG,38478.8,220000000,PYG,31353.1,7016.85,418,-18.519,0,1,2,1,1,,remax,143028041-109
3330,2025-10-09,sale,casa,"Villa Elisa, Central",,Central,Villa Elisa,85,built,3,360000000,PYG,51305.07,320000000,PYG,45604.51,7016.85,537,-11.111,0,1,1,1,1,,remax,143068092-20
3599,2025-10-09,sale,casa,"Limpio, Central",,Central,Limpio,75,built,2,270000000,PYG,38478.8,220000000,PYG,31353.1,7016.85,418,-18.519,0,1,2,0,0,second record of one deal,remax,143028041-108
311479,2025-10-09,rent,local,"Santa Rita, Alto Paraná",,Alto Paraná,,424,land,,3500000,PYG,498.8,3500000,PYG,498.8,7016.85,1,0,1,0,1,1,1,,remax,143065040-4
311848,2025-10-09,sale,casa,"Villa Elisa, Central",,Central,Villa Elisa,187,built,3,360000000,PYG,51305.07,360000000,PYG,51305.07,7016.85,274,0,1,0,1,1,1,,remax,143068092-27
34,2025-10-10,rent,departamento,"Encarnación, Itapúa",,Itapúa,Encarnación,55,land,1,2600000,PYG,368.94,2500000,PYG,354.75,7047.195,6,-3.846,0,1,1,1,1,,remax,143032066-44
216,2025-10-10,sale,casa,Asunción,La Encarnación,Asunción,,796,built,7,90000,USD,90000,634050000,PYG,89971.97,7047.195,113,-0.031,0,0,1,1,0,cross-currency,remax,143063148-155
314,2025-10-10,rent,departamento,Asunción,Las Mercedes,Asunción,,90,land,2,5000000,PYG,709.5,5500000,PYG,780.45,7047.195,9,10,0,0,1,1,1,,remax,143038002-297
428,2025-10-10,rent,casa,"Encarnación, Itapúa",,Itapúa,Encarnación,157,built,5,2500000,PYG,354.75,2500000,PYG,354.75,7047.195,2,0,1,0,1,1,1,,remax,143032061-123
745,2025-10-10,rent,casa,"Caazapá, Caazapá",,Caazapá,,120,built,3,2000000,PYG,283.8,2000000,PYG,283.8,7047.195,2,0,1,0,1,1,1,,remax,143095004-86
1463,2025-10-10,sale,terreno,"Hernandarias, Alto Paraná",,Alto Paraná,Hernandarias,500,land,,190000000,PYG,26961.08,175000000,PYG,24832.58,7047.195,50,-7.895,0,1,1,1,1,,remax,143050087-80
1754,2025-10-10,rent,deposito,Asunción,Carmelitas,Asunción,,,,,5000000,PYG,709.5,5000000,PYG,709.5,7047.195,,0,1,0,1,1,1,,remax,143094028-48
1853,2025-10-10,sale,deposito,"Fernando de la Mora, Central",,Central,Fernando de la Mora,300,built,,1600000000,PYG,227040.69,1300000000,PYG,184470.56,7047.195,615,-18.75,0,1,1,1,1,,remax,143098038-33
1965,2025-10-10,sale,terreno,Asunción,Recoleta,Asunción,,,,,295000,USD,295000,250000,USD,250000,7047.195,,-15.254,0,1,1,1,1,,remax,143094002-54
2057,2025-10-10,sale,casa,"Capiatá, Central",,Central,Capiatá,118,built,2,380000000,PYG,53922.16,350000000,PYG,49665.15,7047.195,421,-7.895,0,1,1,1,1,,remax,143080127-3
2072,2025-10-10,rent,otro,"Filadelfia, Boquerón",,Boquerón,,505,land,3,3500000,PYG,496.65,3000000,PYG,425.7,7047.195,1,-14.286,0,1,1,1,1,,remax,143016008-484
2626,2025-10-10,rent,departamento,Asunción,General Díaz,Asunción,,125,built,3,4000000,PYG,567.6,4000000,PYG,567.6,7047.195,5,0,1,0,1,1,1,,remax,143061061-106
2740,2025-10-10,rent,departamento,Asunción,Mariscal López,Asunción,,300,land,3,1830,USD,1830,12883200,PYG,1828.13,7047.195,6,-0.102,0,0,1,1,0,cross-currency,remax,143098008-171
2844,2025-10-10,sale,terreno,"Ñemby, Central",,Central,Ñemby,,,,700000000,PYG,99330.3,680000000,PYG,96492.29,7047.195,,-2.857,0,1,1,1,1,,remax,143072123-10
3028,2025-10-10,sale,casa,"Lambaré, Central",,Central,Lambaré,120,built,3,980000000,PYG,139062.42,980000000,PYG,139062.42,7047.195,1159,0,1,0,1,1,1,,remax,143094002-58
3405,2025-10-10,rent,casa,"Presidente Franco, Alto Paraná",,Alto Paraná,,263,built,4,3000000,PYG,425.7,3000000,PYG,425.7,7047.195,2,0,1,0,1,1,1,,remax,143050120-30
3413,2025-10-10,sale,departamento,"Luque, Central",,Central,Luque,140,land,1,95500,USD,95500,670600000,PYG,95158.43,7047.195,680,-0.358,0,0,1,1,0,cross-currency,remax,143063141-82
4288,2025-10-10,rent,local,Asunción,Villa Morra,Asunción,,,,,3100000,PYG,439.89,3100000,PYG,439.89,7047.195,,0,1,0,1,1,1,,remax,143098067-10
4404,2025-10-10,rent,departamento,"Fernando de la Mora, Central",,Central,Fernando de la Mora,79,land,1,3000000,PYG,425.7,3000000,PYG,425.7,7047.195,5,0,1,0,1,1,1,,remax,143025155-214
1124,2025-10-11,rent,local,"Lambaré, Central",,Central,Lambaré,27,built,,1600000,PYG,227.04,1100000,PYG,156.09,7047.195,6,-31.25,0,1,1,1,1,,remax,143092070-42
1841,2025-10-11,sale,casa,"Lambaré, Central",,Central,Lambaré,220,built,4,250000,USD,250000,1762500000,PYG,250099.51,7047.195,1137,0.04,0,0,1,1,0,cross-currency,remax,143063094-219
4319,2025-10-11,rent,casa,"Capiatá, Central",,Central,Capiatá,64,built,2,1000000,PYG,141.9,1000000,PYG,141.9,7047.195,2,0,1,0,1,1,1,,remax,143095001-36
263,2025-10-13,sale,casa,"Luque, Central",,Central,Luque,150,built,2,480000000,PYG,68189.81,410000000,PYG,58245.46,7039.175,388,-14.583,0,1,1,1,1,,remax,143098067-8
278,2025-10-13,sale,casa,Asunción,San Pablo,Asunción,,320,built,7,195000,USD,195000,13004250000,PYG,1847411.1,7039.175,5773,847.39,0,0,1,1,0,cross-currency,remax,143072073-16
398,2025-10-13,sale,terreno,"Encarnación, Itapúa",,Itapúa,Encarnación,555,land,,100000,USD,100000,705700000,PYG,100253.23,7039.175,181,0.253,0,0,1,1,0,cross-currency,remax,143011008-350
452,2025-10-13,sale,terreno,"Fernando de la Mora, Central",,Central,Fernando de la Mora,,,,700000000,PYG,99443.47,650000000,PYG,92340.37,7039.175,,-7.143,0,1,1,1,1,,remax,143036034-136
719,2025-10-13,sale,casa,"San Bernardino, Cordillera",,Cordillera,San Bernardino,185,built,3,147000,USD,147000,1020000000,PYG,144903.34,7039.175,783,-1.426,0,0,1,1,0,cross-currency,remax,143063188-126
1061,2025-10-13,sale,casa,"Luque, Central",,Central,Luque,70,built,3,299000000,PYG,42476.57,297353621,PYG,42242.68,7039.175,603,-0.551,0,1,1,1,1,,remax,143028003-162
1991,2025-10-13,sale,casa,"Itauguá, Central",,Central,Itauguá,80,built,2,190000000,PYG,26991.8,190000000,PYG,26991.8,7039.175,337,0,1,0,1,1,1,,remax,143080002-392
2446,2025-10-13,rent,departamento,"Luque, Central",,Central,Luque,73,land,2,3300000,PYG,468.8,3300000,PYG,468.8,7039.175,6,0,1,0,1,1,1,,remax,143036119-20
1397,2025-10-14,rent,departamento,"Fernando de la Mora, Central",,Central,Fernando de la Mora,200,land,2,2900000,PYG,410.94,2900000,PYG,410.94,7057.015,2,0,1,0,1,1,1,,remax,143098070-11
1604,2025-10-14,rent,local,Asunción,Virgen de la Asunción,Asunción,,20,built,,3000000,PYG,425.11,1650000,PYG,233.81,7057.015,12,-45,0,1,1,1,1,,remax,143100044-4
3714,2025-10-14,sale,casa,"Filadelfia, Boquerón",,Boquerón,,715,built,4,300000000,PYG,42510.89,300000000,PYG,42510.89,7057.015,59,0,1,0,1,1,1,,remax,143016034-14
3913,2025-10-14,sale,terreno,"Hernandarias, Alto Paraná",,Alto Paraná,Hernandarias,,,,102505,USD,102505,572427000,PYG,81114.61,7057.015,,-20.868,0,0,1,1,0,cross-currency,remax,143050154-31
7,2025-10-15,rent,otro,"Santa Rita, Alto Paraná",,Alto Paraná,,37,built,,2600000,PYG,367.71,2600000,PYG,367.71,7070.695,10,0,1,0,1,1,1,,remax,143065026-151
213,2025-10-15,sale,terreno,"San Lorenzo, Central",,Central,San Lorenzo,,,,180000000,PYG,25457.19,180000000,PYG,25457.19,7070.695,,0,1,0,1,1,1,,remax,143094021-84
368,2025-10-15,rent,casa,"San Lorenzo, Central",,Central,San Lorenzo,200,built,4,2500000,PYG,353.57,2500000,PYG,353.57,7070.695,2,0,1,0,1,1,1,,remax,143025178-33
722,2025-10-15,rent,casa,Asunción,Ycuá Satí,Asunción,,220,built,4,15000000,PYG,2121.43,16000000,PYG,2262.86,7070.695,10,6.667,0,0,1,1,1,,remax,143096015-69
1023,2025-10-15,sale,local,Asunción,Pettirossi,Asunción,,,,,270000000,PYG,38185.78,270000000,PYG,38185.78,7070.695,,0,1,0,1,1,1,,remax,143100026-21
1464,2025-10-15,sale,terreno,"Fernando de la Mora, Central",,Central,Fernando de la Mora,610,land,,160000,USD,160000,130000,USD,130000,7070.695,213,-18.75,0,1,1,1,1,,remax,143054112-42
1475,2025-10-15,rent,departamento,"Encarnación, Itapúa",,Itapúa,Encarnación,50,built,2,2000000,PYG,282.86,2000000,PYG,282.86,7070.695,6,0,1,0,1,1,1,,remax,143011091-31
1709,2025-10-15,rent,local,"Lambaré, Central",,Central,Lambaré,50,land,,3000000,PYG,424.29,2800000,PYG,396,7070.695,8,-6.668,0,1,1,1,1,,remax,143026188-60
2454,2025-10-15,sale,departamento,Asunción,Las Lomas (Carmelitas),Asunción,,1000,land,1,118000,USD,118000,837800000,PYG,118489.06,7070.695,118,0.414,0,0,1,1,0,cross-currency,remax,143056033-202
4214,2025-10-15,rent,departamento,Asunción,Mburucuyá,Asunción,,215,land,3,6000000,PYG,848.57,6000000,PYG,848.57,7070.695,4,0,1,0,1,1,1,,remax,143025155-205
4488,2025-10-15,rent,departamento,Asunción,San Roque,Asunción,,283,land,3,7075500,PYG,1000.68,7075500,PYG,1000.68,7070.695,4,0,1,0,1,1,1,,remax,143048005-255
311038,2025-10-15,rent,departamento,"Luque, Central",,Central,Luque,70,land,2,4500000,PYG,636.43,4500000,PYG,636.43,7070.695,9,0,1,0,1,1,1,,remax,143063105-67
311545,2025-10-15,rent,departamento,Asunción,Catedral,Asunción,,30,land,1,2000000,PYG,282.86,1800000,PYG,254.57,7070.695,8,-10.001,0,1,1,1,1,,remax,143063130-83
370529,2025-10-15,sale,departamento,Asunción,Recoleta,Asunción,,63,land,1,0,USD,0,640200000,USD,640200000,7070.695,10161905,,0,0,1,1,0,no ask,remax,143056032-528
1055,2025-10-16,rent,departamento,"Encarnación, Itapúa",,Itapúa,Encarnación,40,land,1,1300000,PYG,183.23,1300000,PYG,183.23,7094.735,5,0,1,0,1,1,1,,remax,143032061-125
1539,2025-10-16,sale,casa,"Hernandarias, Alto Paraná",,Alto Paraná,Hernandarias,140,built,3,145000,USD,145000,910000000,PYG,128264.13,7094.735,916,-11.542,0,0,1,1,0,cross-currency,remax,143050081-98
2717,2025-10-16,sale,casa,"San Lorenzo, Central",,Central,San Lorenzo,240,built,4,900000000,PYG,126854.63,870000000,PYG,122626.14,7094.735,511,-3.333,0,1,1,1,1,,remax,143036112-24
4071,2025-10-16,sale,casa,"San Bernardino, Cordillera",,Cordillera,San Bernardino,260,built,4,200000,USD,200000,1367730000,PYG,192780.98,7094.735,743,-3.61,0,0,1,1,0,cross-currency,remax,143063147-80
154,2025-10-17,sale,terreno,"San Bernardino, Cordillera",,Cordillera,San Bernardino,,,,38000,USD,38000,35000,USD,35000,7083.97,,-7.895,0,1,1,1,1,,remax,143036051-192
1029,2025-10-17,rent,departamento,"Encarnación, Itapúa",,Itapúa,Encarnación,52,land,1,3800000,PYG,536.42,3800000,PYG,536.42,7083.97,10,0,1,0,1,1,1,,remax,143032069-72
1197,2025-10-17,sale,casa,Asunción,Ciudad Nueva,Asunción,,150,built,3,100000,USD,100000,707076513,PYG,99813.6,7083.97,665,-0.186,0,0,1,1,0,cross-currency,remax,143063196-84
1382,2025-10-17,sale,terreno,"Ciudad del Este, Alto Paraná",,Alto Paraná,Ciudad del Este,,,,110000,USD,110000,637020000,PYG,89924.15,7083.97,,-18.251,0,0,1,1,0,cross-currency,remax,143050135-30
2479,2025-10-17,sale,casa,Asunción,Santa Librada,Asunción,,330,built,5,950000000,PYG,134105.59,770000000,PYG,108696.11,7083.97,329,-18.947,0,1,1,1,1,,remax,143014103-175
2489,2025-10-17,sale,casa,Asunción,Santa Librada,Asunción,,330,built,5,950000000,PYG,134105.59,770000000,PYG,108696.11,7083.97,329,-18.947,0,1,1,1,1,,remax,143098122-21
2513,2025-10-17,sale,departamento,Asunción,Carmelitas,Asunción,,72,land,2,888000000,PYG,125353.44,850000000,PYG,119989.22,7083.97,1667,-4.279,0,1,1,1,1,,remax,143054093-25
3273,2025-10-17,rent,departamento,Asunción,Madame Lynch,Asunción,,44250,land,1,2000000,PYG,282.33,2000000,PYG,282.33,7083.97,0,0,1,0,1,1,1,,remax,143080203-5
3436,2025-10-17,sale,casa,"Lambaré, Central",,Central,Lambaré,230,built,3,1450000000,PYG,204687.48,1270000000,PYG,179278,7083.97,779,-12.414,0,1,1,1,1,,remax,143036021-103
3655,2025-10-17,sale,departamento,"San Lorenzo, Central",,Central,San Lorenzo,160,land,2,441000000,PYG,62253.23,440000000,PYG,62112.06,7083.97,388,-0.227,0,1,1,1,1,,remax,143063070-470
4003,2025-10-17,sale,departamento,"Ciudad del Este, Alto Paraná",,Alto Paraná,Ciudad del Este,600,land,1,43000,USD,43000,304858820,PYG,43035.02,7083.97,72,0.081,0,0,1,1,0,cross-currency,remax,143050056-150
309603,2025-10-17,rent,casa,"Luque, Central",,Central,Luque,770,built,5,3500000,PYG,494.07,3500000,PYG,494.07,7083.97,1,0,1,0,1,1,1,,remax,143036150-1
1122,2025-10-18,rent,departamento,"Fernando de la Mora, Central",,Central,Fernando de la Mora,87,land,2,2200000,PYG,310.56,2200000,PYG,310.56,7083.97,4,0,1,0,1,1,1,,remax,143096015-64
2850,2025-10-18,rent,terreno,"San Lorenzo, Central",,Central,San Lorenzo,,,,3500000,PYG,494.07,3000000,PYG,423.49,7083.97,,-14.285,0,1,1,1,1,,remax,143095022-23
3582,2025-10-18,sale,duplex,"Fernando de la Mora, Central",,Central,Fernando de la Mora,185,built,3,158000,USD,158000,945000000,PYG,133399.77,7083.97,721,-15.57,0,0,1,1,0,cross-currency,remax,143036139-64
313546,2025-10-18,sale,terreno,"Ciudad del Este, Alto Paraná",,Alto Paraná,Ciudad del Este,435,land,,90000000,PYG,12704.74,80000000,PYG,11293.1,7083.97,26,-11.111,0,1,1,1,1,,remax,143099012-31
181,2025-10-20,sale,duplex,"Luque, Central",,Central,Luque,119,built,4,640000000,PYG,90630.83,635000000,PYG,89922.77,7061.615,756,-0.781,0,1,1,1,1,,remax,143068006-108
657,2025-10-20,rent,terreno,"Luque, Central",,Central,Luque,675,land,,1250,USD,1250,7060000,PYG,999.77,7061.615,1,-20.018,0,0,1,1,0,cross-currency,remax,143026204-11
835,2025-10-20,sale,terreno,"Luque, Central",,Central,Luque,,,,300000000,PYG,42483.2,300000000,PYG,42483.2,7061.615,,0,1,0,2,1,1,,remax,143061080-42
1321,2025-10-20,sale,casa,"San Lorenzo, Central",,Central,San Lorenzo,90,built,3,380000000,PYG,53812.05,350000000,PYG,49563.73,7061.615,551,-7.895,0,1,1,1,1,,remax,143094012-49
1789,2025-10-20,sale,terreno,"Encarnación, Itapúa",,Itapúa,Encarnación,424,land,,400000000,PYG,56644.27,400000000,PYG,56644.27,7061.615,134,0,1,0,1,1,1,,remax,143011007-2079
2045,2025-10-20,rent,deposito,Asunción,Santísima Trinidad,Asunción,,650,built,,3300,USD,3300,23331000,PYG,3303.92,7061.615,5,0.119,0,0,1,1,0,cross-currency,remax,143025204-26
2143,2025-10-20,sale,casa,"San Lorenzo, Central",,Central,San Lorenzo,77,built,3,491000000,PYG,69530.84,491000000,PYG,69530.84,7061.615,903,0,1,0,1,1,1,,remax,143091036-49
2462,2025-10-20,rent,departamento,"Encarnación, Itapúa",,Itapúa,Encarnación,,,1,1200000,PYG,169.93,1200000,PYG,169.93,7061.615,,0,1,0,1,1,1,,remax,143011007-2109
3608,2025-10-20,sale,terreno,"Luque, Central",,Central,Luque,,,,350000000,PYG,49563.73,300000000,PYG,42483.2,7061.615,,-14.286,0,1,1,1,1,,remax,143061080-43
4250,2025-10-20,rent,casa,Asunción,Santa María,Asunción,,170,built,3,6000000,PYG,849.66,6000000,PYG,849.66,7061.615,5,0,1,0,1,1,1,,remax,143098055-3
4512,2025-10-20,sale,terreno,"Luque, Central",,Central,Luque,,,,300000000,PYG,42483.2,300000000,PYG,42483.2,7061.615,,0,1,0,2,0,0,second record of one deal,remax,143061080-51
35485,2025-10-20,rent,departamento,"Villa Elisa, Central",,Central,Villa Elisa,70,land,2,2000000,PYG,283.22,1800000,PYG,254.9,7061.615,4,-9.999,0,1,1,1,1,,remax,143063062-45
46,2025-10-21,sale,duplex,"Luque, Central",,Central,Luque,170,built,3,95000,USD,95000,630000000,PYG,88927.09,7084.455,523,-6.393,0,0,1,1,0,cross-currency,remax,143036040-145
178,2025-10-21,rent,oficina,Asunción,Carmelitas,Asunción,,,,,3000000,PYG,423.46,3000000,PYG,423.46,7084.455,,0,1,0,1,1,1,,remax,143025149-234
262,2025-10-21,sale,terreno,"San Bernardino, Cordillera",,Cordillera,San Bernardino,,,,40000,USD,40000,283676000,PYG,40042.04,7084.455,,0.105,0,0,1,1,0,cross-currency,remax,143054111-74
371,2025-10-21,sale,terreno,Asunción,Las Mercedes,Asunción,,,,,600000000,PYG,84692.47,570000000,PYG,80457.85,7084.455,,-5,0,1,1,1,1,,remax,143072117-29
470,2025-10-21,rent,departamento,Asunción,Ciudad Nueva,Asunción,,450,land,2,4300000,PYG,606.96,4300000,PYG,606.96,7084.455,1,0,1,0,1,1,1,,remax,143080203-15
615,2025-10-21,sale,casa,"Santa Rita, Alto Paraná",,Alto Paraná,,120,built,2,60000,USD,60000,383180000,PYG,54087.44,7084.455,451,-9.854,0,0,1,1,0,cross-currency,remax,143065029-32
1667,2025-10-21,sale,terreno,"Capiatá, Central",,Central,Capiatá,,,,140000000,PYG,19761.58,140000000,PYG,19761.58,7084.455,,0,1,0,1,1,1,,remax,143036045-180
2126,2025-10-21,sale,terreno,"Luque, Central",,Central,Luque,,,,1151551818,PYG,162546.28,1151551818,PYG,162546.28,7084.455,,0,1,0,1,1,1,,remax,143063084-96
2244,2025-10-21,sale,terreno,"San Bernardino, Cordillera",,Cordillera,San Bernardino,1410,land,,230000000,PYG,32465.45,230000000,PYG,32465.45,7084.455,23,0,1,0,1,1,1,,remax,143098067-13
2262,2025-10-21,sale,terreno,Asunción,Obrero,Asunción,,300,land,,360000000,PYG,50815.48,360000000,PYG,50815.48,7084.455,169,0,1,0,1,1,1,,remax,143036045-162
2406,2025-10-21,sale,otro,"Hernandarias, Alto Paraná",,Alto Paraná,Hernandarias,2354,land,,50000,USD,50000,354550000,PYG,50046.19,7084.455,21,0.092,0,0,1,1,0,cross-currency,remax,143050081-120
2809,2025-10-21,sale,casa,"Luque, Central",,Central,Luque,78,built,3,335000000,PYG,47286.63,335000000,PYG,47286.63,7084.455,606,0,1,0,1,1,1,,remax,143028003-172
3334,2025-10-21,sale,terreno,Asunción,Mburucuyá,Asunción,,,,,380000,USD,380000,2571500000,PYG,362977.82,7084.455,,-4.48,0,0,1,1,0,cross-currency,remax,143098027-92
3541,2025-10-21,rent,casa,"San Juan del Paraná, Itapúa",,Itapúa,San Juan del Paraná,47,built,2,1350000,PYG,190.56,1350000,PYG,190.56,7084.455,4,0,1,0,1,1,1,,remax,143085033-108
4035,2025-10-21,rent,deposito,"Ciudad del Este, Alto Paraná",,Alto Paraná,Ciudad del Este,,,,4700,USD,4700,29800000,PYG,4206.39,7084.455,,-10.502,0,0,1,1,0,cross-currency,remax,143099002-32
4264,2025-10-21,sale,casa,"Lambaré, Central",,Central,Lambaré,298,built,4,165000,USD,165000,1150000000,PYG,162327.24,7084.455,545,-1.62,0,0,1,1,0,cross-currency,remax,143063159-17
4352,2025-10-21,sale,terreno,"Fernando de la Mora, Central",,Central,Fernando de la Mora,364,land,,74000,USD,74000,523180000,PYG,73849.01,7084.455,203,-0.204,0,0,1,1,0,cross-currency,remax,143098009-661
4425,2025-10-21,sale,local,Asunción,Herrera,Asunción,,550,built,,320000,USD,320000,1610000000,PYG,227258.13,7084.455,413,-28.982,0,0,1,1,0,cross-currency,remax,143098027-86
309,2025-10-22,sale,otro,"San Lorenzo, Central",,Central,San Lorenzo,100,built,2,500000000,PYG,70423.58,480000000,PYG,67606.63,7099.895,676,-4,0,1,1,1,1,,remax,143009135-43
567,2025-10-22,sale,duplex,"Encarnación, Itapúa",,Itapúa,Encarnación,135,built,3,85000,USD,85000,590750000,PYG,83205.46,7099.895,616,-2.111,0,0,2,1,0,cross-currency,remax,143085019-488
700,2025-10-22,sale,casa,"San Lorenzo, Central",,Central,San Lorenzo,70,built,2,250000000,PYG,35211.79,238000000,PYG,33521.62,7099.895,479,-4.8,0,1,1,1,1,,remax,143096038-1
718,2025-10-22,sale,terreno,"Villa Hayes, Presidente Hayes",,Presidente Hayes,Villa Hayes,180,land,,68700,USD,68700,412200000,PYG,58057.2,7099.895,323,-15.492,0,0,2,1,0,cross-currency,remax,143056031-669
1017,2025-10-22,sale,duplex,"Encarnación, Itapúa",,Itapúa,Encarnación,135,built,3,85000,USD,85000,590750000,PYG,83205.46,7099.895,616,-2.111,0,0,2,0,0,cross-currency,remax,143085019-499
1223,2025-10-22,sale,terreno,Asunción,Tacumbú,Asunción,,,,,500000000,PYG,70423.58,500000000,PYG,70423.58,7099.895,,0,1,0,1,1,1,,remax,143080002-334
1711,2025-10-22,rent,casa,Asunción,Ycuá Satí,Asunción,,150,built,3,5500000,PYG,774.66,5500000,PYG,774.66,7099.895,5,0,1,0,1,1,1,,remax,143068079-121
1802,2025-10-22,rent,departamento,Asunción,Obrero,Asunción,,40,built,1,1200000,PYG,169.02,1200000,PYG,169.02,7099.895,4,0,1,0,1,1,1,,remax,143063148-149
2087,2025-10-22,sale,departamento,"Ciudad del Este, Alto Paraná",,Alto Paraná,Ciudad del Este,23,land,1,34109,USD,34109,241150630,PYG,33965.38,7099.895,1477,-0.421,0,0,1,1,0,cross-currency,remax,143050056-152
2237,2025-10-22,sale,oficina,Asunción,Mariscal López,Asunción,,,,,141904,USD,141904,993328000,PYG,139907.42,7099.895,,-1.407,0,0,1,1,0,cross-currency,remax,143056031-663
2340,2025-10-22,rent,otro,Asunción,Mariscal Estigarribia,Asunción,,,,5,1800,USD,1800,12771936,PYG,1798.89,7099.895,,-0.062,0,0,1,1,0,cross-currency,remax,143096051-5
2371,2025-10-22,sale,departamento,Asunción,Ycuá Satí,Asunción,,56,land,1,69950,USD,69950,475660000,PYG,66995.36,7099.895,1195,-4.224,0,0,1,1,0,cross-currency,remax,143056031-668
2528,2025-10-22,rent,local,Asunción,Villa Morra,Asunción,,,,,2800000,PYG,394.37,2750000,PYG,387.33,7099.895,,-1.785,0,1,1,1,1,,remax,143098067-9
2870,2025-10-22,sale,casa,"Lambaré, Central",,Central,Lambaré,84,built,4,570000000,PYG,80282.88,530000000,PYG,74648.99,7099.895,889,-7.018,0,1,1,1,1,,remax,143071088-3
2902,2025-10-22,sale,terreno,"Hernandarias, Alto Paraná",,Alto Paraná,Hernandarias,600,land,,169000,USD,169000,630000000,PYG,88733.71,7099.895,148,-47.495,0,0,1,1,0,cross-currency,remax,143050154-36
3564,2025-10-22,sale,terreno,"Villa Hayes, Presidente Hayes",,Presidente Hayes,Villa Hayes,180,land,,68700,USD,68700,412200000,PYG,58057.2,7099.895,323,-15.492,0,0,2,0,0,cross-currency,remax,143056031-670
3646,2025-10-22,rent,casa,"Ciudad del Este, Alto Paraná",,Alto Paraná,Ciudad del Este,85,built,2,3500000,PYG,492.97,3500000,PYG,492.97,7099.895,6,0,1,0,1,1,1,,remax,143050002-229
3965,2025-10-22,rent,departamento,"Encarnación, Itapúa",,Itapúa,Encarnación,60,built,2,3600000,PYG,507.05,3600000,PYG,507.05,7099.895,8,0,1,0,1,1,1,,remax,143032072-40
313713,2025-10-22,rent,departamento,Asunción,Villa Morra,Asunción,,49,land,1,580,USD,580,4000000,PYG,563.39,7099.895,11,-2.864,0,0,1,1,0,cross-currency,remax,143056047-73
108,2025-10-23,sale,terreno,Asunción,Mburicaó,Asunción,,83,built,,145000,USD,145000,145000,USD,145000,7075.795,1757,0,1,0,1,1,1,,remax,143001004-15
292,2025-10-23,sale,casa,"Luque, Central",,Central,Luque,70,built,3,299000000,PYG,42256.74,299000000,PYG,42256.74,7075.795,604,0,1,0,1,1,1,,remax,143028003-189
756,2025-10-23,sale,casa,"Luque, Central",,Central,Luque,322,built,3,1500000000,PYG,211990.31,1400000000,PYG,197857.63,7075.795,614,-6.667,0,1,1,1,1,,remax,143036021-125
825,2025-10-23,rent,otro,"San Lorenzo, Central",,Central,San Lorenzo,456,land,,2000000,PYG,282.65,2000000,PYG,282.65,7075.795,1,0,1,0,1,1,1,,remax,143009150-21
864,2025-10-23,sale,duplex,"Luque, Central",,Central,Luque,170,built,3,95000,USD,95000,630000000,PYG,89035.93,7075.795,524,-6.278,0,0,1,1,0,cross-currency,remax,143036040-174
962,2025-10-23,sale,terreno,"Itauguá, Central",,Central,Itauguá,,,,74500,USD,74500,495670000,PYG,70051.49,7075.795,,-5.971,0,0,1,1,0,cross-currency,remax,143019010-218
1250,2025-10-23,rent,local,Asunción,Recoleta,Asunción,,,,,5000000,PYG,706.63,5000000,PYG,706.63,7075.795,,0,1,0,1,1,1,,remax,143096014-32
1374,2025-10-23,rent,departamento,"Luque, Central",,Central,Luque,52,land,2,2900000,PYG,409.85,2900000,PYG,409.85,7075.795,8,0,1,0,1,1,1,,remax,143098061-31
2021,2025-10-23,sale,terreno,"Encarnación, Itapúa",,Itapúa,Encarnación,569,land,,250000000,PYG,35331.72,10000000,PYG,1413.27,7075.795,2,-96,0,1,1,1,0,outside 0.4 to 1.6 of the ask,remax,143011003-457
2059,2025-10-23,sale,departamento,Asunción,Mburucuyá,Asunción,,20,land,1,9000,USD,9000,63477000,PYG,8971.01,7075.795,449,-0.322,0,0,1,1,0,cross-currency,remax,143063187-54
2363,2025-10-23,rent,local,"San Lorenzo, Central",,Central,San Lorenzo,376,built,,15000000,PYG,2119.9,11000000,PYG,1554.6,7075.795,4,-26.666,0,1,1,1,1,,remax,143098025-30
2960,2025-10-23,rent,casa,"Luque, Central",,Central,Luque,90,built,2,2200000,PYG,310.92,2000000,PYG,282.65,7075.795,3,-9.092,0,1,1,1,1,,remax,143084044-17
3158,2025-10-23,rent,departamento,"Luque, Central",,Central,Luque,42,built,2,2900000,PYG,409.85,2700000,PYG,381.58,7075.795,9,-6.898,0,1,1,1,1,,remax,143098061-32
4467,2025-10-23,rent,casa,"Mariano Roque Alonso, Central",,Central,Mariano Roque Alonso,80,built,3,3000000,PYG,423.98,2500000,PYG,353.32,7075.795,4,-16.666,0,1,1,1,1,,remax,143025145-310
4480,2025-10-23,sale,departamento,"Ciudad del Este, Alto Paraná",,Alto Paraná,Ciudad del Este,80,land,2,55000,USD,55000,318150000,PYG,44963.15,7075.795,562,-18.249,0,0,1,1,0,cross-currency,remax,143050055-124
309545,2025-10-23,rent,local,"Ypané, Central",,Central,Ypané,400,land,,1800000,PYG,254.39,1800000,PYG,254.39,7075.795,1,0,1,0,1,1,1,,remax,143084041-34
649,2025-10-24,rent,departamento,"Fernando de la Mora, Central",,Central,Fernando de la Mora,44,built,1,1200000,PYG,169.49,1700000,PYG,240.11,7079.95,5,41.666,0,0,1,1,1,,remax,143100042-12
716,2025-10-24,rent,casa,Asunción,Mburicaó,Asunción,,219,built,4,6600000,PYG,932.21,6600000,PYG,932.21,7079.95,4,0,1,0,1,1,1,,remax,143072123-15
942,2025-10-24,rent,duplex,"Lambaré, Central",,Central,Lambaré,184,built,3,6500000,PYG,918.09,6500000,PYG,918.09,7079.95,5,0,1,0,1,1,1,,remax,143098055-2
965,2025-10-24,sale,departamento,"Encarnación, Itapúa",,Itapúa,Encarnación,55,land,1,70000,USD,70000,495600000,PYG,70000.49,7079.95,1273,0.001,0,0,1,1,0,cross-currency,remax,143011007-2064
1856,2025-10-24,sale,terreno,"Lambaré, Central",,Central,Lambaré,,,1,550000000,PYG,77684.16,500000000,PYG,70621.97,7079.95,,-9.091,0,1,1,1,1,,remax,143063146-141
2151,2025-10-24,sale,casa,"Mariano Roque Alonso, Central",,Central,Mariano Roque Alonso,90,built,4,390000000,PYG,55085.13,375000000,PYG,52966.48,7079.95,589,-3.846,0,1,1,1,1,,remax,143037112-51
2447,2025-10-24,rent,terreno,"Encarnación, Itapúa",,Itapúa,Encarnación,866,land,,1500000,PYG,211.87,1500000,PYG,211.87,7079.95,0,0,1,0,1,1,1,,remax,143011007-1876
3967,2025-10-24,sale,edificio,Asunción,San Roque,Asunción,,1000,built,,120000,USD,120000,120000,USD,120000,7079.95,120,0,1,0,1,1,1,,remax,143036051-207
4237,2025-10-24,sale,duplex,"Luque, Central",,Central,Luque,180,land,3,875000000,PYG,123588.44,850000000,PYG,120057.35,7079.95,667,-2.857,0,1,1,1,1,,remax,143063070-156
4259,2025-10-24,rent,departamento,"Encarnación, Itapúa",,Itapúa,Encarnación,,,3,3000000,PYG,423.73,3000000,PYG,423.73,7079.95,,0,1,0,1,1,1,,remax,143011007-2119
4507,2025-10-24,sale,terreno,"Ciudad del Este, Alto Paraná",,Alto Paraná,Ciudad del Este,,,,361350000,PYG,51038.5,361350000,PYG,51038.5,7079.95,,0,1,0,1,1,1,,remax,143050035-113
312172,2025-10-24,sale,duplex,"Luque, Central",,Central,Luque,180,land,3,875000000,PYG,123588.44,850000000,PYG,120057.35,7079.95,667,-2.857,0,1,1,1,1,,remax,143063193-120
157,2025-10-25,rent,duplex,Asunción,San Vicente,Asunción,,149,built,3,4900000,PYG,692.1,4750000,PYG,670.91,7079.95,4,-3.062,0,1,1,1,1,,remax,143028037-111
636,2025-10-25,sale,departamento,"Encarnación, Itapúa",,Itapúa,Encarnación,67,land,2,118000,USD,118000,835440000,PYG,118000.83,7079.95,1748,0.001,0,0,1,1,0,cross-currency,remax,143011003-450
892,2025-10-25,sale,terreno,"San Juan del Paraná, Itapúa",,Itapúa,San Juan del Paraná,,,,120000,USD,120000,849600000,PYG,120000.85,7079.95,,0.001,0,0,1,1,0,cross-currency,remax,143011030-232
1937,2025-10-25,rent,departamento,Asunción,Barrio Jara,Asunción,,360,land,2,2100000,PYG,296.61,2100000,PYG,296.61,7079.95,1,0,1,0,1,1,1,,remax,143080203-16
3937,2025-10-25,sale,terreno,"San Lorenzo, Central",,Central,San Lorenzo,,,,360000000,PYG,50847.82,350000000,PYG,49435.38,7079.95,,-2.778,0,1,1,1,1,,remax,143036152-1
4233,2025-10-25,rent,departamento,Asunción,Villa Morra,Asunción,,127,land,2,9000000,PYG,1271.2,9000000,PYG,1271.2,7079.95,10,0,1,0,1,1,1,,remax,143080055-119
2794,2025-10-26,rent,departamento,Asunción,Herrera,Asunción,,76,land,2,4500000,PYG,635.6,4500000,PYG,635.6,7079.95,8,0,1,0,1,1,1,,remax,143056036-152
316,2025-10-27,rent,departamento,"Fernando de la Mora, Central",,Central,Fernando de la Mora,75,land,2,3000000,PYG,422.88,3000000,PYG,422.88,7094.17,6,0,1,0,1,1,1,,remax,114006001-217
893,2025-10-27,sale,terreno,"Filadelfia, Boquerón",,Boquerón,,,,,278016800,PYG,39189.48,278016800,PYG,39189.48,7094.17,,0,1,0,1,1,1,,remax,143102001-55
1075,2025-10-27,rent,departamento,Asunción,Mburucuyá,Asunción,,38,built,1,550,USD,550,3550000,PYG,500.41,7094.17,13,-9.016,0,0,1,1,0,cross-currency,remax,143098054-45
1328,2025-10-27,sale,duplex,"Fernando de la Mora, Central",,Central,Fernando de la Mora,190,built,2,660000000,PYG,93034.14,650000000,PYG,91624.53,7094.17,482,-1.515,0,1,1,1,1,,remax,143036051-186
1839,2025-10-27,rent,oficina,Asunción,Bernardino Caballero,Asunción,,51,built,,3100000,PYG,436.98,3000000,PYG,422.88,7094.17,8,-3.227,0,1,1,1,1,,remax,143063203-2
2882,2025-10-27,sale,terreno,"Encarnación, Itapúa",,Itapúa,Encarnación,,,,190000000,PYG,26782.56,190000000,PYG,26782.56,7094.17,,0,1,0,1,1,1,,remax,143011100-11
3464,2025-10-27,rent,otro,"San Lorenzo, Central",,Central,San Lorenzo,100,built,,2800000,PYG,394.69,2600000,PYG,366.5,7094.17,4,-7.142,0,1,1,1,1,,remax,143009127-67
3540,2025-10-27,rent,departamento,Asunción,Herrera,Asunción,,50,land,2,2800000,PYG,394.69,2800000,PYG,394.69,7094.17,8,0,1,0,1,1,1,,remax,143061068-39
3590,2025-10-27,sale,terreno,"Filadelfia, Boquerón",,Boquerón,,,,,301284200,PYG,42469.27,301284200,PYG,42469.27,7094.17,,0,1,0,1,1,1,,remax,143102001-50
33131,2025-10-27,sale,terreno,Asunción,Mburucuyá,Asunción,,375,land,,200000,USD,200000,1229760000,PYG,173347.97,7094.17,462,-13.326,0,0,1,1,0,cross-currency,remax,143063185-22
313082,2025-10-27,rent,local,Asunción,San Roque,Asunción,,,,,6100000,PYG,859.86,6100000,PYG,859.86,7094.17,,0,1,0,1,1,1,,remax,143084037-58
95,2025-10-28,sale,departamento,Asunción,Carmelitas,Asunción,,81,land,2,150900,USD,150900,1066926000,PYG,150208.43,7102.97,1854,-0.458,0,0,1,1,0,cross-currency,remax,143036045-212
355,2025-10-28,sale,departamento,Asunción,Carmelitas,Asunción,,81,land,2,146500,USD,146500,1023700000,PYG,144122.81,7102.97,1779,-1.623,0,0,1,1,0,cross-currency,remax,143036045-209
416,2025-10-28,sale,casa,"Villa Elisa, Central",,Central,Villa Elisa,163,built,4,490000000,PYG,68985.23,450000000,PYG,63353.78,7102.97,389,-8.163,0,1,1,1,1,,remax,143098128-250
570,2025-10-28,rent,departamento,"Encarnación, Itapúa",,Itapúa,Encarnación,60,land,2,2200000,PYG,309.73,2200000,PYG,309.73,7102.97,5,0,1,0,1,1,1,,remax,143032035-286
587,2025-10-28,sale,terreno,"Luque, Central",,Central,Luque,,,,300000000,PYG,42235.85,300000000,PYG,42235.85,7102.97,,0,1,0,3,1,1,,remax,143061080-47
667,2025-10-28,sale,terreno,"Luque, Central",,Central,Luque,,,,320000000,PYG,45051.58,350000000,PYG,49275.16,7102.97,,9.375,0,0,1,1,1,,remax,143061080-34
784,2025-10-28,sale,casa,"Villa Elisa, Central",,Central,Villa Elisa,163,built,4,490000000,PYG,68985.23,450000000,PYG,63353.78,7102.97,389,-8.163,0,1,1,1,1,,remax,143014125-250
795,2025-10-28,sale,terreno,"Fernando de la Mora, Central",,Central,Fernando de la Mora,360,land,,80000,USD,80000,557900000,PYG,78544.61,7102.97,218,-1.819,0,0,1,1,0,cross-currency,remax,143071054-440
1003,2025-10-28,sale,departamento,"Luque, Central",,Central,Luque,36,land,1,236608,USD,236608,1557827072,PYG,219320.52,7102.97,6092,-7.306,0,0,1,1,0,cross-currency,remax,143063141-109
1030,2025-10-28,rent,casa,"Lambaré, Central",,Central,Lambaré,180,built,4,4000000,PYG,563.14,4100000,PYG,577.22,7102.97,3,2.5,0,0,1,1,1,,remax,143063094-248
1079,2025-10-28,rent,duplex,"Lambaré, Central",,Central,Lambaré,160,built,3,3300000,PYG,464.59,3000000,PYG,422.36,7102.97,3,-9.09,0,1,1,1,1,,remax,143063094-249
1162,2025-10-28,rent,deposito,"San Ignacio, Misiones",,Misiones,,240,built,,5000000,PYG,703.93,5000000,PYG,703.93,7102.97,3,0,1,0,1,1,1,,remax,143085037-13
2019,2025-10-28,rent,deposito,"Ñemby, Central",,Central,Ñemby,480,built,,12000000,PYG,1689.43,12000000,PYG,1689.43,7102.97,4,0,1,0,1,1,1,,remax,143026092-60
2255,2025-10-28,sale,terreno,"Luque, Central",,Central,Luque,,,,300000000,PYG,42235.85,300000000,PYG,42235.85,7102.97,,0,1,0,3,0,0,second record of one deal,remax,143061080-49
2411,2025-10-28,sale,departamento,"Fernando de la Mora, Central",,Central,Fernando de la Mora,30,land,1,82195,USD,82195,581940600,PYG,81929.19,7102.97,2713,-0.323,0,0,1,1,0,cross-currency,remax,143098020-70
2500,2025-10-28,sale,terreno,"Luque, Central",,Central,Luque,,,,300000000,PYG,42235.85,300000000,PYG,42235.85,7102.97,,0,1,0,3,0,0,second record of one deal,remax,143061080-48
2912,2025-10-28,sale,casa,"Ciudad del Este, Alto Paraná",,Alto Paraná,Ciudad del Este,132,built,3,650000000,PYG,91511.02,600000000,PYG,84471.71,7102.97,640,-7.692,0,1,1,1,1,,remax,143050128-41
3610,2025-10-28,rent,local,Asunción,Bernardino Caballero,Asunción,,63,built,,5650000,PYG,795.44,5650000,PYG,795.44,7102.97,13,0,1,0,1,1,1,,remax,143084044-13
3853,2025-10-28,sale,casa,"Lambaré, Central",,Central,Lambaré,82,built,2,460000000,PYG,64761.64,455000000,PYG,64057.71,7102.97,781,-1.087,0,1,1,1,1,,remax,143100042-1
3859,2025-10-28,rent,local,Asunción,Pettirossi,Asunción,,40,built,,1800000,PYG,253.42,1800000,PYG,253.42,7102.97,6,0,1,0,1,1,1,,remax,143098010-74
3992,2025-10-28,rent,local,Asunción,Bernardino Caballero,Asunción,,263,built,,12550000,PYG,1766.87,12550000,PYG,1766.87,7102.97,7,0,1,0,1,1,1,,remax,143084044-14
4030,2025-10-28,sale,casa,"Ñemby, Central",,Central,Ñemby,110,built,3,400000000,PYG,56314.47,395000000,PYG,55610.54,7102.97,506,-1.25,0,1,1,1,1,,remax,143071054-364
4385,2025-10-28,sale,terreno,"Ciudad del Este, Alto Paraná",,Alto Paraná,Ciudad del Este,,,,115000,USD,115000,711100000,PYG,100113.05,7102.97,,-12.945,0,0,1,1,0,cross-currency,remax,143050006-120
11,2025-10-29,sale,departamento,"Ciudad del Este, Alto Paraná",,Alto Paraná,Ciudad del Este,61,land,2,106000,USD,106000,749526000,PYG,105837.08,7081.885,1735,-0.154,0,0,1,1,0,cross-currency,remax,143050056-154
432,2025-10-29,sale,terreno,"Luque, Central",,Central,Luque,,,,300000000,PYG,42361.6,300000000,PYG,42361.6,7081.885,,0,1,0,3,1,1,,remax,143061080-39
501,2025-10-29,sale,terreno,"Hernandarias, Alto Paraná",,Alto Paraná,Hernandarias,1033,land,,26500,USD,26500,177275000,PYG,25032.18,7081.885,24,-5.539,0,0,1,1,0,cross-currency,remax,143050060-304
529,2025-10-29,sale,terreno,"Luque, Central",,Central,Luque,,,,300000000,PYG,42361.6,300000000,PYG,42361.6,7081.885,,0,1,0,3,0,0,second record of one deal,remax,143061080-38
629,2025-10-29,rent,otro,Asunción,Sajonia,Asunción,,,,2,2000000,PYG,282.41,2000000,PYG,282.41,7081.885,,0,1,0,1,1,1,,remax,143061068-42
671,2025-10-29,rent,oficina,Asunción,Barrio Jara,Asunción,,,,,900,USD,900,5718600,PYG,807.5,7081.885,,-10.278,0,0,1,1,0,cross-currency,remax,143098009-672
1577,2025-10-29,rent,oficina,"Ciudad del Este, Alto Paraná",,Alto Paraná,Ciudad del Este,14,built,,2500000,PYG,353.01,2500000,PYG,353.01,7081.885,25,0,1,0,1,1,1,,remax,143050002-215
2175,2025-10-29,sale,duplex,Asunción,Mburucuyá,Asunción,,145,built,3,235000,USD,235000,1540000000,PYG,217456.23,7081.885,1500,-7.465,0,0,1,1,0,cross-currency,remax,143063172-22
2762,2025-10-29,sale,terreno,"Luque, Central",,Central,Luque,,,,300000000,PYG,42361.6,300000000,PYG,42361.6,7081.885,,0,1,0,3,0,0,second record of one deal,remax,143061080-50
2792,2025-10-29,rent,departamento,Asunción,Los Laureles,Asunción,,55,land,,3500000,PYG,494.22,3325000,PYG,469.51,7081.885,9,-5,0,1,1,1,1,,remax,143097001-79
3086,2025-10-29,sale,terreno,"Luque, Central",,Central,Luque,,,,320000000,PYG,45185.71,300000000,PYG,42361.6,7081.885,,-6.25,0,1,2,1,1,,remax,143061080-36
3179,2025-10-29,rent,casa,"Loma Plata, Boquerón",,Boquerón,,201,built,4,3400000,PYG,480.1,3400000,PYG,480.1,7081.885,2,0,1,0,1,1,1,,remax,143078001-165
3183,2025-10-29,rent,departamento,Asunción,Las Mercedes,Asunción,,37,land,1,4300000,PYG,607.18,4300000,PYG,607.18,7081.885,16,0,1,0,1,1,1,,remax,143037037-462
3454,2025-10-29,sale,terreno,"Luque, Central",,Central,Luque,,,,320000000,PYG,45185.71,300000000,PYG,42361.6,7081.885,,-6.25,0,1,2,0,0,second record of one deal,remax,143061080-35
3531,2025-10-29,rent,oficina,Asunción,Barrio Jara,Asunción,,,,,900,USD,900,6000000,PYG,847.23,7081.885,,-5.863,0,0,1,1,0,cross-currency,remax,143098009-658
3719,2025-10-29,sale,departamento,"Fernando de la Mora, Central",,Central,Fernando de la Mora,71,built,2,66000,USD,66000,468600000,PYG,66168.82,7081.885,932,0.256,0,0,1,1,0,cross-currency,remax,143028065-43
3737,2025-10-29,sale,departamento,Asunción,Las Lomas (Carmelitas),Asunción,,104,land,2,173550,USD,173550,173550,USD,173550,7081.885,1669,0,1,0,1,1,1,,remax,143056006-109
3951,2025-10-29,rent,departamento,Asunción,Mburucuyá,Asunción,,360,land,1,3000000,PYG,423.62,3000000,PYG,423.62,7081.885,1,0,1,0,1,1,1,,remax,143098058-40
4215,2025-10-29,rent,casa,"Lambaré, Central",,Central,Lambaré,218,built,2,5000000,PYG,706.03,5000000,PYG,706.03,7081.885,3,0,1,0,1,1,1,,remax,143071070-68
4360,2025-10-29,sale,terreno,Asunción,Mburucuyá,Asunción,,480,land,,220000,USD,220000,1539900000,PYG,217442.11,7081.885,453,-1.163,0,0,1,1,0,cross-currency,remax,143098023-22
218123,2025-10-29,rent,departamento,Asunción,San Pablo,Asunción,,49,land,1,2900000,PYG,409.5,2900000,PYG,409.5,7081.885,8,0,1,0,1,1,1,,remax,143063116-85
243,2025-10-30,sale,departamento,"Fernando de la Mora, Central",,Central,Fernando de la Mora,56,land,1,104750.91,USD,104750.91,501200000,PYG,70845.75,7074.525,1265,-32.367,0,0,1,1,0,cross-currency,remax,143025145-298
437,2025-10-30,sale,casa,"Luque, Central",,Central,Luque,87,built,3,350000000,PYG,49473.29,350000000,PYG,49473.29,7074.525,569,0,1,0,1,1,1,,remax,143071054-515
1085,2025-10-30,sale,casa,"Luque, Central",,Central,Luque,65,built,2,325000000,PYG,45939.48,295000000,PYG,41698.91,7074.525,642,-9.231,0,1,1,1,1,,remax,143098070-1
2007,2025-10-30,sale,duplex,Asunción,Villa Aurelia,Asunción,,160,built,4,125000,USD,125000,930000000,PYG,131457.59,7074.525,822,5.166,0,0,1,1,0,cross-currency,remax,143025156-163
2225,2025-10-30,rent,local,"Luque, Central",,Central,Luque,,,,10000000,PYG,1413.52,10000000,PYG,1413.52,7074.525,,0,1,0,1,1,1,,remax,143019036-35
2491,2025-10-30,rent,departamento,"Mariano Roque Alonso, Central",,Central,Mariano Roque Alonso,360,land,1,2500000,PYG,353.38,2500000,PYG,353.38,7074.525,1,0,1,0,1,1,1,,remax,143025149-216
3016,2025-10-30,rent,casa,"Lambaré, Central",,Central,Lambaré,80,built,2,4500000,PYG,636.09,4000000,PYG,565.41,7074.525,7,-11.112,0,1,1,1,1,,remax,143100040-6
3546,2025-10-30,sale,casa,"Mariano Roque Alonso, Central",,Central,Mariano Roque Alonso,452,built,5,155000,USD,155000,1100000000,PYG,155487.47,7074.525,344,0.314,0,0,1,1,0,cross-currency,remax,143098061-21
4136,2025-10-30,rent,departamento,Asunción,Herrera,Asunción,,114,built,3,900,USD,900,7000000,PYG,989.47,7074.525,9,9.941,0,0,1,1,0,cross-currency,remax,143071054-522
4164,2025-10-30,sale,terreno,"Santa Rita, Alto Paraná",,Alto Paraná,,,,,30000,USD,30000,305500000,PYG,43183.11,7074.525,,43.944,0,0,1,1,0,cross-currency,remax,143065021-153
4265,2025-10-30,rent,casa,"Santa Rita, Alto Paraná",,Alto Paraná,,384,built,2,1800000,PYG,254.43,1800000,PYG,254.43,7074.525,1,0,1,0,1,1,1,,remax,143065032-20
4485,2025-10-30,sale,terreno,"Luque, Central",,Central,Luque,,,,50000,USD,50000,330000000,PYG,46646.24,7074.525,,-6.708,0,0,1,1,0,cross-currency,remax,143025156-181
79,2025-10-31,sale,terreno,"Ciudad del Este, Alto Paraná",,Alto Paraná,Ciudad del Este,,,,52660,USD,52660,371779600,PYG,52386.9,7096.805,,-0.519,0,0,1,1,0,cross-currency,remax,143099023-24
144,2025-10-31,rent,departamento,Asunción,Catedral,Asunción,,360,land,3,2500000,PYG,352.27,2500000,PYG,352.27,7096.805,1,0,1,0,1,1,1,,remax,143080203-10
168,2025-10-31,rent,casa,"Lambaré, Central",,Central,Lambaré,480,built,4,5500000,PYG,775,5500000,PYG,775,7096.805,2,0,1,0,1,1,1,,remax,143068079-117
471,2025-10-31,sale,departamento,"Luque, Central",,Central,Luque,38,land,1,47360,USD,47360,331520000,PYG,46713.98,7096.805,1229,-1.364,0,0,1,1,0,cross-currency,remax,143025145-318
889,2025-10-31,rent,oficina,Asunción,Pettirossi,Asunción,,69,built,,3300000,PYG,465,3300000,PYG,465,7096.805,7,0,1,0,1,1,1,,remax,143098126-438
949,2025-10-31,sale,casa,"Villa Elisa, Central",,Central,Villa Elisa,280,built,4,850000000,PYG,119772.21,850000000,PYG,119772.21,7096.805,428,0,1,0,1,1,1,,remax,143096011-1
1282,2025-10-31,sale,terreno,"San Lorenzo, Central",,Central,San Lorenzo,,,,170000000,PYG,23954.44,170000000,PYG,23954.44,7096.805,,0,1,0,1,1,1,,remax,143036112-8
1322,2025-10-31,sale,casa,"Encarnación, Itapúa",,Itapúa,Encarnación,100,built,1,260000000,PYG,36636.2,240000000,PYG,33818.04,7096.805,338,-7.692,0,1,1,1,1,,remax,143085019-439
1518,2025-10-31,sale,casa,"Presidente Franco, Alto Paraná",,Alto Paraná,,72,built,2,394700000,PYG,55616.58,394700000,PYG,55616.58,7096.805,772,0,1,0,1,1,1,,remax,143050033-189
1661,2025-10-31,sale,terreno,"Luque, Central",,Central,Luque,360,land,,250000000,PYG,35227.12,250000000,PYG,35227.12,7096.805,98,0,1,0,1,1,1,,remax,143061080-52
1939,2025-10-31,sale,oficina,Asunción,Manorá,Asunción,,27,land,,53950,USD,53950,355137500,PYG,50041.89,7096.805,1853,-7.244,0,0,1,1,0,cross-currency,remax,143028080-39
1956,2025-10-31,rent,deposito,"San Antonio, Central",,Central,San Antonio,300,built,,4000000,PYG,563.63,3800000,PYG,535.45,7096.805,2,-5,0,1,1,1,1,,remax,143092053-30
2034,2025-10-31,rent,casa,"San Lorenzo, Central",,Central,San Lorenzo,200,built,3,2500000,PYG,352.27,2500000,PYG,352.27,7096.805,2,0,1,0,1,1,1,,remax,143095019-13
2081,2025-10-31,rent,casa,"Presidente Franco, Alto Paraná",,Alto Paraná,,150,built,2,2800000,PYG,394.54,2800000,PYG,394.54,7096.805,3,0,1,0,1,1,1,,remax,143050055-126
2107,2025-10-31,sale,terreno,"Mariano Roque Alonso, Central",,Central,Mariano Roque Alonso,,,,180000000,PYG,25363.53,180000000,PYG,25363.53,7096.805,,0,1,0,1,1,1,,remax,114006001-214
2136,2025-10-31,rent,casa,"Encarnación, Itapúa",,Itapúa,Encarnación,263,built,3,4000000,PYG,563.63,4000000,PYG,563.63,7096.805,2,0,1,0,1,1,1,,remax,143085019-527
2531,2025-10-31,rent,oficina,Asunción,Pettirossi,Asunción,,69,built,,3300000,PYG,465,3300000,PYG,465,7096.805,7,0,1,0,1,1,1,,remax,143014041-441
2857,2025-10-31,rent,otro,Asunción,San Roque,Asunción,,,,,1850000,PYG,260.68,1850000,PYG,260.68,7096.805,,0,1,0,1,1,1,,remax,143080203-1
3093,2025-10-31,sale,casa,"San Bernardino, Cordillera",,Cordillera,San Bernardino,110,built,3,400000000,PYG,56363.39,350000000,PYG,49317.97,7096.805,448,-12.5,0,1,1,1,1,,remax,143068074-37
3151,2025-10-31,rent,deposito,Asunción,Bernardino Caballero,Asunción,,,,,1900,USD,1900,1300,USD,1300,7096.805,,-31.579,0,1,1,1,1,,remax,143025149-225
3170,2025-10-31,rent,otro,Asunción,San Roque,Asunción,,749,land,,1750000,PYG,246.59,1750000,PYG,246.59,7096.805,0,0,1,0,1,1,1,,remax,143080203-2
3260,2025-10-31,sale,departamento,Asunción,La Encarnación,Asunción,,90,land,2,49000,USD,49000,350000000,PYG,49317.97,7096.805,548,0.649,0,0,1,1,0,cross-currency,remax,143063091-18
3368,2025-10-31,rent,oficina,"San Lorenzo, Central",,Central,San Lorenzo,63,built,,1800000,PYG,253.64,1800000,PYG,253.64,7096.805,4,0,1,0,1,1,1,,remax,143096015-50
3672,2025-10-31,sale,casa,"Ñemby, Central",,Central,Ñemby,91,built,2,350000000,PYG,49317.97,340000000,PYG,47908.88,7096.805,526,-2.857,0,1,1,1,1,,remax,143061077-7
3692,2025-10-31,rent,local,"Ciudad del Este, Alto Paraná",,Alto Paraná,Ciudad del Este,500,built,,1650,USD,1650,11682000,PYG,1646.09,7096.805,3,-0.237,0,0,1,1,0,cross-currency,remax,143050104-37
4193,2025-10-31,sale,local,"Ñemby, Central",,Central,Ñemby,300,built,,720000000,PYG,101454.11,220000000,PYG,30999.87,7096.805,103,-69.444,0,1,1,1,0,outside 0.4 to 1.6 of the ask,remax,143080114-34
311115,2025-10-31,sale,otro,"Juan Emilio O'leary, Alto Paraná",,Alto Paraná,,,,,53960,USD,53960,53960,USD,53960,7096.805,,0,1,0,1,1,1,,remax,143107005-19
311600,2025-10-31,rent,departamento,"Fernando de la Mora, Central",,Central,Fernando de la Mora,171,land,3,4850000,PYG,683.41,4850000,PYG,683.41,7096.805,4,0,1,0,1,1,1,,remax,143036152-4
312106,2025-10-31,rent,casa,"Luque, Central",,Central,Luque,200,built,4,4800000,PYG,676.36,4300000,PYG,605.91,7096.805,3,-10.416,0,1,1,1,1,,remax,143036101-22
376,2025-11-01,rent,deposito,"Capiatá, Central",,Central,Capiatá,,,,8000000,PYG,1127.27,7000000,PYG,986.36,7096.805,,-12.5,0,1,1,1,1,,remax,143080055-138
559,2025-11-01,rent,departamento,"Encarnación, Itapúa",,Itapúa,Encarnación,40,land,1,2200000,PYG,310,2200000,PYG,310,7096.805,8,0,1,0,1,1,1,,remax,143032066-48
1186,2025-11-01,rent,local,"Fernando de la Mora, Central",,Central,Fernando de la Mora,43,built,,4650000,PYG,655.22,4500000,PYG,634.09,7096.805,15,-3.225,0,1,1,1,1,,remax,143084049-1
1513,2025-11-01,rent,oficina,"San Lorenzo, Central",,Central,San Lorenzo,,,,2800000,PYG,394.54,2500000,PYG,352.27,7096.805,,-10.714,0,1,1,1,1,,remax,143095022-24
1619,2025-11-01,rent,departamento,"Luque, Central",,Central,Luque,28,land,1,2000000,PYG,281.82,2200000,PYG,310,7096.805,11,9.999,0,0,1,1,1,,remax,143056054-48
2168,2025-11-01,rent,otro,"Luque, Central",,Central,Luque,60,built,2,2500000,PYG,352.27,2500000,PYG,352.27,7096.805,6,0,1,0,1,1,1,,remax,143080176-2
2415,2025-11-01,rent,departamento,Asunción,Villa Morra,Asunción,,72,land,2,6500000,PYG,915.91,6500000,PYG,915.91,7096.805,13,0,1,0,1,1,1,,remax,143098010-83
2601,2025-11-01,rent,departamento,"Fernando de la Mora, Central",,Central,Fernando de la Mora,200,land,3,2400000,PYG,338.18,3000000,PYG,422.73,7096.805,2,25.001,0,0,1,1,1,,remax,143080105-111
3039,2025-11-01,rent,terreno,"Loma Plata, Boquerón",,Boquerón,,,,,4000000,PYG,563.63,4000000,PYG,563.63,7096.805,,0,1,0,1,1,1,,remax,143078001-170
3277,2025-11-01,rent,casa,"San Bernardino, Cordillera",,Cordillera,San Bernardino,450,built,5,42000000,PYG,5918.16,42000000,PYG,5918.16,7096.805,13,0,1,0,1,1,1,,remax,143072119-69
310197,2025-11-01,rent,casa,"Luque, Central",,Central,Luque,173,built,3,4000000,PYG,563.63,4000000,PYG,563.63,7096.805,3,0,1,0,1,1,1,,remax,143001163-10
310823,2025-11-01,rent,departamento,Asunción,Ycuá Satí,Asunción,,99,land,2,6600000,PYG,930,6600000,PYG,930,7096.805,9,0,1,0,1,1,1,,remax,143098027-95
311395,2025-11-01,rent,casa,"Lambaré, Central",,Central,Lambaré,100,built,3,3000000,PYG,422.73,2800000,PYG,394.54,7096.805,4,-6.669,0,1,1,1,1,,remax,143063146-151
4396,2025-11-02,sale,departamento,Asunción,Villa Morra,Asunción,,150010,land,3,357000,USD,357000,2513280000,PYG,354142.46,7096.805,2,-0.8,0,0,1,1,0,cross-currency,remax,143026192-23
450,2025-11-03,sale,terreno,Asunción,Recoleta,Asunción,,165,built,,195000,USD,195000,1275000000,PYG,179902.18,7087.185,1090,-7.742,0,0,1,1,0,cross-currency,remax,143036040-172
887,2025-11-03,rent,departamento,Asunción,Ciudad Nueva,Asunción,,1000,built,3,8000000,PYG,1128.8,8000000,PYG,1128.8,7087.185,1,0,1,0,1,1,1,,remax,143098084-4
1150,2025-11-03,sale,terreno,"Luque, Central",,Central,Luque,367,land,,130000000,PYG,18342.97,115000000,PYG,16226.47,7087.185,44,-11.538,0,1,2,1,1,,remax,143096011-52
3058,2025-11-03,sale,edificio,Asunción,Pettirossi,Asunción,,720,built,,980000000,PYG,138277.75,870000000,PYG,122756.78,7087.185,170,-11.224,0,1,1,1,1,,remax,143025091-77
3201,2025-11-03,rent,departamento,Asunción,Mburucuyá,Asunción,,45,land,1,950,USD,950,6681350,PYG,942.74,7087.185,21,-0.764,0,0,1,1,0,cross-currency,remax,143098070-15
3561,2025-11-03,sale,terreno,"Luque, Central",,Central,Luque,336,land,,130000000,PYG,18342.97,115000000,PYG,16226.47,7087.185,48,-11.538,0,1,2,0,0,second record of one deal,remax,143096011-48
3593,2025-11-03,sale,casa,"Luque, Central",,Central,Luque,75,built,2,303000000,PYG,42753.22,312500000,PYG,44093.67,7087.185,588,3.135,0,0,1,1,1,,remax,143061002-182
3916,2025-11-03,sale,terreno,Asunción,Manorá,Asunción,,660,land,,792000,USD,792000,5623000000,PYG,793403.87,7087.185,1202,0.177,0,0,1,1,0,cross-currency,remax,143098017-108
3989,2025-11-03,sale,departamento,Asunción,Ciudad Nueva,Asunción,,98,land,2,100000,USD,100000,700000000,PYG,98769.82,7087.185,1008,-1.23,0,0,1,1,0,cross-currency,remax,143028003-154
4150,2025-11-03,rent,departamento,Asunción,Ycuá Satí,Asunción,,90,land,2,1200,USD,1200,7000000,PYG,987.7,7087.185,11,-17.692,0,0,1,1,0,cross-currency,remax,143028010-156
4322,2025-11-03,sale,departamento,Asunción,Ycuá Satí,Asunción,,29,land,1,55150,USD,55150,386050000,PYG,54471.56,7087.185,1869,-1.23,0,0,1,1,0,cross-currency,remax,143056031-672
34121,2025-11-03,sale,otro,Asunción,Las Lomas (Carmelitas),Asunción,,,,,16500,USD,16500,116959260,PYG,16502.92,7087.185,,0.018,0,0,1,1,0,cross-currency,remax,143063185-34
308503,2025-11-03,rent,casa,"Areguá, Central",,Central,Areguá,160,built,4,4500000,PYG,634.95,4500000,PYG,634.95,7087.185,4,0,1,0,1,1,1,,remax,143036096-39
806,2025-11-04,rent,local,Asunción,Mariscal Estigarribia,Asunción,,486,built,,5000,USD,5000,35300000,PYG,4986.2,7079.535,10,-0.276,0,0,1,1,0,cross-currency,remax,143098011-264
1281,2025-11-04,rent,oficina,Asunción,Las Lomas (Carmelitas),Asunción,,46,built,,800,USD,800,5600000,PYG,791.01,7079.535,17,-1.124,0,0,1,1,0,cross-currency,remax,143098061-30
1764,2025-11-04,rent,otro,"Santa Rita, Alto Paraná",,Alto Paraná,,540,built,,1950000,PYG,275.44,1950000,PYG,275.44,7079.535,1,0,1,0,1,1,1,,remax,143065026-193
2094,2025-11-04,sale,departamento,Asunción,Carmelitas,Asunción,,1200,built,1,129750,USD,129750,908250000,PYG,128292.32,7079.535,107,-1.123,0,0,1,1,0,cross-currency,remax,143098011-293
2909,2025-11-04,rent,departamento,Asunción,Barrio Jara,Asunción,,108,land,2,4150000,PYG,586.2,4150000,PYG,586.2,7079.535,5,0,1,0,1,1,1,,remax,143048005-301
3616,2025-11-04,sale,departamento,Asunción,Villa Morra,Asunción,,82,land,2,149000,USD,149000,920530000,PYG,130026.9,7079.535,1586,-12.734,0,0,1,1,0,cross-currency,remax,143054045-68
3636,2025-11-04,sale,otro,"Filadelfia, Boquerón",,Boquerón,,9973,land,3,848000000,PYG,119781.88,720000000,PYG,101701.59,7079.535,10,-15.094,0,1,1,1,1,,remax,143016029-61
4020,2025-11-04,rent,casa,"Encarnación, Itapúa",,Itapúa,Encarnación,80,built,2,1200000,PYG,169.5,1200000,PYG,169.5,7079.535,2,0,1,0,1,1,1,,remax,143085033-105
4296,2025-11-04,sale,terreno,"Cambyretá, Itapúa",,Itapúa,Cambyretá,3743,land,,185000,USD,185000,1310540000,PYG,185116.68,7079.535,49,0.063,0,0,1,1,0,cross-currency,remax,143011007-1421
4473,2025-11-04,rent,departamento,Asunción,San Roque,Asunción,,420,land,1,2000000,PYG,282.5,1900000,PYG,268.38,7079.535,1,-4.998,0,1,1,1,1,,remax,143063150-22
31015,2025-11-04,rent,departamento,"Fernando de la Mora, Central",,Central,Fernando de la Mora,10,land,3,4850000,PYG,685.07,4850000,PYG,685.07,7079.535,69,0,1,0,1,1,1,,remax,143036137-13
483,2025-11-05,sale,casa,"Ciudad del Este, Alto Paraná",,Alto Paraná,Ciudad del Este,120,built,2,660000000,PYG,93163.89,600000000,PYG,84694.44,7084.29,706,-9.091,0,1,1,1,1,,remax,143050014-98
2386,2025-11-05,sale,terreno,"Presidente Franco, Alto Paraná",,Alto Paraná,,,,,150000000,PYG,21173.61,120000000,PYG,16938.89,7084.29,,-20,0,1,1,1,1,,remax,143050129-52
3023,2025-11-05,rent,local,"Lambaré, Central",,Central,Lambaré,600,land,,5000000,PYG,705.79,4650000,PYG,656.38,7084.29,1,-7.001,0,1,1,1,1,,remax,143014179-25
3536,2025-11-05,sale,terreno,"Fernando de la Mora, Central",,Central,Fernando de la Mora,,,,500000000,PYG,70578.7,400000000,PYG,56462.96,7084.29,,-20,0,1,1,1,1,,remax,143036099-47
3573,2025-11-05,rent,otro,"San Antonio, Central",,Central,San Antonio,27,built,,1000000,PYG,141.16,1000000,PYG,141.16,7084.29,5,0,1,0,1,1,1,,remax,143095001-40
3774,2025-11-05,rent,departamento,Asunción,Mariscal López,Asunción,,50,land,1,3400000,PYG,479.94,3400000,PYG,479.94,7084.29,10,0,1,0,1,1,1,,remax,143063116-93
4130,2025-11-05,rent,duplex,"San Lorenzo, Central",,Central,San Lorenzo,63,built,2,1800000,PYG,254.08,1800000,PYG,254.08,7084.29,4,0,1,0,1,1,1,,remax,143009127-95
841,2025-11-06,sale,terreno,"Villa Elisa, Central",,Central,Villa Elisa,,,,400000000,PYG,56529.91,350000000,PYG,49463.67,7075.9,,-12.5,0,1,1,1,1,,remax,143080161-5
1139,2025-11-06,sale,local,Asunción,Herrera,Asunción,,363,built,,1870000000,PYG,264277.34,1700000000,PYG,240252.12,7075.9,662,-9.091,0,1,1,1,1,,remax,143063152-47
1620,2025-11-06,rent,casa,"Santa Rita, Alto Paraná",,Alto Paraná,,76,built,2,2500000,PYG,353.31,2500000,PYG,353.31,7075.9,5,0,1,0,1,1,1,,remax,143065021-152
1900,2025-11-06,rent,departamento,"Fernando de la Mora, Central",,Central,Fernando de la Mora,12,land,1,1500000,PYG,211.99,1500000,PYG,211.99,7075.9,18,0,1,0,1,1,1,,remax,143025222-2
3193,2025-11-06,rent,departamento,Asunción,Loma Pytá,Asunción,,80,built,1,2350000,PYG,332.11,2200000,PYG,310.91,7075.9,4,-6.383,0,1,1,1,1,,remax,143061056-127
3765,2025-11-06,rent,local,"Encarnación, Itapúa",,Itapúa,Encarnación,,,,5000000,PYG,706.62,5000000,PYG,706.62,7075.9,,0,1,0,1,1,1,,remax,143011036-112
200905,2025-11-06,sale,duplex,"Luque, Central",,Central,Luque,200,built,3,130000,USD,130000,920400000,PYG,130075.33,7075.9,650,0.058,0,0,1,1,0,cross-currency,remax,143063199-4
185,2025-11-07,sale,casa,Asunción,Mburucuyá,Asunción,,350,built,4,295000,USD,295000,1559857200,PYG,220195.34,7083.97,629,-25.358,0,0,1,1,0,cross-currency,remax,143096015-66
329,2025-11-07,sale,departamento,Asunción,Mburucuyá,Asunción,,96,built,2,129600,USD,129600,567000000,PYG,80039.86,7083.97,834,-38.241,0,0,1,1,0,cross-currency,remax,143098054-49
459,2025-11-07,sale,oficina,Asunción,Manorá,Asunción,,60,built,,175000,USD,175000,1233750000,PYG,174160.82,7083.97,2903,-0.48,0,0,2,1,0,cross-currency,remax,143098011-240
761,2025-11-07,rent,casa,"Encarnación, Itapúa",,Itapúa,Encarnación,1,built,3,1500000,PYG,211.75,1500000,PYG,211.75,7083.97,212,0,1,0,1,1,1,,remax,143085018-133
1148,2025-11-07,sale,terreno,"Lambaré, Central",,Central,Lambaré,390,land,,210000000,PYG,29644.39,190000000,PYG,26821.12,7083.97,69,-9.524,0,1,1,1,1,,remax,143026188-30
1740,2025-11-07,rent,departamento,Asunción,Recoleta,Asunción,,103,land,3,1400,USD,1400,9800000,PYG,1383.41,7083.97,13,-1.185,0,0,1,1,0,cross-currency,remax,143063091-86
1760,2025-11-07,rent,departamento,Asunción,Villa Morra,Asunción,,1,land,1,650,USD,650,4447800,PYG,627.87,7083.97,628,-3.405,0,0,1,1,0,cross-currency,remax,143054116-51
1847,2025-11-07,sale,oficina,Asunción,Manorá,Asunción,,60,built,,175000,USD,175000,1233750000,PYG,174160.82,7083.97,2903,-0.48,0,0,2,0,0,cross-currency,remax,143098011-275
2027,2025-11-07,rent,casa,"Lambaré, Central",,Central,Lambaré,96,built,2,3000000,PYG,423.49,3000000,PYG,423.49,7083.97,4,0,1,0,1,1,1,,remax,143098130-243
2180,2025-11-07,rent,deposito,Asunción,Terminal,Asunción,,,,,5500000,PYG,776.4,5500000,PYG,776.4,7083.97,,0,1,0,1,1,1,,remax,143063217-12
2961,2025-11-07,rent,deposito,"Itauguá, Central",,Central,Itauguá,480,built,,5000000,PYG,705.82,4000000,PYG,564.66,7083.97,1,-19.999,0,1,1,1,1,,remax,143072117-39
3029,2025-11-07,rent,casa,"Lambaré, Central",,Central,Lambaré,96,built,2,3000000,PYG,423.49,3000000,PYG,423.49,7083.97,4,0,1,0,1,1,1,,remax,143014004-307
3776,2025-11-07,rent,departamento,Asunción,Manorá,Asunción,,170,land,2,0,USD,0,10410000,USD,10410000,7083.97,61235,,0,0,1,1,0,no ask,remax,143063217-1
311713,2025-11-07,rent,departamento,Asunción,Recoleta,Asunción,,46,land,1,3900000,PYG,550.54,3900000,PYG,550.54,7083.97,12,0,1,0,1,1,1,,remax,143056047-75
1990,2025-11-08,sale,terreno,"Limpio, Central",,Central,Limpio,360,land,,75000000,PYG,10587.28,75000000,PYG,10587.28,7083.97,29,0,1,0,1,1,1,,remax,143092081-1
3930,2025-11-08,rent,otro,"San Juan del Paraná, Itapúa",,Itapúa,San Juan del Paraná,20000,land,,2500000,PYG,352.91,2500000,PYG,352.91,7083.97,0,0,1,0,1,1,1,,remax,143032035-287
4387,2025-11-08,rent,casa,"Fernando de la Mora, Central",,Central,Fernando de la Mora,194,built,3,5000000,PYG,705.82,5000000,PYG,705.82,7083.97,4,0,1,0,1,1,1,,remax,143025091-114
3538,2025-11-09,sale,casa,"Lambaré, Central",,Central,Lambaré,180,built,4,870000000,PYG,122812.49,832000000,PYG,117448.27,7083.97,652,-4.368,0,1,1,1,1,,remax,143014103-180
3569,2025-11-09,sale,casa,"Lambaré, Central",,Central,Lambaré,180,built,4,870000000,PYG,122812.49,832000000,PYG,117448.27,7083.97,652,-4.368,0,1,1,1,1,,remax,143098122-39
641,2025-11-10,rent,local,Asunción,Manorá,Asunción,,250,built,,1530,USD,1530,10814040,PYG,1529.44,7070.565,6,-0.037,0,0,1,1,0,cross-currency,remax,143098128-272
950,2025-11-10,rent,casa,"Minga Guazú, Alto Paraná",,Alto Paraná,Minga Guazú,70,built,2,4500000,PYG,636.44,4500000,PYG,636.44,7070.565,9,0,1,0,1,1,1,,remax,114001094-3
1226,2025-11-10,rent,casa,"Santa Rita, Alto Paraná",,Alto Paraná,,103,built,1,2500000,PYG,353.58,2500000,PYG,353.58,7070.565,3,0,1,0,1,1,1,,remax,143065021-154
1569,2025-11-10,rent,deposito,"Ciudad del Este, Alto Paraná",,Alto Paraná,Ciudad del Este,420,built,,8000000,PYG,1131.45,8000000,PYG,1131.45,7070.565,3,0,1,0,1,1,1,,remax,114001022-255
1699,2025-11-10,sale,departamento,Asunción,Madame Lynch,Asunción,,2730,land,1,369600000,PYG,52273.05,369600000,PYG,52273.05,7070.565,19,0,1,0,1,1,1,,remax,143100040-7
1751,2025-11-10,rent,local,Asunción,Manorá,Asunción,,250,built,,1530,USD,1530,10814040,PYG,1529.44,7070.565,6,-0.037,0,0,1,1,0,cross-currency,remax,143014125-272
1953,2025-11-10,rent,casa,"Limpio, Central",,Central,Limpio,71,built,2,1000000,PYG,141.43,1000000,PYG,141.43,7070.565,2,0,1,0,1,1,1,,remax,143028041-101
2564,2025-11-10,rent,deposito,"San Lorenzo, Central",,Central,San Lorenzo,,,,2000000,PYG,282.86,2000000,PYG,282.86,7070.565,,0,1,0,1,1,1,,remax,143019105-1
2704,2025-11-10,rent,casa,"Encarnación, Itapúa",,Itapúa,Encarnación,200,built,4,7100000,PYG,1004.16,7100000,PYG,1004.16,7070.565,5,0,1,0,1,1,1,,remax,143032061-128
3068,2025-11-10,rent,departamento,Asunción,Manorá,Asunción,,360,land,1,4500000,PYG,636.44,4500000,PYG,636.44,7070.565,2,0,1,0,1,1,1,,remax,143098058-41
3131,2025-11-10,sale,departamento,Asunción,Carmelitas,Asunción,,90,land,4,1068200000,PYG,151077.04,1068200000,PYG,151077.04,7070.565,1679,0,1,0,1,1,1,,remax,143063051-322
3347,2025-11-10,rent,casa,"Filadelfia, Boquerón",,Boquerón,,189,built,4,2300000,PYG,325.29,2300000,PYG,325.29,7070.565,2,0,1,0,1,1,1,,remax,143016029-92
3650,2025-11-10,sale,terreno,"Encarnación, Itapúa",,Itapúa,Encarnación,458,land,,1450000000,PYG,205075.55,1450000000,PYG,205075.55,7070.565,448,0,1,0,1,1,1,,remax,143011030-234
3736,2025-11-10,rent,local,"Encarnación, Itapúa",,Itapúa,Encarnación,,,,3000000,PYG,424.29,3000000,PYG,424.29,7070.565,,0,1,0,1,1,1,,remax,143011096-11
3756,2025-11-10,rent,local,"Luque, Central",,Central,Luque,84,built,,3000000,PYG,424.29,3000000,PYG,424.29,7070.565,5,0,1,0,1,1,1,,remax,143025147-95
4095,2025-11-10,sale,terreno,"Filadelfia, Boquerón",,Boquerón,,400,land,,65000000,PYG,9193.04,65000000,PYG,9193.04,7070.565,23,0,1,0,1,1,1,,remax,143016029-97
312509,2025-11-10,sale,terreno,"Hernandarias, Alto Paraná",,Alto Paraná,Hernandarias,,,,87000000,PYG,12304.53,85000000,PYG,12021.67,7070.565,,-2.299,0,1,1,1,1,,remax,143099006-108
60,2025-11-11,rent,departamento,Asunción,Santísima Trinidad,Asunción,,75,land,2,4650000,PYG,658.99,4400000,PYG,623.56,7056.22,8,-5.376,0,1,1,1,1,,remax,143038001-210
577,2025-11-11,sale,terreno,"Cambyretá, Itapúa",,Itapúa,Cambyretá,3769,land,,450000,USD,450000,3123000000,PYG,442588.24,7056.22,117,-1.647,0,0,1,1,0,cross-currency,remax,143032072-41
1313,2025-11-11,sale,local,"San Lorenzo, Central",,Central,San Lorenzo,200,built,,120000,USD,120000,115000,USD,115000,7056.22,575,-4.167,0,1,1,1,1,,remax,143072035-97
1384,2025-11-11,rent,departamento,Asunción,Barrio Jara,Asunción,,157,land,3,6500000,PYG,921.17,6250000,PYG,885.74,7056.22,6,-3.846,0,1,1,1,1,,remax,143025147-93
2754,2025-11-11,sale,otro,"Villa Florida, Misiones",,Misiones,,150,built,3,350000000,PYG,49601.63,330000000,PYG,46767.25,7056.22,312,-5.714,0,1,1,1,1,,remax,143028064-66
2893,2025-11-11,sale,terreno,"Piribebuy, Cordillera",,Cordillera,,,,,65000000,PYG,9211.73,60000000,PYG,8503.14,7056.22,,-7.692,0,1,1,1,1,,remax,143037122-61
3842,2025-11-11,sale,departamento,"Hernandarias, Alto Paraná",,Alto Paraná,Hernandarias,159,land,3,90000,USD,90000,635400000,PYG,90048.21,7056.22,565,0.054,0,0,1,1,0,cross-currency,remax,143050097-74
3898,2025-11-11,rent,oficina,"Ciudad del Este, Alto Paraná",,Alto Paraná,Ciudad del Este,70,built,,0,USD,0,7030000,USD,7030000,7056.22,100429,,0,0,1,1,0,no ask,remax,143099027-19
4000,2025-11-11,sale,departamento,"Loma Plata, Boquerón",,Boquerón,,311,built,5,660000000,PYG,93534.5,425000000,PYG,60230.55,7056.22,194,-35.606,0,1,1,1,1,,remax,143078018-38
4241,2025-11-11,rent,otro,"Fernando de la Mora, Central",,Central,Fernando de la Mora,34,built,,1800000,PYG,255.09,1800000,PYG,255.09,7056.22,8,0,1,0,1,1,1,,remax,143063220-1
328,2025-11-12,rent,casa,"Fernando de la Mora, Central",,Central,Fernando de la Mora,100,built,1,2800000,PYG,397.49,2800000,PYG,397.49,7044.165,4,0,1,0,1,1,1,,remax,143061056-123
385,2025-11-12,sale,departamento,"Ciudad del Este, Alto Paraná",,Alto Paraná,Ciudad del Este,35,land,1,46260,USD,46260,326086740,PYG,46291.75,7044.165,1323,0.069,0,0,1,1,0,cross-currency,remax,143050056-160
539,2025-11-12,rent,local,Asunción,Sajonia,Asunción,,56,built,,2750000,PYG,390.39,2750000,PYG,390.39,7044.165,7,0,1,0,1,1,1,,remax,143028061-12
897,2025-11-12,rent,local,Asunción,Las Lomas (Carmelitas),Asunción,,119,built,,2200,USD,2200,12000000,PYG,1703.54,7044.165,14,-22.566,0,0,1,1,0,cross-currency,remax,143063089-85
1675,2025-11-12,sale,casa,"San Bernardino, Cordillera",,Cordillera,San Bernardino,90,built,2,650000000,PYG,92274.95,650000000,PYG,92274.95,7044.165,1025,0,1,0,1,1,1,,remax,143080055-95
2272,2025-11-12,sale,casa,Asunción,Sajonia,Asunción,,100,built,2,450000000,PYG,63882.66,450000000,PYG,63882.66,7044.165,639,0,1,0,1,1,1,,remax,143061068-32
3739,2025-11-12,rent,local,"San Lorenzo, Central",,Central,San Lorenzo,909,built,,24875000,PYG,3531.29,18000000,PYG,2555.31,7044.165,3,-27.638,0,1,1,1,1,,remax,143048005-297
4275,2025-11-12,sale,departamento,Asunción,Mburucuyá,Asunción,,94,land,1,131000,USD,131000,854000000,PYG,121235.09,7044.165,1290,-7.454,0,0,1,1,0,cross-currency,remax,143063187-43
4300,2025-11-12,rent,edificio,"Santa Rita, Alto Paraná",,Alto Paraná,,82,land,,1300000,PYG,184.55,1300000,PYG,184.55,7044.165,2,0,1,0,1,1,1,,remax,143065026-197
463,2025-11-13,sale,casa,"Fernando de la Mora, Central",,Central,Fernando de la Mora,260,built,6,780000000,PYG,110652.82,710000000,PYG,100722.44,7049.075,387,-8.974,0,1,1,1,1,,remax,143063098-50
694,2025-11-13,sale,terreno,"Luque, Central",,Central,Luque,426,land,,500000000,PYG,70931.29,400000000,PYG,56745.03,7049.075,133,-20,0,1,1,1,1,,remax,143098052-9
1103,2025-11-13,sale,terreno,"San Lorenzo, Central",,Central,San Lorenzo,,,,250000,USD,250000,1000000000,PYG,141862.58,7049.075,,-43.255,0,0,1,1,0,cross-currency,remax,143019010-217
1132,2025-11-13,sale,departamento,Asunción,San Jorge,Asunción,,174,land,3,350000,USD,350000,320000,USD,320000,7049.075,1839,-8.571,0,1,1,1,1,,remax,143014179-8
3238,2025-11-13,rent,duplex,"Fernando de la Mora, Central",,Central,Fernando de la Mora,160,built,3,7500000,PYG,1063.97,7150000,PYG,1014.32,7049.075,6,-4.666,0,1,1,1,1,,remax,143061056-124
3576,2025-11-13,rent,casa,Asunción,Los Laureles,Asunción,,630,built,5,5000,USD,5000,28000000,PYG,3972.15,7049.075,6,-20.557,0,0,1,1,0,cross-currency,remax,143063002-282
4191,2025-11-13,rent,casa,"Ñemby, Central",,Central,Ñemby,90,built,2,1500000,PYG,212.79,1500000,PYG,212.79,7049.075,2,0,1,0,1,1,1,,remax,143068006-153
4234,2025-11-13,sale,local,"Loma Plata, Boquerón",,Boquerón,,,,,1585000000,PYG,224852.2,1200000000,PYG,170235.1,7049.075,,-24.29,0,1,1,1,1,,remax,143078001-160
313465,2025-11-13,rent,casa,Asunción,Carlos Antonio López,Asunción,,280,built,3,4500000,PYG,638.38,4500000,PYG,638.38,7049.075,2,0,1,0,1,1,1,,remax,143036045-214
5,2025-11-14,rent,otro,Asunción,Villa Morra,Asunción,,189,land,4,11600000,PYG,1647.8,11600000,PYG,1647.8,7039.685,9,0,1,0,1,1,1,,remax,143014133-131
84,2025-11-14,sale,terreno,"Villa Hayes, Presidente Hayes",,Presidente Hayes,Villa Hayes,544,land,,155000,USD,155000,155000,USD,155000,7039.685,285,0,1,0,1,1,1,,remax,143080040-120
186,2025-11-14,sale,local,Asunción,Ciudad Nueva,Asunción,,300,built,,250000,USD,250000,1409198000,PYG,200179.13,7039.685,667,-19.928,0,0,1,1,0,cross-currency,remax,143028037-113
1000,2025-11-14,rent,otro,Asunción,Villa Morra,Asunción,,189,land,4,11600000,PYG,1647.8,11600000,PYG,1647.8,7039.685,9,0,1,0,1,1,1,,remax,143098109-130
1178,2025-11-14,sale,terreno,"Hernandarias, Alto Paraná",,Alto Paraná,Hernandarias,1500,land,,180000000,PYG,25569.33,167500000,PYG,23793.68,7039.685,16,-6.944,0,1,1,1,1,,remax,143099032-1
1195,2025-11-14,rent,deposito,"Capiatá, Central",,Central,Capiatá,240,built,,2500000,PYG,355.13,2500000,PYG,355.13,7039.685,1,0,1,0,1,1,1,,remax,143080075-46
1277,2025-11-14,sale,terreno,"Minga Guazú, Alto Paraná",,Alto Paraná,Minga Guazú,360,land,,45000000,PYG,6392.33,38000000,PYG,5397.97,7039.685,15,-15.556,0,1,1,1,1,,remax,143050033-198
1551,2025-11-14,sale,casa,Asunción,Republicano,Asunción,,99,built,3,370000000,PYG,52559.17,370000000,PYG,52559.17,7039.685,531,0,1,0,1,1,1,,remax,143061072-33
1562,2025-11-14,sale,casa,"Lambaré, Central",,Central,Lambaré,400,built,4,1250000000,PYG,177564.76,1250000000,PYG,177564.76,7039.685,444,0,1,0,1,1,1,,remax,143061075-24
1785,2025-11-14,sale,casa,"San Lorenzo, Central",,Central,San Lorenzo,389,built,3,265000,USD,265000,1690080000,PYG,240078.92,7039.685,617,-9.404,0,0,1,1,0,cross-currency,remax,143098031-42
2188,2025-11-14,sale,duplex,"Fernando de la Mora, Central",,Central,Fernando de la Mora,191,built,3,950000000,PYG,134949.22,900000000,PYG,127846.63,7039.685,669,-5.263,0,1,1,1,1,,remax,143036021-88
2744,2025-11-14,sale,terreno,"San Bernardino, Cordillera",,Cordillera,San Bernardino,1000,land,,65000,USD,65000,457730000,PYG,65021.38,7039.685,65,0.033,0,0,1,1,0,cross-currency,remax,143098031-28
2906,2025-11-14,sale,duplex,"Villa Elisa, Central",,Central,Villa Elisa,96,built,3,505000000,PYG,71736.16,475300000,PYG,67517.23,7039.685,703,-5.881,0,1,1,1,1,,remax,143071054-497
2962,2025-11-14,sale,terreno,"Capiatá, Central",,Central,Capiatá,70,built,1,260000000,PYG,36933.47,260000000,PYG,36933.47,7039.685,528,0,1,0,1,1,1,,remax,143063129-57
2988,2025-11-14,rent,casa,"Minga Guazú, Alto Paraná",,Alto Paraná,Minga Guazú,60,built,2,4000000,PYG,568.21,4000000,PYG,568.21,7039.685,9,0,1,0,1,1,1,,remax,143050002-231
3329,2025-11-14,sale,casa,Asunción,Sajonia,Asunción,,70,built,3,410000000,PYG,58241.24,380000000,PYG,53979.69,7039.685,771,-7.317,0,1,1,1,1,,remax,143063177-4
3336,2025-11-14,rent,local,"Itauguá, Central",,Central,Itauguá,,,,3500000,PYG,497.18,3500000,PYG,497.18,7039.685,,0,1,0,1,1,1,,remax,143098041-20
4307,2025-11-14,sale,terreno,"Lambaré, Central",,Central,Lambaré,,,,480000000,PYG,68184.87,400000000,PYG,56820.72,7039.685,,-16.667,0,1,1,1,1,,remax,143072101-1
232,2025-11-15,rent,departamento,Asunción,Carmelitas,Asunción,,40,land,1,720,USD,720,5040000,PYG,715.94,7039.685,18,-0.564,0,0,1,1,0,cross-currency,remax,143056054-50
757,2025-11-15,sale,casa,"Lambaré, Central",,Central,Lambaré,450,built,5,260000,USD,260000,1679700000,PYG,238604.43,7039.685,530,-8.229,0,0,1,1,0,cross-currency,remax,143098047-30
1247,2025-11-15,sale,terreno,"Filadelfia, Boquerón",,Boquerón,,,,,63500000,PYG,9020.29,60000000,PYG,8523.11,7039.685,,-5.512,0,1,1,1,1,,remax,143016029-67
2769,2025-11-15,rent,departamento,"Mariano Roque Alonso, Central",,Central,Mariano Roque Alonso,360,land,1,5500000,PYG,781.28,5500000,PYG,781.28,7039.685,2,0,1,0,1,1,1,,remax,143025149-226
3186,2025-11-15,sale,terreno,"Filadelfia, Boquerón",,Boquerón,,,,,81600000,PYG,11591.43,80000000,PYG,11364.14,7039.685,,-1.961,0,1,1,1,1,,remax,143016029-68
3339,2025-11-15,sale,terreno,"Filadelfia, Boquerón",,Boquerón,,2496,land,,120000000,PYG,17046.22,110000000,PYG,15625.7,7039.685,6,-8.333,0,1,1,1,1,,remax,143016029-96
4129,2025-11-15,sale,terreno,"Fernando de la Mora, Central",,Central,Fernando de la Mora,360,land,,650000000,PYG,92333.68,565000000,PYG,80259.27,7039.685,223,-13.077,0,1,1,1,1,,remax,143036040-177
4283,2025-11-15,rent,casa,Asunción,Los Laureles,Asunción,,150,built,3,7000000,PYG,994.36,6800000,PYG,965.95,7039.685,6,-2.857,0,1,1,1,1,,remax,143100028-38
311133,2025-11-15,sale,duplex,"Hernandarias, Alto Paraná",,Alto Paraná,Hernandarias,203,land,3,150000,USD,150000,1050495000,PYG,149224.72,7039.685,737,-0.517,0,0,1,1,0,cross-currency,remax,143107003-15
568,2025-11-16,rent,departamento,"Lambaré, Central",,Central,Lambaré,80,land,3,3000000,PYG,426.16,3000000,PYG,426.16,7039.685,5,0,1,0,1,1,1,,remax,143026188-61
94,2025-11-17,rent,duplex,Asunción,Sajonia,Asunción,,79,built,2,3500000,PYG,496.66,3500000,PYG,496.66,7047.055,6,0,1,0,1,1,1,,remax,143098115-38
904,2025-11-17,rent,duplex,"Luque, Central",,Central,Luque,180,land,3,5000000,PYG,709.52,5000000,PYG,709.52,7047.055,4,0,1,0,1,1,1,,remax,143098074-8
1110,2025-11-17,rent,casa,Asunción,Seminario,Asunción,,290,built,4,6000000,PYG,851.42,6600000,PYG,936.56,7047.055,3,10,0,0,1,1,1,,remax,143063204-50
1385,2025-11-17,rent,departamento,Asunción,Recoleta,Asunción,,55,land,1,700,USD,700,4928000,PYG,699.3,7047.055,13,-0.1,0,0,1,1,0,cross-currency,remax,143097001-83
1598,2025-11-17,rent,local,"Ciudad del Este, Alto Paraná",,Alto Paraná,Ciudad del Este,,,,6000000,PYG,851.42,6000000,PYG,851.42,7047.055,,0,1,0,1,1,1,,remax,143050192-9
1831,2025-11-17,rent,local,"Ciudad del Este, Alto Paraná",,Alto Paraná,Ciudad del Este,,,,1300000,PYG,184.47,1300000,PYG,184.47,7047.055,,0,1,0,1,1,1,,remax,114001094-4
2623,2025-11-17,rent,casa,"Ciudad del Este, Alto Paraná",,Alto Paraná,Ciudad del Este,150,built,3,7000000,PYG,993.32,7000000,PYG,993.32,7047.055,7,0,1,0,1,1,1,,remax,143050014-110
3234,2025-11-17,sale,terreno,"Ñemby, Central",,Central,Ñemby,360,land,,120000000,PYG,17028.39,120000000,PYG,17028.39,7047.055,47,0,1,0,1,1,1,,remax,143054111-66
3613,2025-11-17,rent,casa,"Mariano Roque Alonso, Central",,Central,Mariano Roque Alonso,100,built,2,2600000,PYG,368.95,2600000,PYG,368.95,7047.055,4,0,1,0,1,1,1,,remax,143026189-15
3666,2025-11-17,rent,duplex,Asunción,Sajonia,Asunción,,79,built,2,3500000,PYG,496.66,3500000,PYG,496.66,7047.055,6,0,1,0,1,1,1,,remax,143014167-84
309522,2025-11-17,rent,casa,"San Lorenzo, Central",,Central,San Lorenzo,400,built,3,4000000,PYG,567.61,3000000,PYG,425.71,7047.055,1,-25,0,1,1,1,1,,remax,143036130-2
312008,2025-11-17,rent,casa,"Luque, Central",,Central,Luque,70,built,3,2750000,PYG,390.23,2750000,PYG,390.23,7047.055,6,0,1,0,1,1,1,,remax,114006111-6
32,2025-11-18,sale,terreno,"Santa Rita, Alto Paraná",,Alto Paraná,,405,built,,20000,USD,20000,140000000,PYG,19833.09,7058.91,49,-0.835,0,0,1,1,0,cross-currency,remax,143065028-42
280,2025-11-18,rent,departamento,Asunción,Mburucuyá,Asunción,,171,built,4,1450,USD,1450,1450,USD,1450,7058.91,8,0,1,0,1,1,1,,remax,143098027-85
320,2025-11-18,sale,departamento,"Encarnación, Itapúa",,Itapúa,Encarnación,46,land,1,78761,USD,78761,555265050,PYG,78661.59,7058.91,1718,-0.126,0,0,1,1,0,cross-currency,remax,143011008-368
356,2025-11-18,sale,terreno,"Santa Rita, Alto Paraná",,Alto Paraná,,405,built,,20500,USD,20500,143500000,PYG,20328.92,7058.91,50,-0.835,0,0,1,1,0,cross-currency,remax,143065028-41
460,2025-11-18,sale,terreno,Asunción,Recoleta,Asunción,,,,,324000,USD,324000,2283552000,PYG,323499.24,7058.91,,-0.155,0,0,1,1,0,cross-currency,remax,143097025-10
2100,2025-11-18,sale,departamento,Asunción,Ciudad Nueva,Asunción,,104,land,2,100000,USD,100000,712050000,PYG,100872.51,7058.91,970,0.873,0,0,1,1,0,cross-currency,remax,143098054-35
2894,2025-11-18,rent,local,Asunción,San Vicente,Asunción,,,,,1700000,PYG,240.83,1700000,PYG,240.83,7058.91,,0,1,0,1,1,1,,remax,143080203-22
3272,2025-11-18,rent,duplex,"Fernando de la Mora, Central",,Central,Fernando de la Mora,160,built,3,7500000,PYG,1062.49,7500000,PYG,1062.49,7058.91,7,0,1,0,1,1,1,,remax,143061056-125
3517,2025-11-18,rent,departamento,"Fernando de la Mora, Central",,Central,Fernando de la Mora,15,land,1,1200000,PYG,170,1200000,PYG,170,7058.91,11,0,1,0,1,1,1,,remax,143025222-4
4125,2025-11-18,rent,deposito,"San Lorenzo, Central",,Central,San Lorenzo,330,built,,8500000,PYG,1204.15,8000000,PYG,1133.32,7058.91,3,-5.882,0,1,1,1,1,,remax,143096013-24
4312,2025-11-18,rent,duplex,Asunción,Las Mercedes,Asunción,,146,built,3,4800000,PYG,679.99,4500000,PYG,637.49,7058.91,4,-6.25,0,1,1,1,1,,remax,143098031-46
4389,2025-11-18,rent,casa,"Fernando de la Mora, Central",,Central,Fernando de la Mora,200,built,3,3700000,PYG,524.16,3700000,PYG,524.16,7058.91,3,0,1,0,1,1,1,,remax,143025004-110
4406,2025-11-18,rent,duplex,"Luque, Central",,Central,Luque,384,land,3,4000000,PYG,566.66,4000000,PYG,566.66,7058.91,1,0,1,0,1,1,1,,remax,143080203-21
378,2025-11-19,sale,terreno,"Tomás Romero Pereira, Itapúa",,Itapúa,,,,,103000,USD,103000,726150000,PYG,103448.87,7019.41,,0.436,0,0,1,1,0,cross-currency,remax,143011003-422
815,2025-11-19,sale,casa,Asunción,Terminal,Asunción,,220,built,4,880000000,PYG,125366.66,800000000,PYG,113969.69,7019.41,518,-9.091,0,1,1,1,1,,remax,143014133-83
1114,2025-11-19,sale,duplex,"San Antonio, Central",,Central,San Antonio,100,built,2,360000000,PYG,51286.36,350000000,PYG,49861.74,7019.41,499,-2.778,0,1,1,1,1,,remax,143061061-89
1192,2025-11-19,sale,terreno,"San Bernardino, Cordillera",,Cordillera,San Bernardino,2103,land,,330000000,PYG,47012.5,330000000,PYG,47012.5,7019.41,22,0,1,0,1,1,1,,remax,143106004-13
2410,2025-11-19,rent,deposito,"Encarnación, Itapúa",,Itapúa,Encarnación,,,,9000000,PYG,1282.16,9000000,PYG,1282.16,7019.41,,0,1,0,1,1,1,,remax,143011007-2129
2766,2025-11-19,sale,terreno,"Itá, Central",,Central,Itá,30062,land,,495000000,PYG,70518.75,430000000,PYG,61258.71,7019.41,2,-13.131,0,1,1,1,1,,remax,143019096-2
3159,2025-11-19,sale,casa,Asunción,Terminal,Asunción,,220,built,4,880000000,PYG,125366.66,800000000,PYG,113969.69,7019.41,518,-9.091,0,1,1,1,1,,remax,143098109-45
3702,2025-11-19,rent,departamento,Asunción,General Díaz,Asunción,,44,built,,2200000,PYG,313.42,2200000,PYG,313.42,7019.41,7,0,1,0,1,1,1,,remax,143063190-395
3857,2025-11-19,rent,casa,"Santa Rita, Alto Paraná",,Alto Paraná,,120,built,1,2000000,PYG,284.92,2000000,PYG,284.92,7019.41,2,0,1,0,1,1,1,,remax,143065026-195
4416,2025-11-19,sale,terreno,"Hernandarias, Alto Paraná",,Alto Paraná,Hernandarias,,,,230000000,PYG,32766.29,230000000,PYG,32766.29,7019.41,,0,1,0,1,1,1,,remax,143050055-128
66,2025-11-20,sale,departamento,"Hernandarias, Alto Paraná",,Alto Paraná,Hernandarias,65,land,3,51475,USD,51475,495174820,PYG,70585.48,7015.25,1078,37.126,0,0,1,1,0,cross-currency,remax,143050091-38
916,2025-11-20,sale,casa,Asunción,Obrero,Asunción,,180,built,3,80000,USD,80000,560000000,PYG,79826.09,7015.25,443,-0.217,0,0,1,1,0,cross-currency,remax,143063091-92
979,2025-11-20,rent,local,"Fernando de la Mora, Central",,Central,Fernando de la Mora,97,built,,3500000,PYG,498.91,3500000,PYG,498.91,7015.25,5,0,1,0,1,1,1,,remax,143071054-507
1007,2025-11-20,sale,departamento,Asunción,Bella Vista,Asunción,,107,land,2,199847,USD,199847,1404924410,PYG,200267.19,7015.25,1872,0.21,0,0,1,1,0,cross-currency,remax,143098009-671
1459,2025-11-20,rent,local,Asunción,Ciudad Nueva,Asunción,,245,built,,10000000,PYG,1425.47,10000000,PYG,1425.47,7015.25,6,0,1,0,1,1,1,,remax,143098128-238
1523,2025-11-20,rent,oficina,"Ciudad del Este, Alto Paraná",,Alto Paraná,Ciudad del Este,14,built,,1800000,PYG,256.58,1800000,PYG,256.58,7015.25,18,0,1,0,1,1,1,,remax,143050002-213
1590,2025-11-20,rent,local,Asunción,Ciudad Nueva,Asunción,,245,built,,10000000,PYG,1425.47,10000000,PYG,1425.47,7015.25,6,0,1,0,1,1,1,,remax,143014125-238
1913,2025-11-20,sale,rural,"Puerto Casado, Alto Paraguay",,Alto Paraguay,,,,,2812150800,PYG,400862.52,2812150800,PYG,400862.52,7015.25,,0,1,0,1,1,1,,remax,143078013-54
2672,2025-11-20,rent,departamento,Asunción,Villa Aurelia,Asunción,,72,land,2,3800000,PYG,541.68,3800000,PYG,541.68,7015.25,8,0,1,0,1,1,1,,remax,143098010-90
2688,2025-11-20,sale,casa,"San Antonio, Central",,Central,San Antonio,120,built,2,250000000,PYG,35636.65,240000000,PYG,34211.18,7015.25,285,-4,0,1,1,1,1,,remax,143020098-28
3274,2025-11-20,rent,local,Asunción,San Roque,Asunción,,70,built,,6500000,PYG,926.55,6100000,PYG,869.53,7015.25,12,-6.154,0,1,1,1,1,,remax,143084038-81
3459,2025-11-20,sale,casa,"Capiatá, Central",,Central,Capiatá,250,built,3,430000000,PYG,61295.04,430000000,PYG,61295.04,7015.25,245,0,1,0,1,1,1,,remax,143026171-24
3603,2025-11-20,sale,casa,"Presidente Franco, Alto Paraná",,Alto Paraná,,100,built,2,450000000,PYG,64145.97,450000000,PYG,64145.97,7015.25,641,0,1,0,1,1,1,,remax,143050060-279
3690,2025-11-20,sale,departamento,"Mariano Roque Alonso, Central",,Central,Mariano Roque Alonso,55,built,2,49126,USD,49126,344618890,PYG,49124.25,7015.25,893,-0.004,0,0,1,1,0,cross-currency,remax,143054048-85
4538,2025-11-20,rent,casa,Asunción,Santa Librada,Asunción,,100,built,2,3600000,PYG,513.17,3600000,PYG,513.17,7015.25,5,0,1,0,1,1,1,,remax,143063204-51
32173,2025-11-20,sale,terreno,"Lambaré, Central",,Central,Lambaré,360,land,,320000000,PYG,45614.91,310000000,PYG,44189.44,7015.25,123,-3.125,0,1,1,1,1,,remax,143071067-77
333,2025-11-21,rent,departamento,Asunción,Sajonia,Asunción,,70,land,2,3300000,PYG,471.68,3500000,PYG,500.27,6996.215,7,6.061,0,0,1,1,1,,remax,143061015-129
348,2025-11-21,rent,casa,Asunción,San Vicente,Asunción,,280,built,4,12500000,PYG,1786.68,12500000,PYG,1786.68,6996.215,6,0,1,0,1,1,1,,remax,143098054-52
456,2025-11-21,rent,local,"San Lorenzo, Central",,Central,San Lorenzo,398,built,,7000000,PYG,1000.54,7000000,PYG,1000.54,6996.215,3,0,1,0,1,1,1,,remax,143037112-57
702,2025-11-21,rent,duplex,"Lambaré, Central",,Central,Lambaré,88,built,2,2500000,PYG,357.34,2500000,PYG,357.34,6996.215,4,0,1,0,1,1,1,,remax,143048005-249
1546,2025-11-21,rent,departamento,Asunción,Herrera,Asunción,,360,land,2,4500000,PYG,643.2,4500000,PYG,643.2,6996.215,2,0,1,0,1,1,1,,remax,143025149-236
2465,2025-11-21,sale,casa,"Lambaré, Central",,Central,Lambaré,250,built,6,100000,USD,100000,600000000,PYG,85760.66,6996.215,343,-14.239,0,0,1,1,0,cross-currency,remax,143025145-331
2871,2025-11-21,rent,departamento,Asunción,Las Lomas (Carmelitas),Asunción,,91,built,2,1100,USD,1100,6669000,PYG,953.23,6996.215,11,-13.343,0,0,1,1,0,cross-currency,remax,143026176-55
3057,2025-11-21,sale,casa,"Filadelfia, Boquerón",,Boquerón,,99,built,2,357300000,PYG,51070.47,3570300000,PYG,510318.79,6996.215,5171,899.244,0,0,1,1,0,outside 0.4 to 1.6 of the ask,remax,143016008-492
3124,2025-11-21,rent,otro,"Caazapá, Caazapá",,Caazapá,,130,built,1,1300000,PYG,185.81,1300000,PYG,185.81,6996.215,1,0,1,0,1,1,1,,remax,143095004-80
3291,2025-11-21,sale,departamento,Asunción,Las Lomas (Carmelitas),Asunción,,49,built,,80000,USD,80000,561040000,PYG,80191.93,6996.215,1637,0.24,0,0,1,1,0,cross-currency,remax,143028080-54
3497,2025-11-21,rent,casa,Asunción,Mburicaó,Asunción,,220,built,3,8500000,PYG,1214.94,7500000,PYG,1072.01,6996.215,5,-11.764,0,1,1,1,1,,remax,143098010-88
3587,2025-11-21,sale,casa,Asunción,Mburucuyá,Asunción,,350,built,5,495000,USD,495000,3105000000,PYG,443811.4,6996.215,1268,-10.341,0,0,1,1,0,cross-currency,remax,143063002-265
4142,2025-11-21,rent,departamento,Asunción,Las Lomas (Carmelitas),Asunción,,101,built,2,1200,USD,1200,7722000,PYG,1103.74,6996.215,11,-8.022,0,0,1,1,0,cross-currency,remax,143026176-57
4399,2025-11-21,sale,terreno,"Santa Rita, Alto Paraná",,Alto Paraná,,,,,21000,USD,21000,147000000,PYG,21011.36,6996.215,,0.054,0,0,1,1,0,cross-currency,remax,143065026-169
4429,2025-11-21,rent,oficina,"Ciudad del Este, Alto Paraná",,Alto Paraná,Ciudad del Este,18,built,,2000000,PYG,285.87,2000000,PYG,285.87,6996.215,16,0,1,0,1,1,1,,remax,143050002-235
593,2025-11-22,sale,departamento,Asunción,Recoleta,Asunción,,50,land,1,79050,USD,79050,561255000,PYG,80222.66,6996.215,1604,1.483,0,0,1,1,0,cross-currency,remax,143056054-47
1261,2025-11-22,rent,departamento,Asunción,Mburucuyá,Asunción,,90,land,2,900,USD,900,6250000,PYG,893.34,6996.215,10,-0.74,0,0,1,1,0,cross-currency,remax,143091056-4
2145,2025-11-22,sale,casa,"Santa Rita, Alto Paraná",,Alto Paraná,,36,built,3,45000,USD,45000,357000000,PYG,51027.59,6996.215,1417,13.395,0,0,1,1,0,cross-currency,remax,143065032-12
2224,2025-11-22,sale,terreno,"Luque, Central",,Central,Luque,,,,1100000000,PYG,157227.87,980000000,PYG,140075.74,6996.215,,-10.909,0,1,1,1,1,,remax,143019036-36
3897,2025-11-22,rent,departamento,Asunción,Las Lomas (Carmelitas),Asunción,,42,land,1,720,USD,720,5325000,PYG,761.13,6996.215,18,5.713,0,0,1,1,0,cross-currency,remax,143056054-52
556,2025-11-24,sale,departamento,Asunción,Ciudad Nueva,Asunción,,97,land,2,125000,USD,125000,701389000,PYG,100060.63,7009.64,1032,-19.951,0,0,1,1,0,cross-currency,remax,143028003-155
1291,2025-11-24,sale,casa,"Capiatá, Central",,Central,Capiatá,200,built,3,350000000,PYG,49931.24,350000000,PYG,49931.24,7009.64,250,0,1,0,1,1,1,,remax,143025184-24
1692,2025-11-24,sale,terreno,"Lambaré, Central",,Central,Lambaré,566,land,,350000000,PYG,49931.24,300000000,PYG,42798.2,7009.64,76,-14.286,0,1,1,1,1,,remax,143036112-25
1862,2025-11-24,sale,terreno,"Villa Elisa, Central",,Central,Villa Elisa,366,land,,205000000,PYG,29245.44,205000000,PYG,29245.44,7009.64,80,0,1,0,1,1,1,,remax,143068079-114
3056,2025-11-24,rent,departamento,Asunción,Las Lomas (Carmelitas),Asunción,,42,land,1,620,USD,620,4346643,PYG,620.1,7009.64,15,0.016,0,0,1,1,0,cross-currency,remax,143056056-47
3327,2025-11-24,sale,departamento,Asunción,Manorá,Asunción,,94,land,2,135000,USD,135000,840000000,PYG,119834.97,7009.64,1275,-11.233,0,0,1,1,0,cross-currency,remax,143063217-10
3839,2025-11-24,rent,deposito,Asunción,Vista Alegre,Asunción,,280,built,,9900000,PYG,1412.34,7350000,PYG,1048.56,7009.64,4,-25.757,0,1,1,1,1,,remax,143026171-18
3912,2025-11-24,sale,departamento,"Loma Plata, Boquerón",,Boquerón,,1029,land,2,175000000,PYG,24965.62,175000000,PYG,24965.62,7009.64,24,0,1,0,1,1,1,,remax,143078018-82
3952,2025-11-24,rent,departamento,"San Lorenzo, Central",,Central,San Lorenzo,70,built,3,1900000,PYG,271.06,1800000,PYG,256.79,7009.64,4,-5.265,0,1,1,1,1,,remax,143019087-28
32591,2025-11-24,rent,departamento,Asunción,Pinoza,Asunción,,72,built,2,2000000,PYG,285.32,2000000,PYG,285.32,7009.64,4,0,1,0,1,1,1,,remax,143063185-32
312265,2025-11-24,rent,departamento,Asunción,Las Lomas (Carmelitas),Asunción,,90,built,,620,USD,620,4160200,PYG,593.5,7009.64,7,-4.274,0,0,1,1,0,cross-currency,remax,143056050-56
402,2025-11-25,sale,departamento,Asunción,Villa Aurelia,Asunción,,47,land,1,67257,USD,67257,545454000,PYG,77972.91,6995.43,1659,15.933,0,0,1,1,0,cross-currency,remax,143063200-2
765,2025-11-25,sale,terreno,"San Lorenzo, Central",,Central,San Lorenzo,381,land,,250000000,PYG,35737.62,225000000,PYG,32163.86,6995.43,84,-10,0,1,1,1,1,,remax,143014141-220
1791,2025-11-25,sale,departamento,Asunción,Las Lomas (Carmelitas),Asunción,,42,land,1,115000,USD,115000,770500000,PYG,110143.34,6995.43,2622,-4.223,0,0,1,1,0,cross-currency,remax,143056036-170
1916,2025-11-25,sale,casa,"Areguá, Central",,Central,Areguá,150,built,3,300000000,PYG,42885.14,240000000,PYG,34308.11,6995.43,229,-20,0,1,1,1,1,,remax,143054118-1
2677,2025-11-25,rent,casa,"Luque, Central",,Central,Luque,70,built,2,2300000,PYG,328.79,2300000,PYG,328.79,6995.43,5,0,1,0,1,1,1,,remax,143061061-125
3064,2025-11-25,rent,oficina,"Itauguá, Central",,Central,Itauguá,,,,5000000,PYG,714.75,5000000,PYG,714.75,6995.43,,0,1,0,1,1,1,,remax,143025146-58
3129,2025-11-25,sale,casa,"Capiatá, Central",,Central,Capiatá,71,built,2,280000000,PYG,40026.13,250000000,PYG,35737.62,6995.43,507,-10.714,0,1,1,1,1,,remax,143014141-157
3781,2025-11-25,rent,duplex,"Ñemby, Central",,Central,Ñemby,100,built,2,2800000,PYG,400.26,2800000,PYG,400.26,6995.43,4,0,1,0,1,1,1,,remax,143025178-35
3861,2025-11-25,sale,casa,"Capiatá, Central",,Central,Capiatá,71,built,2,280000000,PYG,40026.13,250000000,PYG,35737.62,6995.43,507,-10.714,0,1,1,1,1,,remax,143098116-145
3931,2025-11-25,sale,terreno,"Hernandarias, Alto Paraná",,Alto Paraná,Hernandarias,,,,125000000,PYG,17868.81,120000000,PYG,17154.06,6995.43,,-4,0,1,1,1,1,,remax,143050100-34
4501,2025-11-25,sale,terreno,"San Lorenzo, Central",,Central,San Lorenzo,381,land,,250000000,PYG,35737.62,225000000,PYG,32163.86,6995.43,84,-10,0,1,1,1,1,,remax,143098116-54
313178,2025-11-25,sale,terreno,"Lambaré, Central",,Central,Lambaré,154,built,3,330000000,PYG,47173.65,330000000,PYG,47173.65,6995.43,306,0,1,0,1,1,1,,remax,143001101-19
184,2025-11-26,rent,oficina,Asunción,Ciudad Nueva,Asunción,,350,land,,7000000,PYG,1003.19,6000000,PYG,859.88,6977.73,2,-14.285,0,1,1,1,1,,remax,143014179-26
632,2025-11-26,sale,departamento,Asunción,Ycuá Satí,Asunción,,61,land,2,92800,USD,92800,649600000,PYG,93096.18,6977.73,1526,0.319,0,0,2,1,0,cross-currency,remax,143056001-160
692,2025-11-26,rent,duplex,"Fernando de la Mora, Central",,Central,Fernando de la Mora,65,built,3,3300000,PYG,472.93,3300000,PYG,472.93,6977.73,7,0,1,0,1,1,1,,remax,143019093-25
768,2025-11-26,rent,casa,"Villa Elisa, Central",,Central,Villa Elisa,85,built,2,2200000,PYG,315.29,2200000,PYG,315.29,6977.73,4,0,1,0,1,1,1,,remax,143026092-68
1039,2025-11-26,rent,casa,"Lambaré, Central",,Central,Lambaré,330,built,6,6000000,PYG,859.88,6000000,PYG,859.88,6977.73,3,0,1,0,1,1,1,,remax,143054089-34
1208,2025-11-26,rent,departamento,"Encarnación, Itapúa",,Itapúa,Encarnación,79,land,2,650,USD,650,4472000,PYG,640.9,6977.73,8,-1.4,0,0,1,1,0,cross-currency,remax,143032066-43
1462,2025-11-26,sale,casa,"Encarnación, Itapúa",,Itapúa,Encarnación,464,built,3,465000,USD,465000,2380000000,PYG,341085.14,6977.73,735,-26.648,0,0,1,1,0,cross-currency,remax,143011007-2014
1686,2025-11-26,sale,casa,"Luque, Central",,Central,Luque,217,built,3,450000000,PYG,64490.89,430000000,PYG,61624.63,6977.73,284,-4.444,0,1,1,1,1,,remax,143048009-70
1906,2025-11-26,sale,departamento,"Encarnación, Itapúa",,Itapúa,Encarnación,36,land,,42900,USD,42900,300300000,PYG,43036.92,6977.73,1206,0.319,0,0,1,1,0,cross-currency,remax,143011007-1743
1918,2025-11-26,sale,terreno,"Julián Augusto Saldívar, Central",,Central,Julián Augusto Saldívar,401,land,,150000000,PYG,21496.96,120000000,PYG,17197.57,6977.73,43,-20,0,1,1,1,1,,remax,143036128-2
2024,2025-11-26,rent,departamento,"Encarnación, Itapúa",,Itapúa,Encarnación,150,land,2,5500000,PYG,788.22,5500000,PYG,788.22,6977.73,5,0,1,0,1,1,1,,remax,143032072-51
2056,2025-11-26,sale,casa,"Cambyretá, Itapúa",,Itapúa,Cambyretá,198,built,2,400000000,PYG,57325.23,380000000,PYG,54458.97,6977.73,275,-5,0,1,1,1,1,,remax,143085032-71
3088,2025-11-26,sale,departamento,Asunción,Ycuá Satí,Asunción,,61,land,2,92800,USD,92800,649600000,PYG,93096.18,6977.73,1526,0.319,0,0,2,0,0,cross-currency,remax,143056001-244
17,2025-11-27,sale,departamento,"Encarnación, Itapúa",,Itapúa,Encarnación,148,land,2,282000,USD,282000,282000,USD,282000,6993.325,1905,0,1,0,1,1,1,,remax,143032069-73
114,2025-11-27,rent,departamento,"San Lorenzo, Central",,Central,San Lorenzo,80,built,2,1600000,PYG,228.79,1600000,PYG,228.79,6993.325,3,0,1,0,1,1,1,,remax,143025205-10
207,2025-11-27,sale,terreno,"Capiatá, Central",,Central,Capiatá,436,built,,105000000,PYG,15014.32,100000000,PYG,14299.35,6993.325,33,-4.762,0,1,1,1,1,,remax,143092058-62
217,2025-11-27,rent,departamento,Asunción,Las Lomas (Carmelitas),Asunción,,54,land,1,0,USD,0,4623000,USD,4623000,6993.325,86411,,0,0,1,1,0,no ask,remax,143056032-485
347,2025-11-27,sale,departamento,Asunción,Ycuá Satí,Asunción,,59,land,1,108000,USD,108000,745200000,PYG,106558.75,6993.325,1806,-1.334,0,0,1,1,0,cross-currency,remax,143056032-208
465,2025-11-27,sale,terreno,Asunción,Recoleta,Asunción,,214,built,3,250000,USD,250000,1612530000,PYG,230581.3,6993.325,1077,-7.767,0,0,1,1,0,cross-currency,remax,143071082-7
508,2025-11-27,rent,duplex,"San Lorenzo, Central",,Central,San Lorenzo,100,land,2,3000000,PYG,428.98,3000000,PYG,428.98,6993.325,4,0,1,0,1,1,1,,remax,143100026-30
691,2025-11-27,rent,casa,Asunción,San Rafael,Asunción,,360,built,2,3800000,PYG,543.38,3000000,PYG,428.98,6993.325,1,-21.053,0,1,1,1,1,,remax,143098132-73
735,2025-11-27,sale,casa,"Hernandarias, Alto Paraná",,Alto Paraná,Hernandarias,60,built,3,350000000,PYG,50047.72,329000000,PYG,47044.86,6993.325,784,-6,0,1,1,1,1,,remax,143050087-81
844,2025-11-27,sale,departamento,Asunción,Recoleta,Asunción,,39,land,1,92900,USD,92900,650300000,PYG,92988.67,6993.325,2384,0.095,0,0,1,1,0,cross-currency,remax,143056058-3
938,2025-11-27,rent,duplex,"Cambyretá, Itapúa",,Itapúa,Cambyretá,146,land,3,4200000,PYG,600.57,4200000,PYG,600.57,6993.325,4,0,1,0,2,1,1,,remax,143011091-28
945,2025-11-27,sale,departamento,Asunción,Las Lomas (Carmelitas),Asunción,,40,built,,65000,USD,65000,453375000,PYG,64829.68,6993.325,1621,-0.262,0,0,1,1,0,cross-currency,remax,143063065-71
1084,2025-11-27,rent,casa,Asunción,San Rafael,Asunción,,360,built,2,3800000,PYG,543.38,3000000,PYG,428.98,6993.325,1,-21.053,0,1,1,1,1,,remax,143014001-126
1323,2025-11-27,rent,departamento,Asunción,Catedral,Asunción,,82,land,2,2500000,PYG,357.48,2500000,PYG,357.48,6993.325,4,0,1,0,1,1,1,,remax,143025151-86
1703,2025-11-27,sale,departamento,Asunción,Las Lomas (Carmelitas),Asunción,,46,built,,77500,USD,77500,488250000,PYG,69816.58,6993.325,1528,-9.914,0,0,1,1,0,cross-currency,remax,143063065-66
2121,2025-11-27,rent,departamento,Asunción,San Roque,Asunción,,192,built,2,3200000,PYG,457.58,3200000,PYG,457.58,6993.325,2,0,1,0,1,1,1,,remax,143098055-5
2421,2025-11-27,rent,otro,"Luque, Central",,Central,Luque,,,2,2300000,PYG,328.89,2300000,PYG,328.89,6993.325,,0,1,0,1,1,1,,remax,143100042-11
2682,2025-11-27,sale,casa,"Luque, Central",,Central,Luque,75,built,2,310000000,PYG,44327.98,310000000,PYG,44327.98,6993.325,591,0,1,0,1,1,1,,remax,143061002-178
3059,2025-11-27,rent,local,Asunción,San Pablo,Asunción,,,,,10500000,PYG,1501.43,10500000,PYG,1501.43,6993.325,,0,1,0,1,1,1,,remax,143025124-162
3165,2025-11-27,rent,oficina,"San Lorenzo, Central",,Central,San Lorenzo,360,built,,1300000,PYG,185.89,1200000,PYG,171.59,6993.325,0,-7.693,0,1,1,1,1,,remax,143092058-74
3187,2025-11-27,rent,departamento,"Fernando de la Mora, Central",,Central,Fernando de la Mora,6,land,1,1200000,PYG,171.59,1200000,PYG,171.59,6993.325,29,0,1,0,1,1,1,,remax,143025155-232
3509,2025-11-27,rent,duplex,"Cambyretá, Itapúa",,Itapúa,Cambyretá,146,land,3,4200000,PYG,600.57,4200000,PYG,600.57,6993.325,4,0,1,0,2,0,0,second record of one deal,remax,143011091-41
3550,2025-11-27,rent,departamento,"Encarnación, Itapúa",,Itapúa,Encarnación,35,land,2,1500000,PYG,214.49,1500000,PYG,214.49,6993.325,6,0,1,0,1,1,1,,remax,143011087-27
3882,2025-11-27,rent,departamento,Asunción,Las Lomas (Carmelitas),Asunción,,54,land,1,0,USD,0,4623000,USD,4623000,6993.325,86411,,0,0,1,1,0,no ask,remax,143056025-197
4017,2025-11-27,sale,departamento,"Luque, Central",,Central,Luque,60,built,2,480000000,PYG,68636.88,467029500,PYG,66782.18,6993.325,1113,-2.702,0,1,1,1,1,,remax,143063204-24
4529,2025-11-27,rent,departamento,"Fernando de la Mora, Central",,Central,Fernando de la Mora,60,land,1,900000,PYG,128.69,800000,PYG,114.39,6993.325,2,-11.112,0,1,1,1,1,,remax,143025155-248
313608,2025-11-27,sale,oficina,"Ciudad del Este, Alto Paraná",,Alto Paraná,Ciudad del Este,184,built,,270000,USD,270000,270000,USD,270000,6993.325,1467,0,1,0,1,1,1,,remax,114001022-177
122,2025-11-28,sale,terreno,Asunción,San Vicente,Asunción,,,,,550000000,PYG,78682.82,500000000,PYG,71529.84,6990.09,,-9.091,0,1,1,1,1,,remax,143072123-17
220,2025-11-28,rent,duplex,"Luque, Central",,Central,Luque,180,built,3,5500000,PYG,786.83,5500000,PYG,786.83,6990.09,4,0,1,0,1,1,1,,remax,143063199-40
393,2025-11-28,sale,terreno,"San Bernardino, Cordillera",,Cordillera,San Bernardino,1681,land,,350000000,PYG,50070.89,300400000,PYG,42975.13,6990.09,26,-14.171,0,1,1,1,1,,remax,143098039-8
1046,2025-11-28,sale,terreno,"Cambyretá, Itapúa",,Itapúa,Cambyretá,480,land,,390000000,PYG,55793.27,380000000,PYG,54362.68,6990.09,113,-2.564,0,1,1,1,1,,remax,143085019-462
1458,2025-11-28,rent,casa,"San Bernardino, Cordillera",,Cordillera,San Bernardino,160,built,3,8000000,PYG,1144.48,10000000,PYG,1430.6,6990.09,9,25,0,0,1,1,1,,remax,143038002-303
1538,2025-11-28,rent,duplex,Asunción,San Vicente,Asunción,,130,built,2,3500000,PYG,500.71,3900000,PYG,557.93,6990.09,4,11.428,0,0,1,1,1,,remax,143028006-132
1651,2025-11-28,rent,casa,"Ñemby, Central",,Central,Ñemby,150,built,3,3500000,PYG,500.71,3500000,PYG,500.71,6990.09,3,0,1,0,1,1,1,,remax,143080161-11
1905,2025-11-28,rent,casa,"Hernandarias, Alto Paraná",,Alto Paraná,Hernandarias,150,built,3,3500000,PYG,500.71,2800000,PYG,400.57,6990.09,3,-20,0,1,1,1,1,,remax,143099018-27
2537,2025-11-28,rent,casa,"Santa Rita, Alto Paraná",,Alto Paraná,,384,built,1,1000000,PYG,143.06,1000000,PYG,143.06,6990.09,0,0,1,0,1,1,1,,remax,143065032-24
2652,2025-11-28,sale,departamento,Asunción,Villa Morra,Asunción,,45,land,1,85216,USD,85216,566689352,PYG,81070.39,6990.09,1802,-4.865,0,0,1,1,0,cross-currency,remax,143063128-235
2791,2025-11-28,sale,departamento,"Luque, Central",,Central,Luque,36,land,1,136000,USD,136000,952000000,PYG,136192.81,6990.09,3783,0.142,0,0,1,1,0,cross-currency,remax,143063141-92
3148,2025-11-28,rent,departamento,Asunción,Las Lomas (Carmelitas),Asunción,,31,land,1,500,USD,500,3450000,PYG,493.56,6990.09,16,-1.288,0,0,1,1,0,cross-currency,remax,143056032-212
3217,2025-11-28,sale,terreno,"Loma Plata, Boquerón",,Boquerón,,,,,195000000,PYG,27896.64,195000000,PYG,27896.64,6990.09,,0,1,0,1,1,1,,remax,143078001-125
3282,2025-11-28,sale,terreno,Asunción,Mburucuyá,Asunción,,722,land,,380000,USD,380000,345000,USD,345000,6990.09,478,-9.211,0,1,1,1,1,,remax,143014179-14
3907,2025-11-28,sale,casa,"Lambaré, Central",,Central,Lambaré,260,built,5,599000000,PYG,85692.75,500000000,PYG,71529.84,6990.09,275,-16.528,0,1,1,1,1,,remax,143036107-16
4028,2025-11-28,sale,departamento,Asunción,Las Lomas (Carmelitas),Asunción,,47,land,1,95000,USD,95000,665000000,PYG,95134.68,6990.09,2024,0.142,0,0,1,1,0,cross-currency,remax,143056033-30
4331,2025-11-28,rent,departamento,"Fernando de la Mora, Central",,Central,Fernando de la Mora,40,built,1,1800000,PYG,257.51,1500000,PYG,214.59,6990.09,5,-16.667,0,1,1,1,1,,remax,143084038-30
311041,2025-11-28,rent,oficina,"Presidente Franco, Alto Paraná",,Alto Paraná,,,,,3500000,PYG,500.71,3500000,PYG,500.71,6990.09,,0,1,0,1,1,1,,remax,143099018-21
321,2025-11-29,sale,casa,"Capitán Miranda, Itapúa",,Itapúa,Capitán Miranda,135,built,2,400000000,PYG,57223.87,360000000,PYG,51501.48,6990.09,381,-10,0,1,1,1,1,,remax,143085019-363
551,2025-11-29,rent,duplex,"Cambyretá, Itapúa",,Itapúa,Cambyretá,146,land,3,4550000,PYG,650.92,4550000,PYG,650.92,6990.09,4,0,1,0,1,1,1,,remax,143011091-42
1242,2025-11-29,rent,departamento,"Fernando de la Mora, Central",,Central,Fernando de la Mora,28,built,1,300,USD,300,2030000,PYG,290.41,6990.09,10,-3.197,0,0,1,1,0,cross-currency,remax,143061072-36
1488,2025-11-29,rent,departamento,"Villa Elisa, Central",,Central,Villa Elisa,360,land,2,1200000,PYG,171.67,1200000,PYG,171.67,6990.09,0,0,1,0,1,1,1,,remax,143068113-9
3559,2025-11-29,sale,terreno,"San Bernardino, Cordillera",,Cordillera,San Bernardino,,,,384400,USD,384400,2690800000,PYG,384944.97,6990.09,,0.142,0,0,1,1,0,cross-currency,remax,143094002-44
3775,2025-11-29,sale,duplex,"Mariano Roque Alonso, Central",,Central,Mariano Roque Alonso,10,land,3,580000000,PYG,82974.61,580000000,PYG,82974.61,6990.09,8297,0,1,0,1,1,1,,remax,143100042-18
4186,2025-11-29,rent,casa,"Luque, Central",,Central,Luque,145,built,3,2200000,PYG,314.73,2200000,PYG,314.73,6990.09,2,0,1,0,1,1,1,,remax,143020051-162
4325,2025-11-29,rent,casa,"San Juan del Paraná, Itapúa",,Itapúa,San Juan del Paraná,500,built,5,520,USD,520,2473200,PYG,353.82,6990.09,1,-31.958,0,0,1,1,0,cross-currency,remax,143085019-453
457,2025-11-30,rent,casa,Asunción,San Jorge,Asunción,,200,built,4,1600,USD,1600,1600,USD,1600,6990.09,8,0,1,0,1,1,1,,remax,143025149-237
2896,2025-11-30,sale,departamento,"Luque, Central",,Central,Luque,72,land,2,79000,USD,79000,79000,USD,79000,6990.09,1097,0,1,0,1,1,1,,remax,143036067-30
313038,2025-11-30,rent,local,"San Lorenzo, Central",,Central,San Lorenzo,5102,land,,5600000,PYG,801.13,4875000,PYG,697.42,6990.09,0,-12.945,0,1,1,1,1,,remax,143084037-41
62,2025-12-01,rent,departamento,Asunción,Recoleta,Asunción,,800,land,1,4200000,PYG,605.61,4200000,PYG,605.61,6935.14,1,0,1,0,1,1,1,,remax,143056033-205
291,2025-12-01,sale,terreno,"Filadelfia, Boquerón",,Boquerón,,,,,147520000,PYG,21271.38,143094400,PYG,20633.24,6935.14,,-3,0,1,2,1,1,,remax,143102001-68
542,2025-12-01,rent,duplex,"Luque, Central",,Central,Luque,66,built,2,2000000,PYG,288.39,1800000,PYG,259.55,6935.14,4,-10,0,1,1,1,1,,remax,143100042-8
545,2025-12-01,sale,terreno,"Itauguá, Central",,Central,Itauguá,360,land,,120000000,PYG,17303.18,100000000,PYG,14419.32,6935.14,40,-16.667,0,1,1,1,1,,remax,143096013-21
625,2025-12-01,sale,casa,"San Bernardino, Cordillera",,Cordillera,San Bernardino,122,built,3,435000000,PYG,62724.04,435000000,PYG,62724.04,6935.14,516,0,1,0,1,1,1,,remax,143080045-4
1575,2025-12-01,sale,rural,"Puerto Casado, Alto Paraguay",,Alto Paraguay,,,,,2812150800,PYG,405493.01,2700000000,PYG,389321.63,6935.14,,-3.988,0,1,1,1,1,,remax,143078018-77
2436,2025-12-01,sale,terreno,"Filadelfia, Boquerón",,Boquerón,,,,,147520000,PYG,21271.38,143094400,PYG,20633.24,6935.14,,-3,0,1,2,0,0,second record of one deal,remax,143102001-53
2443,2025-12-01,rent,local,"Encarnación, Itapúa",,Itapúa,Encarnación,220,built,,15000000,PYG,2162.9,15000000,PYG,2162.9,6935.14,10,0,1,0,1,1,1,,remax,143032072-11
2654,2025-12-01,sale,casa,"Lambaré, Central",,Central,Lambaré,120,built,3,800000000,PYG,115354.56,750000000,PYG,108144.9,6935.14,901,-6.25,0,1,1,1,1,,remax,143098122-35
2925,2025-12-01,rent,local,Asunción,Pettirossi,Asunción,,48,built,,2000000,PYG,288.39,1800000,PYG,259.55,6935.14,5,-10,0,1,1,1,1,,remax,143028006-128
2933,2025-12-01,rent,departamento,Asunción,Ycuá Satí,Asunción,,53,land,1,1275,USD,1275,8925000,PYG,1286.92,6935.14,24,0.935,0,0,1,1,0,cross-currency,remax,143056067-1
3495,2025-12-01,sale,terreno,"Loma Grande, Cordillera",,Cordillera,,,,,450000000,PYG,64886.94,450000000,PYG,64886.94,6935.14,,0,1,0,1,1,1,,remax,143100041-4
3809,2025-12-01,sale,casa,"Lambaré, Central",,Central,Lambaré,120,built,3,800000000,PYG,115354.56,750000000,PYG,108144.9,6935.14,901,-6.25,0,1,1,1,1,,remax,143014103-179
4097,2025-12-01,rent,departamento,Asunción,Loma Pytá,Asunción,,60,built,1,2200000,PYG,317.23,2200000,PYG,317.23,6935.14,5,0,1,0,1,1,1,,remax,143061056-126
4208,2025-12-01,sale,terreno,"Ciudad del Este, Alto Paraná",,Alto Paraná,Ciudad del Este,,,,85000000,PYG,12256.42,80000000,PYG,11535.46,6935.14,,-5.882,0,1,1,1,1,,remax,143050097-53
4359,2025-12-01,sale,casa,"Limpio, Central",,Central,Limpio,75,built,2,270000000,PYG,38932.16,230000000,PYG,33164.44,6935.14,442,-14.815,0,1,1,1,1,,remax,143028041-110
309108,2025-12-01,rent,duplex,"Lambaré, Central",,Central,Lambaré,138,built,3,4500000,PYG,648.87,4500000,PYG,648.87,6935.14,5,0,1,0,1,1,1,,remax,143038004-259
309883,2025-12-01,rent,local,Asunción,Bernardino Caballero,Asunción,,10,built,,5900000,PYG,850.74,5900000,PYG,850.74,6935.14,85,0,1,0,1,1,1,,remax,143084037-34
309889,2025-12-01,sale,terreno,"Ciudad del Este, Alto Paraná",,Alto Paraná,Ciudad del Este,,,,300000000,PYG,43257.96,300000000,PYG,43257.96,6935.14,,0,1,0,1,1,1,,remax,143099018-28
285,2025-12-02,sale,casa,"Cambyretá, Itapúa",,Itapúa,Cambyretá,300,built,3,125000,USD,125000,869625000,PYG,126484.93,6875.325,422,1.188,0,0,1,1,0,cross-currency,remax,143011007-1915
606,2025-12-02,rent,local,"Encarnación, Itapúa",,Itapúa,Encarnación,,,,2000000,PYG,290.9,2000000,PYG,290.9,6875.325,,0,1,0,1,1,1,,remax,143011036-110
695,2025-12-02,rent,departamento,"Encarnación, Itapúa",,Itapúa,Encarnación,48,land,2,1500000,PYG,218.17,1500000,PYG,218.17,6875.325,5,0,1,0,1,1,1,,remax,143011036-114
790,2025-12-02,rent,departamento,"Encarnación, Itapúa",,Itapúa,Encarnación,1,land,3,4000000,PYG,581.79,4000000,PYG,581.79,6875.325,582,0,1,0,1,1,1,,remax,143011007-2131
1129,2025-12-02,sale,departamento,"Encarnación, Itapúa",,Itapúa,Encarnación,169,land,3,220000,USD,220000,1530540000,PYG,222613.48,6875.325,1319,1.188,0,0,1,1,0,cross-currency,remax,143011007-2005
1372,2025-12-02,sale,departamento,Asunción,Loma Pytá,Asunción,,1400,built,1,7000,USD,7000,49000000,PYG,7126.94,6875.325,5,1.813,0,0,1,1,0,cross-currency,remax,143063146-72
1632,2025-12-02,sale,casa,"Capiatá, Central",,Central,Capiatá,450,built,5,230000,USD,230000,1511400000,PYG,219829.61,6875.325,489,-4.422,0,0,1,1,0,cross-currency,remax,143063129-45
2146,2025-12-02,sale,duplex,"Lambaré, Central",,Central,Lambaré,200,land,3,600000000,PYG,87268.6,585000000,PYG,85086.89,6875.325,425,-2.5,0,1,1,1,1,,remax,143063091-67
3164,2025-12-02,rent,casa,"Luque, Central",,Central,Luque,120,built,2,2000000,PYG,290.9,1900000,PYG,276.35,6875.325,2,-5.002,0,1,1,1,1,,remax,143025164-11
3242,2025-12-02,rent,deposito,"Villa Elisa, Central",,Central,Villa Elisa,360,built,,4200000,PYG,610.88,3800000,PYG,552.7,6875.325,2,-9.524,0,1,1,1,1,,remax,143037035-160
4372,2025-12-02,rent,casa,"Filadelfia, Boquerón",,Boquerón,,600,built,5,8000000,PYG,1163.58,7500000,PYG,1090.86,6875.325,2,-6.25,0,1,1,1,1,,remax,143016037-2
258012,2025-12-02,rent,departamento,"Luque, Central",,Central,Luque,38,land,1,3200000,PYG,465.43,3300000,PYG,479.98,6875.325,13,3.126,0,0,1,1,1,,remax,143038046-183
4,2025-12-03,sale,terreno,"Ciudad del Este, Alto Paraná",,Alto Paraná,Ciudad del Este,360,land,,200000000,PYG,29124.86,185000000,PYG,26940.5,6866.985,75,-7.5,0,1,1,1,1,,remax,143050135-34
827,2025-12-03,sale,casa,"Luque, Central",,Central,Luque,63,built,2,329000000,PYG,47910.4,329000000,PYG,47910.4,6866.985,760,0,1,0,1,1,1,,remax,143071082-3
1044,2025-12-03,sale,casa,"Villa Elisa, Central",,Central,Villa Elisa,100,built,3,550000000,PYG,80093.37,505000000,PYG,73540.28,6866.985,735,-8.182,0,1,1,1,1,,remax,143100028-31
1166,2025-12-03,sale,terreno,"Ypacaraí, Central",,Central,Ypacaraí,420,land,,115000000,PYG,16746.8,115000000,PYG,16746.8,6866.985,40,0,1,0,2,1,1,,remax,143106009-2
1467,2025-12-03,sale,terreno,"Ypacaraí, Central",,Central,Ypacaraí,420,land,,120000000,PYG,17474.92,115000000,PYG,16746.8,6866.985,40,-4.167,0,1,1,1,1,,remax,143106009-1
1614,2025-12-03,sale,casa,"Villa Elisa, Central",,Central,Villa Elisa,70,built,2,365000000,PYG,53152.88,325000000,PYG,47327.9,6866.985,676,-10.959,0,1,1,1,1,,remax,143072035-95
2144,2025-12-03,sale,casa,"Limpio, Central",,Central,Limpio,70,built,2,270000000,PYG,39318.57,270000000,PYG,39318.57,6866.985,562,0,1,0,1,1,1,,remax,143071092-11
2758,2025-12-03,rent,casa,"Villa Elisa, Central",,Central,Villa Elisa,160,built,4,2800000,PYG,407.75,2800000,PYG,407.75,6866.985,3,0,1,0,1,1,1,,remax,143098126-446
2806,2025-12-03,sale,terreno,"Ypacaraí, Central",,Central,Ypacaraí,420,land,,115000000,PYG,16746.8,115000000,PYG,16746.8,6866.985,40,0,1,0,2,0,0,second record of one deal,remax,143106009-4
2928,2025-12-03,rent,duplex,Asunción,Sajonia,Asunción,,160,land,2,4500000,PYG,655.31,4000000,PYG,582.5,6866.985,4,-11.111,0,1,1,1,1,,remax,143061068-44
3130,2025-12-03,rent,casa,"Villa Elisa, Central",,Central,Villa Elisa,160,built,4,2800000,PYG,407.75,2800000,PYG,407.75,6866.985,3,0,1,0,1,1,1,,remax,143014041-449
310281,2025-12-03,sale,edificio,"Lambaré, Central",,Central,Lambaré,1608,built,,500000,USD,500000,3450000000,PYG,502403.89,6866.985,312,0.481,0,0,1,1,0,cross-currency,remax,143098018-30
313368,2025-12-03,rent,oficina,"Ciudad del Este, Alto Paraná",,Alto Paraná,Ciudad del Este,184,built,,2200,USD,2200,2183,USD,2183,6866.985,12,-0.773,0,1,1,1,1,,remax,114001022-155
102,2025-12-04,sale,terreno,Asunción,Itá Enramada,Asunción,,,,,300000000,PYG,43620.85,300000000,PYG,43620.85,6877.445,,0,1,0,1,1,1,,remax,143094028-50
265,2025-12-04,rent,local,"Encarnación, Itapúa",,Itapúa,Encarnación,497,built,,5500000,PYG,799.72,5500000,PYG,799.72,6877.445,2,0,1,0,1,1,1,,remax,143011007-2118
1032,2025-12-04,sale,terreno,"Filadelfia, Boquerón",,Boquerón,,,,,105280000,PYG,15308.01,100000000,PYG,14540.28,6877.445,,-5.015,0,1,1,1,1,,remax,143102001-70
1045,2025-12-04,rent,casa,Asunción,Mburucuyá,Asunción,,240,built,3,6500000,PYG,945.12,6000000,PYG,872.42,6877.445,4,-7.692,0,1,1,1,1,,remax,143100026-33
2309,2025-12-04,rent,departamento,Asunción,Pinoza,Asunción,,180,built,3,4200000,PYG,610.69,4200000,PYG,610.69,6877.445,3,0,1,0,1,1,1,,remax,143072119-77
2404,2025-12-04,rent,departamento,Asunción,Ytay,Asunción,,73,land,2,4200000,PYG,610.69,4200000,PYG,610.69,6877.445,8,0,1,0,1,1,1,,remax,143063105-102
2524,2025-12-04,sale,casa,Asunción,Virgen del Huerto,Asunción,,160,built,3,1230800000,PYG,178961.81,1150000000,PYG,167213.26,6877.445,1045,-6.565,0,1,1,1,1,,remax,143054077-45
3003,2025-12-04,sale,departamento,Asunción,San Cristóbal,Asunción,,50,land,1,95000,USD,95000,653600000,PYG,95035.29,6877.445,1901,0.037,0,0,1,1,0,cross-currency,remax,143096014-37
3036,2025-12-04,sale,terreno,"San Antonio, Central",,Central,San Antonio,,,,120000000,PYG,17448.34,90000000,PYG,13086.26,6877.445,,-25,0,1,1,1,1,,remax,143020098-32
3738,2025-12-04,rent,departamento,Asunción,Recoleta,Asunción,,1,land,1,3900000,PYG,567.07,3900000,PYG,567.07,6877.445,567,0,1,0,1,1,1,,remax,143098074-11
309358,2025-12-04,rent,local,"Ciudad del Este, Alto Paraná",,Alto Paraná,Ciudad del Este,1054,built,,3750,USD,3750,25950000,PYG,3773.2,6877.445,4,0.619,0,0,1,1,0,cross-currency,remax,143099021-11
310917,2025-12-04,sale,terreno,Asunción,Las Lomas (Carmelitas),Asunción,,390,land,,290000,USD,290000,1966500000,PYG,285934.67,6877.445,733,-1.402,0,0,1,1,0,cross-currency,remax,143098018-27
312082,2025-12-04,rent,duplex,"Santa Rita, Alto Paraná",,Alto Paraná,,441,land,1,2500000,PYG,363.51,2500000,PYG,363.51,6877.445,1,0,1,0,1,1,1,,remax,143065040-23
253,2025-12-05,sale,terreno,"Limpio, Central",,Central,Limpio,400,land,,180000000,PYG,26277.89,155000000,PYG,22628.18,6849.865,57,-13.889,0,1,1,1,1,,remax,143014179-29
293,2025-12-05,rent,departamento,Asunción,Loma Pytá,Asunción,,60,built,1,330000,PYG,48.18,330000,PYG,48.18,6849.865,1,0,1,0,1,1,1,,remax,143061056-133
403,2025-12-05,rent,casa,"San Lorenzo, Central",,Central,San Lorenzo,140,built,3,2600000,PYG,379.57,2600000,PYG,379.57,6849.865,3,0,1,0,2,1,1,,remax,143063070-162
548,2025-12-05,rent,casa,"San Lorenzo, Central",,Central,San Lorenzo,140,built,3,2600000,PYG,379.57,2600000,PYG,379.57,6849.865,3,0,1,0,2,0,0,second record of one deal,remax,143063070-166
1412,2025-12-05,sale,deposito,"Villa Elisa, Central",,Central,Villa Elisa,360,land,,292500000,PYG,42701.57,292500000,PYG,42701.57,6849.865,119,0,1,0,1,1,1,,remax,143098133-611
1921,2025-12-05,sale,departamento,Asunción,Santísima Trinidad,Asunción,,42,land,1,59200,USD,59200,401376000,PYG,58596.19,6849.865,1395,-1.02,0,0,1,1,0,cross-currency,remax,143098009-677
2426,2025-12-05,sale,casa,"Luque, Central",,Central,Luque,95,built,2,440000000,PYG,64234.84,440000000,PYG,64234.84,6849.865,676,0,1,0,1,1,1,,remax,143063220-7
2560,2025-12-05,sale,terreno,"Hernandarias, Alto Paraná",,Alto Paraná,Hernandarias,,,,160000000,PYG,23358.12,160000000,PYG,23358.12,6849.865,,0,1,0,1,1,1,,remax,143050150-41
2734,2025-12-05,rent,departamento,Asunción,Manorá,Asunción,,320,land,1,850,USD,850,5865000,PYG,856.22,6849.865,3,0.732,0,0,1,1,0,cross-currency,remax,143098058-42
3154,2025-12-05,rent,oficina,"Luque, Central",,Central,Luque,,,,6900000,PYG,1007.32,5700000,PYG,832.13,6849.865,,-17.392,0,1,1,1,1,,remax,143038001-213
3212,2025-12-05,sale,deposito,"Villa Elisa, Central",,Central,Villa Elisa,360,land,,292500000,PYG,42701.57,292500000,PYG,42701.57,6849.865,119,0,1,0,1,1,1,,remax,143014005-794
3289,2025-12-05,sale,terreno,"Santa Rita, Alto Paraná",,Alto Paraná,,,,,25500,USD,25500,175950000,PYG,25686.64,6849.865,,0.732,0,0,1,1,0,cross-currency,remax,143065028-40
4045,2025-12-05,rent,otro,"Santa Rita, Alto Paraná",,Alto Paraná,,540,built,,1950000,PYG,284.68,1950000,PYG,284.68,6849.865,1,0,1,0,1,1,1,,remax,143065026-200
4056,2025-12-05,rent,departamento,"Luque, Central",,Central,Luque,61,land,2,3200000,PYG,467.16,3200000,PYG,467.16,6849.865,8,0,1,0,1,1,1,,remax,143094007-96
4281,2025-12-05,rent,local,"Encarnación, Itapúa",,Itapúa,Encarnación,,,,1200000,PYG,175.19,1200000,PYG,175.19,6849.865,,0,1,0,1,1,1,,remax,143032035-288
309044,2025-12-05,rent,casa,"San Lorenzo, Central",,Central,San Lorenzo,140,built,3,2600000,PYG,379.57,2600000,PYG,379.57,6849.865,3,0,1,0,2,1,1,,remax,143063193-131
310678,2025-12-05,sale,casa,"Luque, Central",,Central,Luque,213,built,,425000000,PYG,62045.02,415000000,PYG,60585.14,6849.865,284,-2.353,0,1,1,1,1,,remax,143001160-16
312250,2025-12-05,rent,casa,"San Lorenzo, Central",,Central,San Lorenzo,140,built,3,2600000,PYG,379.57,2600000,PYG,379.57,6849.865,3,0,1,0,2,0,0,second record of one deal,remax,143063193-127
1626,2025-12-06,rent,duplex,"Luque, Central",,Central,Luque,273,built,3,5500000,PYG,802.94,5000000,PYG,729.94,6849.865,3,-9.092,0,1,1,1,1,,remax,143025151-75
1993,2025-12-06,sale,duplex,"Luque, Central",,Central,Luque,92,built,2,350000000,PYG,51095.9,355000000,PYG,51825.84,6849.865,563,1.429,0,0,1,1,1,,remax,143094007-40
2243,2025-12-06,sale,casa,"Filadelfia, Boquerón",,Boquerón,,340,built,3,1169000000,PYG,170660.3,1069000000,PYG,156061.47,6849.865,459,-8.554,0,1,1,1,1,,remax,143102001-47
2663,2025-12-06,sale,departamento,"Encarnación, Itapúa",,Itapúa,Encarnación,148,land,3,281000,USD,281000,281000,USD,281000,6849.865,1896,0,1,0,1,1,1,,remax,143032069-75
2730,2025-12-06,sale,terreno,"Villarrica, Guairá",,Guairá,,467,land,,170000000,PYG,24818.01,170000000,PYG,24818.01,6849.865,53,0,1,0,1,1,1,,remax,143095004-87
2607,2025-12-07,rent,local,"Itauguá, Central",,Central,Itauguá,382,built,,16000000,PYG,2335.81,12000000,PYG,1751.86,6849.865,5,-25,0,1,1,1,1,,remax,143080127-18
3386,2025-12-07,rent,duplex,"Fernando de la Mora, Central",,Central,Fernando de la Mora,175,built,3,5000000,PYG,729.94,4500000,PYG,656.95,6849.865,4,-9.999,0,1,1,1,1,,remax,143025033-463
1745,2025-12-08,rent,casa,"Presidente Franco, Alto Paraná",,Alto Paraná,,200,built,4,3000000,PYG,437.96,3000000,PYG,437.96,6849.865,2,0,1,0,1,1,1,,remax,143050033-212
2956,2025-12-08,sale,departamento,Asunción,Recoleta,Asunción,,114,land,3,115000,USD,115000,574000000,PYG,83797.27,6849.865,735,-27.133,0,0,1,1,0,cross-currency,remax,143063102-237
3138,2025-12-08,rent,departamento,Asunción,San Vicente,Asunción,,90,land,2,2800000,PYG,408.77,2800000,PYG,408.77,6849.865,5,0,1,0,1,1,1,,remax,143028037-116
4373,2025-12-08,rent,local,Asunción,Pettirossi,Asunción,,100,built,,4400000,PYG,642.35,4400000,PYG,642.35,6849.865,6,0,1,0,1,1,1,,remax,143063102-322
310317,2025-12-08,sale,departamento,Asunción,Las Lomas (Carmelitas),Asunción,,45,built,,115000,USD,115000,770500000,PYG,112483.97,6849.865,2500,-2.188,0,0,1,1,0,cross-currency,remax,143056050-58
313573,2025-12-08,sale,departamento,"Ciudad del Este, Alto Paraná",,Alto Paraná,Ciudad del Este,92,land,2,178900,USD,178900,1198630000,PYG,174985.93,6849.865,1902,-2.188,0,0,1,1,0,cross-currency,remax,143099021-12
130,2025-12-09,sale,duplex,"Lambaré, Central",,Central,Lambaré,175,built,3,725000000,PYG,106396.95,712000000,PYG,104489.14,6814.105,597,-1.793,0,1,1,1,1,,remax,143068063-142
487,2025-12-09,rent,oficina,Asunción,Mariscal Estigarribia,Asunción,,,,,1500,USD,1500,10500000,PYG,1540.92,6814.105,,2.728,0,0,1,1,0,cross-currency,remax,143098020-76
518,2025-12-09,sale,terreno,"Capiatá, Central",,Central,Capiatá,,,,105000000,PYG,15409.21,92000000,PYG,13501.41,6814.105,,-12.381,0,1,1,1,1,,remax,143063098-53
2319,2025-12-09,sale,casa,"Encarnación, Itapúa",,Itapúa,Encarnación,160,built,3,380000000,PYG,55766.68,380000000,PYG,55766.68,6814.105,349,0,1,0,1,1,1,,remax,143011043-218
2337,2025-12-09,rent,casa,"Villa Elisa, Central",,Central,Villa Elisa,112,built,3,2000000,PYG,293.51,2000000,PYG,293.51,6814.105,3,0,1,0,1,1,1,,remax,143092079-5
2396,2025-12-09,sale,departamento,Asunción,Las Lomas (Carmelitas),Asunción,,,,2,145778,USD,145778,874668000,PYG,128361.39,6814.105,,-11.947,0,0,1,1,0,cross-currency,remax,143056031-682
2401,2025-12-09,sale,casa,"Presidente Franco, Alto Paraná",,Alto Paraná,,196,built,4,600000000,PYG,88052.65,600000000,PYG,88052.65,6814.105,449,0,1,0,1,1,1,,remax,143050174-2
3040,2025-12-09,sale,duplex,"Luque, Central",,Central,Luque,115,built,3,595000000,PYG,87318.88,560000000,PYG,82182.47,6814.105,715,-5.882,0,1,1,1,1,,remax,143094007-41
4286,2025-12-09,rent,departamento,"Capiatá, Central",,Central,Capiatá,85,land,2,2850000,PYG,418.25,2500000,PYG,366.89,6814.105,4,-12.28,0,1,1,1,1,,remax,143009135-59
4369,2025-12-09,rent,departamento,"Encarnación, Itapúa",,Itapúa,Encarnación,,,3,3600000,PYG,528.32,3600000,PYG,528.32,6814.105,,0,1,0,1,1,1,,remax,143011007-2132
880,2025-12-10,sale,terreno,Asunción,Santa Librada,Asunción,,381,land,,400000000,PYG,59251.75,390000000,PYG,57770.46,6750.855,152,-2.5,0,1,1,1,1,,remax,143014103-176
1436,2025-12-10,sale,terreno,"Luque, Central",,Central,Luque,380,land,,70000000,PYG,10369.06,48000000,PYG,7110.21,6750.855,19,-31.429,0,1,1,1,1,,remax,143061077-15
1729,2025-12-10,sale,departamento,Asunción,Las Lomas (Carmelitas),Asunción,,54,land,1,98826,USD,98826,672016800,PYG,99545.44,6750.855,1833,0.728,0,0,1,1,0,cross-currency,remax,143056031-684
2441,2025-12-10,rent,casa,"Santa Rita, Alto Paraná",,Alto Paraná,,280,built,4,3500000,PYG,518.45,3500000,PYG,518.45,6750.855,2,0,1,0,1,1,1,,remax,143065033-10
2683,2025-12-10,rent,deposito,"Ciudad del Este, Alto Paraná",,Alto Paraná,Ciudad del Este,420,built,,8000000,PYG,1185.04,8000000,PYG,1185.04,6750.855,3,0,1,0,1,1,1,,remax,114001022-256
2805,2025-12-10,sale,terreno,Asunción,Santa Librada,Asunción,,381,land,,400000000,PYG,59251.75,390000000,PYG,57770.46,6750.855,152,-2.5,0,1,1,1,1,,remax,143098122-91
3324,2025-12-10,rent,casa,"Santa Rita, Alto Paraná",,Alto Paraná,,75,built,2,2500000,PYG,370.32,2500000,PYG,370.32,6750.855,5,0,1,0,1,1,1,,remax,143065021-159
3565,2025-12-10,sale,terreno,"San Antonio, Central",,Central,San Antonio,3151,land,,1900000000,PYG,281445.83,1900000000,PYG,281445.83,6750.855,89,0,1,0,1,1,1,,remax,143019010-221
3709,2025-12-10,rent,departamento,"San Lorenzo, Central",,Central,San Lorenzo,72,built,2,3600000,PYG,533.27,3500000,PYG,518.45,6750.855,7,-2.779,0,1,1,1,1,,remax,143072073-100
4021,2025-12-10,sale,terreno,"Santa Rita, Alto Paraná",,Alto Paraná,,,,,63500,USD,63500,432752500,PYG,64103.36,6750.855,,0.95,0,0,1,1,0,cross-currency,remax,143065021-155
4184,2025-12-10,rent,departamento,Asunción,Terminal,Asunción,,300,built,2,3000000,PYG,444.39,3000000,PYG,444.39,6750.855,1,0,1,0,1,1,1,,remax,143072118-7
4377,2025-12-10,rent,deposito,"Encarnación, Itapúa",,Itapúa,Encarnación,240,built,,5500000,PYG,814.71,4500000,PYG,666.58,6750.855,3,-18.182,0,1,1,1,1,,remax,143085019-526
4482,2025-12-10,rent,departamento,"Lambaré, Central",,Central,Lambaré,45,built,1,1100000,PYG,162.94,1100000,PYG,162.94,6750.855,4,0,1,0,1,1,1,,remax,143028006-133
310350,2025-12-10,sale,casa,"Luque, Central",,Central,Luque,137,built,3,152000,USD,152000,1129512000,PYG,167313.92,6750.855,1221,10.075,0,0,1,1,0,cross-currency,remax,143063076-99
312118,2025-12-10,rent,oficina,"Ciudad del Este, Alto Paraná",,Alto Paraná,Ciudad del Este,,,,1000,USD,1000,7000000,PYG,1036.91,6750.855,,3.691,0,0,1,1,0,cross-currency,remax,143099027-21
717,2025-12-11,sale,duplex,"Fernando de la Mora, Central",,Central,Fernando de la Mora,170,built,3,560000000,PYG,83373.22,505000000,PYG,75184.78,6716.785,442,-9.821,0,1,1,1,1,,remax,143028006-126
741,2025-12-11,rent,departamento,Asunción,Bernardino Caballero,Asunción,,38,land,1,3500000,PYG,521.08,3500000,PYG,521.08,6716.785,14,0,1,0,1,1,1,,remax,143014179-28
800,2025-12-11,sale,terreno,"Luque, Central",,Central,Luque,362,land,,68000000,PYG,10123.89,65000000,PYG,9677.25,6716.785,27,-4.412,0,1,1,1,1,,remax,143096011-72
1229,2025-12-11,sale,terreno,"Encarnación, Itapúa",,Itapúa,Encarnación,504,land,,80000000,PYG,11910.46,70000000,PYG,10421.65,6716.785,21,-12.5,0,1,1,1,1,,remax,143032061-5
2701,2025-12-11,rent,casa,"Capiatá, Central",,Central,Capiatá,120,built,2,1500000,PYG,223.32,1500000,PYG,223.32,6716.785,2,0,1,0,1,1,1,,remax,143072073-82
2895,2025-12-11,rent,departamento,"Encarnación, Itapúa",,Itapúa,Encarnación,35,built,1,1500000,PYG,223.32,1500000,PYG,223.32,6716.785,6,0,1,0,1,1,1,,remax,143085019-536
3269,2025-12-11,sale,departamento,"Ciudad del Este, Alto Paraná",,Alto Paraná,Ciudad del Este,80,built,2,60000,USD,60000,370315000,PYG,55132.78,6716.785,689,-8.112,0,0,1,1,0,cross-currency,remax,143050006-93
3363,2025-12-11,rent,otro,"Fernando de la Mora, Central",,Central,Fernando de la Mora,90,built,2,2300000,PYG,342.43,2300000,PYG,342.43,6716.785,4,0,1,0,1,1,1,,remax,143092058-85
4448,2025-12-11,sale,terreno,"Lambaré, Central",,Central,Lambaré,,,,120000,USD,120000,737000000,PYG,109725.11,6716.785,,-8.562,0,0,1,1,0,cross-currency,remax,143098030-8
308523,2025-12-11,rent,duplex,"Santa Rita, Alto Paraná",,Alto Paraná,,441,land,1,2500000,PYG,372.2,2500000,PYG,372.2,6716.785,1,0,1,0,1,1,1,,remax,143065040-27
312075,2025-12-11,rent,local,"Fernando de la Mora, Central",,Central,Fernando de la Mora,43,built,,4650000,PYG,692.3,4500000,PYG,669.96,6716.785,15,-3.227,0,1,1,1,1,,remax,143084049-8
99,2025-12-12,rent,duplex,"Luque, Central",,Central,Luque,150,built,4,3000000,PYG,456.76,3000000,PYG,456.76,6568.005,3,0,1,0,1,1,1,,remax,143028037-117
167,2025-12-12,sale,casa,"Guarambaré, Central",,Central,,50,built,2,119000000,PYG,18118.13,119000000,PYG,18118.13,6568.005,362,0,1,0,1,1,1,,remax,143054111-59
985,2025-12-12,sale,terreno,"San Bernardino, Cordillera",,Cordillera,San Bernardino,6080,land,1,300000000,PYG,45675.97,325000000,PYG,49482.3,6568.005,8,8.333,0,0,1,1,1,,remax,143036008-98
1137,2025-12-12,rent,local,"Luque, Central",,Central,Luque,40,built,,1900000,PYG,289.28,1700000,PYG,258.83,6568.005,6,-10.526,0,1,1,1,1,,remax,143068006-146
1453,2025-12-12,rent,terreno,"Loma Plata, Boquerón",,Boquerón,,,,,4000000,PYG,609.01,4000000,PYG,609.01,6568.005,,0,1,0,1,1,1,,remax,143078001-172
1615,2025-12-12,sale,departamento,Asunción,Las Lomas (Carmelitas),Asunción,,113,land,2,185500,USD,185500,1093100000,PYG,166428.01,6568.005,1473,-10.281,0,0,1,1,0,cross-currency,remax,143036045-186
1633,2025-12-12,sale,departamento,"Ciudad del Este, Alto Paraná",,Alto Paraná,Ciudad del Este,1000,land,2,171000,USD,171000,1151343000,PYG,175295.69,6568.005,175,2.512,0,0,1,1,0,cross-currency,remax,143050054-93
2080,2025-12-12,sale,casa,"Luque, Central",,Central,Luque,70,built,2,330000000,PYG,50243.57,330000000,PYG,50243.57,6568.005,718,0,1,0,1,1,1,,remax,143071054-513
2293,2025-12-12,rent,oficina,Asunción,Villa Morra,Asunción,,,,,1200,USD,1200,1100,USD,1100,6568.005,,-8.333,0,1,1,1,1,,remax,143063070-665
2785,2025-12-12,sale,departamento,Asunción,Villa Morra,Asunción,,300,built,2,185000,USD,185000,985080000,PYG,149981.62,6568.005,500,-18.929,0,0,1,1,0,cross-currency,remax,143054045-88
2885,2025-12-12,sale,terreno,"Santa Rita, Alto Paraná",,Alto Paraná,,600,land,,40000,USD,40000,268000000,PYG,40803.87,6568.005,68,2.01,0,0,1,1,0,cross-currency,remax,143065028-22
2966,2025-12-12,rent,local,"Encarnación, Itapúa",,Itapúa,Encarnación,63,land,,2800000,PYG,426.31,2800000,PYG,426.31,6568.005,7,0,1,0,1,1,1,,remax,143011007-1986
3098,2025-12-12,rent,duplex,"Fernando de la Mora, Central",,Central,Fernando de la Mora,180,built,4,7000000,PYG,1065.77,6800000,PYG,1035.32,6568.005,6,-2.857,0,1,1,1,1,,remax,143025136-75
3261,2025-12-12,rent,departamento,Asunción,Tacumbú,Asunción,,79,built,2,3200000,PYG,487.21,2800000,PYG,426.31,6568.005,5,-12.5,0,1,1,1,1,,remax,143061061-119
3924,2025-12-12,sale,otro,"Presidente Franco, Alto Paraná",,Alto Paraná,,108,built,,380000000,PYG,57856.23,350000000,PYG,53288.63,6568.005,493,-7.895,0,1,1,1,1,,remax,143050081-77
308406,2025-12-12,rent,casa,Asunción,San Roque,Asunción,,360,built,3,4800000,PYG,730.82,4500000,PYG,685.14,6568.005,2,-6.251,0,1,1,1,1,,remax,143063207-5
309517,2025-12-12,rent,oficina,Asunción,Villa Morra,Asunción,,,,,1200,USD,1200,1100,USD,1100,6568.005,,-8.333,0,1,1,1,1,,remax,143063219-17
1257,2025-12-13,rent,departamento,Asunción,Ciudad Nueva,Asunción,,360,land,1,1800000,PYG,274.06,1800000,PYG,274.06,6568.005,1,0,1,0,1,1,1,,remax,143080203-33
1387,2025-12-13,rent,departamento,Asunción,Recoleta,Asunción,,49,land,1,500,USD,500,3350000,PYG,510.05,6568.005,10,2.01,0,0,1,1,0,cross-currency,remax,143056036-169
2037,2025-12-13,rent,otro,"Loma Plata, Boquerón",,Boquerón,,47,built,,6000000,PYG,913.52,6000000,PYG,913.52,6568.005,19,0,1,0,1,1,1,,remax,143016008-514
2786,2025-12-13,rent,duplex,"San Lorenzo, Central",,Central,San Lorenzo,100,land,3,3750000,PYG,570.95,3750000,PYG,570.95,6568.005,6,0,1,0,1,1,1,,remax,143100026-29
3854,2025-12-13,rent,departamento,Asunción,Las Lomas (Carmelitas),Asunción,,35,land,1,5100000,PYG,776.49,5100000,PYG,776.49,6568.005,22,0,1,0,1,1,1,,remax,143056054-57
777,2025-12-14,sale,terreno,"Encarnación, Itapúa",,Itapúa,Encarnación,,,,180000000,PYG,27405.58,170000000,PYG,25883.05,6568.005,,-5.556,0,1,1,1,1,,remax,143032009-100
360,2025-12-15,rent,casa,"Minga Guazú, Alto Paraná",,Alto Paraná,Minga Guazú,60,built,2,4000000,PYG,625.29,4000000,PYG,625.29,6397.055,10,0,1,0,1,1,1,,remax,143050002-237
809,2025-12-15,sale,casa,Asunción,Nazareth,Asunción,,625,built,5,355000,USD,355000,2363250000,PYG,369427.81,6397.055,591,4.064,0,0,1,1,0,cross-currency,remax,143098122-214
2274,2025-12-15,sale,terreno,"San Bernardino, Cordillera",,Cordillera,San Bernardino,4179,land,,250000,USD,250000,1675000000,PYG,261839.24,6397.055,63,4.736,0,0,1,1,0,cross-currency,remax,143094028-28
2320,2025-12-15,sale,terreno,"Fernando de la Mora, Central",,Central,Fernando de la Mora,,,,280000,USD,280000,1687000000,PYG,263715.1,6397.055,,-5.816,0,0,1,1,0,cross-currency,remax,143098025-45
2390,2025-12-15,sale,terreno,"Lambaré, Central",,Central,Lambaré,432,land,,350000000,PYG,54712.68,350000000,PYG,54712.68,6397.055,127,0,1,0,1,1,1,,remax,143063090-43
2990,2025-12-15,sale,casa,Asunción,Nazareth,Asunción,,625,built,5,355000,USD,355000,2363250000,PYG,369427.81,6397.055,591,4.064,0,0,1,1,0,cross-currency,remax,143014103-187
3191,2025-12-15,sale,terreno,"Fernando de la Mora, Central",,Central,Fernando de la Mora,100,built,2,620000000,PYG,96919.6,565000000,PYG,88321.89,6397.055,883,-8.871,0,1,1,1,1,,remax,143036051-187
3400,2025-12-15,rent,casa,"Encarnación, Itapúa",,Itapúa,Encarnación,120,built,3,2300000,PYG,359.54,2300000,PYG,359.54,6397.055,3,0,1,0,1,1,1,,remax,143032009-160
3641,2025-12-15,sale,casa,"San Bernardino, Cordillera",,Cordillera,San Bernardino,228,built,3,190000,USD,190000,1167232000,PYG,182463.96,6397.055,800,-3.966,0,0,1,1,0,cross-currency,remax,143036034-121
4062,2025-12-15,rent,departamento,Asunción,Ycuá Satí,Asunción,,360,land,1,850,USD,850,5360000,PYG,837.89,6397.055,2,-1.425,0,0,1,1,0,cross-currency,remax,143098058-39
90500,2025-12-15,sale,departamento,Asunción,Recoleta,Asunción,,137,built,2,155000,USD,155000,150000,USD,150000,6397.055,1095,-3.226,0,1,1,1,1,,remax,143001140-84
313432,2025-12-15,rent,oficina,Asunción,Herrera,Asunción,,40,built,,440,USD,440,440,USD,440,6397.055,11,0,1,0,1,1,1,,remax,143001163-8
43,2025-12-16,sale,otro,Asunción,Carmelitas,Asunción,,,,,16500,USD,16500,109428000,PYG,16501.56,6631.375,,0.009,0,0,1,1,0,cross-currency,remax,143063130-95
88,2025-12-16,sale,departamento,"Luque, Central",,Central,Luque,57,land,2,510000000,PYG,76907.13,464903200,PYG,70106.61,6631.375,1230,-8.843,0,1,1,1,1,,remax,143037112-46
343,2025-12-16,sale,terreno,"Filadelfia, Boquerón",,Boquerón,,,,,122000000,PYG,18397.39,112000000,PYG,16889.41,6631.375,,-8.197,0,1,1,1,1,,remax,143016034-10
427,2025-12-16,rent,duplex,"Lambaré, Central",,Central,Lambaré,12,built,3,3500000,PYG,527.79,3500000,PYG,527.79,6631.375,44,0,1,0,1,1,1,,remax,143025222-16
474,2025-12-16,sale,terreno,"Los Cedrales, Alto Paraná",,Alto Paraná,,,,,33425,USD,33425,221674600,PYG,33428.15,6631.375,,0.009,0,0,1,1,0,cross-currency,remax,143050065-46
1087,2025-12-16,sale,duplex,"Lambaré, Central",,Central,Lambaré,126,built,3,620000000,PYG,93494.94,605000000,PYG,91232.96,6631.375,724,-2.419,0,1,1,1,1,,remax,143014167-72
1275,2025-12-16,sale,casa,"Luque, Central",,Central,Luque,60,built,2,350000000,PYG,52779.4,350000000,PYG,52779.4,6631.375,880,0,1,0,1,1,1,,remax,143063076-87
1792,2025-12-16,sale,terreno,Asunción,Herrera,Asunción,,1200,land,,650000,USD,650000,4078680000,PYG,615057.96,6631.375,513,-5.376,0,0,1,1,0,cross-currency,remax,143071054-326
1806,2025-12-16,sale,terreno,"Limpio, Central",,Central,Limpio,360,land,1,50000000,PYG,7539.91,42000000,PYG,6333.53,6631.375,18,-16,0,1,1,1,1,,remax,143061066-11
1979,2025-12-16,sale,departamento,Asunción,Villa Morra,Asunción,,39,land,1,79700,USD,79700,546742000,PYG,82447.76,6631.375,2114,3.448,0,0,1,1,0,cross-currency,remax,143056067-3
2191,2025-12-16,sale,terreno,"Fernando de la Mora, Central",,Central,Fernando de la Mora,60,built,,650000000,PYG,98018.89,630000000,PYG,95002.92,6631.375,1583,-3.077,0,1,1,1,1,,remax,143025204-34
2916,2025-12-16,rent,departamento,Asunción,Barrio Jara,Asunción,,53,land,1,3800000,PYG,573.03,3500000,PYG,527.79,6631.375,10,-7.895,0,1,1,1,1,,remax,143097001-100
3035,2025-12-16,sale,duplex,"Lambaré, Central",,Central,Lambaré,126,built,3,620000000,PYG,93494.94,605000000,PYG,91232.96,6631.375,724,-2.419,0,1,1,1,1,,remax,143098115-116
3182,2025-12-16,rent,casa,"San Lorenzo, Central",,Central,San Lorenzo,120,built,3,2300000,PYG,346.84,2300000,PYG,346.84,6631.375,3,0,1,0,1,1,1,,remax,143009127-87
3958,2025-12-16,sale,otro,"General Elizardo Aquino, San Pedro",,San Pedro,,,,,1198000000,PYG,180656.35,1041239700,PYG,157017.16,6631.375,,-13.085,0,1,1,1,1,,remax,143054072-47
4297,2025-12-16,rent,otro,"Filadelfia, Boquerón",,Boquerón,,,,4,4500000,PYG,678.59,4500000,PYG,678.59,6631.375,,0,1,0,1,1,1,,remax,143102001-89
362,2025-12-17,sale,departamento,"Fernando de la Mora, Central",,Central,Fernando de la Mora,29,built,1,213824000,PYG,32027.68,213824000,PYG,32027.68,6676.225,1104,0,1,0,1,1,1,,remax,143028041-39
382,2025-12-17,sale,departamento,Asunción,Mburucuyá,Asunción,,103,land,2,160000,USD,160000,935250000,PYG,140086.65,6676.225,1360,-12.446,0,0,1,1,0,cross-currency,remax,143014052-100
1361,2025-12-17,sale,terreno,"Encarnación, Itapúa",,Itapúa,Encarnación,1862,land,,1000000000,PYG,149785.25,860000000,PYG,128815.31,6676.225,69,-14,0,1,1,1,1,,remax,143032061-106
2751,2025-12-17,rent,duplex,"Cambyretá, Itapúa",,Itapúa,Cambyretá,146,land,3,700,USD,700,4680900,PYG,701.13,6676.225,5,0.161,0,0,1,1,0,cross-currency,remax,143011091-43
2863,2025-12-17,sale,terreno,"Limpio, Central",,Central,Limpio,,,,115000000,PYG,17225.3,115000000,PYG,17225.3,6676.225,,0,1,0,1,1,1,,remax,143019010-213
2934,2025-12-17,rent,departamento,Asunción,San Cristóbal,Asunción,,110,land,2,5000000,PYG,748.93,5000000,PYG,748.93,6676.225,7,0,1,0,1,1,1,,remax,143025004-111
3216,2025-12-17,rent,departamento,"San Lorenzo, Central",,Central,San Lorenzo,138,land,3,2500000,PYG,374.46,2200000,PYG,329.53,6676.225,2,-11.999,0,1,1,1,1,,remax,114006077-24
3258,2025-12-17,rent,casa,"Encarnación, Itapúa",,Itapúa,Encarnación,42,built,2,2000000,PYG,299.57,2000000,PYG,299.57,6676.225,7,0,1,0,1,1,1,,remax,143011091-40
3361,2025-12-17,rent,departamento,"Luque, Central",,Central,Luque,52,land,2,3500000,PYG,524.25,3500000,PYG,524.25,6676.225,10,0,1,0,1,1,1,,remax,143098020-79
3392,2025-12-17,rent,departamento,"Encarnación, Itapúa",,Itapúa,Encarnación,70,land,2,5500000,PYG,823.82,5500000,PYG,823.82,6676.225,12,0,1,0,1,1,1,,remax,143011024-365
4023,2025-12-17,sale,terreno,"Limpio, Central",,Central,Limpio,,,,155000000,PYG,23216.71,155000000,PYG,23216.71,6676.225,,0,1,0,1,1,1,,remax,143100021-10
308333,2025-12-17,rent,departamento,Asunción,Las Lomas (Carmelitas),Asunción,,32,land,1,680,USD,680,4590000,PYG,687.51,6676.225,21,1.104,0,0,1,1,0,cross-currency,remax,143056047-79
107,2025-12-18,rent,casa,"San Bernardino, Cordillera",,Cordillera,San Bernardino,150,built,3,8000000,PYG,1192.49,8000000,PYG,1192.49,6708.635,8,0,1,0,1,1,1,,remax,143061061-128
1060,2025-12-18,rent,duplex,"Fernando de la Mora, Central",,Central,Fernando de la Mora,90,land,2,2500000,PYG,372.65,2500000,PYG,372.65,6708.635,4,0,1,0,1,1,1,,remax,143095030-1
1878,2025-12-18,sale,otro,Asunción,Las Lomas (Carmelitas),Asunción,,,,,15000,USD,15000,100650000,PYG,15003.05,6708.635,,0.02,0,0,1,1,0,cross-currency,remax,143056033-210
2028,2025-12-18,sale,departamento,"Encarnación, Itapúa",,Itapúa,Encarnación,33,land,1,48700,USD,48700,329699000,PYG,49145.47,6708.635,1489,0.915,0,0,1,1,0,cross-currency,remax,143098009-693
2308,2025-12-18,rent,departamento,Asunción,Recoleta,Asunción,,500,land,1,3800000,PYG,566.43,3800000,PYG,566.43,6708.635,1,0,1,0,1,1,1,,remax,143056033-209
3618,2025-12-18,sale,duplex,"Fernando de la Mora, Central",,Central,Fernando de la Mora,195,land,3,115000,USD,115000,805000000,PYG,119994.6,6708.635,615,4.343,0,0,1,1,0,cross-currency,remax,143019093-32
3875,2025-12-18,rent,departamento,"Lambaré, Central",,Central,Lambaré,360,land,2,1750000,PYG,260.86,1750000,PYG,260.86,6708.635,1,0,1,0,1,1,1,,remax,143080193-11
3889,2025-12-18,sale,terreno,"Arroyos y Esteros, Cordillera",,Cordillera,,1035,land,,11000,USD,11000,73832000,PYG,11005.52,6708.635,11,0.05,0,0,1,1,0,cross-currency,remax,143084044-12
3928,2025-12-18,sale,terreno,"Encarnación, Itapúa",,Itapúa,Encarnación,,,,150000,USD,150000,693000000,PYG,103299.7,6708.635,,-31.134,0,0,1,1,0,cross-currency,remax,143032035-283
4244,2025-12-18,rent,casa,Asunción,Itá Enramada,Asunción,,350,built,5,5000000,PYG,745.31,5000000,PYG,745.31,6708.635,2,0,1,0,1,1,1,,remax,143098054-53
4313,2025-12-18,rent,deposito,"Ñemby, Central",,Central,Ñemby,517,built,,3500000,PYG,521.72,3000000,PYG,447.18,6708.635,1,-14.287,0,1,1,1,1,,remax,143026124-29
126,2025-12-19,rent,departamento,Asunción,Villa Morra,Asunción,,130,land,3,1800,USD,1800,12060000,PYG,1784.98,6756.39,14,-0.834,0,0,1,1,0,cross-currency,remax,143038011-380
421,2025-12-19,rent,departamento,"Cambyretá, Itapúa",,Itapúa,Cambyretá,,,1,1700000,PYG,251.61,1700000,PYG,251.61,6756.39,,0,1,0,1,1,1,,remax,143011007-2135
674,2025-12-19,sale,departamento,Asunción,Mburicaó,Asunción,,52,built,1,345000000,PYG,51062.77,410000000,PYG,60683.29,6756.39,1167,18.841,0,0,1,1,1,,remax,143063065-69
1183,2025-12-19,sale,terreno,"San Antonio, Central",,Central,San Antonio,396,land,,140000000,PYG,20721.12,140000000,PYG,20721.12,6756.39,52,0,1,0,1,1,1,,remax,143096011-71
1233,2025-12-19,sale,terreno,"Ypacaraí, Central",,Central,Ypacaraí,,,,499000000,PYG,73856.01,355000000,PYG,52542.85,6756.39,,-28.858,0,1,1,1,1,,remax,143063070-165
2598,2025-12-19,sale,terreno,"San Juan del Paraná, Itapúa",,Itapúa,San Juan del Paraná,150,built,,395000000,PYG,58463.17,395000000,PYG,58463.17,6756.39,390,0,1,0,1,1,1,,remax,143085019-106
2779,2025-12-19,sale,casa,"Lambaré, Central",,Central,Lambaré,350,built,4,1550000000,PYG,229412.45,1400000000,PYG,207211.25,6756.39,592,-9.677,0,1,1,1,1,,remax,143063188-127
2984,2025-12-19,sale,terreno,"Cambyretá, Itapúa",,Itapúa,Cambyretá,480,land,,50000,USD,50000,338650000,PYG,50122.92,6756.39,104,0.246,0,0,1,1,0,cross-currency,remax,143011024-233
3247,2025-12-19,rent,deposito,"Capiatá, Central",,Central,Capiatá,,,,14300000,PYG,2116.51,10000000,PYG,1480.08,6756.39,,-30.07,0,1,1,1,1,,remax,143025199-8
3547,2025-12-19,sale,departamento,Asunción,Bella Vista,Asunción,,107,land,2,214921,USD,214921,1554373590,PYG,230059.78,6756.39,2150,7.044,0,0,1,1,0,cross-currency,remax,143098009-692
3938,2025-12-19,rent,casa,"Luque, Central",,Central,Luque,70,built,2,2500000,PYG,370.02,2500000,PYG,370.02,6756.39,5,0,1,0,1,1,1,,remax,143019021-93
4025,2025-12-19,rent,oficina,Asunción,Las Lomas (Carmelitas),Asunción,,509,land,,4545,USD,4545,4545,USD,4545,6756.39,9,0,1,0,1,1,1,,remax,143048025-81
308232,2025-12-19,sale,casa,"Ciudad del Este, Alto Paraná",,Alto Paraná,Ciudad del Este,360,land,2,260000000,PYG,38482.09,260000000,PYG,38482.09,6756.39,107,0,1,0,1,1,1,,remax,143099023-31
310148,2025-12-19,rent,local,Asunción,San Roque,Asunción,,,,,2700000,PYG,399.62,2500000,PYG,370.02,6756.39,,-7.407,0,1,1,1,1,,remax,143063130-88
311389,2025-12-19,sale,terreno,"Areguá, Central",,Central,Areguá,,,,440000,USD,440000,2747000000,PYG,406578.07,6756.39,,-7.596,0,0,1,1,0,cross-currency,remax,143094036-27
312443,2025-12-19,rent,departamento,Asunción,Los Laureles,Asunción,,30,land,1,3000000,PYG,444.02,3000000,PYG,444.02,6756.39,15,0,1,0,1,1,1,,remax,143036034-140
313215,2025-12-19,sale,terreno,"Ypacaraí, Central",,Central,Ypacaraí,,,,499000000,PYG,73856.01,355000000,PYG,52542.85,6756.39,,-28.858,0,1,1,1,1,,remax,143063193-130
228,2025-12-20,rent,departamento,"Limpio, Central",,Central,Limpio,360,land,1,1100000,PYG,162.81,1100000,PYG,162.81,6756.39,0,0,1,0,1,1,1,,remax,143025144-59
1180,2025-12-20,rent,departamento,Asunción,Ciudad Nueva,Asunción,,400,land,2,2400000,PYG,355.22,2400000,PYG,355.22,6756.39,1,0,1,0,1,1,1,,remax,143080203-30
4304,2025-12-20,rent,departamento,Asunción,Catedral,Asunción,,129,land,3,4900000,PYG,725.24,4900000,PYG,725.24,6756.39,6,0,1,0,1,1,1,,remax,143100017-22
339,2025-12-22,rent,duplex,"Cambyretá, Itapúa",,Itapúa,Cambyretá,160,land,2,3500000,PYG,513.67,3500000,PYG,513.67,6813.725,3,0,1,0,1,1,1,,remax,143032035-290
461,2025-12-22,rent,departamento,Asunción,Ytay,Asunción,,50,land,1,3500000,PYG,513.67,3500000,PYG,513.67,6813.725,10,0,1,0,1,1,1,,remax,143109002-1
554,2025-12-22,sale,duplex,"Luque, Central",,Central,Luque,126,land,3,170000,USD,170000,1090056000,PYG,159979.45,6813.725,1270,-5.894,0,0,1,1,0,cross-currency,remax,143063152-46
565,2025-12-22,sale,casa,"Hernandarias, Alto Paraná",,Alto Paraná,Hernandarias,110,built,2,395000000,PYG,57971.23,395000000,PYG,57971.23,6813.725,527,0,1,0,1,1,1,,remax,143050150-37
573,2025-12-22,rent,otro,"Encarnación, Itapúa",,Itapúa,Encarnación,,,,750,USD,750,750,USD,750,6813.725,,0,1,0,1,1,1,,remax,143032035-289
654,2025-12-22,sale,terreno,"Paraguarí, Paraguarí",,Paraguarí,,140000,land,,250000,USD,250000,1490110600,PYG,218692.51,6813.725,2,-12.523,0,0,1,1,0,cross-currency,remax,143098115-105
906,2025-12-22,rent,local,"San Lorenzo, Central",,Central,San Lorenzo,60,built,,2000000,PYG,293.53,1700000,PYG,249.5,6813.725,4,-15,0,1,1,1,1,,remax,143028010-165
1596,2025-12-22,sale,terreno,"Paraguarí, Paraguarí",,Paraguarí,,140000,land,,250000,USD,250000,1490110600,PYG,218692.51,6813.725,2,-12.523,0,0,1,1,0,cross-currency,remax,143014167-69
2018,2025-12-22,rent,departamento,"Lambaré, Central",,Central,Lambaré,100,built,3,4000000,PYG,587.05,4000000,PYG,587.05,6813.725,6,0,1,0,1,1,1,,remax,143028010-170
2546,2025-12-22,rent,departamento,Asunción,Ycuá Satí,Asunción,,120,land,2,2000,USD,2000,13540000,PYG,1987.17,6813.725,17,-0.642,0,0,1,1,0,cross-currency,remax,143098007-62
2702,2025-12-22,sale,departamento,"San Lorenzo, Central",,Central,San Lorenzo,44,built,1,270000000,PYG,39625.9,250000000,PYG,36690.65,6813.725,836,-7.407,0,1,1,1,1,,remax,143009135-46
2719,2025-12-22,rent,duplex,Asunción,Republicano,Asunción,,180,built,4,4000000,PYG,587.05,4000000,PYG,587.05,6813.725,3,0,1,0,1,1,1,,remax,143025149-243
2855,2025-12-22,rent,departamento,"Encarnación, Itapúa",,Itapúa,Encarnación,60,built,1,3500000,PYG,513.67,3500000,PYG,513.67,6813.725,9,0,1,0,1,1,1,,remax,143032061-132
2869,2025-12-22,rent,otro,"Filadelfia, Boquerón",,Boquerón,,47,built,,1500000,PYG,220.14,1500000,PYG,220.14,6813.725,5,0,1,0,1,1,1,,remax,143016008-506
3066,2025-12-22,sale,terreno,"Ypacaraí, Central",,Central,Ypacaraí,420,land,,120000000,PYG,17611.51,120000000,PYG,17611.51,6813.725,42,0,1,0,1,1,1,,remax,143106009-5
3349,2025-12-22,rent,departamento,Asunción,San Vicente,Asunción,,345,land,2,3300000,PYG,484.32,3000000,PYG,440.29,6813.725,1,-9.091,0,1,1,1,1,,remax,143068074-41
3782,2025-12-22,sale,terreno,"San Lorenzo, Central",,Central,San Lorenzo,,,,250000000,PYG,36690.65,250000000,PYG,36690.65,6813.725,,0,1,0,1,1,1,,remax,143072132-5
4535,2025-12-22,sale,casa,"San Bernardino, Cordillera",,Cordillera,San Bernardino,230,built,3,747000000,PYG,109631.66,600000000,PYG,88057.56,6813.725,383,-19.679,0,1,1,1,1,,remax,143094012-21
1,2025-12-23,sale,terreno,"Hernandarias, Alto Paraná",,Alto Paraná,Hernandarias,,,,280000000,PYG,41316.22,250000000,PYG,36889.48,6777,,-10.714,0,1,1,1,1,,remax,143050150-34
26,2025-12-23,rent,duplex,"Luque, Central",,Central,Luque,180,land,,5000000,PYG,737.79,5200000,PYG,767.3,6777,4,4,0,0,1,1,1,,remax,143098074-7
279,2025-12-23,sale,terreno,"Mariano Roque Alonso, Central",,Central,Mariano Roque Alonso,,,,1580000000,PYG,233141.51,1580000000,PYG,233141.51,6777,,0,1,0,1,1,1,,remax,143063132-91
312,2025-12-23,sale,casa,"Coronel Oviedo, Caaguazú",,Caaguazú,,148,built,3,250000000,PYG,36889.48,250000000,PYG,36889.48,6777,249,0,1,0,1,1,1,,remax,143095004-28
342,2025-12-23,sale,casa,"Mariano Roque Alonso, Central",,Central,Mariano Roque Alonso,70,built,2,330000000,PYG,48694.11,330000000,PYG,48694.11,6777,696,0,1,0,1,1,1,,remax,143048005-209
560,2025-12-23,sale,casa,Asunción,Tacumbú,Asunción,,250,built,7,850000000,PYG,125424.23,800000000,PYG,118046.33,6777,472,-5.882,0,1,1,1,1,,remax,143094007-53
1019,2025-12-23,rent,casa,"Filadelfia, Boquerón",,Boquerón,,76,built,2,3000000,PYG,442.67,3000000,PYG,442.67,6777,6,0,1,0,1,1,1,,remax,143016030-36
1042,2025-12-23,rent,departamento,"Encarnación, Itapúa",,Itapúa,Encarnación,360,land,1,3500000,PYG,516.45,3500000,PYG,516.45,6777,1,0,1,0,1,1,1,,remax,143032066-50
1456,2025-12-23,sale,departamento,Asunción,Herrera,Asunción,,35,land,1,60000,USD,60000,394400000,PYG,58196.84,6777,1663,-3.005,0,0,1,1,0,cross-currency,remax,143025145-336
2154,2025-12-23,sale,terreno,"Luque, Central",,Central,Luque,,,,90000000,PYG,13280.21,90000000,PYG,13280.21,6777,,0,1,0,3,1,1,,remax,114006001-243
2289,2025-12-23,rent,departamento,"Fernando de la Mora, Central",,Central,Fernando de la Mora,360,land,1,1900000,PYG,280.36,1800000,PYG,265.6,6777,1,-5.265,0,1,1,1,1,,remax,143092053-36
2349,2025-12-23,sale,terreno,"Ciudad del Este, Alto Paraná",,Alto Paraná,Ciudad del Este,,,,160000000,PYG,23609.27,150000000,PYG,22133.69,6777,,-6.25,0,1,1,1,1,,remax,143050100-27
2569,2025-12-23,sale,terreno,"Fernando de la Mora, Central",,Central,Fernando de la Mora,,,,750000000,PYG,110668.44,750000000,PYG,110668.44,6777,,0,1,0,1,1,1,,remax,143098067-16
3213,2025-12-23,sale,terreno,"Luque, Central",,Central,Luque,,,,435000000,PYG,64187.69,400000000,PYG,59023.17,6777,,-8.046,0,1,1,1,1,,remax,143063192-128
3249,2025-12-23,sale,terreno,"Luque, Central",,Central,Luque,,,,90000000,PYG,13280.21,90000000,PYG,13280.21,6777,,0,1,0,3,0,0,second record of one deal,remax,114006001-242
3713,2025-12-23,sale,departamento,Asunción,Manorá,Asunción,,174,built,2,270000,USD,270000,1625000000,PYG,239781.61,6777,1378,-11.192,0,0,1,1,0,cross-currency,remax,143098055-1
3761,2025-12-23,rent,departamento,"Fernando de la Mora, Central",,Central,Fernando de la Mora,6,land,2,1200000,PYG,177.07,1200000,PYG,177.07,6777,30,0,1,0,1,1,1,,remax,143025155-231
4078,2025-12-23,sale,casa,"Capiatá, Central",,Central,Capiatá,85,built,2,259000000,PYG,38217.5,260000000,PYG,38365.06,6777,454,0.386,0,0,1,1,1,,remax,143061056-77
4105,2025-12-23,rent,departamento,"San Lorenzo, Central",,Central,San Lorenzo,360,land,2,1900000,PYG,280.36,1900000,PYG,280.36,6777,1,0,1,0,1,1,1,,remax,143092053-35
4195,2025-12-23,sale,terreno,"Luque, Central",,Central,Luque,,,,90000000,PYG,13280.21,90000000,PYG,13280.21,6777,,0,1,0,3,0,0,second record of one deal,remax,114006001-244
4381,2025-12-23,sale,casa,Asunción,Catedral,Asunción,,300,built,4,110000,USD,110000,620000000,PYG,91485.91,6777,305,-16.831,0,0,1,1,0,cross-currency,remax,143098009-630
309089,2025-12-23,rent,departamento,"Luque, Central",,Central,Luque,30,land,1,2000000,PYG,295.12,2000000,PYG,295.12,6777,10,0,1,0,1,1,1,,remax,143063219-19
312868,2025-12-23,sale,terreno,"Minga Guazú, Alto Paraná",,Alto Paraná,Minga Guazú,600,land,,52000,USD,52000,340600000,PYG,50258.23,6777,84,-3.35,0,0,1,1,0,cross-currency,remax,143099027-17
313562,2025-12-23,rent,duplex,"Villa Elisa, Central",,Central,Villa Elisa,104,built,3,3500000,PYG,516.45,3500000,PYG,516.45,6777,5,0,1,0,1,1,1,,remax,143036139-78
857,2025-12-24,sale,departamento,Asunción,Mburicaó,Asunción,,59,built,2,65000,USD,65000,431730000,PYG,65252.93,6616.255,1106,0.389,0,0,1,1,0,cross-currency,remax,143096002-96
4152,2025-12-24,sale,departamento,Asunción,Mburicaó,Asunción,,59,built,1,495000000,PYG,74815.74,365310000,PYG,55214.01,6616.255,936,-26.2,0,1,1,1,1,,remax,143096002-80
953,2025-12-25,sale,terreno,"San Bernardino, Cordillera",,Cordillera,San Bernardino,,,,76422,USD,76422,534954000,PYG,80854.5,6616.255,,5.8,0,0,1,1,0,cross-currency,remax,143063172-25
1320,2025-12-26,sale,departamento,Asunción,Ytay,Asunción,,500,land,1,51500,USD,51500,328656000,PYG,49674.02,6616.255,99,-3.546,0,0,1,1,0,cross-currency,remax,143098070-10
1417,2025-12-26,rent,departamento,"Mariano Roque Alonso, Central",,Central,Mariano Roque Alonso,360,land,3,6000000,PYG,906.86,5600000,PYG,846.4,6616.255,2,-6.667,0,1,1,1,1,,remax,143025149-241
2710,2025-12-26,rent,departamento,Asunción,Ycuá Satí,Asunción,,90,land,2,4500000,PYG,680.14,4500000,PYG,680.14,6616.255,8,0,1,0,1,1,1,,remax,143098074-13
3947,2025-12-26,sale,departamento,"Luque, Central",,Central,Luque,36,land,1,126580,USD,126580,886060000,PYG,133921.68,6616.255,3720,5.8,0,0,1,1,0,cross-currency,remax,143063141-101
2922,2025-12-27,rent,casa,"Lambaré, Central",,Central,Lambaré,200,built,2,4000000,PYG,604.57,3500000,PYG,529,6616.255,3,-12.5,0,1,1,1,1,,remax,143026188-71
3245,2025-12-27,rent,departamento,"San Lorenzo, Central",,Central,San Lorenzo,72,built,1,3000000,PYG,453.43,3000000,PYG,453.43,6616.255,6,0,1,0,1,1,1,,remax,143072073-105
113,2025-12-28,sale,terreno,"Fernando de la Mora, Central",,Central,Fernando de la Mora,,,,575000000,PYG,86907.17,570000000,PYG,86151.46,6616.255,,-0.87,0,1,1,1,1,,remax,143036040-190
960,2025-12-29,rent,casa,"San Bernardino, Cordillera",,Cordillera,San Bernardino,200,built,4,30000000,PYG,4569.76,30000000,PYG,4569.76,6564.895,23,0,1,0,1,1,1,,remax,143061061-124
1201,2025-12-29,sale,terreno,"Ypané, Central",,Central,Ypané,499,land,,85000000,PYG,12947.66,85000000,PYG,12947.66,6564.895,26,0,1,0,1,1,1,,remax,143098116-22
1338,2025-12-29,rent,otro,"Santa Rita, Alto Paraná",,Alto Paraná,,90,built,3,1250000,PYG,190.41,1250000,PYG,190.41,6564.895,2,0,1,0,1,1,1,,remax,143065029-59
1798,2025-12-29,rent,oficina,"Encarnación, Itapúa",,Itapúa,Encarnación,18,built,,2500000,PYG,380.81,2500000,PYG,380.81,6564.895,21,0,1,0,1,1,1,,remax,143032072-50
1957,2025-12-29,rent,otro,"San Lorenzo, Central",,Central,San Lorenzo,,,2,1800000,PYG,274.19,1800000,PYG,274.19,6564.895,,0,1,0,1,1,1,,remax,143072124-22
1986,2025-12-29,sale,terreno,"Cambyretá, Itapúa",,Itapúa,Cambyretá,567,land,,105000,USD,105000,696360000,PYG,106073.29,6564.895,187,1.022,0,0,1,1,0,cross-currency,remax,143011030-169
2023,2025-12-29,rent,departamento,Asunción,Bella Vista,Asunción,,26,land,,2500000,PYG,380.81,2500000,PYG,380.81,6564.895,15,0,1,0,1,1,1,,remax,143063070-389
2051,2025-12-29,rent,departamento,"Fernando de la Mora, Central",,Central,Fernando de la Mora,69,built,2,3600000,PYG,548.37,3400000,PYG,517.91,6564.895,8,-5.555,0,1,1,1,1,,remax,143100035-23
2252,2025-12-29,sale,departamento,Asunción,Villa Morra,Asunción,,1,built,2,123000,USD,123000,759000000,PYG,115614.95,6564.895,115615,-6.004,0,0,1,1,0,cross-currency,remax,143025155-192
2402,2025-12-29,sale,terreno,"Ciudad del Este, Alto Paraná",,Alto Paraná,Ciudad del Este,,,,260000000,PYG,39604.59,210000000,PYG,31988.33,6564.895,,-19.231,0,1,1,1,1,,remax,143050175-17
2835,2025-12-29,rent,casa,"Encarnación, Itapúa",,Itapúa,Encarnación,210,built,3,1300,USD,1300,8683577,PYG,1322.73,6564.895,6,1.748,0,0,1,1,0,cross-currency,remax,143085019-537
3671,2025-12-29,sale,casa,"Itauguá, Central",,Central,Itauguá,92,built,2,297000000,PYG,45240.63,290000000,PYG,44174.35,6564.895,480,-2.357,0,1,1,1,1,,remax,143028041-104
4053,2025-12-29,sale,terreno,Asunción,Mburucuyá,Asunción,,800,land,,3356000000,PYG,511203.91,3356000000,PYG,511203.91,6564.895,639,0,1,0,1,1,1,,remax,143098054-55
4167,2025-12-29,rent,departamento,"Cambyretá, Itapúa",,Itapúa,Cambyretá,1,land,2,2150000,PYG,327.5,2150000,PYG,327.5,6564.895,328,0,1,0,1,1,1,,remax,143011007-2125
4187,2025-12-29,sale,terreno,"Ypané, Central",,Central,Ypané,499,land,,85000000,PYG,12947.66,85000000,PYG,12947.66,6564.895,26,0,1,0,1,1,1,,remax,143014141-231
310866,2025-12-29,rent,duplex,"Villa Elisa, Central",,Central,Villa Elisa,220,built,3,4000000,PYG,609.3,4000000,PYG,609.3,6564.895,3,0,1,0,1,1,1,,remax,143036139-80
225,2025-12-30,sale,terreno,"Luque, Central",,Central,Luque,,,,100000000,PYG,15199.87,100000000,PYG,15199.87,6579.005,,0,1,0,3,1,1,,remax,143028003-204
335,2025-12-30,rent,casa,"Itauguá, Central",,Central,Itauguá,138,built,3,1500000,PYG,228,1500000,PYG,228,6579.005,2,0,1,0,1,1,1,,remax,143014133-141
668,2025-12-30,rent,departamento,"Ciudad del Este, Alto Paraná",,Alto Paraná,Ciudad del Este,85,land,2,7890000,PYG,1199.27,7890000,PYG,1199.27,6579.005,14,0,1,0,1,1,1,,remax,143050113-28
808,2025-12-30,rent,departamento,"Fernando de la Mora, Central",,Central,Fernando de la Mora,63,land,2,2800000,PYG,425.6,2150000,PYG,326.8,6579.005,5,-23.214,0,1,1,1,1,,remax,143036040-186
1136,2025-12-30,sale,casa,"Lambaré, Central",,Central,Lambaré,240,built,4,500000000,PYG,75999.33,500000000,PYG,75999.33,6579.005,317,0,1,0,1,1,1,,remax,143061066-19
1252,2025-12-30,rent,departamento,Asunción,Bernardino Caballero,Asunción,,98,land,3,4800000,PYG,729.59,4800000,PYG,729.59,6579.005,7,0,1,0,1,1,1,,remax,143054077-66
1707,2025-12-30,rent,departamento,Asunción,San Roque,Asunción,,29,land,1,2500000,PYG,380,2500000,PYG,380,6579.005,13,0,1,0,1,1,1,,remax,143063130-97
2192,2025-12-30,sale,casa,Asunción,Madame Lynch,Asunción,,675,built,4,800000,USD,800000,5204000000,PYG,791001.07,6579.005,1172,-1.125,0,0,1,1,0,cross-currency,remax,143068099-15
2271,2025-12-30,sale,terreno,"Luque, Central",,Central,Luque,,,,100000000,PYG,15199.87,100000000,PYG,15199.87,6579.005,,0,1,0,3,0,0,second record of one deal,remax,143028003-208
2384,2025-12-30,rent,local,Asunción,Catedral,Asunción,,81,land,,2400000,PYG,364.8,2400000,PYG,364.8,6579.005,5,0,1,0,1,1,1,,remax,143098129-7
2823,2025-12-30,rent,oficina,Asunción,Villa Morra,Asunción,,,,,9240,USD,9240,38867700,PYG,5907.84,6579.005,,-36.062,0,0,1,1,0,cross-currency,remax,143094012-31
2937,2025-12-30,sale,terreno,"San Bernardino, Cordillera",,Cordillera,San Bernardino,,,,89000,USD,89000,623000000,PYG,94695.17,6579.005,,6.399,0,0,1,1,0,cross-currency,remax,143063172-26
3177,2025-12-30,rent,casa,"Itauguá, Central",,Central,Itauguá,138,built,3,1500000,PYG,228,1500000,PYG,228,6579.005,2,0,1,0,1,1,1,,remax,143098109-139
3342,2025-12-30,sale,terreno,"Luque, Central",,Central,Luque,,,,100000000,PYG,15199.87,100000000,PYG,15199.87,6579.005,,0,1,0,3,0,0,second record of one deal,remax,143028003-196
3625,2025-12-30,rent,casa,"Lambaré, Central",,Central,Lambaré,366,built,5,7500000,PYG,1139.99,7500000,PYG,1139.99,6579.005,3,0,1,0,1,1,1,,remax,143026188-66
3753,2025-12-30,rent,local,Asunción,Catedral,Asunción,,81,land,,2400000,PYG,364.8,2400000,PYG,364.8,6579.005,5,0,1,0,1,1,1,,remax,143014181-7
4370,2025-12-30,sale,rural,"Caazapá, Caazapá",,Caazapá,,64,built,,480000000,PYG,72959.36,480000000,PYG,72959.36,6579.005,1140,0,1,0,1,1,1,,remax,143095004-96
310717,2025-12-30,sale,terreno,"Ciudad del Este, Alto Paraná",,Alto Paraná,Ciudad del Este,411,built,,220000000,PYG,33439.71,185000000,PYG,28119.75,6579.005,68,-15.909,0,1,1,1,1,,remax,143099004-60
90,2025-12-31,sale,departamento,"Luque, Central",,Central,Luque,36,land,1,170000,USD,170000,1119280000,PYG,170129.07,6579.005,4726,0.076,0,0,1,1,0,cross-currency,remax,143063141-108
1432,2025-12-31,sale,casa,"Presidente Franco, Alto Paraná",,Alto Paraná,,118,built,3,127000,USD,127000,886620000,PYG,134765.06,6579.005,1142,6.114,0,0,1,1,0,cross-currency,remax,143050135-26
3377,2025-12-31,rent,casa,"San Juan del Paraná, Itapúa",,Itapúa,San Juan del Paraná,47,built,2,1350000,PYG,205.2,1350000,PYG,205.2,6579.005,4,0,1,0,1,1,1,,remax,143085033-134
3720,2025-12-31,rent,deposito,Asunción,Nazareth,Asunción,,,,,4000000,PYG,607.99,4000000,PYG,607.99,6579.005,,0,1,0,1,1,1,,remax,143025154-132
199227,2025-12-31,sale,terreno,"Luque, Central",,Central,Luque,624,land,,723000000,PYG,109895.04,710000000,PYG,107919.05,6579.005,173,-1.798,0,1,1,1,1,,remax,143063199-5
311113,2025-12-31,sale,terreno,"Hernandarias, Alto Paraná",,Alto Paraná,Hernandarias,,,,220000000,PYG,33439.71,185000000,PYG,28119.75,6579.005,,-15.909,0,1,1,1,1,,remax,143099004-61
449,2026-01-01,rent,departamento,"Mariano Roque Alonso, Central",,Central,Mariano Roque Alonso,28,land,1,3000000,PYG,456,2893000,PYG,439.73,6579.005,16,-3.568,0,1,1,1,1,,remax,143068137-3
1375,2026-01-01,rent,departamento,Asunción,Recoleta,Asunción,,38,land,1,2800000,PYG,425.6,2800000,PYG,425.6,6579.005,11,0,1,0,1,1,1,,remax,143054116-55
3632,2026-01-01,rent,departamento,Asunción,Las Lomas (Carmelitas),Asunción,,73,land,2,820,USD,820,5477600,PYG,832.59,6579.005,11,1.535,0,0,1,1,0,cross-currency,remax,143096014-34
3645,2026-01-01,rent,local,"Caacupé, Cordillera",,Cordillera,Caacupé,130,built,,1900000,PYG,288.8,1500000,PYG,228,6579.005,2,-21.053,0,1,1,1,1,,remax,143094043-8
3917,2026-01-01,rent,departamento,"Luque, Central",,Central,Luque,56,land,2,3400000,PYG,516.8,3400000,PYG,516.8,6579.005,9,0,1,0,1,1,1,,remax,143054116-54
308638,2026-01-01,rent,local,Asunción,Mburicaó,Asunción,,,,,6950000,PYG,1056.39,6900000,PYG,1048.79,6579.005,,-0.719,0,1,1,1,1,,remax,143084037-43
308919,2026-01-01,rent,local,"San Lorenzo, Central",,Central,San Lorenzo,58,built,,3650000,PYG,554.8,3200000,PYG,486.4,6579.005,8,-12.329,0,1,1,1,1,,remax,143084037-53
311509,2026-01-01,rent,local,Asunción,San Roque,Asunción,,,,,6862000,PYG,1043.01,5900000,PYG,896.79,6579.005,,-14.019,0,1,1,1,1,,remax,143084037-57
391,2026-01-02,sale,casa,Asunción,Los Laureles,Asunción,,706,built,,330000,USD,330000,1988100000,PYG,295445.05,6729.17,418,-10.471,0,0,1,1,0,cross-currency,remax,143098027-66
616,2026-01-02,rent,casa,"Capiatá, Central",,Central,Capiatá,80,built,2,1650000,PYG,245.2,1650000,PYG,245.2,6729.17,3,0,1,0,1,1,1,,remax,143009115-40
1418,2026-01-02,sale,terreno,"Villa Elisa, Central",,Central,Villa Elisa,,,,200000000,PYG,29721.35,200000000,PYG,29721.35,6729.17,,0,1,0,1,1,1,,remax,143072016-159
2085,2026-01-02,sale,terreno,"San Bernardino, Cordillera",,Cordillera,San Bernardino,4567,land,,460000000,PYG,68359.1,440000000,PYG,65386.96,6729.17,14,-4.348,0,1,1,1,1,,remax,143106004-4
2606,2026-01-02,sale,terreno,Asunción,Mburucuyá,Asunción,,,,,175000,USD,175000,1181980800,PYG,175650.31,6729.17,,0.372,0,0,1,1,0,cross-currency,remax,143028010-153
3304,2026-01-02,sale,terreno,"Villa Elisa, Central",,Central,Villa Elisa,,,,290000000,PYG,43095.95,280000000,PYG,41609.89,6729.17,,-3.448,0,1,1,1,1,,remax,143025116-39
4240,2026-01-02,rent,oficina,Asunción,Villa Morra,Asunción,,485,built,,6887,USD,6887,5934,USD,5934,6729.17,12,-13.838,0,1,1,1,1,,remax,143094012-32
312094,2026-01-02,sale,casa,"Ciudad del Este, Alto Paraná",,Alto Paraná,Ciudad del Este,154,built,3,720000000,PYG,106996.85,720000000,PYG,106996.85,6729.17,695,0,1,0,1,1,1,,remax,143099012-37
312477,2026-01-02,rent,departamento,Asunción,Las Lomas (Carmelitas),Asunción,,42,land,1,730,USD,730,4781000,PYG,710.49,6729.17,17,-2.673,0,0,1,1,0,cross-currency,remax,143056047-89
312534,2026-01-02,rent,departamento,Asunción,Recoleta,Asunción,,75,land,2,6000000,PYG,891.64,6000000,PYG,891.64,6729.17,12,0,1,0,1,1,1,,remax,143056047-76
174,2026-01-03,rent,departamento,Asunción,Barrio Jara,Asunción,,65,built,1,2200000,PYG,326.93,2200000,PYG,326.93,6729.17,5,0,1,0,1,1,1,,remax,143019024-156
552,2026-01-03,rent,casa,Asunción,Barrio Jara,Asunción,,100,built,3,4000000,PYG,594.43,4000000,PYG,594.43,6729.17,6,0,1,0,1,1,1,,remax,143072101-8
1224,2026-01-03,rent,departamento,"Villa Elisa, Central",,Central,Villa Elisa,360,land,1,1800000,PYG,267.49,2000000,PYG,297.21,6729.17,1,11.111,0,0,1,1,1,,remax,143054058-29
103,2026-01-05,rent,departamento,"Capiatá, Central",,Central,Capiatá,50,land,1,1800000,PYG,266.57,1800000,PYG,266.57,6752.515,5,0,1,0,1,1,1,,remax,143009135-76
240,2026-01-05,rent,departamento,Asunción,Recoleta,Asunción,,52,land,1,3800000,PYG,562.75,3600000,PYG,533.13,6752.515,10,-5.263,0,1,1,1,1,,remax,143098061-38
301,2026-01-05,sale,terreno,Asunción,Loma Pytá,Asunción,,480,land,,100000,USD,100000,600000000,PYG,88855.78,6752.515,185,-11.144,0,0,3,1,0,cross-currency,remax,143025156-176
315,2026-01-05,rent,local,"Fernando de la Mora, Central",,Central,Fernando de la Mora,,,,5000000,PYG,740.46,5000000,PYG,740.46,6752.515,,0,1,0,1,1,1,,remax,143028041-112
610,2026-01-05,sale,departamento,"San Lorenzo, Central",,Central,San Lorenzo,51,built,1,69282,USD,69282,450350000,PYG,66693.67,6752.515,1305,-3.736,0,0,1,1,0,cross-currency,remax,143098017-110
1400,2026-01-05,sale,terreno,"Cambyretá, Itapúa",,Itapúa,Cambyretá,500,land,,500000000,PYG,74046.48,500000000,PYG,74046.48,6752.515,148,0,1,0,1,1,1,,remax,143011030-238
1558,2026-01-05,rent,departamento,"Ñemby, Central",,Central,Ñemby,50,built,1,1300000,PYG,192.52,1300000,PYG,192.52,6752.515,4,0,1,0,1,1,1,,remax,143019021-109
1559,2026-01-05,sale,terreno,Asunción,Loma Pytá,Asunción,,480,land,,100000,USD,100000,600000000,PYG,88855.78,6752.515,185,-11.144,0,0,3,0,0,cross-currency,remax,143025156-175
1677,2026-01-05,sale,duplex,"Lambaré, Central",,Central,Lambaré,210,built,3,785000000,PYG,116252.98,750000000,PYG,111069.73,6752.515,529,-4.459,0,1,1,1,1,,remax,143096011-56
2156,2026-01-05,sale,terreno,Asunción,Loma Pytá,Asunción,,480,land,,100000,USD,100000,600000000,PYG,88855.78,6752.515,185,-11.144,0,0,3,0,0,cross-currency,remax,143025156-174
2250,2026-01-05,rent,deposito,"Fernando de la Mora, Central",,Central,Fernando de la Mora,420,land,,6600000,PYG,977.41,6600000,PYG,977.41,6752.515,2,0,1,0,1,1,1,,remax,143014181-8
2739,2026-01-05,rent,deposito,"Fernando de la Mora, Central",,Central,Fernando de la Mora,420,land,,6600000,PYG,977.41,6600000,PYG,977.41,6752.515,2,0,1,0,1,1,1,,remax,143098129-8
3017,2026-01-05,sale,terreno,"Luque, Central",,Central,Luque,360,land,,450000000,PYG,66641.84,390000000,PYG,57756.26,6752.515,160,-13.333,0,1,1,1,1,,remax,143094053-2
3214,2026-01-05,sale,departamento,"Luque, Central",,Central,Luque,72,land,2,128750,USD,128750,868676250,PYG,128644.85,6752.515,1787,-0.082,0,0,1,1,0,cross-currency,remax,143063141-117
3577,2026-01-05,rent,duplex,"San Lorenzo, Central",,Central,San Lorenzo,114,built,4,5000000,PYG,740.46,5000000,PYG,740.46,6752.515,6,0,1,0,1,1,1,,remax,143037122-53
3863,2026-01-05,sale,terreno,"Cambyretá, Itapúa",,Itapúa,Cambyretá,1137,land,,280000000,PYG,41466.03,250000000,PYG,37023.24,6752.515,33,-10.714,0,1,1,1,1,,remax,143032061-124
558,2026-01-06,rent,departamento,"Fernando de la Mora, Central",,Central,Fernando de la Mora,28,land,1,2500000,PYG,377.59,2500000,PYG,377.59,6620.965,13,0,1,0,1,1,1,,remax,143025146-70
770,2026-01-06,sale,casa,"San Bernardino, Cordillera",,Cordillera,San Bernardino,120,built,,430000000,PYG,64945.22,430000000,PYG,64945.22,6620.965,541,0,1,0,1,1,1,,remax,143100020-48
908,2026-01-06,rent,departamento,Asunción,Las Mercedes,Asunción,,37,land,1,3360000,PYG,507.48,3360000,PYG,507.48,6620.965,14,0,1,0,1,1,1,,remax,143037137-8
948,2026-01-06,sale,duplex,"Luque, Central",,Central,Luque,120,land,2,750000000,PYG,113276.54,750000000,PYG,113276.54,6620.965,944,0,1,0,1,1,1,,remax,143080002-345
1312,2026-01-06,sale,terreno,"Encarnación, Itapúa",,Itapúa,Encarnación,360,land,,75000000,PYG,11327.65,75000000,PYG,11327.65,6620.965,31,0,1,0,1,1,1,,remax,143011007-2011
1734,2026-01-06,rent,departamento,Asunción,Las Mercedes,Asunción,,49,built,1,4100000,PYG,619.25,4100000,PYG,619.25,6620.965,13,0,1,0,1,1,1,,remax,143096015-55
1749,2026-01-06,rent,casa,"San Juan del Paraná, Itapúa",,Itapúa,San Juan del Paraná,500,built,5,270,USD,270,1768550,PYG,267.11,6620.965,1,-1.07,0,0,1,1,0,cross-currency,remax,143085019-539
1750,2026-01-06,sale,terreno,"Cambyretá, Itapúa",,Itapúa,Cambyretá,480,land,,150000000,PYG,22655.31,150000000,PYG,22655.31,6620.965,47,0,1,0,1,1,1,,remax,143011007-1164
1790,2026-01-06,rent,departamento,Asunción,Villa Aurelia,Asunción,,70,land,2,3800000,PYG,573.93,3800000,PYG,573.93,6620.965,8,0,1,0,1,1,1,,remax,143098010-95
1917,2026-01-06,rent,casa,"Encarnación, Itapúa",,Itapúa,Encarnación,,,3,3350000,PYG,505.97,3350000,PYG,505.97,6620.965,,0,1,0,1,1,1,,remax,143011007-2153
2335,2026-01-06,rent,departamento,"Encarnación, Itapúa",,Itapúa,Encarnación,35,land,1,1300000,PYG,196.35,1300000,PYG,196.35,6620.965,6,0,1,0,1,1,1,,remax,143011087-29
2678,2026-01-06,sale,casa,Asunción,Carlos Antonio López,Asunción,,250,built,4,1000000000,PYG,151035.39,830000000,PYG,125359.37,6620.965,501,-17,0,1,1,1,1,,remax,143061061-82
2680,2026-01-06,sale,terreno,"San Lorenzo, Central",,Central,San Lorenzo,720,land,,310000,USD,310000,1740000000,PYG,262801.57,6620.965,365,-15.225,0,0,1,1,0,cross-currency,remax,143025156-113
3118,2026-01-06,rent,casa,"Lambaré, Central",,Central,Lambaré,110,built,3,2500000,PYG,377.59,2500000,PYG,377.59,6620.965,3,0,1,0,1,1,1,,remax,143019044-121
3485,2026-01-06,rent,departamento,"Cambyretá, Itapúa",,Itapúa,Cambyretá,,,1,1650000,PYG,249.21,1650000,PYG,249.21,6620.965,,0,1,0,1,1,1,,remax,143011007-2141
4337,2026-01-06,sale,duplex,Asunción,San Jorge,Asunción,,190,built,3,175000,USD,175000,1000000000,PYG,151035.39,6620.965,795,-13.694,0,0,1,1,0,cross-currency,remax,143098017-92
310719,2026-01-06,sale,departamento,"Ciudad del Este, Alto Paraná",,Alto Paraná,Ciudad del Este,152,land,2,183900,USD,183900,1232130000,PYG,186095.23,6620.965,1224,1.194,0,0,1,1,0,cross-currency,remax,143099021-13
468,2026-01-07,sale,terreno,"San Antonio, Central",,Central,San Antonio,360,land,,145000000,PYG,22308.84,135000000,PYG,20770.3,6499.665,58,-6.897,0,1,1,1,1,,remax,143063196-102
2179,2026-01-07,sale,terreno,Asunción,Villa Aurelia,Asunción,,,,,165000,USD,165000,979836000,PYG,150751.77,6499.665,,-8.635,0,0,1,1,0,cross-currency,remax,143098020-71
3438,2026-01-07,sale,terreno,"Villa Elisa, Central",,Central,Villa Elisa,184,land,,200000000,PYG,30770.82,200000000,PYG,30770.82,6499.665,167,0,1,0,1,1,1,,remax,143072016-182
3724,2026-01-07,rent,casa,Asunción,Bella Vista,Asunción,,189,built,3,5250000,PYG,807.73,5250000,PYG,807.73,6499.665,4,0,1,0,1,1,1,,remax,143021051-3
3734,2026-01-07,sale,terreno,"Lambaré, Central",,Central,Lambaré,453,land,,590000000,PYG,90773.91,530000000,PYG,81542.66,6499.665,180,-10.169,0,1,1,1,1,,remax,143071054-525
4148,2026-01-07,rent,casa,"Santa Rita, Alto Paraná",,Alto Paraná,,128,built,3,2500000,PYG,384.64,2500000,PYG,384.64,6499.665,3,0,1,0,1,1,1,,remax,143065033-11
25,2026-01-08,rent,departamento,"Fernando de la Mora, Central",,Central,Fernando de la Mora,8,land,1,1000000,PYG,153.15,900000,PYG,137.84,6529.34,17,-9.997,0,1,1,1,1,,remax,143025222-12
163,2026-01-08,sale,duplex,"San Lorenzo, Central",,Central,San Lorenzo,165,built,3,750000000,PYG,114866.13,750000000,PYG,114866.13,6529.34,696,0,1,0,1,1,1,,remax,143028003-212
604,2026-01-08,sale,departamento,Asunción,Las Lomas (Carmelitas),Asunción,,49,built,1,123700,USD,123700,797865000,PYG,122196.88,6529.34,2473,-1.215,0,0,1,1,0,cross-currency,remax,143046003-232
712,2026-01-08,rent,departamento,Asunción,Pinoza,Asunción,,500,land,2,2700000,PYG,413.52,2700000,PYG,413.52,6529.34,1,0,1,0,1,1,1,,remax,143097025-11
1020,2026-01-08,sale,terreno,"San Lorenzo, Central",,Central,San Lorenzo,,,,250000000,PYG,38288.71,250000000,PYG,38288.71,6529.34,,0,1,0,1,1,1,,remax,143020098-37
1096,2026-01-08,sale,departamento,"Ciudad del Este, Alto Paraná",,Alto Paraná,Ciudad del Este,89,land,2,185000,USD,185000,1047680000,PYG,160457.26,6529.34,1802,-13.266,0,0,1,1,0,cross-currency,remax,143050113-27
1360,2026-01-08,sale,terreno,"San Lorenzo, Central",,Central,San Lorenzo,384,land,,300000000,PYG,45946.45,295000000,PYG,45180.68,6529.34,118,-1.667,0,1,1,1,1,,remax,143036034-132
2345,2026-01-08,rent,departamento,"San Lorenzo, Central",,Central,San Lorenzo,70,land,1,2500000,PYG,382.89,2500000,PYG,382.89,6529.34,5,0,1,0,1,1,1,,remax,143063070-368
2478,2026-01-08,sale,otro,"Fernando de la Mora, Central",,Central,Fernando de la Mora,,,,13000,USD,13000,88400000,PYG,13538.89,6529.34,,4.145,0,0,1,1,0,cross-currency,remax,143098020-83
2783,2026-01-08,rent,duplex,"Lambaré, Central",,Central,Lambaré,240,built,3,5000000,PYG,765.77,5000000,PYG,765.77,6529.34,3,0,1,0,1,1,1,,remax,143037125-15
3292,2026-01-08,sale,terreno,"Encarnación, Itapúa",,Itapúa,Encarnación,408,land,,220000000,PYG,33694.06,220000000,PYG,33694.06,6529.34,83,0,1,0,1,1,1,,remax,143011003-429
3477,2026-01-08,sale,departamento,Asunción,Las Lomas (Carmelitas),Asunción,,44,land,2,75000,USD,75000,70000,USD,70000,6529.34,1591,-6.667,0,1,1,1,1,,remax,143092038-84
312616,2026-01-08,sale,terreno,Asunción,Pettirossi,Asunción,,649,built,,180000,USD,180000,980850000,PYG,150221.92,6529.34,231,-16.543,0,0,1,1,0,cross-currency,remax,143098018-46
54,2026-01-09,sale,terreno,"Loma Plata, Boquerón",,Boquerón,,1374,land,,350000000,PYG,52905.33,330000000,PYG,49882.17,6615.59,36,-5.714,0,1,1,1,1,,remax,143078018-50
100,2026-01-09,sale,terreno,"Santa Rita, Alto Paraná",,Alto Paraná,,,,,30000,USD,30000,305000000,PYG,46103.22,6615.59,,53.677,0,0,2,1,0,cross-currency,remax,143065026-201
983,2026-01-09,sale,terreno,"Luque, Central",,Central,Luque,257,land,,235000000,PYG,35522.15,235000000,PYG,35522.15,6615.59,138,0,1,0,2,1,1,,remax,143037122-55
1098,2026-01-09,sale,terreno,"Santa Rita, Alto Paraná",,Alto Paraná,,,,,30000,USD,30000,305000000,PYG,46103.22,6615.59,,53.677,0,0,2,0,0,cross-currency,remax,143065026-202
1206,2026-01-09,rent,departamento,Asunción,Mariscal López,Asunción,,42,built,1,2800000,PYG,423.24,2500000,PYG,377.9,6615.59,9,-10.713,0,1,1,1,1,,remax,143061085-13
1483,2026-01-09,rent,casa,"San Bernardino, Cordillera",,Cordillera,San Bernardino,180,built,4,1800000,PYG,272.08,6000000,PYG,906.95,6615.59,5,233.339,0,0,1,1,0,outside 0.4 to 1.6 of the ask,remax,143025199-21
1966,2026-01-09,sale,terreno,"Luque, Central",,Central,Luque,278,land,,235000000,PYG,35522.15,235000000,PYG,35522.15,6615.59,128,0,1,0,2,0,0,second record of one deal,remax,143037122-68
2389,2026-01-09,rent,casa,"Villa Elisa, Central",,Central,Villa Elisa,100,built,3,3300000,PYG,498.82,3300000,PYG,498.82,6615.59,5,0,1,0,1,1,1,,remax,143068021-15
2771,2026-01-09,sale,casa,"Luque, Central",,Central,Luque,350,built,3,239000,USD,239000,1541000000,PYG,232934.63,6615.59,666,-2.538,0,0,1,1,0,cross-currency,remax,143068037-95
3332,2026-01-09,rent,departamento,Asunción,General Díaz,Asunción,,124,land,2,4500000,PYG,680.21,4000000,PYG,604.63,6615.59,5,-11.111,0,1,1,1,1,,remax,143061061-129
3534,2026-01-09,rent,casa,"Lambaré, Central",,Central,Lambaré,250,built,6,6500000,PYG,982.53,6500000,PYG,982.53,6615.59,4,0,1,0,1,1,1,,remax,143072093-3
3620,2026-01-09,sale,departamento,Asunción,Ycuá Satí,Asunción,,99,built,2,210000,USD,210000,1388310000,PYG,209854.3,6615.59,2120,-0.069,0,0,1,1,0,cross-currency,remax,143098027-87
3832,2026-01-09,sale,casa,Asunción,San Vicente,Asunción,,379,built,4,630000000,PYG,95229.6,557483148,PYG,84268.09,6615.59,222,-11.511,0,1,1,1,1,,remax,143028006-123
3866,2026-01-09,sale,terreno,"Santa Rita, Alto Paraná",,Alto Paraná,,,,,54600,USD,54600,364728000,PYG,55131.59,6615.59,,0.974,0,0,1,1,0,cross-currency,remax,143065021-163
3880,2026-01-09,rent,deposito,"Mariano Roque Alonso, Central",,Central,Mariano Roque Alonso,795,built,,3300,USD,3300,3300,USD,3300,6615.59,4,0,1,0,1,1,1,,remax,143071055-283
4190,2026-01-09,sale,casa,"San Bernardino, Cordillera",,Cordillera,San Bernardino,120,built,4,69000,USD,69000,69000,USD,69000,6615.59,575,0,1,0,1,1,1,,remax,143036051-213
4243,2026-01-09,sale,departamento,"Lambaré, Central",,Central,Lambaré,85,built,3,350000000,PYG,52905.33,350000000,PYG,52905.33,6615.59,622,0,1,0,1,1,1,,remax,143026188-72
4424,2026-01-09,sale,terreno,"Fernando de la Mora, Central",,Central,Fernando de la Mora,,,,599000000,PYG,90543.7,550000000,PYG,83136.95,6615.59,,-8.18,0,1,1,1,1,,remax,143036040-166
4517,2026-01-09,rent,departamento,Asunción,San Roque,Asunción,,154,land,4,4000000,PYG,604.63,4000000,PYG,604.63,6615.59,4,0,1,0,1,1,1,,remax,143025145-312
24206,2026-01-09,sale,casa,"Lambaré, Central",,Central,Lambaré,240,built,6,400000000,PYG,60463.24,400000000,PYG,60463.24,6615.59,252,0,1,0,1,1,1,,remax,143071088-11
310143,2026-01-09,rent,casa,"Villa Hayes, Presidente Hayes",,Presidente Hayes,Villa Hayes,89,built,2,3000000,PYG,453.47,3000000,PYG,453.47,6615.59,5,0,1,0,1,1,1,,remax,114006123-1
283,2026-01-10,rent,casa,"Presidente Franco, Alto Paraná",,Alto Paraná,,180,built,3,3500000,PYG,529.05,3500000,PYG,529.05,6615.59,3,0,1,0,1,1,1,,remax,143050132-30
1383,2026-01-10,rent,departamento,Asunción,San Roque,Asunción,,80,land,2,2650000,PYG,400.57,2650000,PYG,400.57,6615.59,5,0,1,0,1,1,1,,remax,143080055-158
1438,2026-01-10,rent,departamento,Asunción,Mburucuyá,Asunción,,60,land,1,5000000,PYG,755.79,5000000,PYG,755.79,6615.59,13,0,1,0,1,1,1,,remax,143098010-93
4113,2026-01-11,rent,casa,"Mariano Roque Alonso, Central",,Central,Mariano Roque Alonso,70,built,2,1200000,PYG,181.39,1200000,PYG,181.39,6615.59,3,0,1,0,1,1,1,,remax,143046007-164
672,2026-01-12,rent,casa,"Ciudad del Este, Alto Paraná",,Alto Paraná,Ciudad del Este,200,built,3,1700,USD,1700,9930000,PYG,1466.91,6769.345,7,-13.711,0,0,1,1,0,cross-currency,remax,143050100-35
1203,2026-01-12,rent,deposito,"Santa Rita, Alto Paraná",,Alto Paraná,,120,built,,7800000,PYG,1152.25,7800000,PYG,1152.25,6769.345,10,0,1,0,1,1,1,,remax,143065010-291
1309,2026-01-12,rent,local,"Luque, Central",,Central,Luque,28,built,,1000000,PYG,147.72,900000,PYG,132.95,6769.345,5,-9.999,0,1,1,1,1,,remax,143068006-145
1346,2026-01-12,rent,departamento,Asunción,Las Mercedes,Asunción,,37,built,1,3200000,PYG,472.72,3200000,PYG,472.72,6769.345,13,0,1,0,1,1,1,,remax,143096010-27
2813,2026-01-12,rent,departamento,"Luque, Central",,Central,Luque,48,land,2,3000000,PYG,443.17,3000000,PYG,443.17,6769.345,9,0,1,0,1,1,1,,remax,114006001-221
4353,2026-01-12,rent,departamento,Asunción,Ytay,Asunción,,70,land,2,4800000,PYG,709.08,4800000,PYG,709.08,6769.345,10,0,1,0,1,1,1,,remax,143063105-101
204,2026-01-13,sale,terreno,"Encarnación, Itapúa",,Itapúa,Encarnación,840,land,,22000,USD,22000,149050000,PYG,21959.42,6787.52,26,-0.184,0,0,1,1,0,cross-currency,remax,143011007-2018
704,2026-01-13,sale,terreno,"Cambyretá, Itapúa",,Itapúa,Cambyretá,160000,land,,330000,USD,330000,2235750000,PYG,329391.29,6787.52,2,-0.184,0,0,1,1,0,cross-currency,remax,143011003-419
2502,2026-01-13,rent,departamento,Asunción,Virgen de la Asunción,Asunción,,117,land,2,1300,USD,1300,8827000,PYG,1300.47,6787.52,11,0.036,0,0,1,1,0,cross-currency,remax,143094053-6
2737,2026-01-13,sale,departamento,Asunción,Villa Morra,Asunción,,1200,land,1,90000,USD,90000,607500000,PYG,89502.5,6787.52,75,-0.553,0,0,1,1,0,cross-currency,remax,143054107-20
2923,2026-01-13,rent,duplex,"Cambyretá, Itapúa",,Itapúa,Cambyretá,126,land,2,600,USD,600,4065000,PYG,598.89,6787.52,5,-0.185,0,0,1,1,0,cross-currency,remax,143011091-48
3083,2026-01-13,sale,terreno,"San Bernardino, Cordillera",,Cordillera,San Bernardino,815,land,,109989,USD,109989,850500000,PYG,125303.5,6787.52,154,13.924,0,0,1,1,0,cross-currency,remax,143001004-36
3378,2026-01-13,sale,departamento,"Fernando de la Mora, Central",,Central,Fernando de la Mora,63,land,2,495000000,PYG,72927.96,480000000,PYG,70718.02,6787.52,1123,-3.03,0,1,1,1,1,,remax,143063101-162
3581,2026-01-13,rent,casa,"Santa Rita, Alto Paraná",,Alto Paraná,,385,built,2,1700000,PYG,250.46,1700000,PYG,250.46,6787.52,1,0,1,0,1,1,1,,remax,143065032-26
3617,2026-01-13,sale,oficina,Asunción,La Encarnación,Asunción,,180,built,,50000,USD,50000,50000,USD,50000,6787.52,278,0,1,0,1,1,1,,remax,143014133-124
4031,2026-01-13,sale,oficina,Asunción,La Encarnación,Asunción,,180,built,,50000,USD,50000,50000,USD,50000,6787.52,278,0,1,0,1,1,1,,remax,143098109-55
4040,2026-01-13,rent,deposito,Asunción,Herrera,Asunción,,420,built,,8000000,PYG,1178.63,7000000,PYG,1031.3,6787.52,2,-12.5,0,1,1,1,1,,remax,143061072-38
309896,2026-01-13,sale,casa,"Minga Guazú, Alto Paraná",,Alto Paraná,Minga Guazú,84,built,2,340000000,PYG,50091.93,330000000,PYG,48618.64,6787.52,579,-2.941,0,1,1,1,1,,remax,143107005-6
312414,2026-01-13,sale,terreno,"Ciudad del Este, Alto Paraná",,Alto Paraná,Ciudad del Este,368,land,,300000000,PYG,44198.76,220000000,PYG,32412.43,6787.52,88,-26.667,0,1,1,1,1,,remax,143099031-1
249,2026-01-14,sale,terreno,Asunción,Itá Enramada,Asunción,,630,land,,690000000,PYG,102169.78,690000000,PYG,102169.78,6753.465,162,0,1,0,1,1,1,,remax,143063138-43
810,2026-01-14,sale,terreno,"Fernando de la Mora, Central",,Central,Fernando de la Mora,412,land,,450000000,PYG,66632.46,400000000,PYG,59228.86,6753.465,144,-11.111,0,1,1,1,1,,remax,143063190-369
1476,2026-01-14,rent,departamento,Asunción,Recoleta,Asunción,,71,land,2,4700000,PYG,695.94,4700000,PYG,695.94,6753.465,10,0,1,0,1,1,1,,remax,143056032-245
1919,2026-01-14,sale,terreno,Asunción,San Jorge,Asunción,,,,,185000,USD,185000,1224000000,PYG,181240.3,6753.465,,-2.032,0,0,1,1,0,cross-currency,remax,143098020-59
2747,2026-01-14,rent,oficina,"Ciudad del Este, Alto Paraná",,Alto Paraná,Ciudad del Este,,,,2500000,PYG,370.18,2000000,PYG,296.14,6753.465,,-20.001,0,1,1,1,1,,remax,143050097-71
3011,2026-01-14,sale,casa,"Villa Elisa, Central",,Central,Villa Elisa,80,built,3,420000000,PYG,62190.3,410000000,PYG,60709.58,6753.465,759,-2.381,0,1,1,1,1,,remax,143095030-3
3112,2026-01-14,rent,oficina,"Loma Plata, Boquerón",,Boquerón,,25,built,,2000000,PYG,296.14,2000000,PYG,296.14,6753.465,12,0,1,0,1,1,1,,remax,143078018-70
3957,2026-01-14,rent,casa,"Fernando de la Mora, Central",,Central,Fernando de la Mora,100,built,3,3000000,PYG,444.22,3000000,PYG,444.22,6753.465,4,0,1,0,1,1,1,,remax,143072119-85
3984,2026-01-14,rent,local,"San Lorenzo, Central",,Central,San Lorenzo,72,built,,900,USD,900,6030000,PYG,892.87,6753.465,12,-0.792,0,0,1,1,0,cross-currency,remax,143063090-46
3985,2026-01-14,rent,local,"San Lorenzo, Central",,Central,San Lorenzo,180,built,,2000000,PYG,296.14,2000000,PYG,296.14,6753.465,2,0,1,0,1,1,1,,remax,143092058-84
1080,2026-01-15,sale,casa,Asunción,Hipódromo,Asunción,,350,built,5,170000,USD,170000,1139000000,PYG,169750.44,6709.85,485,-0.147,0,0,1,1,0,cross-currency,remax,143098011-248
1644,2026-01-15,sale,otro,"Yaguarón, Paraguarí",,Paraguarí,,,,1,370000000,PYG,55142.81,325000000,PYG,48436.25,6709.85,,-12.162,0,1,1,1,1,,remax,143100020-15
1859,2026-01-15,sale,terreno,"Capiatá, Central",,Central,Capiatá,387,land,,300000000,PYG,44710.39,280000000,PYG,41729.7,6709.85,108,-6.667,0,1,1,1,1,,remax,143009135-1
2112,2026-01-15,sale,departamento,"Fernando de la Mora, Central",,Central,Fernando de la Mora,57,built,2,55000,USD,55000,367400000,PYG,54755.32,6709.85,961,-0.445,0,0,1,1,0,cross-currency,remax,143097001-78
2137,2026-01-15,sale,departamento,Asunción,Las Lomas (Carmelitas),Asunción,,46,land,1,87232,USD,87232,567008000,PYG,84503.83,6709.85,1821,-3.127,0,0,1,1,0,cross-currency,remax,143056031-701
2176,2026-01-15,sale,casa,"Ciudad del Este, Alto Paraná",,Alto Paraná,Ciudad del Este,240,built,4,330000000,PYG,49181.43,330000000,PYG,49181.43,6709.85,205,0,1,0,1,1,1,,remax,143050177-3
3356,2026-01-15,rent,casa,"Luque, Central",,Central,Luque,250,built,4,1000,USD,1000,6000000,PYG,894.21,6709.85,4,-10.579,0,0,1,1,0,cross-currency,remax,143063221-14
4295,2026-01-15,rent,departamento,Asunción,Herrera,Asunción,,360,land,1,700,USD,700,4725000,PYG,704.19,6709.85,2,0.599,0,0,1,1,0,cross-currency,remax,143098058-46
308657,2026-01-15,rent,casa,"Luque, Central",,Central,Luque,250,built,4,1000,USD,1000,6000000,PYG,894.21,6709.85,4,-10.579,0,0,1,1,0,cross-currency,remax,143063216-3
797,2026-01-16,rent,casa,Asunción,Pettirossi,Asunción,,175,built,3,3000000,PYG,449.98,2700000,PYG,404.98,6667.015,2,-10,0,1,1,1,1,,remax,143028006-135
839,2026-01-16,sale,departamento,"Fernando de la Mora, Central",,Central,Fernando de la Mora,29,land,1,35340,USD,35340,240312000,PYG,36044.92,6667.015,1260,1.995,0,0,1,1,0,cross-currency,remax,143098020-78
934,2026-01-16,rent,departamento,Asunción,San Jorge,Asunción,,55,built,1,5000000,PYG,749.96,5000000,PYG,749.96,6667.015,14,0,1,0,1,1,1,,remax,143098021-85
1078,2026-01-16,sale,terreno,"Mariano Roque Alonso, Central",,Central,Mariano Roque Alonso,392,land,,98000000,PYG,14699.23,75000000,PYG,11249.41,6667.015,29,-23.469,0,1,1,1,1,,remax,143078001-121
1086,2026-01-16,sale,casa,"Limpio, Central",,Central,Limpio,100,built,4,230000000,PYG,34498.2,220000000,PYG,32998.28,6667.015,330,-4.348,0,1,1,1,1,,remax,143037043-121
1329,2026-01-16,sale,otro,"Acahay, Paraguarí",,Paraguarí,,,,,320000000,PYG,47997.49,320000000,PYG,47997.49,6667.015,,0,1,0,1,1,1,,remax,143019093-23
1587,2026-01-16,sale,terreno,"San Juan del Paraná, Itapúa",,Itapúa,San Juan del Paraná,1000,land,,85000,USD,85000,571030000,PYG,85650.02,6667.015,86,0.765,0,0,1,1,0,cross-currency,remax,143011007-1997
1733,2026-01-16,sale,terreno,"Luque, Central",,Central,Luque,,,,95000,USD,95000,552500000,PYG,82870.67,6667.015,,-12.768,0,0,1,1,0,cross-currency,remax,143098017-102
1922,2026-01-16,sale,casa,"Areguá, Central",,Central,Areguá,120,built,2,450000000,PYG,67496.47,450000000,PYG,67496.47,6667.015,562,0,1,0,1,1,1,,remax,143026192-24
2139,2026-01-16,sale,terreno,Asunción,Roberto L. Pettit,Asunción,,300,land,,300000000,PYG,44997.65,280000000,PYG,41997.81,6667.015,140,-6.667,0,1,1,1,1,,remax,143094012-66
2280,2026-01-16,sale,terreno,"Santa Rita, Alto Paraná",,Alto Paraná,,361,land,,30000,USD,30000,201600000,PYG,30238.42,6667.015,84,0.795,0,0,1,1,0,cross-currency,remax,143065026-194
2324,2026-01-16,sale,casa,"Mariano Roque Alonso, Central",,Central,Mariano Roque Alonso,100,built,1,399000000,PYG,59846.87,399000000,PYG,59846.87,6667.015,598,0,1,0,1,1,1,,remax,143036045-205
2366,2026-01-16,rent,departamento,"Encarnación, Itapúa",,Itapúa,Encarnación,,,3,3600000,PYG,539.97,3600000,PYG,539.97,6667.015,,0,1,0,1,1,1,,remax,143011007-2154
3562,2026-01-16,sale,departamento,"Luque, Central",,Central,Luque,1,land,2,82542,USD,82542,553031400,PYG,82950.38,6667.015,82950,0.495,0,0,1,1,0,cross-currency,remax,143098026-28
3697,2026-01-16,sale,duplex,"Encarnación, Itapúa",,Itapúa,Encarnación,124,built,2,500000000,PYG,74996.08,450000000,PYG,67496.47,6667.015,544,-10,0,1,1,1,1,,remax,143085019-417
3895,2026-01-16,sale,departamento,"Encarnación, Itapúa",,Itapúa,Encarnación,38,land,,40000,USD,40000,268800000,PYG,40317.89,6667.015,1055,0.795,0,0,1,1,0,cross-currency,remax,143011007-2060
4280,2026-01-16,rent,departamento,Asunción,La Encarnación,Asunción,,88,land,5,3300000,PYG,494.97,3300000,PYG,494.97,6667.015,6,0,1,0,1,1,1,,remax,143068074-44
310365,2026-01-16,rent,oficina,Asunción,Las Lomas (Carmelitas),Asunción,,90,built,,1500,USD,1500,1800,USD,1800,6667.015,20,20,0,0,1,1,1,,remax,143063049-36
312232,2026-01-16,rent,departamento,Asunción,Villa Morra,Asunción,,33,land,1,500,USD,500,3000000,PYG,449.98,6667.015,14,-10.004,0,0,1,1,0,cross-currency,remax,143063128-244
312847,2026-01-16,sale,departamento,Asunción,Mburucuyá,Asunción,,92,land,2,136500,USD,136500,906360000,PYG,135946.9,6667.015,1478,-0.405,0,0,1,1,0,cross-currency,remax,143063128-206
359,2026-01-17,sale,terreno,"Ciudad del Este, Alto Paraná",,Alto Paraná,Ciudad del Este,480,land,,120000,USD,120000,120000,USD,120000,6667.015,250,0,1,0,1,1,1,,remax,143050091-46
2610,2026-01-17,rent,casa,"Lambaré, Central",,Central,Lambaré,215,built,5,3500000,PYG,524.97,3500000,PYG,524.97,6667.015,2,0,1,0,1,1,1,,remax,143080085-8
2851,2026-01-17,rent,otro,"San Bernardino, Cordillera",,Cordillera,San Bernardino,,,4,5000000,PYG,749.96,5000000,PYG,749.96,6667.015,,0,1,0,1,1,1,,remax,143063220-11
3085,2026-01-17,rent,departamento,Asunción,Las Lomas (Carmelitas),Asunción,,42,land,1,4000000,PYG,599.97,4000000,PYG,599.97,6667.015,14,0,1,0,1,1,1,,remax,143098027-117
4135,2026-01-17,rent,departamento,Asunción,Mburucuyá,Asunción,,90,land,2,900,USD,900,5500000,PYG,824.96,6667.015,9,-8.338,0,0,1,1,0,cross-currency,remax,143091056-3
308632,2026-01-17,sale,departamento,Asunción,Villa Morra,Asunción,,30,land,1,58900,USD,58900,384028000,PYG,57601.19,6667.015,1920,-2.205,0,0,1,1,0,cross-currency,remax,143056047-91
310055,2026-01-18,rent,departamento,Asunción,Villa Morra,Asunción,,64,land,2,800,USD,800,5220000,PYG,782.96,6667.015,12,-2.13,0,0,1,1,0,cross-currency,remax,143056047-85
340,2026-01-19,sale,terreno,Asunción,Villa Aurelia,Asunción,,360,land,,850000000,PYG,127274.28,700000000,PYG,104814.11,6678.49,291,-17.647,0,1,1,1,1,,remax,143080105-96
840,2026-01-19,sale,terreno,"Luque, Central",,Central,Luque,360,land,,250000000,PYG,37433.61,230000000,PYG,34438.92,6678.49,96,-8,0,1,1,1,1,,remax,143028003-215
988,2026-01-19,sale,departamento,"Hernandarias, Alto Paraná",,Alto Paraná,Hernandarias,1000,land,1,82559,USD,82559,551246443,PYG,82540.58,6678.49,83,-0.022,0,0,1,1,0,cross-currency,remax,143050056-125
1099,2026-01-19,sale,casa,"Mariano Roque Alonso, Central",,Central,Mariano Roque Alonso,500,built,5,570000,USD,570000,3341000000,PYG,500262.78,6678.49,1001,-12.235,0,0,1,1,0,cross-currency,remax,143063130-91
1125,2026-01-19,rent,casa,"Mariano Roque Alonso, Central",,Central,Mariano Roque Alonso,150,built,5,4500000,PYG,673.81,4500000,PYG,673.81,6678.49,4,0,1,0,1,1,1,,remax,143046007-163
1202,2026-01-19,sale,terreno,"Villa Hayes, Presidente Hayes",,Presidente Hayes,Villa Hayes,366,land,,80000000,PYG,11978.76,80000000,PYG,11978.76,6678.49,33,0,1,0,1,1,1,,remax,143036116-20
1713,2026-01-19,rent,departamento,Asunción,Mariscal López,Asunción,,59,land,1,3400000,PYG,509.1,3100000,PYG,464.18,6678.49,8,-8.823,0,1,1,1,1,,remax,143063116-94
2173,2026-01-19,sale,terreno,"San Lorenzo, Central",,Central,San Lorenzo,409,land,,39000,USD,39000,257000000,PYG,38481.75,6678.49,94,-1.329,0,0,1,1,0,cross-currency,remax,143063188-131
2868,2026-01-19,rent,local,"Ñemby, Central",,Central,Ñemby,72,built,,4000000,PYG,598.94,3900000,PYG,583.96,6678.49,8,-2.501,0,1,1,1,1,,remax,143084038-33
3075,2026-01-19,rent,local,"Limpio, Central",,Central,Limpio,70,built,,2000000,PYG,299.47,2000000,PYG,299.47,6678.49,4,0,1,0,1,1,1,,remax,143020098-30
3510,2026-01-19,sale,edificio,Asunción,Ycuá Satí,Asunción,,1370,built,,390000,USD,390000,2476780000,PYG,370859.28,6678.49,271,-4.908,0,0,1,1,0,cross-currency,remax,143098027-81
3574,2026-01-19,sale,departamento,Asunción,Las Lomas (Carmelitas),Asunción,,1000,land,1,112137,USD,112137,749299434,PYG,112195.94,6678.49,112,0.053,0,0,1,1,0,cross-currency,remax,143037035-162
4393,2026-01-19,rent,departamento,Asunción,Las Lomas (Carmelitas),Asunción,,110,land,1,2375,USD,2375,16150000,PYG,2418.21,6678.49,22,1.819,0,0,1,1,0,cross-currency,remax,143063147-134
635,2026-01-20,rent,oficina,Asunción,Santísima Trinidad,Asunción,,342,built,,5500000,PYG,821.22,4500000,PYG,671.91,6697.345,2,-18.181,0,1,1,1,1,,remax,143037035-150
1165,2026-01-20,sale,casa,"Ciudad del Este, Alto Paraná",,Alto Paraná,Ciudad del Este,90,built,2,490000000,PYG,73163.32,490000000,PYG,73163.32,6697.345,813,0,1,0,1,1,1,,remax,114001095-1
1656,2026-01-20,sale,terreno,"Itauguá, Central",,Central,Itauguá,,,,190000000,PYG,28369.45,172500000,PYG,25756.48,6697.345,,-9.211,0,1,1,1,1,,remax,143063198-5
2099,2026-01-20,sale,departamento,Asunción,Las Mercedes,Asunción,,140,land,3,180000,USD,180000,1333300000,PYG,199078.89,6697.345,1422,10.599,0,0,1,1,0,cross-currency,remax,143072073-67
2559,2026-01-20,rent,departamento,"Luque, Central",,Central,Luque,72,built,2,3500000,PYG,522.6,3500000,PYG,522.6,6697.345,7,0,1,0,1,1,1,,remax,143026188-73
2648,2026-01-20,sale,terreno,"Encarnación, Itapúa",,Itapúa,Encarnación,360,land,,40000,USD,40000,260800000,PYG,38940.8,6697.345,108,-2.648,0,0,1,1,0,cross-currency,remax,143011079-29
2898,2026-01-20,sale,terreno,Asunción,Villa Morra,Asunción,,,,,340000,USD,340000,2144000000,PYG,320126.86,6697.345,,-5.845,0,0,1,1,0,cross-currency,remax,143098119-18
3110,2026-01-20,sale,casa,"Lambaré, Central",,Central,Lambaré,280,built,3,795000000,PYG,118703.75,760000000,PYG,113477.8,6697.345,405,-4.403,0,1,1,1,1,,remax,143026188-67
3530,2026-01-20,sale,terreno,"Luque, Central",,Central,Luque,,,,185000000,PYG,27622.89,180000000,PYG,26876.32,6697.345,,-2.703,0,1,1,1,1,,remax,143037122-66
3904,2026-01-20,sale,terreno,Asunción,Villa Morra,Asunción,,,,,340000,USD,340000,2144000000,PYG,320126.86,6697.345,,-5.845,0,0,1,1,0,cross-currency,remax,143014166-32
4100,2026-01-20,rent,departamento,Asunción,Ycuá Satí,Asunción,,105,land,2,2200,USD,2200,14726800,PYG,2198.9,6697.345,21,-0.05,0,0,1,1,0,cross-currency,remax,143063187-65
309359,2026-01-20,sale,terreno,"Itauguá, Central",,Central,Itauguá,100,built,3,120000000,PYG,17917.55,100000000,PYG,14931.29,6697.345,149,-16.667,0,1,1,1,1,,remax,143100033-18
309942,2026-01-20,rent,departamento,Asunción,Las Lomas (Carmelitas),Asunción,,32,land,1,720,USD,720,4445000,PYG,663.7,6697.345,21,-7.819,0,0,1,1,0,cross-currency,remax,143056047-80
202,2026-01-21,sale,casa,Asunción,Ciudad Nueva,Asunción,,190,built,3,550000000,PYG,81615.82,550000000,PYG,81615.82,6738.89,430,0,1,0,1,1,1,,remax,143061085-14
898,2026-01-21,rent,duplex,"Lambaré, Central",,Central,Lambaré,12,land,2,3500000,PYG,519.37,3500000,PYG,519.37,6738.89,43,0,1,0,1,1,1,,remax,143025222-10
1544,2026-01-21,rent,otro,"San Lorenzo, Central",,Central,San Lorenzo,797,built,,5500000,PYG,816.16,5500000,PYG,816.16,6738.89,1,0,1,0,1,1,1,,remax,143026124-34
1850,2026-01-21,rent,otro,"Fernando de la Mora, Central",,Central,Fernando de la Mora,60,built,,2500000,PYG,370.98,2000000,PYG,296.78,6738.89,5,-20.001,0,1,1,1,1,,remax,143096015-80
2257,2026-01-21,sale,terreno,"Ñemby, Central",,Central,Ñemby,60,built,,180000000,PYG,26710.63,180000000,PYG,26710.63,6738.89,445,0,1,0,1,1,1,,remax,143068037-98
3243,2026-01-21,sale,casa,"Encarnación, Itapúa",,Itapúa,Encarnación,42,built,1,210000000,PYG,31162.4,200000000,PYG,29678.48,6738.89,707,-4.762,0,1,1,1,1,,remax,143032035-274
4450,2026-01-21,rent,departamento,Asunción,Las Lomas (Carmelitas),Asunción,,45,land,2,720,USD,720,720,USD,720,6738.89,16,0,1,0,1,1,1,,remax,143098078-7
4513,2026-01-21,sale,casa,"San Lorenzo, Central",,Central,San Lorenzo,260,built,3,980000000,PYG,145424.54,900000000,PYG,133553.15,6738.89,514,-8.163,0,1,1,1,1,,remax,143020001-100
310086,2026-01-21,sale,departamento,Asunción,Villa Morra,Asunción,,43,land,1,74900,USD,74900,474117000,PYG,70355.36,6738.89,1636,-6.068,0,0,1,1,0,cross-currency,remax,143056047-93
223,2026-01-22,rent,departamento,Asunción,Ycuá Satí,Asunción,,73,land,1,1500,USD,1500,10035000,PYG,1500.59,6687.365,21,0.039,0,0,1,1,0,cross-currency,remax,143063187-72
254,2026-01-22,sale,casa,"Ypacaraí, Central",,Central,Ypacaraí,240,built,2,480000000,PYG,71777.15,470000000,PYG,70281.79,6687.365,293,-2.083,0,1,1,1,1,,remax,143028010-151
274,2026-01-22,rent,departamento,Asunción,Ycuá Satí,Asunción,,98,land,1,1600,USD,1600,10704000,PYG,1600.63,6687.365,16,0.039,0,0,1,1,0,cross-currency,remax,143063187-69
986,2026-01-22,rent,departamento,"San Lorenzo, Central",,Central,San Lorenzo,115,land,4,6500000,PYG,971.98,6500000,PYG,971.98,6687.365,8,0,1,0,1,1,1,,remax,143025136-76
1109,2026-01-22,sale,terreno,"Encarnación, Itapúa",,Itapúa,Encarnación,1206,land,,170000,USD,170000,1115200000,PYG,166762.24,6687.365,138,-1.905,0,0,1,1,0,cross-currency,remax,143032072-14
1300,2026-01-22,rent,casa,"Luque, Central",,Central,Luque,380,built,4,1800,USD,1800,10500000,PYG,1570.13,6687.365,4,-12.771,0,0,1,1,0,cross-currency,remax,143061061-120
1454,2026-01-22,sale,departamento,Asunción,Catedral,Asunción,,148,built,4,60000,USD,60000,380760000,PYG,56937.22,6687.365,386,-5.105,0,0,1,1,0,cross-currency,remax,143100046-6
1549,2026-01-22,rent,casa,Asunción,General Díaz,Asunción,,305,built,7,6500000,PYG,971.98,6500000,PYG,971.98,6687.365,3,0,1,0,1,1,1,,remax,143072123-13
2002,2026-01-22,rent,departamento,Asunción,Ytay,Asunción,,80,built,3,6500000,PYG,971.98,6000000,PYG,897.21,6687.365,11,-7.693,0,1,1,1,1,,remax,143098038-39
2883,2026-01-22,rent,local,"Loma Plata, Boquerón",,Boquerón,,,,,2500000,PYG,373.84,2500000,PYG,373.84,6687.365,,0,1,0,1,1,1,,remax,143078018-87
3276,2026-01-22,rent,departamento,Asunción,Ycuá Satí,Asunción,,94,land,2,2400,USD,2400,16056000,PYG,2400.95,6687.365,26,0.04,0,0,1,1,0,cross-currency,remax,143063187-67
3553,2026-01-22,rent,duplex,"Ciudad del Este, Alto Paraná",,Alto Paraná,Ciudad del Este,180,built,3,1650,USD,1650,11038500,PYG,1650.65,6687.365,9,0.039,0,0,1,1,0,cross-currency,remax,143050129-56
3689,2026-01-22,rent,departamento,Asunción,Ycuá Satí,Asunción,,64,land,1,1300,USD,1300,8697000,PYG,1300.51,6687.365,20,0.039,0,0,1,1,0,cross-currency,remax,143063187-70
4293,2026-01-22,rent,local,"San Lorenzo, Central",,Central,San Lorenzo,,,,2000000,PYG,299.07,2000000,PYG,299.07,6687.365,,0,1,0,1,1,1,,remax,143080045-54
310596,2026-01-22,rent,duplex,Asunción,San Pablo,Asunción,,150,built,3,3700000,PYG,553.28,3700000,PYG,553.28,6687.365,4,0,1,0,1,1,1,,remax,143036021-144
38,2026-01-23,sale,otro,Asunción,San Jorge,Asunción,,,,,17500,USD,17500,117092500,PYG,17423.33,6720.445,,-0.438,0,0,2,1,0,cross-currency,remax,143025134-77
366,2026-01-23,sale,departamento,"Ciudad del Este, Alto Paraná",,Alto Paraná,Ciudad del Este,29,land,1,39400,USD,39400,265033950,PYG,39436.96,6720.445,1360,0.094,0,0,1,1,0,cross-currency,remax,143050056-178
603,2026-01-23,rent,casa,"San Bernardino, Cordillera",,Cordillera,San Bernardino,210,built,3,8000000,PYG,1190.4,8000000,PYG,1190.4,6720.445,6,0,1,0,1,1,1,,remax,143061061-133
688,2026-01-23,rent,departamento,Asunción,Villa Morra,Asunción,,40,land,1,4200000,PYG,624.96,4200000,PYG,624.96,6720.445,16,0,1,0,1,1,1,,remax,143063234-8
2060,2026-01-23,sale,duplex,"Luque, Central",,Central,Luque,119,built,4,650000000,PYG,96719.79,630000000,PYG,93743.79,6720.445,788,-3.077,0,1,1,1,1,,remax,143068006-152
2535,2026-01-23,rent,casa,"San Bernardino, Cordillera",,Cordillera,San Bernardino,180,built,4,1800000,PYG,267.84,6000000,PYG,892.8,6720.445,5,233.333,0,0,1,1,0,outside 0.4 to 1.6 of the ask,remax,143025199-23
2993,2026-01-23,rent,departamento,Asunción,Las Mercedes,Asunción,,45,built,1,4500000,PYG,669.6,4500000,PYG,669.6,6720.445,15,0,1,0,1,1,1,,remax,143097001-107
3563,2026-01-23,sale,otro,Asunción,San Jorge,Asunción,,,,,17500,USD,17500,117092500,PYG,17423.33,6720.445,,-0.438,0,0,2,0,0,cross-currency,remax,143025134-81
3584,2026-01-23,rent,departamento,"Ciudad del Este, Alto Paraná",,Alto Paraná,Ciudad del Este,50,land,1,3500000,PYG,520.8,3500000,PYG,520.8,6720.445,10,0,1,0,1,1,1,,remax,143050067-123
3597,2026-01-23,sale,departamento,Asunción,Ycuá Satí,Asunción,,2100,land,1,87216,USD,87216,558182400,PYG,83057.36,6720.445,40,-4.768,0,0,1,1,0,cross-currency,remax,143056033-214
4058,2026-01-23,rent,departamento,Asunción,Recoleta,Asunción,,103,built,3,1300,USD,1300,8710000,PYG,1296.05,6720.445,13,-0.304,0,0,1,1,0,cross-currency,remax,143063091-95
4174,2026-01-23,sale,terreno,"Fernando de la Mora, Central",,Central,Fernando de la Mora,506,land,,470000000,PYG,69935.85,430000000,PYG,63983.86,6720.445,126,-8.511,0,1,1,1,1,,remax,143096010-28
4258,2026-01-23,rent,casa,"Filadelfia, Boquerón",,Boquerón,,93,built,2,2200000,PYG,327.36,2200000,PYG,327.36,6720.445,4,0,1,0,1,1,1,,remax,143016034-17
311000,2026-01-23,rent,local,Asunción,Recoleta,Asunción,,,,,6600000,PYG,982.08,6600000,PYG,982.08,6720.445,,0,1,0,1,1,1,,remax,143063204-58
899,2026-01-24,rent,departamento,"Encarnación, Itapúa",,Itapúa,Encarnación,95,built,2,5000000,PYG,744,5000000,PYG,744,6720.445,8,0,1,0,1,1,1,,remax,143032072-54
1700,2026-01-24,sale,casa,"Ciudad del Este, Alto Paraná",,Alto Paraná,Ciudad del Este,150,built,3,285000,USD,285000,1748760000,PYG,260214.91,6720.445,1735,-8.697,0,0,1,1,0,cross-currency,remax,143050060-309
2265,2026-01-24,rent,casa,"Lambaré, Central",,Central,Lambaré,366,built,5,8000000,PYG,1190.4,7500000,PYG,1116,6720.445,3,-6.25,0,1,1,1,1,,remax,143026188-77
1009,2026-01-25,rent,departamento,"San Lorenzo, Central",,Central,San Lorenzo,72,built,3,1800000,PYG,267.84,1800000,PYG,267.84,6720.445,4,0,1,0,1,1,1,,remax,143026205-23
980,2026-01-26,rent,departamento,"Lambaré, Central",,Central,Lambaré,144,land,2,3000000,PYG,447.59,3000000,PYG,447.59,6702.59,3,0,1,0,1,1,1,,remax,143026049-154
1185,2026-01-26,rent,casa,"Santa Rita, Alto Paraná",,Alto Paraná,,111,built,3,5000000,PYG,745.98,4700000,PYG,701.22,6702.59,6,-6,0,1,1,1,1,,remax,143065038-12
1532,2026-01-26,sale,departamento,Asunción,Santísima Trinidad,Asunción,,38,land,1,52600,USD,52600,436821000,PYG,65171.97,6702.59,1715,23.901,0,0,1,1,0,cross-currency,remax,143098030-13
1955,2026-01-26,rent,departamento,Asunción,Las Mercedes,Asunción,,234,built,3,8500000,PYG,1268.17,7000000,PYG,1044.37,6702.59,4,-17.647,0,1,1,1,1,,remax,143026205-13
2147,2026-01-26,sale,quinta,"Areguá, Central",,Central,Areguá,2314,land,2,950000000,PYG,141736.25,920000000,PYG,137260.37,6702.59,59,-3.158,0,1,1,1,1,,remax,143025117-46
2472,2026-01-26,rent,casa,"Lambaré, Central",,Central,Lambaré,160,built,2,3600000,PYG,537.11,3600000,PYG,537.11,6702.59,3,0,1,0,1,1,1,,remax,143068006-161
2544,2026-01-26,sale,departamento,Asunción,Santísima Trinidad,Asunción,,38,land,1,45500,USD,45500,304395000,PYG,45414.53,6702.59,1195,-0.188,0,0,1,1,0,cross-currency,remax,143098030-14
2629,2026-01-26,sale,departamento,Asunción,Ycuá Satí,Asunción,,35,land,1,71730,USD,71730,480591000,PYG,71702.28,6702.59,2049,-0.039,0,0,1,1,0,cross-currency,remax,143056033-130
2878,2026-01-26,sale,terreno,"Encarnación, Itapúa",,Itapúa,Encarnación,597,land,,110000,USD,110000,723800000,PYG,107988.11,6702.59,181,-1.829,0,0,1,1,0,cross-currency,remax,143085019-418
2915,2026-01-26,sale,casa,"Ñemby, Central",,Central,Ñemby,60,built,2,250000000,PYG,37299.01,240000000,PYG,35807.05,6702.59,597,-4,0,1,1,1,1,,remax,143072124-29
3393,2026-01-26,rent,duplex,"Lambaré, Central",,Central,Lambaré,100,built,3,3500000,PYG,522.19,3500000,PYG,522.19,6702.59,5,0,1,0,1,1,1,,remax,143014004-309
3693,2026-01-26,sale,terreno,"Villa Elisa, Central",,Central,Villa Elisa,180,land,,200000000,PYG,29839.21,200000000,PYG,29839.21,6702.59,166,0,1,0,1,1,1,,remax,143072016-181
3887,2026-01-26,rent,casa,"Filadelfia, Boquerón",,Boquerón,,138,built,3,4000000,PYG,596.78,4000000,PYG,596.78,6702.59,4,0,1,0,1,1,1,,remax,143016008-523
3960,2026-01-26,rent,duplex,"San Lorenzo, Central",,Central,San Lorenzo,124,built,3,4000000,PYG,596.78,4000000,PYG,596.78,6702.59,5,0,1,0,1,1,1,,remax,143020051-150
4173,2026-01-26,rent,departamento,Asunción,Obrero,Asunción,,50,built,2,2800000,PYG,417.75,2800000,PYG,417.75,6702.59,8,0,1,0,1,1,1,,remax,143068136-10
4335,2026-01-26,rent,duplex,"Lambaré, Central",,Central,Lambaré,100,built,3,3500000,PYG,522.19,3500000,PYG,522.19,6702.59,5,0,1,0,1,1,1,,remax,143098130-245
4478,2026-01-26,rent,departamento,"San Lorenzo, Central",,Central,San Lorenzo,360,land,2,2500000,PYG,372.99,2500000,PYG,372.99,6702.59,1,0,1,0,1,1,1,,remax,143080077-29
430,2026-01-27,rent,duplex,"Lambaré, Central",,Central,Lambaré,216,built,3,3000000,PYG,446.74,3000000,PYG,446.74,6715.39,2,0,1,0,1,1,1,,remax,143048005-307
536,2026-01-27,rent,casa,"Encarnación, Itapúa",,Itapúa,Encarnación,1300,built,5,1600,USD,1600,10726400,PYG,1597.29,6715.39,1,-0.169,0,0,1,1,0,cross-currency,remax,143011022-111
1316,2026-01-27,rent,casa,"Villa Elisa, Central",,Central,Villa Elisa,240,built,3,3100000,PYG,461.63,3100000,PYG,461.63,6715.39,2,0,1,0,1,1,1,,remax,143080218-2
1510,2026-01-27,rent,casa,"San Lorenzo, Central",,Central,San Lorenzo,300,built,4,7500000,PYG,1116.84,7000000,PYG,1042.38,6715.39,3,-6.667,0,1,1,1,1,,remax,143025091-115
1581,2026-01-27,sale,terreno,"Luque, Central",,Central,Luque,360,land,,155000000,PYG,23081.31,155000000,PYG,23081.31,6715.39,64,0,1,0,1,1,1,,remax,143071054-457
1768,2026-01-27,rent,duplex,"Cambyretá, Itapúa",,Itapúa,Cambyretá,126,land,2,600,USD,600,4022400,PYG,598.98,6715.39,5,-0.17,0,0,1,1,0,cross-currency,remax,143011091-50
1864,2026-01-27,rent,duplex,"Villa Elisa, Central",,Central,Villa Elisa,75,built,2,2650000,PYG,394.62,2650000,PYG,394.62,6715.39,5,0,1,0,1,1,1,,remax,143068037-99
2405,2026-01-27,sale,casa,"San Bernardino, Cordillera",,Cordillera,San Bernardino,70,built,2,480000000,PYG,71477.61,470000000,PYG,69988.49,6715.39,1000,-2.083,0,1,1,1,1,,remax,143072119-66
3161,2026-01-27,sale,departamento,"Encarnación, Itapúa",,Itapúa,Encarnación,3763,land,1,50965,USD,50965,341669360,PYG,50878.56,6715.39,14,-0.17,0,0,1,1,0,cross-currency,remax,143011024-377
3755,2026-01-27,rent,casa,"Encarnación, Itapúa",,Itapúa,Encarnación,42,built,2,2000000,PYG,297.82,2000000,PYG,297.82,6715.39,7,0,1,0,1,1,1,,remax,143011091-49
638,2026-01-28,rent,deposito,"Ciudad del Este, Alto Paraná",,Alto Paraná,Ciudad del Este,,,,6000000,PYG,894.16,6000000,PYG,894.16,6710.225,,0,1,0,1,1,1,,remax,143050055-133
878,2026-01-28,sale,departamento,"Encarnación, Itapúa",,Itapúa,Encarnación,57,land,2,65000,USD,65000,405000000,PYG,60355.65,6710.225,1059,-7.145,0,0,1,1,0,cross-currency,remax,143032069-69
1062,2026-01-28,sale,casa,"Limpio, Central",,Central,Limpio,100,built,2,230000000,PYG,34276.05,230000000,PYG,34276.05,6710.225,343,0,1,0,1,1,1,,remax,143054111-119
1068,2026-01-28,sale,departamento,Asunción,Las Mercedes,Asunción,,60,land,1,80000,USD,80000,95000,USD,95000,6710.225,1583,18.75,0,0,1,1,1,,remax,143072073-107
1422,2026-01-28,rent,casa,"General Eugenio A. Garay, Guairá",,Guairá,,120,built,3,1400000,PYG,208.64,1400000,PYG,208.64,6710.225,2,0,1,0,1,1,1,,remax,143095004-52
1561,2026-01-28,rent,departamento,"Ciudad del Este, Alto Paraná",,Alto Paraná,Ciudad del Este,65,land,1,3000000,PYG,447.08,3000000,PYG,447.08,6710.225,7,0,1,0,1,1,1,,remax,114001022-268
2043,2026-01-28,rent,deposito,"Capiatá, Central",,Central,Capiatá,1814,built,,20000000,PYG,2980.53,20000000,PYG,2980.53,6710.225,2,0,1,0,1,1,1,,remax,143061072-23
2127,2026-01-28,sale,casa,"Lambaré, Central",,Central,Lambaré,400,built,5,2050000000,PYG,305503.91,2049600000,PYG,305444.3,6710.225,764,-0.02,0,1,1,1,1,,remax,143098041-5
2285,2026-01-28,rent,departamento,"Encarnación, Itapúa",,Itapúa,Encarnación,51,built,2,1400000,PYG,208.64,1400000,PYG,208.64,6710.225,4,0,1,0,1,1,1,,remax,143085019-547
2373,2026-01-28,rent,departamento,"Lambaré, Central",,Central,Lambaré,48,land,2,2500000,PYG,372.57,2500000,PYG,372.57,6710.225,8,0,1,0,1,1,1,,remax,143019021-112
2712,2026-01-28,rent,casa,"Fernando de la Mora, Central",,Central,Fernando de la Mora,250,built,3,4500000,PYG,670.62,4500000,PYG,670.62,6710.225,3,0,1,0,1,1,1,,remax,143072132-28
3421,2026-01-28,sale,casa,"Encarnación, Itapúa",,Itapúa,Encarnación,700,built,6,400000,USD,400000,2685600000,PYG,400225.03,6710.225,572,0.056,0,0,1,1,0,cross-currency,remax,143011007-2097
3745,2026-01-28,sale,casa,"Mariano Roque Alonso, Central",,Central,Mariano Roque Alonso,180,built,3,350000000,PYG,52159.2,330000000,PYG,49178.68,6710.225,273,-5.714,0,1,1,1,1,,remax,143036096-43
311974,2026-01-28,rent,duplex,"Fernando de la Mora, Central",,Central,Fernando de la Mora,303,built,4,5500000,PYG,819.64,5000000,PYG,745.13,6710.225,2,-9.091,0,1,1,1,1,,remax,143036139-77
15,2026-01-29,rent,casa,"Encarnación, Itapúa",,Itapúa,Encarnación,150,built,2,4500000,PYG,671.84,3500000,PYG,522.55,6697.985,3,-22.221,0,1,1,1,1,,remax,143032066-51
148,2026-01-29,rent,departamento,Asunción,General Díaz,Asunción,,87,built,2,2000000,PYG,298.6,2000000,PYG,298.6,6697.985,3,0,1,0,1,1,1,,remax,143026204-15
693,2026-01-29,rent,duplex,Asunción,Santa María,Asunción,,120,built,2,2500000,PYG,373.25,2500000,PYG,373.25,6697.985,3,0,1,0,1,1,1,,remax,143063196-112
772,2026-01-29,rent,local,"Ñemby, Central",,Central,Ñemby,35,built,,1500000,PYG,223.95,1500000,PYG,223.95,6697.985,6,0,1,0,1,1,1,,remax,143097013-20
811,2026-01-29,sale,terreno,"Hernandarias, Alto Paraná",,Alto Paraná,Hernandarias,,,,55000,USD,55000,335300000,PYG,50059.83,6697.985,,-8.982,0,0,1,1,0,cross-currency,remax,143050150-45
851,2026-01-29,rent,departamento,"Fernando de la Mora, Central",,Central,Fernando de la Mora,6,land,1,900000,PYG,134.37,900000,PYG,134.37,6697.985,22,0,1,0,1,1,1,,remax,143025222-8
1216,2026-01-29,sale,terreno,"Ñemby, Central",,Central,Ñemby,1167,land,,900000000,PYG,134368.77,880000000,PYG,131382.8,6697.985,113,-2.222,0,1,1,1,1,,remax,143072119-76
1331,2026-01-29,rent,departamento,Asunción,Mburucuyá,Asunción,,1,land,1,6700000,PYG,1000.3,6700000,PYG,1000.3,6697.985,1000,0,1,0,1,1,1,,remax,143025004-103
2120,2026-01-29,sale,terreno,"Capiatá, Central",,Central,Capiatá,360,land,,115000000,PYG,17169.34,110000000,PYG,16422.85,6697.985,46,-4.348,0,1,2,1,1,,remax,143061089-3
2159,2026-01-29,sale,duplex,"Luque, Central",,Central,Luque,126,land,3,165000,USD,165000,1106490000,PYG,165197.44,6697.985,1311,0.12,0,0,1,1,0,cross-currency,remax,143063152-50
2266,2026-01-29,rent,deposito,"Presidente Franco, Alto Paraná",,Alto Paraná,,240,built,,5000000,PYG,746.49,5000000,PYG,746.49,6697.985,3,0,1,0,1,1,1,,remax,143050065-47
2460,2026-01-29,rent,casa,"Hernandarias, Alto Paraná",,Alto Paraná,Hernandarias,200,built,3,4000000,PYG,597.19,4000000,PYG,597.19,6697.985,3,0,1,0,1,1,1,,remax,143050081-128
2839,2026-01-29,rent,departamento,Asunción,Las Lomas (Carmelitas),Asunción,,1000,land,2,1000,USD,1000,9394000,PYG,1402.51,6697.985,1,40.251,0,0,1,1,0,cross-currency,remax,143056033-213
2858,2026-01-29,sale,terreno,"Encarnación, Itapúa",,Itapúa,Encarnación,360,land,,131000000,PYG,19558.12,131000000,PYG,19558.12,6697.985,54,0,1,0,1,1,1,,remax,143011104-4
2901,2026-01-29,rent,local,Asunción,San Roque,Asunción,,450,built,,20000000,PYG,2985.97,15000000,PYG,2239.48,6697.985,5,-25,0,1,1,1,1,,remax,143026049-155
3195,2026-01-29,sale,casa,"Loma Grande, Cordillera",,Cordillera,,75,built,2,50350,USD,50350,355100000,PYG,53015.94,6697.985,707,5.295,0,0,1,1,0,cross-currency,remax,143068042-30
3250,2026-01-29,sale,departamento,Asunción,Villa Morra,Asunción,,2300,land,,46199,USD,46199,309810494,PYG,46254.28,6697.985,20,0.12,0,0,1,1,0,cross-currency,remax,143025033-474
3445,2026-01-29,sale,terreno,"Villa Elisa, Central",,Central,Villa Elisa,688,land,,260000000,PYG,38817.64,180000000,PYG,26873.75,6697.985,39,-30.769,0,1,1,1,1,,remax,143061089-6
3478,2026-01-29,sale,terreno,"Capiatá, Central",,Central,Capiatá,360,land,,130000000,PYG,19408.82,100000000,PYG,14929.86,6697.985,41,-23.077,0,1,1,1,1,,remax,143061089-2
4368,2026-01-29,sale,terreno,"Capiatá, Central",,Central,Capiatá,360,land,,115000000,PYG,17169.34,110000000,PYG,16422.85,6697.985,46,-4.348,0,1,2,0,0,second record of one deal,remax,143061089-4
308743,2026-01-29,rent,casa,"Luque, Central",,Central,Luque,120,built,3,4200000,PYG,627.05,4200000,PYG,627.05,6697.985,5,0,1,0,1,1,1,,remax,143036051-193
309507,2026-01-29,rent,departamento,Asunción,Villa Morra,Asunción,,42,land,1,690,USD,690,4450500,PYG,664.45,6697.985,16,-3.703,0,0,1,1,0,cross-currency,remax,143056047-81
311928,2026-01-29,rent,duplex,"Fernando de la Mora, Central",,Central,Fernando de la Mora,110,built,3,4500000,PYG,671.84,4200000,PYG,627.05,6697.985,6,-6.667,0,1,1,1,1,,remax,143036008-120
312826,2026-01-29,rent,local,"Ciudad del Este, Alto Paraná",,Alto Paraná,Ciudad del Este,,,,1000,USD,1000,10500000,PYG,1567.64,6697.985,,56.764,0,0,1,1,0,cross-currency,remax,143107004-13
179,2026-01-30,sale,casa,"Santa Rita, Alto Paraná",,Alto Paraná,,175,built,3,180000,USD,180000,1225000000,PYG,184228.12,6649.365,1053,2.349,0,0,1,1,0,cross-currency,remax,143065029-56
190,2026-01-30,sale,casa,"Luque, Central",,Central,Luque,236,built,4,1345729559,PYG,202384.67,1345729559,PYG,202384.67,6649.365,858,0,1,0,1,1,1,,remax,143063075-63
492,2026-01-30,sale,terreno,"Villa Elisa, Central",,Central,Villa Elisa,,,,230000000,PYG,34589.77,230000000,PYG,34589.77,6649.365,,0,1,0,1,1,1,,remax,143063146-158
523,2026-01-30,sale,terreno,"Filadelfia, Boquerón",,Boquerón,,,,,369000000,PYG,55494.02,359000000,PYG,53990.12,6649.365,,-2.71,0,1,1,1,1,,remax,143102001-10
1053,2026-01-30,rent,casa,"Filadelfia, Boquerón",,Boquerón,,190,built,3,6000000,PYG,902.34,6000000,PYG,902.34,6649.365,5,0,1,0,1,1,1,,remax,143016008-518
1059,2026-01-30,rent,duplex,Asunción,Nazareth,Asunción,,140,land,3,5500000,PYG,827.15,5500000,PYG,827.15,6649.365,6,0,1,0,1,1,1,,remax,143098061-51
1128,2026-01-30,rent,departamento,Asunción,Santísima Trinidad,Asunción,,110,built,2,0,USD,0,8710000,USD,8710000,6649.365,79182,,0,0,1,1,0,no ask,remax,143063091-97
1131,2026-01-30,sale,terreno,"Filadelfia, Boquerón",,Boquerón,,,,,47000000,PYG,7068.34,47000000,PYG,7068.34,6649.365,,0,1,0,1,1,1,,remax,143102001-73
1610,2026-01-30,rent,departamento,Asunción,Las Lomas (Carmelitas),Asunción,,84,land,2,1100,USD,1100,7357900,PYG,1106.56,6649.365,13,0.596,0,0,1,1,0,cross-currency,remax,143096014-40
1852,2026-01-30,sale,terreno,"Filadelfia, Boquerón",,Boquerón,,,,,143000000,PYG,21505.81,200000000,PYG,30078.06,6649.365,,39.86,0,0,1,1,1,,remax,143102001-48
2938,2026-01-30,sale,terreno,"San Bernardino, Cordillera",,Cordillera,San Bernardino,1200,land,,250000000,PYG,37597.58,250000000,PYG,37597.58,6649.365,31,0,1,0,1,1,1,,remax,143014151-80
2949,2026-01-30,sale,terreno,Asunción,Madame Lynch,Asunción,,665,land,,700000,USD,700000,4760000000,PYG,715857.83,6649.365,1076,2.265,0,0,1,1,0,cross-currency,remax,143098021-88
2955,2026-01-30,rent,departamento,"Luque, Central",,Central,Luque,42,built,1,1000000,PYG,150.39,1000000,PYG,150.39,6649.365,4,0,1,0,1,1,1,,remax,143021018-152
2957,2026-01-30,rent,casa,"Luque, Central",,Central,Luque,70,built,2,2000000,PYG,300.78,2000000,PYG,300.78,6649.365,4,0,1,0,1,1,1,,remax,143063192-136
3100,2026-01-30,rent,casa,"Luque, Central",,Central,Luque,99,built,2,2000000,PYG,300.78,2000000,PYG,300.78,6649.365,3,0,1,0,1,1,1,,remax,143080203-25
3422,2026-01-30,rent,departamento,Asunción,Las Lomas (Carmelitas),Asunción,,800,land,2,9394000,PYG,1412.77,9394000,PYG,1412.77,6649.365,2,0,1,0,1,1,1,,remax,143056033-215
3644,2026-01-30,sale,terreno,"Filadelfia, Boquerón",,Boquerón,,,,,47600000,PYG,7158.58,47600000,PYG,7158.58,6649.365,,0,1,0,1,1,1,,remax,143102001-72
3732,2026-01-30,rent,departamento,Asunción,Mburucuyá,Asunción,,96,land,2,5000000,PYG,751.95,5000000,PYG,751.95,6649.365,8,0,1,0,1,1,1,,remax,143098011-306
4316,2026-01-30,rent,deposito,"Lambaré, Central",,Central,Lambaré,330,built,,4500000,PYG,676.76,4500000,PYG,676.76,6649.365,2,0,1,0,1,1,1,,remax,143063094-254
4455,2026-01-30,rent,duplex,"Lambaré, Central",,Central,Lambaré,144,built,3,5200000,PYG,782.03,5200000,PYG,782.03,6649.365,5,0,1,0,1,1,1,,remax,143068141-2
4518,2026-01-30,sale,duplex,"San Lorenzo, Central",,Central,San Lorenzo,140,built,3,570000000,PYG,85722.47,470000000,PYG,70683.44,6649.365,505,-17.544,0,1,1,1,1,,remax,143094007-74
312601,2026-01-30,rent,casa,Asunción,Las Lomas (Carmelitas),Asunción,,620,built,6,2000,USD,2000,8228000,PYG,1237.41,6649.365,2,-38.13,0,0,1,1,0,cross-currency,remax,143036008-118
1705,2026-01-31,rent,departamento,"Ciudad del Este, Alto Paraná",,Alto Paraná,Ciudad del Este,50,land,1,3800000,PYG,571.48,3700000,PYG,556.44,6649.365,11,-2.632,0,1,1,1,1,,remax,143050067-124
2807,2026-01-31,rent,departamento,Asunción,Sajonia,Asunción,,65,land,2,1800000,PYG,270.7,1800000,PYG,270.7,6649.365,4,0,1,0,1,1,1,,remax,143014052-101
3202,2026-01-31,rent,departamento,Asunción,Ciudad Nueva,Asunción,,98,land,2,4200000,PYG,631.64,4200000,PYG,631.64,6649.365,6,0,1,0,1,1,1,,remax,143028003-220
3237,2026-01-31,rent,casa,"San Lorenzo, Central",,Central,San Lorenzo,80,built,,2000000,PYG,300.78,2000000,PYG,300.78,6649.365,4,0,1,0,1,1,1,,remax,143095019-15
3876,2026-01-31,rent,casa,"Ñemby, Central",,Central,Ñemby,80,built,2,2400000,PYG,360.94,2400000,PYG,360.94,6649.365,5,0,1,0,1,1,1,,remax,143068006-162
4198,2026-01-31,sale,terreno,Asunción,Loma Pytá,Asunción,,480,land,,100000,USD,100000,600000000,PYG,90234.18,6649.365,188,-9.766,0,0,1,1,0,cross-currency,remax,143025156-173
4354,2026-01-31,rent,departamento,Asunción,Las Lomas (Carmelitas),Asunción,,99,built,2,1200,USD,1200,8047200,PYG,1210.22,6649.365,12,0.852,0,0,1,1,0,cross-currency,remax,143026176-61
4527,2026-01-31,rent,departamento,"Encarnación, Itapúa",,Itapúa,Encarnación,40,land,1,350,USD,350,2330300,PYG,350.45,6649.365,9,0.129,0,0,1,1,0,cross-currency,remax,143011091-52
3695,2026-02-01,rent,departamento,Asunción,Ciudad Nueva,Asunción,,360,land,4,3500000,PYG,526.37,3500000,PYG,526.37,6649.365,1,0,1,0,1,1,1,,remax,143080203-34
4128,2026-02-01,rent,oficina,Asunción,Villa Aurelia,Asunción,,27,built,,1200000,PYG,180.47,1200000,PYG,180.47,6649.365,7,0,1,0,1,1,1,,remax,143063094-231
312052,2026-02-01,rent,departamento,"Fernando de la Mora, Central",,Central,Fernando de la Mora,61,land,1,3200000,PYG,481.25,3200000,PYG,481.25,6649.365,8,0,1,0,1,1,1,,remax,143063130-98
212,2026-02-02,rent,local,"Presidente Franco, Alto Paraná",,Alto Paraná,,150,built,,3000000,PYG,452.2,3000000,PYG,452.2,6634.18,3,0,1,0,1,1,1,,remax,143050104-32
308,2026-02-02,rent,deposito,"Encarnación, Itapúa",,Itapúa,Encarnación,,,,3000000,PYG,452.2,3000000,PYG,452.2,6634.18,,0,1,0,1,1,1,,remax,143011080-72
325,2026-02-02,rent,local,Asunción,Barrio Jara,Asunción,,,,,1984,USD,1984,9618140,PYG,1449.79,6634.18,,-26.926,0,0,1,1,0,cross-currency,remax,143098009-694
446,2026-02-02,rent,departamento,Asunción,Santísima Trinidad,Asunción,,56,land,2,5800000,PYG,874.26,5800000,PYG,874.26,6634.18,16,0,1,0,1,1,1,,remax,143098027-118
978,2026-02-02,rent,otro,"Cambyretá, Itapúa",,Itapúa,Cambyretá,144,built,3,6000000,PYG,904.41,6000000,PYG,904.41,6634.18,6,0,1,0,1,1,1,,remax,143011007-2159
2216,2026-02-02,rent,otro,"Encarnación, Itapúa",,Itapúa,Encarnación,,,,1500000,PYG,226.1,1500000,PYG,226.1,6634.18,,0,1,0,1,1,1,,remax,143032061-133
2423,2026-02-02,rent,oficina,"Encarnación, Itapúa",,Itapúa,Encarnación,35,land,,2500000,PYG,376.84,2500000,PYG,376.84,6634.18,11,0,1,0,1,1,1,,remax,143032061-134
2425,2026-02-02,rent,deposito,"Fernando de la Mora, Central",,Central,Fernando de la Mora,80,built,,2800000,PYG,422.06,2800000,PYG,422.06,6634.18,5,0,1,0,1,1,1,,remax,143095019-16
2632,2026-02-02,sale,terreno,"Encarnación, Itapúa",,Itapúa,Encarnación,,,,230000000,PYG,34668.94,220000000,PYG,33161.6,6634.18,,-4.348,0,1,1,1,1,,remax,143032061-130
2698,2026-02-02,rent,terreno,"Loma Plata, Boquerón",,Boquerón,,,,,4000000,PYG,602.94,3500000,PYG,527.57,6634.18,,-12.5,0,1,1,1,1,,remax,143078001-175
3013,2026-02-02,sale,terreno,"Villa Elisa, Central",,Central,Villa Elisa,,,,350000000,PYG,52757.09,350000000,PYG,52757.09,6634.18,,0,1,0,1,1,1,,remax,143072016-185
3047,2026-02-02,rent,departamento,Asunción,Hipódromo,Asunción,,360,land,1,1500000,PYG,226.1,1500000,PYG,226.1,6634.18,1,0,1,0,1,1,1,,remax,143098058-47
3049,2026-02-02,sale,terreno,"Villa Elisa, Central",,Central,Villa Elisa,360,land,,295000000,PYG,44466.69,285000000,PYG,42959.34,6634.18,119,-3.39,0,1,1,1,1,,remax,143068136-8
3072,2026-02-02,rent,casa,"Loma Plata, Boquerón",,Boquerón,,180,built,3,840000,PYG,126.62,420000,PYG,63.31,6634.18,0,-50,0,1,1,1,1,,remax,143078001-176
3162,2026-02-02,rent,departamento,"Cambyretá, Itapúa",,Itapúa,Cambyretá,,,1,1750000,PYG,263.79,1750000,PYG,263.79,6634.18,,0,1,0,1,1,1,,remax,143011007-2158
3348,2026-02-02,sale,departamento,"Ciudad del Este, Alto Paraná",,Alto Paraná,Ciudad del Este,450,land,1,45000,USD,45000,299295000,PYG,45114.09,6634.18,100,0.254,0,0,1,1,0,cross-currency,remax,143050072-48
4154,2026-02-02,rent,otro,"Ñemby, Central",,Central,Ñemby,1080,built,,1200000,PYG,180.88,1200000,PYG,180.88,6634.18,0,0,1,0,1,1,1,,remax,143021018-161
4170,2026-02-02,rent,local,"Encarnación, Itapúa",,Itapúa,Encarnación,62,built,,2500000,PYG,376.84,2500000,PYG,376.84,6634.18,6,0,1,0,1,1,1,,remax,143085019-538
1027,2026-02-03,rent,departamento,Asunción,San Pablo,Asunción,,60,land,2,1900000,PYG,287.08,1900000,PYG,287.08,6618.425,5,0,1,0,1,1,1,,remax,143025151-88
1092,2026-02-03,sale,terreno,"San Bernardino, Cordillera",,Cordillera,San Bernardino,612,land,,170000000,PYG,25685.87,170000000,PYG,25685.87,6618.425,42,0,1,0,1,1,1,,remax,143072016-184
1441,2026-02-03,sale,terreno,"Ciudad del Este, Alto Paraná",,Alto Paraná,Ciudad del Este,,,,130000000,PYG,19642.14,110000000,PYG,16620.27,6618.425,,-15.385,0,1,3,1,1,,remax,143050192-6
1502,2026-02-03,rent,departamento,"Ciudad del Este, Alto Paraná",,Alto Paraná,Ciudad del Este,20,built,1,1500000,PYG,226.64,1500000,PYG,226.64,6618.425,11,0,1,0,1,1,1,,remax,143050002-233
1710,2026-02-03,sale,casa,Asunción,Obrero,Asunción,,360,built,6,800000000,PYG,120874.68,720000000,PYG,108787.21,6618.425,302,-10,0,1,1,1,1,,remax,143061061-113
1757,2026-02-03,rent,casa,"Luque, Central",,Central,Luque,120,built,,2000000,PYG,302.19,2000000,PYG,302.19,6618.425,3,0,1,0,1,1,1,,remax,143068120-20
2260,2026-02-03,rent,duplex,"Luque, Central",,Central,Luque,118,built,3,4000000,PYG,604.37,3800000,PYG,574.15,6618.425,5,-5,0,1,1,1,1,,remax,143063076-103
2279,2026-02-03,sale,terreno,Asunción,Los Laureles,Asunción,,600,land,,270000,USD,270000,1755000000,PYG,265168.83,6618.425,442,-1.789,0,0,1,1,0,cross-currency,remax,143063136-247
2461,2026-02-03,sale,terreno,"Ciudad del Este, Alto Paraná",,Alto Paraná,Ciudad del Este,,,,130000000,PYG,19642.14,110000000,PYG,16620.27,6618.425,,-15.385,0,1,3,0,0,second record of one deal,remax,143050192-3
2517,2026-02-03,rent,departamento,"Ciudad del Este, Alto Paraná",,Alto Paraná,Ciudad del Este,20,built,1,1650000,PYG,249.3,1650000,PYG,249.3,6618.425,12,0,1,0,1,1,1,,remax,143050002-241
3801,2026-02-03,sale,terreno,"Ciudad del Este, Alto Paraná",,Alto Paraná,Ciudad del Este,,,,130000000,PYG,19642.14,110000000,PYG,16620.27,6618.425,,-15.385,0,1,3,0,0,second record of one deal,remax,143050192-5
4254,2026-02-03,sale,terreno,"San Juan del Paraná, Itapúa",,Itapúa,San Juan del Paraná,1000,land,,90000,USD,90000,598950000,PYG,90497.36,6618.425,90,0.553,0,0,1,1,0,cross-currency,remax,143011003-442
141,2026-02-04,rent,departamento,Asunción,Barrio Jara,Asunción,,96,land,2,5500000,PYG,832.91,5300000,PYG,802.62,6603.34,8,-3.637,0,1,1,1,1,,remax,143101004-3
522,2026-02-04,rent,local,"Luque, Central",,Central,Luque,8,built,,3000000,PYG,454.32,3000000,PYG,454.32,6603.34,57,0,1,0,1,1,1,,remax,143019021-114
1687,2026-02-04,rent,departamento,"Fernando de la Mora, Central",,Central,Fernando de la Mora,5,land,1,900000,PYG,136.29,900000,PYG,136.29,6603.34,27,0,1,0,1,1,1,,remax,143025222-5
2350,2026-02-04,rent,casa,"Santa Rita, Alto Paraná",,Alto Paraná,,508,built,2,7000000,PYG,1060.07,7000000,PYG,1060.07,6603.34,2,0,1,0,1,1,1,,remax,143065032-27
3980,2026-02-04,sale,casa,Asunción,Mbocayaty,Asunción,,100,built,2,630000000,PYG,95406.26,630000000,PYG,95406.26,6603.34,954,0,1,0,1,1,1,,remax,143025194-4
19,2026-02-05,rent,casa,"Santa Rita, Alto Paraná",,Alto Paraná,,107,built,3,3000000,PYG,454.05,3000000,PYG,454.05,6607.145,4,0,1,0,1,1,1,,remax,143065021-157
345,2026-02-05,rent,departamento,"Encarnación, Itapúa",,Itapúa,Encarnación,25,land,1,1500000,PYG,227.03,1500000,PYG,227.03,6607.145,9,0,1,0,1,1,1,,remax,143011101-21
611,2026-02-05,sale,terreno,"Areguá, Central",,Central,Areguá,1998,land,,65000,USD,65000,347602500,PYG,52610.09,6607.145,26,-19.061,0,0,1,1,0,cross-currency,remax,143061082-2
1336,2026-02-05,sale,casa,Asunción,San Vicente,Asunción,,244,built,4,770000000,PYG,116540.5,750000000,PYG,113513.48,6607.145,465,-2.597,0,1,1,1,1,,remax,143100017-17
1721,2026-02-05,sale,casa,"Villa Elisa, Central",,Central,Villa Elisa,405,built,5,870000000,PYG,131675.63,760000000,PYG,115026.99,6607.145,284,-12.644,0,1,1,1,1,,remax,143068092-42
2062,2026-02-05,sale,terreno,"Filadelfia, Boquerón",,Boquerón,,660,built,,210000000,PYG,31783.77,210000000,PYG,31783.77,6607.145,48,0,1,0,1,1,1,,remax,143078001-167
2182,2026-02-05,rent,local,"Filadelfia, Boquerón",,Boquerón,,70,built,,2000000,PYG,302.7,1500000,PYG,227.03,6607.145,3,-24.998,0,1,1,1,1,,remax,143016029-73
2427,2026-02-05,rent,departamento,"Santa Rita, Alto Paraná",,Alto Paraná,,40,built,1,1100000,PYG,166.49,1100000,PYG,166.49,6607.145,4,0,1,0,1,1,1,,remax,143065026-210
2705,2026-02-05,rent,otro,"Santa Rita, Alto Paraná",,Alto Paraná,,540,built,,1950000,PYG,295.14,1950000,PYG,295.14,6607.145,1,0,1,0,2,1,1,,remax,143065026-209
2943,2026-02-05,rent,departamento,"Luque, Central",,Central,Luque,30,land,1,2700000,PYG,408.65,2700000,PYG,408.65,6607.145,14,0,1,0,1,1,1,,remax,143094007-98
2977,2026-02-05,rent,departamento,Asunción,Las Mercedes,Asunción,,45,land,1,3900000,PYG,590.27,3600000,PYG,544.86,6607.145,12,-7.693,0,1,1,1,1,,remax,143096015-83
3384,2026-02-05,rent,otro,"Santa Rita, Alto Paraná",,Alto Paraná,,540,built,,1950000,PYG,295.14,1950000,PYG,295.14,6607.145,1,0,1,0,2,0,0,second record of one deal,remax,143065026-208
3521,2026-02-05,rent,departamento,Asunción,San Jorge,Asunción,,55,land,1,3000000,PYG,454.05,3000000,PYG,454.05,6607.145,8,0,1,0,1,1,1,,remax,143098023-31
3757,2026-02-05,sale,terreno,"Luque, Central",,Central,Luque,4807,land,,995000000,PYG,150594.55,900000000,PYG,136216.17,6607.145,28,-9.548,0,1,1,1,1,,remax,143063141-85
310238,2026-02-05,sale,duplex,"Luque, Central",,Central,Luque,170,built,3,128000,USD,128000,835532500,PYG,126458.93,6607.145,744,-1.204,0,0,1,1,0,cross-currency,remax,143063128-167
414,2026-02-06,sale,terreno,"San Bernardino, Cordillera",,Cordillera,San Bernardino,,,1,240000000,PYG,36397.19,230000000,PYG,34880.64,6593.915,,-4.167,0,1,1,1,1,,remax,143063146-147
1090,2026-02-06,sale,terreno,Asunción,San Cristóbal,Asunción,,1065,built,6,1625000,USD,1625000,8904600000,PYG,1350426.87,6593.915,1268,-16.897,0,0,1,1,0,cross-currency,remax,143054072-59
1380,2026-02-06,sale,terreno,"Ciudad del Este, Alto Paraná",,Alto Paraná,Ciudad del Este,,,,200000000,PYG,30330.99,180000000,PYG,27297.9,6593.915,,-10,0,1,1,1,1,,remax,143050132-28
1500,2026-02-06,sale,terreno,"Doctor José Falcón, Presidente Hayes",,Presidente Hayes,,,,,49950,USD,49950,329470000,PYG,49965.76,6593.915,,0.032,0,0,1,1,0,cross-currency,remax,143101003-25
1719,2026-02-06,sale,duplex,"Ciudad del Este, Alto Paraná",,Alto Paraná,Ciudad del Este,154,built,3,130000,USD,130000,826750000,PYG,125380.75,6593.915,814,-3.553,0,0,1,1,0,cross-currency,remax,143050060-302
1932,2026-02-06,sale,terreno,"Fernando de la Mora, Central",,Central,Fernando de la Mora,,,,750000000,PYG,113741.23,720000000,PYG,109191.58,6593.915,,-4,0,1,1,1,1,,remax,143036139-81
1943,2026-02-06,sale,casa,Asunción,Sajonia,Asunción,,100,built,2,650000000,PYG,98575.73,650000000,PYG,98575.73,6593.915,986,0,1,0,1,1,1,,remax,143068021-9
1972,2026-02-06,sale,departamento,Asunción,Barrio Jara,Asunción,,52,land,1,409000000,PYG,62026.88,409000000,PYG,62026.88,6593.915,1193,0,1,0,1,1,1,,remax,143063147-35
2534,2026-02-06,rent,departamento,"San Lorenzo, Central",,Central,San Lorenzo,360,land,1,4000000,PYG,606.62,3600000,PYG,545.96,6593.915,2,-10,0,1,1,1,1,,remax,143080203-38
2887,2026-02-06,sale,departamento,"Encarnación, Itapúa",,Itapúa,Encarnación,76,land,2,108900,USD,108900,717977700,PYG,108884.89,6593.915,1427,-0.014,0,0,1,1,0,cross-currency,remax,143011003-395
3025,2026-02-06,sale,terreno,"Caacupé, Cordillera",,Cordillera,Caacupé,4167,land,2,250000000,PYG,37913.74,230000000,PYG,34880.64,6593.915,8,-8,0,1,1,1,1,,remax,143026124-10
4320,2026-02-06,sale,terreno,"Doctor José Falcón, Presidente Hayes",,Presidente Hayes,,,,,49950,USD,49950,329470200,PYG,49965.79,6593.915,,0.032,0,0,1,1,0,cross-currency,remax,143101003-26
311242,2026-02-06,rent,deposito,"Santa Rita, Alto Paraná",,Alto Paraná,,450,built,,3000000,PYG,454.96,3000000,PYG,454.96,6593.915,1,0,1,0,1,1,1,,remax,143065040-21
312055,2026-02-06,sale,terreno,"Capiatá, Central",,Central,Capiatá,54,built,2,150000000,PYG,22748.25,150000000,PYG,22748.25,6593.915,421,0,1,0,1,1,1,,remax,143037125-14
313064,2026-02-06,sale,otro,"Ciudad del Este, Alto Paraná",,Alto Paraná,Ciudad del Este,,,,2955536919,PYG,448221.87,2955536919,PYG,448221.87,6593.915,,0,1,0,1,1,1,,remax,143099023-28
1319,2026-02-07,rent,local,"Encarnación, Itapúa",,Itapúa,Encarnación,115,built,,2500000,PYG,379.14,2500000,PYG,379.14,6593.915,3,0,1,0,1,1,1,,remax,143032061-135
1394,2026-02-07,rent,casa,"Ñemby, Central",,Central,Ñemby,90,built,2,1500000,PYG,227.48,1500000,PYG,227.48,6593.915,3,0,1,0,1,1,1,,remax,143072126-31
309118,2026-02-07,rent,deposito,"San Lorenzo, Central",,Central,San Lorenzo,,,,4000000,PYG,606.62,4000000,PYG,606.62,6593.915,,0,1,0,1,1,1,,remax,143036067-32
1938,2026-02-08,sale,departamento,Asunción,Las Lomas (Carmelitas),Asunción,,60,land,1,126328,USD,126328,757968000,PYG,114949.62,6593.915,1916,-9.007,0,0,1,1,0,cross-currency,remax,143056031-712
87,2026-02-09,rent,departamento,"Lambaré, Central",,Central,Lambaré,60,built,2,2600000,PYG,395,2300000,PYG,349.43,6582.23,6,-11.537,0,1,1,1,1,,remax,143028006-129
205,2026-02-09,rent,otro,Asunción,La Encarnación,Asunción,,,,6,6000000,PYG,911.55,6000000,PYG,911.55,6582.23,,0,1,0,1,1,1,,remax,143061046-90
455,2026-02-09,rent,departamento,Asunción,Ycuá Satí,Asunción,,360,land,2,5300000,PYG,805.2,5300000,PYG,805.2,6582.23,2,0,1,0,1,1,1,,remax,143025149-245
1251,2026-02-09,rent,oficina,Asunción,Ciudad Nueva,Asunción,,345,built,,6200000,PYG,941.93,6000000,PYG,911.55,6582.23,3,-3.225,0,1,1,1,1,,remax,143098115-65
1627,2026-02-09,rent,oficina,Asunción,Ciudad Nueva,Asunción,,345,built,,6200000,PYG,941.93,6000000,PYG,911.55,6582.23,3,-3.225,0,1,1,1,1,,remax,143014167-87
2129,2026-02-09,rent,casa,"Filadelfia, Boquerón",,Boquerón,,120,built,4,6000000,PYG,911.55,6000000,PYG,911.55,6582.23,8,0,1,0,1,1,1,,remax,143016008-507
2838,2026-02-09,rent,casa,"Ciudad del Este, Alto Paraná",,Alto Paraná,Ciudad del Este,379,built,3,2500000,PYG,379.81,2500000,PYG,379.81,6582.23,1,0,1,0,1,1,1,,remax,143050177-14
3463,2026-02-09,sale,casa,"Lambaré, Central",,Central,Lambaré,250,built,3,100000,USD,100000,670000000,PYG,101789.21,6582.23,407,1.789,0,0,1,1,0,cross-currency,remax,143098041-25
4005,2026-02-09,sale,terreno,"Encarnación, Itapúa",,Itapúa,Encarnación,413,land,,190000000,PYG,28865.6,180000000,PYG,27346.36,6582.23,66,-5.263,0,1,1,1,1,,remax,143085019-201
4445,2026-02-09,sale,terreno,"San Lorenzo, Central",,Central,San Lorenzo,420,land,,110000,USD,110000,660000000,PYG,100269.97,6582.23,239,-8.845,0,0,1,1,0,cross-currency,remax,143063089-53
312349,2026-02-09,rent,casa,Asunción,Pinoza,Asunción,,175,built,3,4000000,PYG,607.7,4000000,PYG,607.7,6582.23,3,0,1,0,1,1,1,,remax,143063221-13
195,2026-02-10,sale,terreno,"Santa Rita, Alto Paraná",,Alto Paraná,,436,land,,50000,USD,50000,700000000,PYG,105993.8,6604.16,243,111.988,0,0,1,1,0,cross-currency,remax,143050187-7
1655,2026-02-10,rent,deposito,"Fernando de la Mora, Central",,Central,Fernando de la Mora,940,built,,15000000,PYG,2271.3,10000000,PYG,1514.2,6604.16,2,-33.333,0,1,1,1,1,,remax,143056067-10
1682,2026-02-10,rent,casa,"Limpio, Central",,Central,Limpio,80,built,2,3000000,PYG,454.26,3000000,PYG,454.26,6604.16,6,0,1,0,1,1,1,,remax,143025184-55
1880,2026-02-10,sale,casa,Asunción,Los Laureles,Asunción,,300,built,3,295000,USD,295000,1836000000,PYG,278006.59,6604.16,927,-5.76,0,0,1,1,0,cross-currency,remax,143098020-81
2797,2026-02-10,rent,casa,"San Lorenzo, Central",,Central,San Lorenzo,250,built,6,6000000,PYG,908.52,6000000,PYG,908.52,6604.16,4,0,1,0,1,1,1,,remax,143100026-41
3019,2026-02-10,sale,departamento,Asunción,Recoleta,Asunción,,2000,land,2,116100,USD,116100,696600000,PYG,105478.97,6604.16,53,-9.148,0,0,1,1,0,cross-currency,remax,143056033-221
3310,2026-02-10,sale,casa,"Hernandarias, Alto Paraná",,Alto Paraná,Hernandarias,100,built,4,360000000,PYG,54511.1,350000000,PYG,52996.9,6604.16,530,-2.778,0,1,1,1,1,,remax,143050081-117
4472,2026-02-10,rent,local,"Caazapá, Caazapá",,Caazapá,,63,built,,2000000,PYG,302.84,1800000,PYG,272.56,6604.16,4,-9.999,0,1,1,1,1,,remax,143095004-97
309112,2026-02-10,rent,casa,"Luque, Central",,Central,Luque,80,built,3,2800000,PYG,423.98,2800000,PYG,423.98,6604.16,5,0,1,0,1,1,1,,remax,114006111-10
715,2026-02-11,sale,terreno,"Altos, Cordillera",,Cordillera,Altos,,,,98000,USD,98000,598500000,PYG,90894.94,6584.525,,-7.25,0,0,1,1,0,cross-currency,remax,143098054-40
1325,2026-02-11,sale,departamento,Asunción,Carmelitas,Asunción,,27,built,,67629,USD,67629,445877997,PYG,67716.05,6584.525,2494,0.129,0,0,1,1,0,cross-currency,remax,143025033-358
1362,2026-02-11,rent,departamento,Asunción,Mburucuyá,Asunción,,2500,land,1,800,USD,800,5256000,PYG,798.24,6584.525,0,-0.22,0,0,1,1,0,cross-currency,remax,143098011-309
1689,2026-02-11,rent,casa,Asunción,Herrera,Asunción,,350,built,4,13000000,PYG,1974.33,13000000,PYG,1974.33,6584.525,6,0,1,0,1,1,1,,remax,143096010-29
1984,2026-02-11,sale,casa,"Mariano Roque Alonso, Central",,Central,Mariano Roque Alonso,150,built,3,430000000,PYG,65304.63,420000000,PYG,63785.92,6584.525,425,-2.326,0,1,1,1,1,,remax,143038002-278
2568,2026-02-11,sale,terreno,"Ciudad del Este, Alto Paraná",,Alto Paraná,Ciudad del Este,365,land,,115000,USD,115000,700000000,PYG,106309.87,6584.525,291,-7.557,0,0,1,1,0,cross-currency,remax,143050187-5
2781,2026-02-11,sale,terreno,"Yguazú, Alto Paraná",,Alto Paraná,,371,land,,14000,USD,14000,92302000,PYG,14018.02,6584.525,38,0.129,0,0,1,1,0,cross-currency,remax,143065038-8
3751,2026-02-11,rent,duplex,"Luque, Central",,Central,Luque,118,built,3,4000000,PYG,607.48,4000000,PYG,607.48,6584.525,5,0,1,0,1,1,1,,remax,143063076-102
3999,2026-02-11,sale,casa,"Filadelfia, Boquerón",,Boquerón,,176,built,3,824600000,PYG,125233.03,761000000,PYG,115574.02,6584.525,657,-7.713,0,1,1,1,1,,remax,143016030-33
4065,2026-02-11,sale,casa,"Encarnación, Itapúa",,Itapúa,Encarnación,200,built,3,972000000,PYG,147618.85,972000000,PYG,147618.85,6584.525,738,0,1,0,1,1,1,,remax,143011080-70
853,2026-02-12,sale,terreno,Asunción,Sajonia,Asunción,,210,built,,695000000,PYG,105965.07,620000000,PYG,94529.99,6558.765,450,-10.791,0,1,1,1,1,,remax,143098088-2
973,2026-02-12,sale,departamento,Asunción,Recoleta,Asunción,,80,land,2,184190,USD,184190,1215654000,PYG,185348,6558.765,2323,0.629,0,0,1,1,0,cross-currency,remax,143056054-62
1450,2026-02-12,rent,duplex,Asunción,Ciudad Nueva,Asunción,,310,built,4,4500000,PYG,686.1,4500000,PYG,686.1,6558.765,2,0,1,0,1,1,1,,remax,143072119-87
2774,2026-02-12,rent,casa,"Luque, Central",,Central,Luque,524,built,6,9000000,PYG,1372.21,8500000,PYG,1295.98,6558.765,2,-5.555,0,1,1,1,1,,remax,143098067-20
2904,2026-02-12,sale,terreno,"Mariano Roque Alonso, Central",,Central,Mariano Roque Alonso,2304,land,,139000,USD,139000,824125000,PYG,125652.47,6558.765,55,-9.603,0,0,1,1,0,cross-currency,remax,143071054-475
3461,2026-02-12,rent,departamento,"Ñemby, Central",,Central,Ñemby,9,built,1,1500000,PYG,228.7,1500000,PYG,228.7,6558.765,25,0,1,0,1,1,1,,remax,143092081-10
3884,2026-02-12,rent,oficina,Asunción,Barrio Jara,Asunción,,,,,8200000,PYG,1250.24,8200000,PYG,1250.24,6558.765,,0,1,0,1,1,1,,remax,143098009-712
4121,2026-02-12,rent,departamento,"Fernando de la Mora, Central",,Central,Fernando de la Mora,28,land,1,2250000,PYG,343.05,2250000,PYG,343.05,6558.765,12,0,1,0,1,1,1,,remax,143056031-746
4439,2026-02-12,rent,casa,"San Lorenzo, Central",,Central,San Lorenzo,140,built,3,3500000,PYG,533.64,3500000,PYG,533.64,6558.765,4,0,1,0,1,1,1,,remax,143072119-99
4454,2026-02-12,sale,terreno,"Ypacaraí, Central",,Central,Ypacaraí,437,land,,140000000,PYG,21345.48,130000000,PYG,19820.8,6558.765,45,-7.143,0,1,1,1,1,,remax,143036099-41
389,2026-02-13,sale,terreno,"Hernandarias, Alto Paraná",,Alto Paraná,Hernandarias,,,,64000,USD,64000,392400000,PYG,60036.49,6536.025,,-6.193,0,0,1,1,0,cross-currency,remax,143050006-121
519,2026-02-13,sale,terreno,"Cambyretá, Itapúa",,Itapúa,Cambyretá,360,land,,95000000,PYG,14534.83,95000000,PYG,14534.83,6536.025,40,0,1,0,1,1,1,,remax,143085033-3
1535,2026-02-13,rent,oficina,Asunción,Las Mercedes,Asunción,,185,built,,7700000,PYG,1178.09,7000000,PYG,1070.99,6536.025,6,-9.091,0,1,1,1,1,,remax,143037037-477
2644,2026-02-13,sale,casa,"San Lorenzo, Central",,Central,San Lorenzo,64,built,2,385000000,PYG,58904.3,376935233,PYG,57670.41,6536.025,901,-2.095,0,1,1,1,1,,remax,143020119-8
2918,2026-02-13,sale,departamento,"Luque, Central",,Central,Luque,72,land,2,177505,USD,177505,1152539965,PYG,176336.53,6536.025,2449,-0.658,0,0,1,1,0,cross-currency,remax,143063141-114
3432,2026-02-13,sale,terreno,"Ciudad del Este, Alto Paraná",,Alto Paraná,Ciudad del Este,900,land,,350000,USD,350000,2345000000,PYG,358780.76,6536.025,399,2.509,0,0,1,1,0,cross-currency,remax,114001022-270
3446,2026-02-13,rent,otro,"Filadelfia, Boquerón",,Boquerón,,47,built,,1500000,PYG,229.5,1500000,PYG,229.5,6536.025,5,0,1,0,1,1,1,,remax,143016008-509
3479,2026-02-13,rent,local,Asunción,Recoleta,Asunción,,22,built,,1800000,PYG,275.4,1500000,PYG,229.5,6536.025,10,-16.667,0,1,1,1,1,,remax,143025151-89
4110,2026-02-13,rent,departamento,"San Lorenzo, Central",,Central,San Lorenzo,120,land,2,2500000,PYG,382.5,2400000,PYG,367.2,6536.025,3,-4,0,1,1,1,1,,remax,143080077-33
4351,2026-02-13,rent,departamento,"Luque, Central",,Central,Luque,61,built,1,1250000,PYG,191.25,1100000,PYG,168.3,6536.025,3,-12,0,1,1,1,1,,remax,143019001-87
309648,2026-02-13,rent,local,"San Lorenzo, Central",,Central,San Lorenzo,51,built,,3700000,PYG,566.09,3500000,PYG,535.49,6536.025,10,-5.406,0,1,1,1,1,,remax,143084041-42
2967,2026-02-14,sale,casa,"San Lorenzo, Central",,Central,San Lorenzo,280,built,3,400000000,PYG,61199.28,400000000,PYG,61199.28,6536.025,219,0,1,0,1,1,1,,remax,143063187-75
3337,2026-02-14,rent,duplex,"Fernando de la Mora, Central",,Central,Fernando de la Mora,195,land,3,4500000,PYG,688.49,4500000,PYG,688.49,6536.025,4,0,1,0,1,1,1,,remax,143100026-39
1332,2026-02-16,rent,casa,"Ciudad del Este, Alto Paraná",,Alto Paraná,Ciudad del Este,390,built,4,4500000,PYG,698.38,3500000,PYG,543.19,6443.45,1,-22.221,0,1,1,1,1,,remax,143050192-10
1351,2026-02-16,rent,casa,"Ciudad del Este, Alto Paraná",,Alto Paraná,Ciudad del Este,200,built,2,1000,USD,1000,6451690,PYG,1001.28,6443.45,5,0.128,0,0,1,1,0,cross-currency,remax,143050103-38
1426,2026-02-16,rent,departamento,Asunción,Ycuá Satí,Asunción,,49,land,1,720,USD,720,720,USD,720,6443.45,15,0,1,0,1,1,1,,remax,143056056-56
1823,2026-02-16,sale,terreno,Asunción,Vista Alegre,Asunción,,,,,95000,USD,95000,622250000,PYG,96570.94,6443.45,,1.654,0,0,1,1,0,cross-currency,remax,143061056-112
2074,2026-02-16,rent,departamento,Asunción,Ycuá Satí,Asunción,,240,land,3,2000,USD,2000,13090000,PYG,2031.52,6443.45,8,1.576,0,0,1,1,0,cross-currency,remax,143098054-62
2627,2026-02-16,sale,departamento,Asunción,La Encarnación,Asunción,,255,land,,34000,USD,34000,255000000,PYG,39575.07,6443.45,155,16.397,0,0,1,1,0,cross-currency,remax,143098009-713
3808,2026-02-16,rent,departamento,Asunción,Sajonia,Asunción,,80,built,2,2500000,PYG,387.99,2500000,PYG,387.99,6443.45,5,0,1,0,1,1,1,,remax,143061015-130
3986,2026-02-16,rent,departamento,"Encarnación, Itapúa",,Itapúa,Encarnación,1,land,4,850,USD,850,5567500,PYG,864.06,6443.45,864,1.654,0,0,1,1,0,cross-currency,remax,143011007-2161
4499,2026-02-16,sale,departamento,Asunción,Sajonia,Asunción,,130,built,4,85000,USD,85000,520000000,PYG,80702.11,6443.45,621,-5.056,0,0,1,1,0,cross-currency,remax,143026190-6
309472,2026-02-16,sale,terreno,"Luque, Central",,Central,Luque,,,,340000000,PYG,52766.76,320000000,PYG,49662.84,6443.45,,-5.882,0,1,1,1,1,,remax,114006114-1
197,2026-02-17,rent,departamento,Asunción,Las Lomas (Carmelitas),Asunción,,30,land,1,700,USD,700,4294875,PYG,662.85,6479.405,22,-5.307,0,0,1,1,0,cross-currency,remax,143096014-44
1065,2026-02-17,sale,terreno,"San Juan del Paraná, Itapúa",,Itapúa,San Juan del Paraná,385,land,,75000000,PYG,11575.14,75000000,PYG,11575.14,6479.405,30,0,1,0,1,1,1,,remax,143011007-1544
1411,2026-02-17,rent,casa,"Encarnación, Itapúa",,Itapúa,Encarnación,80,built,3,3000000,PYG,463.01,3000000,PYG,463.01,6479.405,6,0,1,0,1,1,1,,remax,143011080-74
1625,2026-02-17,sale,terreno,"Areguá, Central",,Central,Areguá,364,land,,35000,USD,35000,229000000,PYG,35342.75,6479.405,97,0.979,0,0,1,1,0,cross-currency,remax,143014041-401
2288,2026-02-17,sale,terreno,"Ciudad del Este, Alto Paraná",,Alto Paraná,Ciudad del Este,100,built,2,250000000,PYG,38583.79,250000000,PYG,38583.79,6479.405,386,0,1,0,1,1,1,,remax,143050124-7
2697,2026-02-17,rent,departamento,"Santa Rita, Alto Paraná",,Alto Paraná,,450,land,2,1500000,PYG,231.5,1500000,PYG,231.5,6479.405,1,0,1,0,1,1,1,,remax,143065021-169
2856,2026-02-17,rent,otro,"Filadelfia, Boquerón",,Boquerón,,47,built,,1500000,PYG,231.5,1500000,PYG,231.5,6479.405,5,0,1,0,1,1,1,,remax,143016008-510
3257,2026-02-17,sale,terreno,"Areguá, Central",,Central,Areguá,364,land,,35000,USD,35000,229000000,PYG,35342.75,6479.405,97,0.979,0,0,1,1,0,cross-currency,remax,143098126-398
3969,2026-02-17,rent,otro,"Santa Rita, Alto Paraná",,Alto Paraná,,540,built,,2500000,PYG,385.84,2530000,PYG,390.47,6479.405,1,1.2,0,0,1,1,1,,remax,143065026-213
4338,2026-02-17,sale,departamento,Asunción,Recoleta,Asunción,,800,land,1,74884,USD,74884,483151568,PYG,74567.27,6479.405,93,-0.423,0,0,1,1,0,cross-currency,remax,143025033-486
309695,2026-02-17,sale,otro,"Nueva Italia, Central",,Central,Nueva Italia,164,built,,939000000,PYG,144920.71,939000000,PYG,144920.71,6479.405,884,0,1,0,1,1,1,,remax,143063193-115
311993,2026-02-17,rent,local,"Luque, Central",,Central,Luque,39,built,,2700000,PYG,416.7,2250000,PYG,347.25,6479.405,9,-16.667,0,1,2,1,1,,remax,143084041-46
313193,2026-02-17,rent,local,"Luque, Central",,Central,Luque,39,built,,2700000,PYG,416.7,2250000,PYG,347.25,6479.405,9,-16.667,0,1,2,0,0,second record of one deal,remax,143084041-47
362785,2026-02-17,sale,departamento,Asunción,Barrio Jara,Asunción,,110,land,3,510000000,PYG,78710.93,470000000,PYG,72537.52,6479.405,659,-7.843,0,1,1,1,1,,remax,143072117-35
169,2026-02-18,rent,otro,"Filadelfia, Boquerón",,Boquerón,,47,built,,1500000,PYG,231.35,1500000,PYG,231.35,6483.655,5,0,1,0,1,1,1,,remax,143016008-511
1259,2026-02-18,rent,local,Asunción,San Roque,Asunción,,80,built,,6500000,PYG,1002.52,5000000,PYG,771.17,6483.655,10,-23.077,0,1,1,1,1,,remax,143084038-84
1704,2026-02-18,rent,local,"Ypacaraí, Central",,Central,Ypacaraí,24,built,,700000,PYG,107.96,700000,PYG,107.96,6483.655,4,0,1,0,1,1,1,,remax,143112002-6
2963,2026-02-18,sale,terreno,"Fernando de la Mora, Central",,Central,Fernando de la Mora,680,land,,107000,USD,107000,680000000,PYG,104879.12,6483.655,154,-1.982,0,0,1,1,0,cross-currency,remax,143071054-439
3104,2026-02-18,rent,casa,"Encarnación, Itapúa",,Itapúa,Encarnación,230,built,3,5500000,PYG,848.29,5500000,PYG,848.29,6483.655,4,0,1,0,1,1,1,,remax,143011096-12
3369,2026-02-18,sale,terreno,"Caazapá, Caazapá",,Caazapá,,1,built,,125000000,PYG,19279.25,125000000,PYG,19279.25,6483.655,19279,0,1,0,1,1,1,,remax,143095004-94
3419,2026-02-18,sale,terreno,"San Lorenzo, Central",,Central,San Lorenzo,470,land,,210000000,PYG,32389.14,160000000,PYG,24677.44,6483.655,52,-23.81,0,1,1,1,1,,remax,143061061-138
3900,2026-02-18,rent,local,"Itauguá, Central",,Central,Itauguá,,,,4500000,PYG,694.05,4300000,PYG,663.21,6483.655,,-4.443,0,1,1,1,1,,remax,143098041-19
313385,2026-02-18,rent,local,"Luque, Central",,Central,Luque,39,built,,2700000,PYG,416.43,2700000,PYG,416.43,6483.655,11,0,1,0,1,1,1,,remax,143084041-48
313646,2026-02-18,sale,terreno,"Luque, Central",,Central,Luque,398,land,,90000000,PYG,13881.06,80000000,PYG,12338.72,6483.655,31,-11.111,0,1,1,1,1,,remax,143037112-73
1283,2026-02-19,sale,terreno,"Ñemby, Central",,Central,Ñemby,441,land,,105000000,PYG,16240.8,105000000,PYG,16240.8,6465.2,37,0,1,0,1,1,1,,remax,143036040-197
1286,2026-02-19,sale,terreno,"Ñemby, Central",,Central,Ñemby,,,,195000000,PYG,30161.48,195000000,PYG,30161.48,6465.2,,0,1,0,1,1,1,,remax,143071054-538
1442,2026-02-19,rent,departamento,Asunción,Mbocayaty,Asunción,,92,land,2,3500000,PYG,541.36,3500000,PYG,541.36,6465.2,6,0,1,0,1,1,1,,remax,143096014-46
1653,2026-02-19,sale,terreno,"San Bernardino, Cordillera",,Cordillera,San Bernardino,,,,430000000,PYG,66509.93,430000000,PYG,66509.93,6465.2,,0,1,0,1,1,1,,remax,143063152-33
1873,2026-02-19,sale,terreno,"Ciudad del Este, Alto Paraná",,Alto Paraná,Ciudad del Este,512,land,,300000000,PYG,46402.28,290000000,PYG,44855.53,6465.2,88,-3.333,0,1,1,1,1,,remax,143050083-47
1907,2026-02-19,sale,local,"Filadelfia, Boquerón",,Boquerón,,,,,980000000,PYG,151580.77,800000000,PYG,123739.4,6465.2,,-18.367,0,1,1,1,1,,remax,143016029-86
1968,2026-02-19,sale,casa,"Ñemby, Central",,Central,Ñemby,76,built,2,360000000,PYG,55682.73,360000000,PYG,55682.73,6465.2,733,0,1,0,1,1,1,,remax,143071054-519
2416,2026-02-19,rent,departamento,Asunción,San Jorge,Asunción,,75,built,2,4200000,PYG,649.63,4000000,PYG,618.7,6465.2,8,-4.761,0,1,1,1,1,,remax,143063220-12
3331,2026-02-19,sale,terreno,"Atyra, Cordillera",,Cordillera,,,,,460000000,PYG,71150.16,450000000,PYG,69603.42,6465.2,,-2.174,0,1,1,1,1,,remax,143061068-27
3552,2026-02-19,sale,terreno,"Hernandarias, Alto Paraná",,Alto Paraná,Hernandarias,,,,64000,USD,64000,382800000,PYG,59209.31,6465.2,,-7.485,0,0,1,1,0,cross-currency,remax,143050150-47
4147,2026-02-19,sale,casa,"San Lorenzo, Central",,Central,San Lorenzo,120,built,2,590000000,PYG,91257.81,550000000,PYG,85070.84,6465.2,709,-6.78,0,1,1,1,1,,remax,143071054-474
4456,2026-02-19,rent,deposito,"Lambaré, Central",,Central,Lambaré,200,built,,3500000,PYG,541.36,3500000,PYG,541.36,6465.2,3,0,1,0,1,1,1,,remax,143063094-258
24968,2026-02-19,sale,terreno,"Villa Elisa, Central",,Central,Villa Elisa,407,land,,330000000,PYG,51042.5,260000000,PYG,40215.31,6465.2,99,-21.212,0,1,1,1,1,,remax,143071088-6
311541,2026-02-19,sale,departamento,Asunción,Villa Morra,Asunción,,60,land,2,119400,USD,119400,782070000,PYG,120966.1,6465.2,2016,1.312,0,0,1,1,0,cross-currency,remax,143056047-97
147,2026-02-20,sale,casa,"Presidente Franco, Alto Paraná",,Alto Paraná,,290,built,5,180000,USD,180000,951237000,PYG,147220.23,6461.32,508,-18.211,0,0,1,1,0,cross-currency,remax,143050033-196
429,2026-02-20,rent,edificio,"Santa Rita, Alto Paraná",,Alto Paraná,,82,land,,900000,PYG,139.29,900000,PYG,139.29,6461.32,2,0,1,0,1,1,1,,remax,143065026-205
634,2026-02-20,rent,departamento,Asunción,Ycuá Satí,Asunción,,1,land,3,2200,USD,2200,14236200,PYG,2203.3,6461.32,2203,0.15,0,0,1,1,0,cross-currency,remax,143025117-52
740,2026-02-20,sale,local,"Fernando de la Mora, Central",,Central,Fernando de la Mora,318,built,,450000,USD,450000,2410000000,PYG,372988.8,6461.32,1173,-17.114,0,0,1,1,0,cross-currency,remax,143068129-120
837,2026-02-20,sale,departamento,Asunción,Villa Morra,Asunción,,42,land,1,107400,USD,107400,650844000,PYG,100729.26,6461.32,2398,-6.211,0,0,1,1,0,cross-currency,remax,143056047-98
1008,2026-02-20,sale,casa,"Encarnación, Itapúa",,Itapúa,Encarnación,280,built,4,460000000,PYG,71192.88,460000000,PYG,71192.88,6461.32,254,0,1,0,1,1,1,,remax,143080171-17
1368,2026-02-20,rent,otro,"Santa Rita, Alto Paraná",,Alto Paraná,,540,built,,1950000,PYG,301.8,1950000,PYG,301.8,6461.32,1,0,1,0,1,1,1,,remax,143065026-214
2200,2026-02-20,sale,departamento,"Luque, Central",,Central,Luque,28,land,1,62000,USD,62000,390600000,PYG,60452.04,6461.32,2159,-2.497,0,0,1,1,0,cross-currency,remax,143056036-153
2841,2026-02-20,rent,oficina,"Ciudad del Este, Alto Paraná",,Alto Paraná,Ciudad del Este,,,,3850000,PYG,595.85,3850000,PYG,595.85,6461.32,,0,1,0,1,1,1,,remax,143050055-135
2974,2026-02-20,rent,oficina,Asunción,Salvador del Mundo,Asunción,,40,built,,700,USD,700,700,USD,700,6461.32,18,0,1,0,1,1,1,,remax,143063049-46
3221,2026-02-20,sale,terreno,"Ciudad del Este, Alto Paraná",,Alto Paraná,Ciudad del Este,420,built,,85000,USD,85000,538050000,PYG,83272.46,6461.32,198,-2.032,0,0,1,1,0,cross-currency,remax,143050049-112
3353,2026-02-20,sale,casa,"Fernando de la Mora, Central",,Central,Fernando de la Mora,120,built,3,150000,USD,150000,910000000,PYG,140838.1,6461.32,1174,-6.108,0,0,1,1,0,cross-currency,remax,143084041-41
3490,2026-02-20,rent,casa,"Filadelfia, Boquerón",,Boquerón,,279,built,4,4000000,PYG,619.07,3500000,PYG,541.68,6461.32,2,-12.501,0,1,1,1,1,,remax,143016030-37
3735,2026-02-20,sale,terreno,"Fernando de la Mora, Central",,Central,Fernando de la Mora,,,,575000000,PYG,88991.1,560000000,PYG,86669.6,6461.32,,-2.609,0,1,1,1,1,,remax,143036040-189
201357,2026-02-20,sale,departamento,Asunción,Mariscal López,Asunción,,40,built,1,45400,USD,45400,293783400,PYG,45468.02,6461.32,1137,0.15,0,0,1,1,0,cross-currency,remax,143063199-59
309855,2026-02-20,rent,duplex,"Fernando de la Mora, Central",,Central,Fernando de la Mora,110,built,3,4000000,PYG,619.07,3800000,PYG,588.12,6461.32,5,-4.999,0,1,1,1,1,,remax,143036008-122
458,2026-02-21,sale,terreno,"Capiatá, Central",,Central,Capiatá,,,,100000000,PYG,15476.71,100000000,PYG,15476.71,6461.32,,0,1,0,1,1,1,,remax,143084039-9
1534,2026-02-21,sale,terreno,"San Lorenzo, Central",,Central,San Lorenzo,658,land,,330000000,PYG,51073.16,320000000,PYG,49525.48,6461.32,75,-3.03,0,1,1,1,1,,remax,143084057-1
3412,2026-02-21,rent,casa,Asunción,San Vicente,Asunción,,250,built,5,7000000,PYG,1083.37,6600000,PYG,1021.46,6461.32,4,-5.715,0,1,2,1,1,,remax,143068074-33
4390,2026-02-21,rent,casa,"Ciudad del Este, Alto Paraná",,Alto Paraná,Ciudad del Este,120,built,2,8000000,PYG,1238.14,8000000,PYG,1238.14,6461.32,10,0,1,0,1,1,1,,remax,114001022-269
297944,2026-02-21,rent,oficina,Asunción,San Vicente,Asunción,,350,built,,7000000,PYG,1083.37,6600000,PYG,1021.46,6461.32,3,-5.715,0,1,2,0,0,second record of one deal,remax,143068074-43
4096,2026-02-22,rent,casa,"San Lorenzo, Central",,Central,San Lorenzo,150,built,3,3000000,PYG,464.3,3000000,PYG,464.3,6461.32,3,0,1,0,1,1,1,,remax,143100028-43
266,2026-02-23,sale,duplex,"Encarnación, Itapúa",,Itapúa,Encarnación,124,built,2,500000000,PYG,77483.16,450000000,PYG,69734.84,6453.015,562,-10,0,1,1,1,1,,remax,143085019-416
354,2026-02-23,rent,duplex,Asunción,Virgen de la Asunción,Asunción,,150,built,4,5500000,PYG,852.31,5500000,PYG,852.31,6453.015,6,0,1,0,1,1,1,,remax,143028010-191
666,2026-02-23,sale,terreno,"Hernandarias, Alto Paraná",,Alto Paraná,Hernandarias,,,,60000,USD,60000,57000,USD,57000,6453.015,,-5,0,1,1,1,1,,remax,143072121-71
1732,2026-02-23,rent,casa,"Encarnación, Itapúa",,Itapúa,Encarnación,150,built,3,1200,USD,1200,7771200,PYG,1204.27,6453.015,8,0.356,0,0,1,1,0,cross-currency,remax,143080171-22
1777,2026-02-23,rent,duplex,Asunción,Tembetary,Asunción,,187,land,3,11000000,PYG,1704.63,11000000,PYG,1704.63,6453.015,9,0,1,0,1,1,1,,remax,143098078-9
1962,2026-02-23,sale,terreno,Asunción,Ycuá Satí,Asunción,,466,land,,300000,USD,300000,260000,USD,260000,6453.015,558,-13.333,0,1,1,1,1,,remax,143107008-9
2242,2026-02-23,rent,otro,"Lambaré, Central",,Central,Lambaré,,,,7000000,PYG,1084.76,7000000,PYG,1084.76,6453.015,,0,1,0,1,1,1,,remax,143054126-11
2379,2026-02-23,rent,departamento,Asunción,Villa Morra,Asunción,,140,land,2,6500000,PYG,1007.28,6000000,PYG,929.8,6453.015,7,-7.692,0,1,1,1,1,,remax,143038011-399
2507,2026-02-23,rent,casa,"Encarnación, Itapúa",,Itapúa,Encarnación,54,built,2,1400000,PYG,216.95,1400000,PYG,216.95,6453.015,4,0,1,0,1,1,1,,remax,143011096-15
3585,2026-02-23,sale,departamento,Asunción,Manorá,Asunción,,121,built,3,278088,USD,278088,1795336128,PYG,278216.64,6453.015,2303,0.046,0,0,1,1,0,cross-currency,remax,143025033-411
1072,2026-02-24,sale,casa,"Hernandarias, Alto Paraná",,Alto Paraná,Hernandarias,10,built,4,430000000,PYG,66759.51,420000000,PYG,65206.96,6441.03,6521,-2.326,0,1,1,1,1,,remax,143050150-1
1992,2026-02-24,sale,terreno,"Ñemby, Central",,Central,Ñemby,430,land,,240000000,PYG,37261.12,210000000,PYG,32603.48,6441.03,76,-12.5,0,1,1,1,1,,remax,143068113-17
2466,2026-02-24,rent,duplex,"Lambaré, Central",,Central,Lambaré,130,built,3,5600000,PYG,869.43,5600000,PYG,869.43,6441.03,7,0,1,0,1,1,1,,remax,143068006-164
2592,2026-02-24,rent,duplex,"Santa Rita, Alto Paraná",,Alto Paraná,,70,built,2,3380000,PYG,524.76,3380000,PYG,524.76,6441.03,7,0,1,0,1,1,1,,remax,143065029-60
3995,2026-02-24,rent,casa,"Ciudad del Este, Alto Paraná",,Alto Paraná,Ciudad del Este,150,built,2,5000000,PYG,776.27,5000000,PYG,776.27,6441.03,5,0,1,0,1,1,1,,remax,143050055-136
4155,2026-02-24,rent,oficina,Asunción,La Encarnación,Asunción,,122,built,,768,USD,768,5454029,PYG,846.76,6441.03,7,10.255,0,0,1,1,0,cross-currency,remax,143061088-14
310731,2026-02-24,rent,local,Asunción,Ycuá Satí,Asunción,,,,,10000000,PYG,1552.55,10000000,PYG,1552.55,6441.03,,0,1,0,1,1,1,,remax,143063031-327
418,2026-02-25,rent,casa,"Mariano Roque Alonso, Central",,Central,Mariano Roque Alonso,356,built,4,6000000,PYG,929.32,6000000,PYG,929.32,6456.335,3,0,1,0,1,1,1,,remax,143025157-24
475,2026-02-25,rent,casa,"Encarnación, Itapúa",,Itapúa,Encarnación,1,built,4,6000000,PYG,929.32,6000000,PYG,929.32,6456.335,929,0,1,0,1,1,1,,remax,143011007-2172
602,2026-02-25,rent,local,"Fernando de la Mora, Central",,Central,Fernando de la Mora,,,,5500000,PYG,851.88,4000000,PYG,619.55,6456.335,,-27.273,0,1,1,1,1,,remax,143094057-9
845,2026-02-25,rent,casa,"Santa Rita, Alto Paraná",,Alto Paraná,,220,built,5,3950000,PYG,611.8,3950000,PYG,611.8,6456.335,3,0,1,0,1,1,1,,remax,143065021-168
1222,2026-02-25,sale,departamento,Asunción,Villa Morra,Asunción,,28,land,,52209,USD,52209,349758000,PYG,54172.84,6456.335,1926,3.761,0,0,1,1,0,cross-currency,remax,143097001-86
2210,2026-02-25,rent,local,"Itauguá, Central",,Central,Itauguá,300,built,,6000000,PYG,929.32,5500000,PYG,851.88,6456.335,3,-8.333,0,1,1,1,1,,remax,143080127-51
2296,2026-02-25,sale,casa,Asunción,Itá Enramada,Asunción,,280,built,3,1110000000,PYG,171924.16,900000000,PYG,139397.97,6456.335,498,-18.919,0,1,1,1,1,,remax,143028065-47
2593,2026-02-25,sale,rural,"Minga Guazú, Alto Paraná",,Alto Paraná,Minga Guazú,,,,60000,USD,60000,515000000,PYG,79766.62,6456.335,,32.944,0,0,1,1,0,cross-currency,remax,143050128-38
3275,2026-02-25,sale,casa,Asunción,Pettirossi,Asunción,,140,built,3,525000000,PYG,81315.48,520000000,PYG,80541.05,6456.335,575,-0.952,0,1,1,1,1,,remax,143061072-34
3402,2026-02-25,sale,departamento,Asunción,Mburucuyá,Asunción,,57,built,1,95000,USD,95000,633650000,PYG,98143.92,6456.335,1722,3.309,0,0,1,1,0,cross-currency,remax,143098084-3
3653,2026-02-25,rent,otro,Asunción,Itá Enramada,Asunción,,800,built,,7500000,PYG,1161.65,7000000,PYG,1084.21,6456.335,1,-6.666,0,1,1,1,1,,remax,143084057-5
3670,2026-02-25,sale,local,"Fernando de la Mora, Central",,Central,Fernando de la Mora,339,built,,270000,USD,270000,250000,USD,250000,6456.335,736,-7.407,0,1,1,1,1,,remax,143009135-74
3830,2026-02-25,rent,departamento,"San Lorenzo, Central",,Central,San Lorenzo,45,built,1,2100000,PYG,325.26,2000000,PYG,309.77,6456.335,7,-4.762,0,1,1,1,1,,remax,143092059-30
4537,2026-02-25,rent,departamento,Asunción,San Vicente,Asunción,,76,land,2,4000000,PYG,619.55,3600000,PYG,557.59,6456.335,7,-10.001,0,1,1,1,1,,remax,143054126-18
310809,2026-02-25,rent,departamento,Asunción,Vista Alegre,Asunción,,120,land,2,4200000,PYG,650.52,4200000,PYG,650.52,6456.335,5,0,1,0,1,1,1,,remax,143063192-137
151,2026-02-26,sale,casa,"San Lorenzo, Central",,Central,San Lorenzo,320,built,3,275000000,PYG,42622.24,255000000,PYG,39522.44,6452.03,124,-7.273,0,1,1,1,1,,remax,143061046-87
682,2026-02-26,sale,casa,"San Bernardino, Cordillera",,Cordillera,San Bernardino,160,built,3,185000,USD,185000,1162260000,PYG,180138.65,6452.03,1126,-2.628,0,0,1,1,0,cross-currency,remax,143038002-309
1896,2026-02-26,rent,departamento,"Fernando de la Mora, Central",,Central,Fernando de la Mora,37,land,1,1000000,PYG,154.99,1100000,PYG,170.49,6452.03,5,10.001,0,0,1,1,1,,remax,143100028-8
2582,2026-02-26,sale,terreno,"Encarnación, Itapúa",,Itapúa,Encarnación,729,land,,285000000,PYG,44172.14,285000000,PYG,44172.14,6452.03,61,0,1,0,1,1,1,,remax,143011007-1732
2726,2026-02-26,rent,departamento,"Fernando de la Mora, Central",,Central,Fernando de la Mora,27,land,1,2250000,PYG,348.73,2100000,PYG,325.48,6452.03,12,-6.667,0,1,1,1,1,,remax,143092038-76
2817,2026-02-26,sale,departamento,"Luque, Central",,Central,Luque,40,land,1,58838,USD,58838,379858128,PYG,58874.2,6452.03,1472,0.062,0,0,1,1,0,cross-currency,remax,143063141-116
3178,2026-02-26,rent,casa,"Luque, Central",,Central,Luque,77,built,2,2200000,PYG,340.98,2200000,PYG,340.98,6452.03,4,0,1,0,1,1,1,,remax,143020051-163
3615,2026-02-26,sale,terreno,"Ciudad del Este, Alto Paraná",,Alto Paraná,Ciudad del Este,,,,105000000,PYG,16273.95,105000000,PYG,16273.95,6452.03,,0,1,0,1,1,1,,remax,143025091-109
3723,2026-02-26,sale,departamento,Asunción,Catedral,Asunción,,107,built,3,53000,USD,53000,345000000,PYG,53471.54,6452.03,501,0.89,0,0,1,1,0,cross-currency,remax,143100046-2
4074,2026-02-26,rent,departamento,Asunción,Hipódromo,Asunción,,91,built,2,2500000,PYG,387.47,2500000,PYG,387.47,6452.03,4,0,1,0,1,1,1,,remax,143020051-170
308776,2026-02-26,rent,local,"Santa Rita, Alto Paraná",,Alto Paraná,,424,land,,3000000,PYG,464.97,3000000,PYG,464.97,6452.03,1,0,1,0,1,1,1,,remax,143065040-5
312397,2026-02-26,rent,departamento,Asunción,Vista Alegre,Asunción,,75,land,2,2750000,PYG,426.22,2700000,PYG,418.47,6452.03,6,-1.818,0,1,1,1,1,,remax,143036139-85
156,2026-02-27,rent,deposito,"Fernando de la Mora, Central",,Central,Fernando de la Mora,432,built,,6600000,PYG,1022.42,6600000,PYG,1022.42,6455.25,2,0,1,0,1,1,1,,remax,143014181-9
324,2026-02-27,sale,terreno,"Julián Augusto Saldívar, Central",,Central,Julián Augusto Saldívar,393,land,,65000000,PYG,10069.32,58000000,PYG,8984.93,6455.25,23,-10.769,0,1,1,1,1,,remax,143061056-132
464,2026-02-27,rent,casa,"San Lorenzo, Central",,Central,San Lorenzo,120,built,3,3000000,PYG,464.74,3000000,PYG,464.74,6455.25,4,0,1,0,1,1,1,,remax,143095011-46
862,2026-02-27,sale,terreno,"San Lorenzo, Central",,Central,San Lorenzo,,,,250000000,PYG,38728.17,235000000,PYG,36404.48,6455.25,,-6,0,1,1,1,1,,remax,143068113-16
1214,2026-02-27,sale,terreno,"Filadelfia, Boquerón",,Boquerón,,,,,161292000,PYG,24986.17,161292000,PYG,24986.17,6455.25,,0,1,0,1,1,1,,remax,143102001-76
1672,2026-02-27,sale,terreno,"Mariano Roque Alonso, Central",,Central,Mariano Roque Alonso,2496,land,,80000,USD,80000,452900000,PYG,70159.95,6455.25,28,-12.3,0,0,1,1,0,cross-currency,remax,143072016-177
2029,2026-02-27,sale,departamento,"Encarnación, Itapúa",,Itapúa,Encarnación,79,built,2,131248,USD,131248,847862080,PYG,131344.58,6455.25,1663,0.074,0,0,1,1,0,cross-currency,remax,143011091-59
2186,2026-02-27,sale,terreno,Asunción,Vista Alegre,Asunción,,315,land,,550000000,PYG,85201.97,490000000,PYG,75907.21,6455.25,241,-10.909,0,1,1,1,1,,remax,143054126-3
2351,2026-02-27,rent,local,"Encarnación, Itapúa",,Itapúa,Encarnación,50,built,,1500000,PYG,232.37,1500000,PYG,232.37,6455.25,5,0,1,0,1,1,1,,remax,143085019-553
2370,2026-02-27,rent,deposito,"Fernando de la Mora, Central",,Central,Fernando de la Mora,432,built,,6600000,PYG,1022.42,6600000,PYG,1022.42,6455.25,2,0,1,0,1,1,1,,remax,143098129-9
2392,2026-02-27,sale,terreno,Asunción,Tembetary,Asunción,,350,built,,295000,USD,295000,1612500000,PYG,249796.68,6455.25,714,-15.323,0,0,1,1,0,cross-currency,remax,143036139-66
2540,2026-02-27,sale,casa,"Lambaré, Central",,Central,Lambaré,190,built,8,380000000,PYG,58866.81,380000000,PYG,58866.81,6455.25,310,0,1,0,1,1,1,,remax,143028062-6
2608,2026-02-27,rent,departamento,"Encarnación, Itapúa",,Itapúa,Encarnación,52,land,1,3500000,PYG,542.19,3500000,PYG,542.19,6455.25,10,0,1,0,1,1,1,,remax,143032069-76
2917,2026-02-27,rent,departamento,Asunción,Herrera,Asunción,,47,land,1,3200000,PYG,495.72,3200000,PYG,495.72,6455.25,11,0,1,0,1,1,1,,remax,143063147-132
3166,2026-02-27,sale,terreno,"Ñemby, Central",,Central,Ñemby,,,,260000000,PYG,40277.29,240000000,PYG,37179.04,6455.25,,-7.692,0,1,1,1,1,,remax,143036034-144
3271,2026-02-27,sale,casa,"Luque, Central",,Central,Luque,70,built,1,160000000,PYG,24786.03,160000000,PYG,24786.03,6455.25,354,0,1,0,1,1,1,,remax,143036137-5
3355,2026-02-27,sale,terreno,"Filadelfia, Boquerón",,Boquerón,,,,,252000000,PYG,39037.99,252000000,PYG,39037.99,6455.25,,0,1,0,1,1,1,,remax,143102003-1
3629,2026-02-27,rent,departamento,Asunción,San Vicente,Asunción,,47,land,1,3200000,PYG,495.72,3200000,PYG,495.72,6455.25,11,0,1,0,1,1,1,,remax,143028009-125
3891,2026-02-27,sale,terreno,"San Lorenzo, Central",,Central,San Lorenzo,383,land,,250000000,PYG,38728.17,250000000,PYG,38728.17,6455.25,101,0,1,0,1,1,1,,remax,143061077-19
4382,2026-02-27,rent,departamento,Asunción,Las Mercedes,Asunción,,110,built,2,950,USD,950,6224400,PYG,964.24,6455.25,9,1.499,0,0,1,1,0,cross-currency,remax,143096002-97
4412,2026-02-27,sale,departamento,"Encarnación, Itapúa",,Itapúa,Encarnación,51,land,1,57000,USD,57000,368049000,PYG,57015.45,6455.25,1111,0.027,0,0,1,1,0,cross-currency,remax,143011007-2054
309399,2026-02-27,rent,departamento,"San Lorenzo, Central",,Central,San Lorenzo,85,land,2,3100000,PYG,480.23,3100000,PYG,480.23,6455.25,6,0,1,0,1,1,1,,remax,143036161-3
309959,2026-02-27,rent,departamento,Asunción,San Roque,Asunción,,250,built,3,5700000,PYG,883,5700000,PYG,883,6455.25,4,0,1,0,1,1,1,,remax,143063196-103
310354,2026-02-27,sale,terreno,"Ciudad del Este, Alto Paraná",,Alto Paraná,Ciudad del Este,480,land,,380000000,PYG,58866.81,360000000,PYG,55768.56,6455.25,116,-5.263,0,1,1,1,1,,remax,143050095-35
311250,2026-02-27,rent,casa,"Capiatá, Central",,Central,Capiatá,60,built,1,800000,PYG,123.93,800000,PYG,123.93,6455.25,2,0,1,0,1,1,1,,remax,114006098-7
312264,2026-02-27,rent,departamento,Asunción,Las Mercedes,Asunción,,77,land,2,5950000,PYG,921.73,5950000,PYG,921.73,6455.25,12,0,1,0,1,1,1,,remax,143036040-193
312365,2026-02-27,rent,casa,"Luque, Central",,Central,Luque,75,built,2,2500000,PYG,387.28,2500000,PYG,387.28,6455.25,5,0,1,0,1,1,1,,remax,143063192-138
312700,2026-02-27,sale,terreno,"Villa Elisa, Central",,Central,Villa Elisa,662,land,,500000000,PYG,77456.33,450000000,PYG,69710.7,6455.25,105,-10,0,1,1,1,1,,remax,143038011-385
200,2026-02-28,sale,casa,"Areguá, Central",,Central,Areguá,144,built,2,453000000,PYG,70175.44,453000000,PYG,70175.44,6455.25,487,0,1,0,1,1,1,,remax,143054093-30
353,2026-02-28,rent,local,"Caacupé, Cordillera",,Cordillera,Caacupé,360,built,,30000000,PYG,4647.38,30000000,PYG,4647.38,6455.25,13,0,1,0,1,1,1,,remax,143094021-101
448,2026-02-28,rent,departamento,Asunción,Las Mercedes,Asunción,,41,land,1,2900000,PYG,449.25,2900000,PYG,449.25,6455.25,11,0,1,0,1,1,1,,remax,143061002-184
592,2026-02-28,sale,rural,"Villeta, Central",,Central,Villeta,2259,built,,750000,USD,750000,4140500000,PYG,641415.9,6455.25,284,-14.478,0,0,1,1,0,cross-currency,remax,143026171-42
886,2026-02-28,rent,casa,"Encarnación, Itapúa",,Itapúa,Encarnación,42,built,2,2000000,PYG,309.83,2000000,PYG,309.83,6455.25,7,0,1,0,1,1,1,,remax,143011091-55
994,2026-02-28,sale,otro,"Cambyretá, Itapúa",,Itapúa,Cambyretá,162,built,2,175000,USD,175000,1130500000,PYG,175128.77,6455.25,1081,0.074,0,0,1,1,0,cross-currency,remax,143011007-2123
1305,2026-02-28,rent,departamento,"Encarnación, Itapúa",,Itapúa,Encarnación,,,2,3000000,PYG,464.74,3000000,PYG,464.74,6455.25,,0,1,0,1,1,1,,remax,143011007-2177
2420,2026-02-28,rent,oficina,Asunción,Obrero,Asunción,,130,built,,3000000,PYG,464.74,3000000,PYG,464.74,6455.25,4,0,1,0,1,1,1,,remax,143094007-85
3169,2026-02-28,rent,casa,"Loma Plata, Boquerón",,Boquerón,,311,built,2,2000000,PYG,309.83,2000000,PYG,309.83,6455.25,1,0,1,0,1,1,1,,remax,143078024-7
3456,2026-02-28,rent,departamento,"Mariano Roque Alonso, Central",,Central,Mariano Roque Alonso,360,land,2,3400000,PYG,526.7,3400000,PYG,526.7,6455.25,1,0,1,0,1,1,1,,remax,143025149-247
3554,2026-02-28,rent,casa,"Luque, Central",,Central,Luque,150,built,4,6700000,PYG,1037.91,6700000,PYG,1037.91,6455.25,7,0,1,0,1,1,1,,remax,143036051-216
3726,2026-02-28,rent,casa,"San Bernardino, Cordillera",,Cordillera,San Bernardino,180,built,4,1800000,PYG,278.84,5400000,PYG,836.53,6455.25,5,200.004,0,0,1,1,0,outside 0.4 to 1.6 of the ask,remax,143025199-24
4317,2026-02-28,rent,departamento,"Mariano Roque Alonso, Central",,Central,Mariano Roque Alonso,360,land,2,6000000,PYG,929.48,5600000,PYG,867.51,6455.25,2,-6.667,0,1,1,1,1,,remax,143025149-244
310684,2026-02-28,rent,casa,"Fernando de la Mora, Central",,Central,Fernando de la Mora,150,built,3,3600000,PYG,557.69,3600000,PYG,557.69,6455.25,4,0,1,0,1,1,1,,remax,143036040-195
312580,2026-02-28,rent,departamento,"Luque, Central",,Central,Luque,70,land,2,3550000,PYG,549.94,3550000,PYG,549.94,6455.25,8,0,1,0,1,1,1,,remax,143036119-12
313218,2026-02-28,rent,departamento,"Luque, Central",,Central,Luque,70,land,2,3350000,PYG,518.96,3350000,PYG,518.96,6455.25,7,0,1,0,1,1,1,,remax,143036119-13
1220,2026-03-01,rent,departamento,"Villa Elisa, Central",,Central,Villa Elisa,77,built,2,2000000,PYG,309.83,2000000,PYG,309.83,6455.25,4,0,1,0,1,1,1,,remax,143100028-45
1314,2026-03-01,rent,duplex,Asunción,Herrera,Asunción,,238,built,3,2800,USD,2800,18314800,PYG,2837.19,6455.25,12,1.328,0,0,1,1,0,cross-currency,remax,143063187-58
2950,2026-03-01,rent,departamento,"Lambaré, Central",,Central,Lambaré,110,land,2,4500000,PYG,697.11,4500000,PYG,697.11,6455.25,6,0,1,0,1,1,1,,remax,143072073-124
111,2026-03-02,rent,casa,"Capiatá, Central",,Central,Capiatá,100,built,2,2300000,PYG,356.3,2300000,PYG,356.3,6455.25,4,0,1,0,1,1,1,,remax,143025147-100
928,2026-03-02,rent,casa,"Loma Plata, Boquerón",,Boquerón,,311,built,2,2500000,PYG,387.28,2500000,PYG,387.28,6455.25,1,0,1,0,1,1,1,,remax,143078024-6
1026,2026-03-02,rent,otro,"San Lorenzo, Central",,Central,San Lorenzo,90,built,,2000000,PYG,309.83,2000000,PYG,309.83,6455.25,3,0,1,0,1,1,1,,remax,143009150-22
2847,2026-03-02,rent,departamento,"Fernando de la Mora, Central",,Central,Fernando de la Mora,45,land,1,2000000,PYG,309.83,2100000,PYG,325.32,6455.25,7,5,0,0,1,1,1,,remax,143095019-17
49,2026-03-03,rent,departamento,Asunción,Ycuá Satí,Asunción,,87,built,2,6000000,PYG,921.41,5500000,PYG,844.63,6511.74,10,-8.333,0,1,1,1,1,,remax,143061089-17
491,2026-03-03,rent,departamento,"Encarnación, Itapúa",,Itapúa,Encarnación,90,land,2,4000000,PYG,614.28,4000000,PYG,614.28,6511.74,7,0,1,0,1,1,1,,remax,143011079-35
975,2026-03-03,sale,terreno,"Fernando de la Mora, Central",,Central,Fernando de la Mora,462,land,,100000,USD,100000,652500000,PYG,100203.63,6511.74,217,0.204,0,0,1,1,0,cross-currency,remax,143094002-66
1050,2026-03-03,rent,deposito,"Cambyretá, Itapúa",,Itapúa,Cambyretá,8,built,,2200000,PYG,337.85,2200000,PYG,337.85,6511.74,42,0,1,0,1,1,1,,remax,143011091-51
1169,2026-03-03,rent,casa,Asunción,San Blas,Asunción,,334,built,2,10000000,PYG,1535.69,9500000,PYG,1458.9,6511.74,4,-5,0,1,1,1,1,,remax,143061056-142
1550,2026-03-03,rent,departamento,"Encarnación, Itapúa",,Itapúa,Encarnación,59,land,1,3250000,PYG,499.1,3250000,PYG,499.1,6511.74,8,0,1,0,1,1,1,,remax,143011003-461
1715,2026-03-03,rent,departamento,Asunción,Las Lomas (Carmelitas),Asunción,,50,land,1,725,USD,725,4717575,PYG,724.47,6511.74,14,-0.073,0,0,1,1,0,cross-currency,remax,143025134-84
2259,2026-03-03,rent,departamento,Asunción,Ytay,Asunción,,65,land,2,5500000,PYG,844.63,5500000,PYG,844.63,6511.74,13,0,1,0,1,1,1,,remax,114006001-241
3070,2026-03-03,sale,terreno,"Mariano Roque Alonso, Central",,Central,Mariano Roque Alonso,,,,88000,USD,88000,507702000,PYG,77967.18,6511.74,,-11.401,0,0,1,1,0,cross-currency,remax,143036152-2
3622,2026-03-03,rent,otro,"Presidente Franco, Alto Paraná",,Alto Paraná,,,,,2000000,PYG,307.14,2000000,PYG,307.14,6511.74,,0,1,0,1,1,1,,remax,143050055-139
4032,2026-03-03,rent,departamento,Asunción,Manorá,Asunción,,320,land,2,6500000,PYG,998.2,6500000,PYG,998.2,6511.74,3,0,1,0,1,1,1,,remax,143098058-50
310761,2026-03-03,sale,departamento,"Luque, Central",,Central,Luque,30,land,1,39934,USD,39934,39934,USD,39934,6511.74,1314,0,1,0,1,1,1,,remax,143098017-91
313060,2026-03-03,rent,local,"San Lorenzo, Central",,Central,San Lorenzo,51,built,,4500000,PYG,691.06,4000000,PYG,614.28,6511.74,12,-11.11,0,1,1,1,1,,remax,143084041-44
313431,2026-03-03,rent,local,"San Lorenzo, Central",,Central,San Lorenzo,51,built,,4000000,PYG,614.28,3000000,PYG,460.71,6511.74,9,-25,0,1,1,1,1,,remax,143084041-43
106,2026-03-04,rent,casa,"Ciudad del Este, Alto Paraná",,Alto Paraná,Ciudad del Este,700,built,5,2000,USD,2000,11745738,PYG,1793.91,6547.545,3,-10.305,0,0,1,1,0,cross-currency,remax,143050033-211
738,2026-03-04,sale,departamento,"Encarnación, Itapúa",,Itapúa,Encarnación,1000,land,1,113000,USD,113000,737371330,PYG,112617.99,6547.545,113,-0.338,0,0,1,1,0,cross-currency,remax,143085032-73
1054,2026-03-04,sale,terreno,"Ypacaraí, Central",,Central,Ypacaraí,428,land,,140000000,PYG,21382.06,130000000,PYG,19854.77,6547.545,46,-7.143,0,1,1,1,1,,remax,143036099-42
1421,2026-03-04,sale,departamento,Asunción,Las Mercedes,Asunción,,42,land,1,74000,USD,74000,471744000,PYG,72048.99,6547.545,1727,-2.637,0,0,1,1,0,cross-currency,remax,143097001-84
1747,2026-03-04,rent,departamento,"Luque, Central",,Central,Luque,144,built,3,3500000,PYG,534.55,3500000,PYG,534.55,6547.545,4,0,1,0,1,1,1,,remax,143097036-14
2818,2026-03-04,sale,casa,Asunción,Zeballos Cué,Asunción,,330,built,3,650000000,PYG,99273.85,615000000,PYG,93928.33,6547.545,285,-5.385,0,1,1,1,1,,remax,143028064-53
3050,2026-03-04,sale,terreno,"Altos, Cordillera",,Cordillera,Altos,82145,land,,1385000000,PYG,211529.66,1300000000,PYG,198547.7,6547.545,2,-6.137,0,1,1,1,1,,remax,143096002-76
3346,2026-03-04,sale,terreno,"San Lorenzo, Central",,Central,San Lorenzo,,,,180000000,PYG,27491.22,180000000,PYG,27491.22,6547.545,,0,1,0,1,1,1,,remax,143025199-7
3467,2026-03-04,rent,duplex,"Villa Elisa, Central",,Central,Villa Elisa,142,built,2,4500000,PYG,687.28,4500000,PYG,687.28,6547.545,5,0,1,0,1,1,1,,remax,143092028-78
3473,2026-03-04,rent,departamento,Asunción,Ytay,Asunción,,60,land,2,4400000,PYG,672.01,4200000,PYG,641.46,6547.545,11,-4.546,0,1,1,1,1,,remax,143098014-213
3883,2026-03-04,sale,local,"San Lorenzo, Central",,Central,San Lorenzo,150,built,,490000000,PYG,74837.21,450000000,PYG,68728.05,6547.545,458,-8.163,0,1,1,1,1,,remax,143096059-1
4122,2026-03-04,sale,casa,"Santa Rita, Alto Paraná",,Alto Paraná,,300,built,4,200000,USD,200000,1081080000,PYG,165112.27,6547.545,550,-17.444,0,0,1,1,0,cross-currency,remax,143065026-137
4481,2026-03-04,rent,casa,Asunción,Barrio Jara,Asunción,,240,built,3,4100000,PYG,626.19,4100000,PYG,626.19,6547.545,3,0,1,0,1,1,1,,remax,143063188-140
308272,2026-03-04,rent,departamento,Asunción,Las Lomas (Carmelitas),Asunción,,122,built,2,1450,USD,1450,9030000,PYG,1379.14,6547.545,11,-4.887,0,0,1,1,0,cross-currency,remax,143036021-150
309268,2026-03-04,rent,casa,"Fernando de la Mora, Central",,Central,Fernando de la Mora,250,built,4,9450000,PYG,1443.29,7500000,PYG,1145.47,6547.545,5,-20.635,0,1,1,1,1,,remax,143036154-5
309903,2026-03-04,rent,departamento,Asunción,La Encarnación,Asunción,,98,land,2,4500000,PYG,687.28,4500000,PYG,687.28,6547.545,7,0,1,0,1,1,1,,remax,143063132-93
310771,2026-03-04,rent,departamento,Asunción,Villa Morra,Asunción,,80,land,1,3550000,PYG,542.19,3550000,PYG,542.19,6547.545,7,0,1,0,1,1,1,,remax,114006111-17
142,2026-03-05,sale,terreno,"San Lorenzo, Central",,Central,San Lorenzo,360,land,,220000000,PYG,33627.09,220000000,PYG,33627.09,6542.345,93,0,1,0,1,1,1,,remax,143098109-75
297,2026-03-05,rent,casa,"Luque, Central",,Central,Luque,200,built,2,4000000,PYG,611.4,4000000,PYG,611.4,6542.345,3,0,1,0,1,1,1,,remax,143098056-17
805,2026-03-05,rent,casa,"Ñemby, Central",,Central,Ñemby,150,built,2,2800000,PYG,427.98,2000000,PYG,305.7,6542.345,2,-28.571,0,1,1,1,1,,remax,143026092-71
926,2026-03-05,rent,departamento,Asunción,Ytay,Asunción,,360,land,1,4200000,PYG,641.97,4200000,PYG,641.97,6542.345,2,0,1,0,1,1,1,,remax,143098058-44
998,2026-03-05,sale,terreno,"Atyra, Cordillera",,Cordillera,,3600,land,,160000000,PYG,24456.06,150000000,PYG,22927.56,6542.345,6,-6.25,0,1,1,1,1,,remax,143061061-114
1530,2026-03-05,rent,terreno,"Lambaré, Central",,Central,Lambaré,360,land,,5000000,PYG,764.25,5000000,PYG,764.25,6542.345,2,0,1,0,1,1,1,,remax,143028003-221
1761,2026-03-05,sale,terreno,"Capiatá, Central",,Central,Capiatá,,,,180000000,PYG,27513.07,180000000,PYG,27513.07,6542.345,,0,1,0,1,1,1,,remax,143092079-3
1763,2026-03-05,rent,casa,"San Juan del Paraná, Itapúa",,Itapúa,San Juan del Paraná,500,built,5,360,USD,360,2358871,PYG,360.55,6542.345,1,0.153,0,0,1,1,0,cross-currency,remax,143085019-552
1800,2026-03-05,rent,casa,"Capiatá, Central",,Central,Capiatá,220,built,3,3500000,PYG,534.98,3500000,PYG,534.98,6542.345,2,0,1,0,1,1,1,,remax,143080040-141
1818,2026-03-05,rent,casa,"Ñemby, Central",,Central,Ñemby,150,built,3,2900000,PYG,443.27,2900000,PYG,443.27,6542.345,3,0,1,0,1,1,1,,remax,143092053-38
1860,2026-03-05,sale,casa,"Fernando de la Mora, Central",,Central,Fernando de la Mora,321,built,5,700000000,PYG,106995.27,500000000,PYG,76425.2,6542.345,238,-28.571,0,1,1,1,1,,remax,143028069-13
1877,2026-03-05,sale,terreno,"Hernandarias, Alto Paraná",,Alto Paraná,Hernandarias,602,land,,450000000,PYG,68782.68,380000000,PYG,58083.15,6542.345,96,-15.556,0,1,1,1,1,,remax,143050087-92
2561,2026-03-05,sale,casa,Asunción,Santa Rosa,Asunción,,347,built,4,100000,USD,100000,600000000,PYG,91710.24,6542.345,264,-8.29,0,0,1,1,0,cross-currency,remax,143036119-22
2588,2026-03-05,sale,terreno,"San Lorenzo, Central",,Central,San Lorenzo,360,land,,220000000,PYG,33627.09,220000000,PYG,33627.09,6542.345,93,0,1,0,1,1,1,,remax,143014133-143
2668,2026-03-05,sale,casa,"Mariano Roque Alonso, Central",,Central,Mariano Roque Alonso,180,built,3,350000000,PYG,53497.64,330000000,PYG,50440.63,6542.345,280,-5.714,0,1,1,1,1,,remax,143025197-1
3367,2026-03-05,rent,casa,"Fernando de la Mora, Central",,Central,Fernando de la Mora,400,built,,1700,USD,1700,11000000,PYG,1681.35,6542.345,4,-1.097,0,0,1,1,0,cross-currency,remax,143098052-29
4470,2026-03-05,rent,oficina,Asunción,Las Lomas (Carmelitas),Asunción,,20,built,,960,USD,960,6163200,PYG,942.05,6542.345,47,-1.87,0,0,1,1,0,cross-currency,remax,143046007-168
472,2026-03-06,rent,casa,"Areguá, Central",,Central,Areguá,100,built,1,2500000,PYG,388.51,2500000,PYG,388.51,6434.92,4,0,1,0,1,1,1,,remax,143080203-41
828,2026-03-06,rent,casa,"Ciudad del Este, Alto Paraná",,Alto Paraná,Ciudad del Este,200,built,3,3500000,PYG,543.91,3200000,PYG,497.29,6434.92,2,-8.571,0,1,1,1,1,,remax,143050002-243
1025,2026-03-06,sale,terreno,"Luque, Central",,Central,Luque,,,,300000000,PYG,46620.63,300000000,PYG,46620.63,6434.92,,0,1,0,1,1,1,,remax,143037037-459
1389,2026-03-06,sale,departamento,Asunción,Herrera,Asunción,,64,land,1,135000,USD,135000,786000000,PYG,122146.04,6434.92,1909,-9.521,0,0,1,1,0,cross-currency,remax,143063147-137
1516,2026-03-06,rent,casa,"Ciudad del Este, Alto Paraná",,Alto Paraná,Ciudad del Este,80,built,3,3500000,PYG,543.91,3000000,PYG,466.21,6434.92,6,-14.285,0,1,1,1,1,,remax,143050033-213
1809,2026-03-06,rent,edificio,Asunción,San Roque,Asunción,,420,land,1,10000000,PYG,1554.02,10000000,PYG,1554.02,6434.92,4,0,1,0,1,1,1,,remax,143098011-317
2020,2026-03-06,rent,departamento,"Fernando de la Mora, Central",,Central,Fernando de la Mora,6,land,2,900000,PYG,139.86,900000,PYG,139.86,6434.92,23,0,1,0,1,1,1,,remax,143025222-1
2438,2026-03-06,rent,departamento,"Villa Elisa, Central",,Central,Villa Elisa,100,built,2,1600000,PYG,248.64,1600000,PYG,248.64,6434.92,2,0,1,0,1,1,1,,remax,143100028-44
3044,2026-03-06,sale,duplex,"Villa Elisa, Central",,Central,Villa Elisa,180,land,2,265000000,PYG,41181.55,250000000,PYG,38850.52,6434.92,216,-5.66,0,1,1,1,1,,remax,143063226-7
3661,2026-03-06,sale,casa,"Ñemby, Central",,Central,Ñemby,114,built,3,350000000,PYG,54390.73,350000000,PYG,54390.73,6434.92,477,0,1,0,1,1,1,,remax,143092038-72
4079,2026-03-06,sale,casa,Asunción,Sajonia,Asunción,,352,built,3,175000,USD,175000,1149750000,PYG,178673.55,6434.92,508,2.099,0,0,1,1,0,cross-currency,remax,143072016-180
4285,2026-03-06,sale,departamento,"Fernando de la Mora, Central",,Central,Fernando de la Mora,57,land,2,55000,USD,55000,367251000,PYG,57071.57,6434.92,1001,3.766,0,0,1,1,0,cross-currency,remax,143097001-105
4378,2026-03-06,rent,otro,"Ñemby, Central",,Central,Ñemby,1080,built,,1200000,PYG,186.48,1200000,PYG,186.48,6434.92,0,0,1,0,1,1,1,,remax,143021018-162
308528,2026-03-06,rent,departamento,"Lambaré, Central",,Central,Lambaré,144,land,2,2500000,PYG,388.51,2500000,PYG,388.51,6434.92,3,0,1,0,1,1,1,,remax,143036136-15
311359,2026-03-06,sale,terreno,"Presidente Franco, Alto Paraná",,Alto Paraná,,662,land,,130000000,PYG,20202.27,115000000,PYG,17871.24,6434.92,27,-11.538,0,1,1,1,1,,remax,143099006-99
164,2026-03-07,rent,casa,"Ciudad del Este, Alto Paraná",,Alto Paraná,Ciudad del Este,120,built,2,3000000,PYG,466.21,2500000,PYG,388.51,6434.92,3,-16.666,0,1,1,1,1,,remax,143050066-69
183,2026-03-07,rent,departamento,Asunción,Herrera,Asunción,,45,land,1,700,USD,700,4606000,PYG,715.78,6434.92,16,2.254,0,0,1,1,0,cross-currency,remax,143028080-107
726,2026-03-07,rent,casa,"Villa Elisa, Central",,Central,Villa Elisa,90,built,2,2500000,PYG,388.51,2500000,PYG,388.51,6434.92,4,0,1,0,1,1,1,,remax,143092079-6
730,2026-03-07,sale,terreno,"Ñemby, Central",,Central,Ñemby,360,land,,190000000,PYG,29526.4,180000000,PYG,27972.38,6434.92,78,-5.263,0,1,1,1,1,,remax,143068113-4
863,2026-03-07,rent,departamento,Asunción,Recoleta,Asunción,,110,land,2,1000,USD,1000,6443000,PYG,1001.26,6434.92,9,0.126,0,0,1,1,0,cross-currency,remax,143097001-113
2527,2026-03-07,sale,terreno,"Ñemby, Central",,Central,Ñemby,375,land,,130000000,PYG,20202.27,130000000,PYG,20202.27,6434.92,54,0,1,0,1,1,1,,remax,143061085-18
4438,2026-03-07,rent,deposito,"Fernando de la Mora, Central",,Central,Fernando de la Mora,383,built,,1000,USD,1000,6457220,PYG,1003.47,6434.92,3,0.347,0,0,1,1,0,cross-currency,remax,143112002-19
4460,2026-03-07,rent,duplex,"Luque, Central",,Central,Luque,82,built,2,4500000,PYG,699.31,4500000,PYG,699.31,6434.92,9,0,1,0,1,1,1,,remax,143080194-11
23,2026-03-09,rent,departamento,"Ciudad del Este, Alto Paraná",,Alto Paraná,Ciudad del Este,28,land,1,3500000,PYG,537.51,3500000,PYG,537.51,6511.54,19,0,1,0,1,1,1,,remax,143050056-185
39,2026-03-09,rent,departamento,Asunción,Pinoza,Asunción,,60,built,1,2000000,PYG,307.15,2000000,PYG,307.15,6511.54,5,0,1,0,1,1,1,,remax,143026176-67
588,2026-03-09,rent,casa,"Filadelfia, Boquerón",,Boquerón,,100,built,3,5500000,PYG,844.65,5500000,PYG,844.65,6511.54,8,0,1,0,1,1,1,,remax,143016008-497
685,2026-03-09,sale,departamento,"Encarnación, Itapúa",,Itapúa,Encarnación,124,built,3,160000,USD,160000,1033120000,PYG,158659.86,6511.54,1285,-0.838,0,0,1,1,0,cross-currency,remax,143085032-68
743,2026-03-09,sale,terreno,"Loma Plata, Boquerón",,Boquerón,,,,,590000000,PYG,90608.37,580000000,PYG,89072.63,6511.54,,-1.695,0,1,1,1,1,,remax,143102001-15
969,2026-03-09,sale,terreno,"Loma Plata, Boquerón",,Boquerón,,,,,89822000,PYG,13794.28,40000000,PYG,6142.94,6511.54,,-55.467,0,1,1,1,1,,remax,143102001-13
1570,2026-03-09,rent,oficina,Asunción,San Jorge,Asunción,,,,,600,USD,600,3904200,PYG,599.58,6511.54,,-0.07,0,0,1,1,0,cross-currency,remax,143025134-85
2341,2026-03-09,sale,deposito,"Presidente Franco, Alto Paraná",,Alto Paraná,,163,built,,100000,USD,100000,644300000,PYG,98947.41,6511.54,607,-1.053,0,0,1,1,0,cross-currency,remax,143050006-77
2378,2026-03-09,rent,duplex,"San Lorenzo, Central",,Central,San Lorenzo,85,built,2,3500000,PYG,537.51,3500000,PYG,537.51,6511.54,6,0,1,0,1,1,1,,remax,143098110-9
2790,2026-03-09,rent,casa,"Luque, Central",,Central,Luque,100,built,2,2500000,PYG,383.93,2500000,PYG,383.93,6511.54,4,0,1,0,1,1,1,,remax,143080193-13
3139,2026-03-09,rent,duplex,"Presidente Franco, Alto Paraná",,Alto Paraná,,431,land,2,3500000,PYG,537.51,3500000,PYG,537.51,6511.54,1,0,1,0,1,1,1,,remax,143050135-39
3318,2026-03-09,sale,departamento,Asunción,Recoleta,Asunción,,44,land,1,77500,USD,77500,721386000,PYG,110785.77,6511.54,2518,42.949,0,0,1,1,0,cross-currency,remax,143098011-272
3425,2026-03-09,sale,departamento,"Encarnación, Itapúa",,Itapúa,Encarnación,900,built,1,95000,USD,95000,612085000,PYG,94000.04,6511.54,104,-1.053,0,0,1,1,0,cross-currency,remax,143085032-72
3579,2026-03-09,sale,terreno,"Loma Plata, Boquerón",,Boquerón,,,,,90000000,PYG,13821.62,70000000,PYG,10750.15,6511.54,,-22.222,0,1,1,1,1,,remax,143102001-25
3921,2026-03-09,rent,duplex,"San Lorenzo, Central",,Central,San Lorenzo,85,built,2,3500000,PYG,537.51,3500000,PYG,537.51,6511.54,6,0,1,0,1,1,1,,remax,143014190-1
4175,2026-03-09,sale,terreno,"Ñemby, Central",,Central,Ñemby,,,,180000000,PYG,27643.23,170000000,PYG,26107.5,6511.54,,-5.556,0,1,1,1,1,,remax,143094012-68
4446,2026-03-09,rent,duplex,"Villa Elisa, Central",,Central,Villa Elisa,361,land,2,2600000,PYG,399.29,2600000,PYG,399.29,6511.54,1,0,1,0,1,1,1,,remax,143028065-61
4494,2026-03-09,sale,duplex,"Luque, Central",,Central,Luque,144,built,3,550000000,PYG,84465.43,500000000,PYG,76786.75,6511.54,533,-9.091,0,1,1,1,1,,remax,143025117-51
1603,2026-03-10,sale,terreno,Asunción,San Cristóbal,Asunción,,200,built,,230000,USD,230000,1456320000,PYG,224334.83,6491.725,1122,-2.463,0,0,1,1,0,cross-currency,remax,143068092-44
1884,2026-03-10,rent,duplex,"Luque, Central",,Central,Luque,180,land,3,6300000,PYG,970.47,6300000,PYG,970.47,6491.725,5,0,1,0,1,1,1,,remax,143046046-121
1886,2026-03-10,sale,terreno,"Lambaré, Central",,Central,Lambaré,,,,570000000,PYG,87804.09,550000000,PYG,84723.24,6491.725,,-3.509,0,1,1,1,1,,remax,143063138-64
1995,2026-03-10,sale,departamento,Asunción,Las Mercedes,Asunción,,43,land,1,502500000,PYG,77406.24,467679600,PYG,72042.42,6491.725,1693,-6.929,0,1,1,1,1,,remax,143101003-12
2073,2026-03-10,sale,departamento,Asunción,Las Lomas (Carmelitas),Asunción,,97,land,2,84500,USD,84500,540800000,PYG,83306.06,6491.725,859,-1.413,0,0,1,1,0,cross-currency,remax,143063051-359
2859,2026-03-10,sale,terreno,"Limpio, Central",,Central,Limpio,,,,135000000,PYG,20795.71,135000000,PYG,20795.71,6491.725,,0,1,0,1,1,1,,remax,143071054-539
2866,2026-03-10,sale,departamento,Asunción,Sajonia,Asunción,,12,land,1,250000000,PYG,38510.57,227000000,PYG,34967.59,6491.725,3038,-9.2,0,1,1,1,1,,remax,143025116-42
3042,2026-03-10,sale,terreno,"Coronel Oviedo, Caaguazú",,Caaguazú,,,,,550000000,PYG,84723.24,550000000,PYG,84723.24,6491.725,,0,1,0,1,1,1,,remax,143098067-26
3280,2026-03-10,rent,departamento,"Santa Rita, Alto Paraná",,Alto Paraná,,456,land,2,1600000,PYG,246.47,1600000,PYG,246.47,6491.725,1,0,1,0,1,1,1,,remax,143065021-171
4524,2026-03-10,sale,departamento,Asunción,La Encarnación,Asunción,,50,land,,230000000,PYG,35429.72,180000000,PYG,27727.61,6491.725,555,-21.739,0,1,1,1,1,,remax,143036045-227
198463,2026-03-10,sale,casa,"Caacupé, Cordillera",,Cordillera,Caacupé,70,built,2,480000000,PYG,73940.29,450000000,PYG,69319.02,6491.725,990,-6.25,0,1,1,1,1,,remax,143063199-54
308641,2026-03-10,rent,casa,"Lambaré, Central",,Central,Lambaré,600,built,3,5500000,PYG,847.23,5500000,PYG,847.23,6491.725,1,0,1,0,1,1,1,,remax,143038011-394
312668,2026-03-10,rent,local,"Fernando de la Mora, Central",,Central,Fernando de la Mora,,,,2900000,PYG,446.72,2900000,PYG,446.72,6491.725,,0,1,0,2,0,0,second record of one deal,remax,143084037-59
313063,2026-03-10,rent,departamento,Asunción,San Roque,Asunción,,120,land,2,2900000,PYG,446.72,2900000,PYG,446.72,6491.725,4,0,1,0,2,1,1,,remax,143084037-60
313109,2026-03-10,rent,local,"Fernando de la Mora, Central",,Central,Fernando de la Mora,60,built,,4900000,PYG,754.81,4900000,PYG,754.81,6491.725,13,0,1,0,1,1,1,,remax,143084041-49
1144,2026-03-11,rent,otro,Asunción,Villa Morra,Asunción,,92,land,,13000000,PYG,2007.99,10000000,PYG,1544.61,6474.14,17,-23.077,0,1,1,1,1,,remax,143084064-5
2123,2026-03-11,sale,terreno,"Luque, Central",,Central,Luque,,,,300000000,PYG,46338.2,250000000,PYG,38615.17,6474.14,,-16.667,0,1,1,1,1,,remax,143019099-14
3032,2026-03-11,rent,departamento,Asunción,Las Lomas (Carmelitas),Asunción,,31,land,1,550,USD,550,3575000,PYG,552.2,6474.14,18,0.4,0,0,1,1,0,cross-currency,remax,143056031-734
3069,2026-03-11,rent,local,"Villa Elisa, Central",,Central,Villa Elisa,210,built,,20000000,PYG,3089.21,20000000,PYG,3089.21,6474.14,15,0,1,0,1,1,1,,remax,143063089-107
3120,2026-03-11,rent,duplex,"Fernando de la Mora, Central",,Central,Fernando de la Mora,120,land,2,3800000,PYG,586.95,3800000,PYG,586.95,6474.14,5,0,1,0,1,1,1,,remax,143080114-43
3394,2026-03-11,rent,departamento,"Fernando de la Mora, Central",,Central,Fernando de la Mora,80,land,1,2150000,PYG,332.09,2150000,PYG,332.09,6474.14,4,0,1,0,1,1,1,,remax,143080071-47
3428,2026-03-11,rent,casa,"Presidente Franco, Alto Paraná",,Alto Paraná,,240,built,3,1600,USD,1600,9040108,PYG,1396.34,6474.14,6,-12.729,0,0,1,1,0,cross-currency,remax,143050199-1
310497,2026-03-11,sale,departamento,Asunción,Herrera,Asunción,,60,land,,55900,USD,55900,364468000,PYG,56295.97,6474.14,938,0.708,0,0,1,1,0,cross-currency,remax,143056050-62
504,2026-03-12,sale,casa,Asunción,Obrero,Asunción,,65,built,2,550000000,PYG,85249.05,480000000,PYG,74399.17,6451.685,1145,-12.727,0,1,1,1,1,,remax,143098122-84
859,2026-03-12,sale,casa,Asunción,Sajonia,Asunción,,200,built,4,600000000,PYG,92998.96,600000000,PYG,92998.96,6451.685,465,0,1,0,1,1,1,,remax,143026176-54
1006,2026-03-12,sale,casa,"Luque, Central",,Central,Luque,72,built,2,350000000,PYG,54249.39,350000000,PYG,54249.39,6451.685,753,0,1,0,1,1,1,,remax,143071054-527
1234,2026-03-12,sale,casa,Asunción,Obrero,Asunción,,65,built,2,550000000,PYG,85249.05,480000000,PYG,74399.17,6451.685,1145,-12.727,0,1,1,1,1,,remax,143014103-185
1635,2026-03-12,sale,terreno,"San Bernardino, Cordillera",,Cordillera,San Bernardino,,,,89900,USD,89900,557280000,PYG,86377.43,6451.685,,-3.918,0,0,2,1,0,cross-currency,remax,143098054-64
1855,2026-03-12,rent,casa,"Mariano Roque Alonso, Central",,Central,Mariano Roque Alonso,210,built,5,3000000,PYG,464.99,3000000,PYG,464.99,6451.685,2,0,1,0,1,1,1,,remax,143025157-27
1999,2026-03-12,sale,terreno,"Fernando de la Mora, Central",,Central,Fernando de la Mora,,,,850000000,PYG,131748.53,820000000,PYG,127098.58,6451.685,,-3.529,0,1,1,1,1,,remax,143063130-99
2092,2026-03-12,sale,casa,Asunción,Catedral,Asunción,,396,built,,140000,USD,140000,903980000,PYG,140115.33,6451.685,354,0.082,0,0,1,1,0,cross-currency,remax,143063136-291
2148,2026-03-12,sale,terreno,"Luque, Central",,Central,Luque,406,land,,220000000,PYG,34099.62,212000000,PYG,32859.63,6451.685,81,-3.636,0,1,1,1,1,,remax,143063225-2
2162,2026-03-12,rent,departamento,"Ciudad del Este, Alto Paraná",,Alto Paraná,Ciudad del Este,170,land,2,800,USD,800,5165776,PYG,800.69,6451.685,5,0.086,0,0,1,1,0,cross-currency,remax,143050056-170
2452,2026-03-12,sale,departamento,Asunción,Recoleta,Asunción,,47,land,2,80189,USD,80189,510009600,PYG,79050.6,6451.685,1682,-1.42,0,0,1,1,0,cross-currency,remax,143025145-295
2799,2026-03-12,sale,terreno,"San Bernardino, Cordillera",,Cordillera,San Bernardino,,,,89900,USD,89900,557280000,PYG,86377.43,6451.685,,-3.918,0,0,2,0,0,cross-currency,remax,143098054-57
3687,2026-03-12,sale,terreno,"San Lorenzo, Central",,Central,San Lorenzo,80,built,1,380000000,PYG,58899.34,350000000,PYG,54249.39,6451.685,678,-7.895,0,1,1,1,1,,remax,143036139-84
3996,2026-03-12,rent,casa,"Fernando de la Mora, Central",,Central,Fernando de la Mora,500,built,,4300000,PYG,666.49,4300000,PYG,666.49,6451.685,1,0,1,0,1,1,1,,remax,143072132-29
311658,2026-03-12,sale,terreno,"Fernando de la Mora, Central",,Central,Fernando de la Mora,,,,165000,USD,165000,1072335000,PYG,166210.07,6451.685,,0.733,0,0,1,1,0,cross-currency,remax,143098018-51
495,2026-03-13,rent,departamento,Asunción,Carmelitas,Asunción,,84,land,2,1400,USD,1400,1450,USD,1450,6490.615,17,3.571,0,0,1,1,1,,remax,143056056-58
1279,2026-03-13,sale,terreno,"San Lorenzo, Central",,Central,San Lorenzo,,,,225000000,PYG,34665.44,170000000,PYG,26191.66,6490.615,,-24.444,0,1,1,1,1,,remax,143009115-28
1540,2026-03-13,rent,departamento,"Encarnación, Itapúa",,Itapúa,Encarnación,2500,land,1,3800000,PYG,585.46,3800000,PYG,585.46,6490.615,0,0,1,0,1,1,1,,remax,143085032-77
2385,2026-03-13,rent,casa,"Loma Plata, Boquerón",,Boquerón,,104,built,2,2000000,PYG,308.14,2000000,PYG,308.14,6490.615,3,0,1,0,1,1,1,,remax,143016008-528
2444,2026-03-13,sale,casa,Asunción,Virgen del Huerto,Asunción,,270,built,3,205000,USD,205000,1225500000,PYG,188811.08,6490.615,699,-7.897,0,0,1,1,0,cross-currency,remax,143098119-32
2778,2026-03-13,rent,departamento,"San Lorenzo, Central",,Central,San Lorenzo,360,land,2,2000000,PYG,308.14,2000000,PYG,308.14,6490.615,1,0,1,0,1,1,1,,remax,143072124-23
2845,2026-03-13,rent,casa,"Mariano Roque Alonso, Central",,Central,Mariano Roque Alonso,230,built,3,2800000,PYG,431.39,2800000,PYG,431.39,6490.615,2,0,1,0,1,1,1,,remax,143025157-28
3141,2026-03-13,rent,duplex,"Lambaré, Central",,Central,Lambaré,150,built,3,3500000,PYG,539.24,3500000,PYG,539.24,6490.615,4,0,1,0,1,1,1,,remax,143072073-123
3602,2026-03-13,rent,casa,"Lambaré, Central",,Central,Lambaré,158,built,2,3500000,PYG,539.24,3100000,PYG,477.61,6490.615,3,-11.429,0,1,1,1,1,,remax,143092070-61
3810,2026-03-13,sale,casa,Asunción,Virgen del Huerto,Asunción,,270,built,3,205000,USD,205000,1225500000,PYG,188811.08,6490.615,699,-7.897,0,0,1,1,0,cross-currency,remax,143014166-22
3936,2026-03-13,rent,oficina,Asunción,San Roque,Asunción,,15,built,,1100000,PYG,169.48,1100000,PYG,169.48,6490.615,11,0,1,0,1,1,1,,remax,143072119-98
4009,2026-03-13,rent,local,"Encarnación, Itapúa",,Itapúa,Encarnación,120,built,,4000000,PYG,616.27,4000000,PYG,616.27,6490.615,5,0,1,0,1,1,1,,remax,143032072-52
4107,2026-03-13,sale,terreno,"Luque, Central",,Central,Luque,,,,300000000,PYG,46220.58,275000000,PYG,42368.87,6490.615,,-8.333,0,1,1,1,1,,remax,143019099-13
4397,2026-03-13,sale,departamento,Asunción,Virgen de la Asunción,Asunción,,99,land,2,237237,USD,237237,1542040500,PYG,237580.03,6490.615,2400,0.145,0,0,1,1,0,cross-currency,remax,143063187-76
4531,2026-03-13,rent,otro,"Ciudad del Este, Alto Paraná",,Alto Paraná,Ciudad del Este,427,built,,2150,USD,2150,13882550,PYG,2138.87,6490.615,5,-0.518,0,0,1,1,0,cross-currency,remax,143050064-28
21407,2026-03-13,sale,otro,"Independencia, Guairá",,Guairá,,,,4,300000,USD,300000,270000,USD,270000,6490.615,,-10,0,1,1,1,1,,remax,143072124-19
42,2026-03-14,sale,terreno,"Lambaré, Central",,Central,Lambaré,,,,399000,USD,399000,28306200000,PYG,4361096.75,6490.615,,993.007,0,0,1,1,0,cross-currency,remax,143063138-59
1302,2026-03-14,sale,casa,"Filadelfia, Boquerón",,Boquerón,,120,built,2,210000000,PYG,32354.41,230000000,PYG,35435.78,6490.615,295,9.524,0,0,1,1,1,,remax,143016029-70
2553,2026-03-14,rent,duplex,"Luque, Central",,Central,Luque,153,built,3,4500000,PYG,693.31,4500000,PYG,693.31,6490.615,5,0,1,0,1,1,1,,remax,143101005-1
2445,2026-03-15,rent,departamento,Asunción,Las Mercedes,Asunción,,61,land,1,4200000,PYG,647.09,4200000,PYG,647.09,6490.615,11,0,1,0,1,1,1,,remax,143098078-10
4124,2026-03-15,rent,departamento,Asunción,Las Lomas (Carmelitas),Asunción,,400,land,2,5900000,PYG,909,5400000,PYG,831.97,6490.615,2,-8.474,0,1,1,1,1,,remax,143026049-158
308492,2026-03-15,rent,departamento,Asunción,Herrera,Asunción,,99,land,2,6000000,PYG,924.41,6000000,PYG,924.41,6490.615,9,0,1,0,1,1,1,,remax,143063147-141
275,2026-03-16,rent,departamento,Asunción,Las Mercedes,Asunción,,225,built,3,4900000,PYG,755.81,4700000,PYG,724.96,6483.1,3,-4.082,0,1,1,1,1,,remax,143028080-92
572,2026-03-16,rent,departamento,Asunción,Catedral,Asunción,,150,land,4,3900000,PYG,601.56,3900000,PYG,601.56,6483.1,4,0,1,0,1,1,1,,remax,143072116-18
1423,2026-03-16,sale,duplex,"Luque, Central",,Central,Luque,180,land,2,50800,USD,50800,329829160,PYG,50875.22,6483.1,283,0.148,0,0,1,1,0,cross-currency,remax,143028003-224
2671,2026-03-16,rent,casa,"Mariscal José Félix Estigarribia, Boquerón",,Boquerón,,283,built,1,3000000,PYG,462.74,3000000,PYG,462.74,6483.1,2,0,1,0,1,1,1,,remax,143016034-19
2720,2026-03-16,sale,casa,"Filadelfia, Boquerón",,Boquerón,,200,built,2,520000000,PYG,80208.54,450000000,PYG,69411.24,6483.1,347,-13.462,0,1,1,1,1,,remax,143016016-73
198612,2026-03-16,sale,terreno,Asunción,Santísima Trinidad,Asunción,,,,,350000,USD,350000,2272200000,PYG,350480.48,6483.1,,0.137,0,0,1,1,0,cross-currency,remax,143063199-19
312019,2026-03-16,sale,terreno,"Ypané, Central",,Central,Ypané,,,,175000000,PYG,26993.26,175000000,PYG,26993.26,6483.1,,0,1,0,1,1,1,,remax,143037130-12
313191,2026-03-16,rent,otro,Asunción,Las Mercedes,Asunción,,,,,7000000,PYG,1079.73,6800000,PYG,1048.88,6483.1,,-2.857,0,1,1,1,1,,remax,143037035-166
1358,2026-03-17,rent,local,Asunción,Mburicaó,Asunción,,29,built,,2500000,PYG,386.8,2500000,PYG,386.8,6463.26,13,0,1,0,1,1,1,,remax,143098128-296
2158,2026-03-17,rent,casa,Asunción,Obrero,Asunción,,160,built,3,4600000,PYG,711.72,4600000,PYG,711.72,6463.26,4,0,1,0,1,1,1,,remax,143112002-16
2375,2026-03-17,rent,departamento,Asunción,Herrera,Asunción,,360,land,2,4500000,PYG,696.24,4000000,PYG,618.88,6463.26,2,-11.111,0,1,1,1,1,,remax,143026049-157
2763,2026-03-17,sale,terreno,"San Lorenzo, Central",,Central,San Lorenzo,660,built,,900000000,PYG,139248.61,900000000,PYG,139248.61,6463.26,211,0,1,0,1,1,1,,remax,143014125-131
3156,2026-03-17,sale,terreno,"San Lorenzo, Central",,Central,San Lorenzo,660,built,,900000000,PYG,139248.61,900000000,PYG,139248.61,6463.26,211,0,1,0,1,1,1,,remax,143098128-131
3500,2026-03-17,rent,local,Asunción,Mburicaó,Asunción,,29,built,,2500000,PYG,386.8,2500000,PYG,386.8,6463.26,13,0,1,0,1,1,1,,remax,143014125-296
4333,2026-03-17,rent,deposito,Asunción,Ciudad Nueva,Asunción,,215,built,,6000000,PYG,928.32,5750000,PYG,889.64,6463.26,4,-4.167,0,1,1,1,1,,remax,143098039-18
4490,2026-03-17,sale,duplex,"Luque, Central",,Central,Luque,131,built,2,590000000,PYG,91285.2,550000000,PYG,85096.38,6463.26,650,-6.78,0,1,1,1,1,,remax,143068037-90
445,2026-03-18,rent,oficina,"Ciudad del Este, Alto Paraná",,Alto Paraná,Ciudad del Este,,,,2500000,PYG,384.72,2500000,PYG,384.72,6498.175,,0,1,0,1,1,1,,remax,143050097-65
767,2026-03-18,rent,departamento,Asunción,Manorá,Asunción,,360,land,3,0,USD,0,9870000,USD,9870000,6498.175,27417,,0,0,1,1,0,no ask,remax,143098058-52
933,2026-03-18,rent,oficina,Asunción,Carmelitas,Asunción,,37,built,,750,USD,750,700,USD,700,6498.175,19,-6.667,0,1,1,1,1,,remax,143098121-117
1111,2026-03-18,rent,casa,"Villa Elisa, Central",,Central,Villa Elisa,140,built,4,2700000,PYG,415.5,2700000,PYG,415.5,6498.175,3,0,1,0,1,1,1,,remax,143019021-116
1794,2026-03-18,rent,departamento,Asunción,Catedral,Asunción,,120,land,3,3000000,PYG,461.67,2800000,PYG,430.89,6498.175,4,-6.667,0,1,1,1,1,,remax,143025234-10
1903,2026-03-18,sale,terreno,"Luque, Central",,Central,Luque,,,,250000000,PYG,38472.34,250000000,PYG,38472.34,6498.175,,0,1,0,1,1,1,,remax,143037037-457
2170,2026-03-18,rent,oficina,Asunción,Carmelitas,Asunción,,37,built,,750,USD,750,700,USD,700,6498.175,19,-6.667,0,1,1,1,1,,remax,143014146-146
2584,2026-03-18,rent,local,Asunción,Las Lomas (Carmelitas),Asunción,,,,,8800000,PYG,1354.23,8800000,PYG,1354.23,6498.175,,0,1,0,1,1,1,,remax,143098067-25
3230,2026-03-18,rent,casa,Asunción,Mariscal Estigarribia,Asunción,,165,built,4,9900000,PYG,1523.5,9900000,PYG,1523.5,6498.175,9,0,1,0,1,1,1,,remax,143072123-25
3929,2026-03-18,sale,casa,"Ypané, Central",,Central,Ypané,18,built,1,7222,USD,7222,46957444,PYG,7226.25,6498.175,391,0.059,0,0,1,1,0,cross-currency,remax,143080114-44
4252,2026-03-18,rent,departamento,Asunción,Ycuá Satí,Asunción,,90,land,2,1050,USD,1050,6480000,PYG,997.2,6498.175,11,-5.029,0,0,1,1,0,cross-currency,remax,143056064-11
308904,2026-03-18,rent,casa,"Luque, Central",,Central,Luque,292,built,5,5500000,PYG,846.39,1,PYG,0,6498.175,0,-100,0,1,1,1,0,outside 0.4 to 1.6 of the ask,remax,143036096-33
309390,2026-03-18,rent,deposito,"Luque, Central",,Central,Luque,292,built,,5500000,PYG,846.39,5000000,PYG,769.45,6498.175,3,-9.09,0,1,1,1,1,,remax,143036096-35
311093,2026-03-18,sale,terreno,"Ciudad del Este, Alto Paraná",,Alto Paraná,Ciudad del Este,,,,60000,USD,60000,370614000,PYG,57033.55,6498.175,,-4.944,0,0,1,1,0,cross-currency,remax,143050169-8
311310,2026-03-18,sale,departamento,Asunción,Las Lomas (Carmelitas),Asunción,,32,land,1,85000,USD,85000,520065000,PYG,80032.47,6498.175,2501,-5.844,0,0,1,1,0,cross-currency,remax,143056047-95
91,2026-03-19,rent,departamento,"Encarnación, Itapúa",,Itapúa,Encarnación,100,land,2,1650000,PYG,252.61,1650000,PYG,252.61,6531.9,3,0,1,0,1,1,1,,remax,143011088-24
166,2026-03-19,sale,terreno,"Encarnación, Itapúa",,Itapúa,Encarnación,380,land,,460000000,PYG,70423.61,460000000,PYG,70423.61,6531.9,185,0,1,0,1,1,1,,remax,143011007-2085
201,2026-03-19,rent,duplex,"Cambyretá, Itapúa",,Itapúa,Cambyretá,135,built,3,3000000,PYG,459.28,3000000,PYG,459.28,6531.9,3,0,1,0,1,1,1,,remax,143011007-2171
208,2026-03-19,sale,departamento,"Encarnación, Itapúa",,Itapúa,Encarnación,39,built,1,64500,USD,64500,420733500,PYG,64412.12,6531.9,1652,-0.136,0,0,1,1,0,cross-currency,remax,143011091-58
498,2026-03-19,sale,terreno,"Ñemby, Central",,Central,Ñemby,360,land,,120000000,PYG,18371.38,115000000,PYG,17605.9,6531.9,49,-4.167,0,1,1,1,1,,remax,143061085-17
530,2026-03-19,rent,departamento,"Capiatá, Central",,Central,Capiatá,15,land,1,1800000,PYG,275.57,1800000,PYG,275.57,6531.9,18,0,1,0,1,1,1,,remax,143009135-80
1182,2026-03-19,sale,terreno,"Luque, Central",,Central,Luque,427,land,,125000000,PYG,19136.85,115000000,PYG,17605.9,6531.9,41,-8,0,1,1,1,1,,remax,143036162-1
1826,2026-03-19,sale,terreno,"Cambyretá, Itapúa",,Itapúa,Cambyretá,,,,200000,USD,200000,1304600000,PYG,199727.49,6531.9,,-0.136,0,0,1,1,0,cross-currency,remax,143011071-65
1845,2026-03-19,rent,casa,"Presidente Franco, Alto Paraná",,Alto Paraná,,150,built,2,2800000,PYG,428.67,2800000,PYG,428.67,6531.9,3,0,1,0,1,1,1,,remax,143050055-142
1876,2026-03-19,rent,departamento,"Encarnación, Itapúa",,Itapúa,Encarnación,1,land,1,1800000,PYG,275.57,1800000,PYG,275.57,6531.9,276,0,1,0,1,1,1,,remax,143011007-2157
2076,2026-03-19,sale,terreno,"San Juan del Paraná, Itapúa",,Itapúa,San Juan del Paraná,800,land,,111834,USD,111834,731663879,PYG,112013.94,6531.9,140,0.161,0,0,1,1,0,cross-currency,remax,143085019-508
2207,2026-03-19,sale,terreno,Asunción,Ytay,Asunción,,230,land,,238000,USD,238000,1272375000,PYG,194794.01,6531.9,847,-18.154,0,0,1,1,0,cross-currency,remax,143100001-25
2485,2026-03-19,sale,local,Asunción,La Encarnación,Asunción,,,,,140000,USD,140000,818750000,PYG,125346.38,6531.9,,-10.467,0,0,1,1,0,cross-currency,remax,143098009-687
2767,2026-03-19,sale,terreno,"Encarnación, Itapúa",,Itapúa,Encarnación,1025,land,,430000000,PYG,65830.77,430000000,PYG,65830.77,6531.9,64,0,1,0,1,1,1,,remax,143011022-103
3447,2026-03-19,sale,casa,"San Lorenzo, Central",,Central,San Lorenzo,201,built,3,210000,USD,210000,1170000000,PYG,179120.93,6531.9,891,-14.704,0,0,1,1,0,cross-currency,remax,143094007-56
3501,2026-03-19,sale,terreno,"Ñemby, Central",,Central,Ñemby,,,,95000000,PYG,14544.01,95000000,PYG,14544.01,6531.9,,0,1,0,1,1,1,,remax,143036126-13
3688,2026-03-19,rent,departamento,"Cambyretá, Itapúa",,Itapúa,Cambyretá,,,1,1700000,PYG,260.26,1700000,PYG,260.26,6531.9,,0,1,0,1,1,1,,remax,143011007-2178
4229,2026-03-19,rent,casa,"San Lorenzo, Central",,Central,San Lorenzo,80,built,1,2000000,PYG,306.19,2000000,PYG,306.19,6531.9,4,0,1,0,1,1,1,,remax,143092038-92
4449,2026-03-19,rent,deposito,"Mariano Roque Alonso, Central",,Central,Mariano Roque Alonso,436,built,,7000000,PYG,1071.66,7000000,PYG,1071.66,6531.9,2,0,1,0,1,1,1,,remax,143046003-257
4496,2026-03-19,rent,casa,Asunción,Virgen del Huerto,Asunción,,250,built,4,5500000,PYG,842.02,5500000,PYG,842.02,6531.9,3,0,1,0,1,1,1,,remax,143091036-62
85,2026-03-20,sale,departamento,Asunción,Ycuá Satí,Asunción,,41,built,1,54895,USD,54895,73678,USD,73678,6534.515,1793,34.216,0,0,1,1,1,,remax,143025158-41
110,2026-03-20,rent,departamento,Asunción,Ycuá Satí,Asunción,,800,land,3,1700,USD,1700,11112900,PYG,1700.65,6534.515,2,0.038,0,0,1,1,0,cross-currency,remax,143025117-55
516,2026-03-20,rent,casa,"Ciudad del Este, Alto Paraná",,Alto Paraná,Ciudad del Este,421,built,3,8500000,PYG,1300.79,7500000,PYG,1147.75,6534.515,3,-11.765,0,1,1,1,1,,remax,143050135-37
1119,2026-03-20,rent,edificio,"Santa Rita, Alto Paraná",,Alto Paraná,,82,land,,1500000,PYG,229.55,1500000,PYG,229.55,6534.515,3,0,1,0,1,1,1,,remax,143065026-218
1221,2026-03-20,sale,casa,"Santa Rita, Alto Paraná",,Alto Paraná,,75,built,1,39000,USD,39000,200000000,PYG,30606.71,6534.515,408,-21.521,0,0,1,1,0,cross-currency,remax,143065028-45
1443,2026-03-20,rent,duplex,"Cambyretá, Itapúa",,Itapúa,Cambyretá,126,land,2,600,USD,600,3876000,PYG,593.16,6534.515,5,-1.14,0,0,1,1,0,cross-currency,remax,143011091-38
1527,2026-03-20,rent,casa,"Lambaré, Central",,Central,Lambaré,60,built,1,1000000,PYG,153.03,1000000,PYG,153.03,6534.515,3,0,1,0,1,1,1,,remax,143092047-25
2067,2026-03-20,sale,duplex,"Ciudad del Este, Alto Paraná",,Alto Paraná,Ciudad del Este,450,built,9,185000,USD,185000,1209483750,PYG,185091.59,6534.515,411,0.05,0,0,1,1,0,cross-currency,remax,143050185-2
2125,2026-03-20,sale,casa,Asunción,Loma Pytá,Asunción,,168,built,3,85000,USD,85000,589500000,PYG,90213.28,6534.515,537,6.133,0,0,1,1,0,cross-currency,remax,143098021-87
2768,2026-03-20,sale,terreno,Asunción,Loma Pytá,Asunción,,,,,420000000,PYG,64274.09,400000000,PYG,61213.42,6534.515,,-4.762,0,1,1,1,1,,remax,143098009-705
2808,2026-03-20,rent,casa,"Encarnación, Itapúa",,Itapúa,Encarnación,280,built,3,6000000,PYG,918.2,6000000,PYG,918.2,6534.515,3,0,1,0,1,1,1,,remax,143011036-117
2935,2026-03-20,sale,casa,"Ciudad del Este, Alto Paraná",,Alto Paraná,Ciudad del Este,246,built,3,665000000,PYG,101767.31,600000000,PYG,91820.13,6534.515,373,-9.774,0,1,1,1,1,,remax,143107020-8
3007,2026-03-20,sale,local,Asunción,Mariscal López,Asunción,,608,land,,530000,USD,530000,3460900000,PYG,529633.8,6534.515,871,-0.069,0,0,1,1,0,cross-currency,remax,143063136-320
3427,2026-03-20,rent,casa,"Encarnación, Itapúa",,Itapúa,Encarnación,150,built,2,3000000,PYG,459.1,3000000,PYG,459.1,6534.515,3,0,1,0,1,1,1,,remax,143032066-54
3877,2026-03-20,sale,terreno,Asunción,San Vicente,Asunción,,80,built,,620000000,PYG,94880.8,620000000,PYG,94880.8,6534.515,1186,0,1,0,1,1,1,,remax,143019017-30
3950,2026-03-20,rent,casa,Asunción,Mburucuyá,Asunción,,328,built,4,3900,USD,3900,25498200,PYG,3902.08,6534.515,12,0.053,0,0,1,1,0,cross-currency,remax,143063089-101
4034,2026-03-20,rent,departamento,"Encarnación, Itapúa",,Itapúa,Encarnación,50,built,1,3000000,PYG,459.1,3000000,PYG,459.1,6534.515,9,0,1,0,1,1,1,,remax,143032061-144
4180,2026-03-20,sale,terreno,"San Lorenzo, Central",,Central,San Lorenzo,420,land,,420000000,PYG,64274.09,400000000,PYG,61213.42,6534.515,146,-4.762,0,1,1,1,1,,remax,143036099-40
4323,2026-03-20,rent,duplex,"Fernando de la Mora, Central",,Central,Fernando de la Mora,73,built,2,2700000,PYG,413.19,2700000,PYG,413.19,6534.515,6,0,1,0,1,1,1,,remax,143026171-47
310599,2026-03-20,rent,duplex,"Villa Elisa, Central",,Central,Villa Elisa,120,built,3,3675000,PYG,562.4,3500000,PYG,535.62,6534.515,4,-4.762,0,1,1,1,1,,remax,143036051-215
451,2026-03-21,sale,quinta,"Caacupé, Cordillera",,Cordillera,Caacupé,140,built,3,750000000,PYG,114775.16,655860000,PYG,100368.58,6534.515,717,-12.552,0,1,1,1,1,,remax,143036139-75
453,2026-03-21,rent,departamento,Asunción,Las Lomas (Carmelitas),Asunción,,73,land,2,820,USD,820,5204000,PYG,796.39,6534.515,11,-2.879,0,0,1,1,0,cross-currency,remax,143091056-8
50,2026-03-23,rent,oficina,Asunción,Las Lomas (Carmelitas),Asunción,,11,built,,4900000,PYG,749.26,4300000,PYG,657.52,6539.765,60,-12.244,0,1,1,1,1,,remax,143100028-54
80,2026-03-23,sale,casa,"Lambaré, Central",,Central,Lambaré,214,built,4,165000,USD,165000,948010000,PYG,144960.87,6539.765,677,-12.145,0,0,1,1,0,cross-currency,remax,143096010-11
271,2026-03-23,rent,duplex,"Ñemby, Central",,Central,Ñemby,180,land,3,3500000,PYG,535.19,3500000,PYG,535.19,6539.765,3,0,1,0,1,1,1,,remax,143068046-66
323,2026-03-23,sale,casa,"San Lorenzo, Central",,Central,San Lorenzo,380,built,5,1600000000,PYG,244657.11,1600000000,PYG,244657.11,6539.765,644,0,1,0,1,1,1,,remax,143072119-103
1035,2026-03-23,sale,rural,"Benjamín Aceval, Presidente Hayes",,Presidente Hayes,,250,built,,870000,USD,870000,4903500000,PYG,749797.58,6539.765,2999,-13.816,0,0,1,1,0,cross-currency,remax,143096010-20
1207,2026-03-23,sale,casa,Asunción,Terminal,Asunción,,500,built,6,150000,USD,150000,138400,USD,138400,6539.765,277,-7.733,0,1,1,1,1,,remax,143014141-209
1393,2026-03-23,rent,local,Asunción,Mburucuyá,Asunción,,,,,2500000,PYG,382.28,2500000,PYG,382.28,6539.765,,0,1,0,1,1,1,,remax,143068120-17
1849,2026-03-23,rent,casa,"Fernando de la Mora, Central",,Central,Fernando de la Mora,200,built,4,3000000,PYG,458.73,3000000,PYG,458.73,6539.765,2,0,1,0,1,1,1,,remax,143080237-1
3102,2026-03-23,sale,terreno,Asunción,Sajonia,Asunción,,427,land,,690000000,PYG,105508.38,660000000,PYG,100921.06,6539.765,236,-4.348,0,1,1,1,1,,remax,143098008-126
3317,2026-03-23,rent,oficina,"Ciudad del Este, Alto Paraná",,Alto Paraná,Ciudad del Este,24,built,,2700000,PYG,412.86,2700000,PYG,412.86,6539.765,17,0,1,0,1,1,1,,remax,143050002-244
3696,2026-03-23,rent,departamento,"Luque, Central",,Central,Luque,50,land,2,2200000,PYG,336.4,2200000,PYG,336.4,6539.765,7,0,1,0,1,1,1,,remax,143019021-111
4260,2026-03-23,sale,casa,Asunción,Terminal,Asunción,,500,built,6,150000,USD,150000,138400,USD,138400,6539.765,277,-7.733,0,1,1,1,1,,remax,143098116-124
308293,2026-03-23,sale,casa,Asunción,Loma Pytá,Asunción,,201,built,4,750000000,PYG,114683.02,640000000,PYG,97862.84,6539.765,487,-14.667,0,1,1,1,1,,remax,143102004-4
313625,2026-03-23,sale,casa,"Ciudad del Este, Alto Paraná",,Alto Paraná,Ciudad del Este,235,built,3,285000,USD,285000,1792000000,PYG,274015.96,6539.765,1166,-3.854,0,0,1,1,0,cross-currency,remax,143099027-41
425,2026-03-24,sale,casa,Asunción,Carlos Antonio López,Asunción,,180,built,3,890000000,PYG,136789.55,700000000,PYG,107587.29,6506.345,598,-21.348,0,1,1,1,1,,remax,143061061-137
582,2026-03-24,sale,casa,"Cambyretá, Itapúa",,Itapúa,Cambyretá,110,built,3,89000,USD,89000,541160000,PYG,83174.19,6506.345,756,-6.546,0,0,1,1,0,cross-currency,remax,143032072-55
724,2026-03-24,sale,terreno,"Nueva Colombia, Cordillera",,Cordillera,,30137,land,,300000000,PYG,46108.84,300000000,PYG,46108.84,6506.345,2,0,1,0,1,1,1,,remax,143061056-87
1989,2026-03-24,rent,casa,"Villa Elisa, Central",,Central,Villa Elisa,90,built,2,2000000,PYG,307.39,2100000,PYG,322.76,6506.345,4,5,0,0,1,1,1,,remax,143098067-24
2258,2026-03-24,rent,departamento,"Luque, Central",,Central,Luque,49,built,1,3000000,PYG,461.09,3000000,PYG,461.09,6506.345,9,0,1,0,1,1,1,,remax,143101006-10
2602,2026-03-24,sale,casa,"Luque, Central",,Central,Luque,117,built,3,438000000,PYG,67318.9,390000000,PYG,59941.49,6506.345,512,-10.959,0,1,1,1,1,,remax,143100001-78
3660,2026-03-24,rent,casa,Asunción,Tembetary,Asunción,,150,built,3,5500000,PYG,845.33,5000000,PYG,768.48,6506.345,5,-9.091,0,1,1,1,1,,remax,143019093-31
3906,2026-03-24,rent,departamento,Asunción,Ycuá Satí,Asunción,,285,built,3,3500,USD,3500,3000,USD,3000,6506.345,11,-14.286,0,1,1,1,1,,remax,143019008-117
3915,2026-03-24,sale,terreno,Asunción,Manorá,Asunción,,200,built,,700000,USD,700000,4563455595.43,PYG,701385.43,6506.345,3507,0.198,0,0,1,1,0,cross-currency,remax,143098017-119
4232,2026-03-24,rent,casa,"Loma Plata, Boquerón",,Boquerón,,102,built,3,3500000,PYG,537.94,3500000,PYG,537.94,6506.345,5,0,1,0,1,1,1,,remax,143078024-8
310804,2026-03-24,sale,departamento,Asunción,Manorá,Asunción,,113,land,3,270000,USD,270000,1629206000,PYG,250402.65,6506.345,2216,-7.258,0,0,1,1,0,cross-currency,remax,143063084-90
312698,2026-03-24,rent,casa,"Fernando de la Mora, Central",,Central,Fernando de la Mora,80,built,1,2200000,PYG,338.13,2200000,PYG,338.13,6506.345,4,0,1,0,1,1,1,,remax,143063197-41
8,2026-03-25,sale,casa,Asunción,Sajonia,Asunción,,233,built,3,990000000,PYG,151238.09,900000000,PYG,137489.17,6545.97,590,-9.091,0,1,1,1,1,,remax,143098041-10
173,2026-03-25,rent,departamento,"Fernando de la Mora, Central",,Central,Fernando de la Mora,39,land,1,3000000,PYG,458.3,3000000,PYG,458.3,6545.97,12,0,1,0,1,1,1,,remax,143028003-223
218,2026-03-25,sale,terreno,"San Lorenzo, Central",,Central,San Lorenzo,391,land,,175000000,PYG,26734.01,150000000,PYG,22914.86,6545.97,59,-14.286,0,1,1,1,1,,remax,143063098-51
993,2026-03-25,sale,casa,Asunción,Itá Enramada,Asunción,,291,built,4,1105000000,PYG,168806.15,1105000000,PYG,168806.15,6545.97,580,0,1,0,1,1,1,,remax,143037043-108
1002,2026-03-25,sale,duplex,"Villa Elisa, Central",,Central,Villa Elisa,82,built,2,300000000,PYG,45829.72,300000000,PYG,45829.72,6545.97,559,0,1,0,1,1,1,,remax,143068021-11
1188,2026-03-25,sale,casa,"Areguá, Central",,Central,Areguá,361,built,5,280000000,PYG,42774.41,280000000,PYG,42774.41,6545.97,118,0,1,0,1,1,1,,remax,143068136-11
1241,2026-03-25,rent,local,"Capiatá, Central",,Central,Capiatá,300,built,,13500000,PYG,2062.34,10500000,PYG,1604.04,6545.97,5,-22.222,0,1,1,1,1,,remax,143025199-22
1342,2026-03-25,rent,departamento,"Encarnación, Itapúa",,Itapúa,Encarnación,70,built,2,1800000,PYG,274.98,1800000,PYG,274.98,6545.97,4,0,1,0,1,1,1,,remax,143085019-557
1429,2026-03-25,sale,terreno,"Hernandarias, Alto Paraná",,Alto Paraná,Hernandarias,,,,170000000,PYG,25970.18,170000000,PYG,25970.18,6545.97,,0,1,0,1,1,1,,remax,143050186-11
1645,2026-03-25,sale,casa,"Lambaré, Central",,Central,Lambaré,250,built,4,495000000,PYG,75619.05,450000000,PYG,68744.59,6545.97,275,-9.091,0,1,1,1,1,,remax,143100009-32
1978,2026-03-25,rent,local,Asunción,Catedral,Asunción,,550,built,,2500000,PYG,381.91,2500000,PYG,381.91,6545.97,1,0,1,0,1,1,1,,remax,143019024-167
2889,2026-03-25,rent,casa,"Lambaré, Central",,Central,Lambaré,120,built,2,2700000,PYG,412.47,2700000,PYG,412.47,6545.97,3,0,1,0,1,1,1,,remax,143019099-17
4061,2026-03-25,sale,deposito,"San Lorenzo, Central",,Central,San Lorenzo,532,built,,900000000,PYG,137489.17,900000000,PYG,137489.17,6545.97,258,0,1,0,1,1,1,,remax,143072119-84
352,2026-03-26,rent,local,Asunción,Loma Pytá,Asunción,,,,,11000000,PYG,1682.45,11000000,PYG,1682.45,6538.1,,0,1,0,1,1,1,,remax,143063204-57
709,2026-03-26,sale,casa,Asunción,Mburucuyá,Asunción,,272,built,3,220000,USD,220000,1400000000,PYG,214129.49,6538.1,787,-2.668,0,0,1,1,0,cross-currency,remax,143098054-27
1215,2026-03-26,rent,departamento,"Ñemby, Central",,Central,Ñemby,76,built,2,2000000,PYG,305.9,2000000,PYG,305.9,6538.1,4,0,1,0,1,1,1,,remax,143026092-72
1487,2026-03-26,rent,departamento,Asunción,Villa Aurelia,Asunción,,68,built,1,2800000,PYG,428.26,2700000,PYG,412.96,6538.1,6,-3.573,0,1,1,1,1,,remax,143084036-36
1638,2026-03-26,rent,departamento,"Encarnación, Itapúa",,Itapúa,Encarnación,80,land,2,1700000,PYG,260.01,1700000,PYG,260.01,6538.1,3,0,1,0,1,1,1,,remax,143032079-1
1770,2026-03-26,rent,local,"Villa Elisa, Central",,Central,Villa Elisa,662,built,,6300000,PYG,963.58,4800000,PYG,734.16,6538.1,1,-23.809,0,1,1,1,1,,remax,143026204-17
2122,2026-03-26,sale,duplex,Asunción,Las Mercedes,Asunción,,192,built,3,220000,USD,220000,1177740000,PYG,180134.9,6538.1,938,-18.121,0,0,1,1,0,cross-currency,remax,143096010-19
2149,2026-03-26,rent,departamento,Asunción,Catedral,Asunción,,66,land,2,4500000,PYG,688.27,4000000,PYG,611.8,6538.1,9,-11.11,0,1,1,1,1,,remax,143097001-102
2669,2026-03-26,rent,departamento,Asunción,Las Lomas (Carmelitas),Asunción,,800,land,1,1100,USD,1100,7150000,PYG,1093.59,6538.1,1,-0.583,0,0,1,1,0,cross-currency,remax,143056033-222
3387,2026-03-26,sale,departamento,"Ciudad del Este, Alto Paraná",,Alto Paraná,Ciudad del Este,30,built,1,48000,USD,48000,262248000,PYG,40110.74,6538.1,1346,-16.436,0,0,1,1,0,cross-currency,remax,143050103-39
3455,2026-03-26,rent,duplex,"Luque, Central",,Central,Luque,66,built,2,1800000,PYG,275.31,1800000,PYG,275.31,6538.1,4,0,1,0,1,1,1,,remax,143100042-24
3524,2026-03-26,rent,departamento,Asunción,Mburicaó,Asunción,,70,land,1,3400000,PYG,520.03,3400000,PYG,520.03,6538.1,7,0,1,0,1,1,1,,remax,143096011-79
3694,2026-03-26,rent,departamento,Asunción,Carlos Antonio López,Asunción,,140,built,2,3000000,PYG,458.85,3000000,PYG,458.85,6538.1,3,0,1,0,1,1,1,,remax,143098090-3
3742,2026-03-26,rent,duplex,Asunción,Sajonia,Asunción,,186,land,1,2800000,PYG,428.26,2800000,PYG,428.26,6538.1,2,0,1,0,1,1,1,,remax,143025116-60
3818,2026-03-26,rent,departamento,Asunción,Las Mercedes,Asunción,,72,built,2,4500000,PYG,688.27,4500000,PYG,688.27,6538.1,10,0,1,0,1,1,1,,remax,143101004-1
4444,2026-03-26,sale,terreno,"Santa Rita, Alto Paraná",,Alto Paraná,,490,land,,24000,USD,24000,157440000,PYG,24080.39,6538.1,49,0.335,0,0,1,1,0,cross-currency,remax,143065026-219
82,2026-03-27,sale,terreno,"Cambyretá, Itapúa",,Itapúa,Cambyretá,498,land,,150000000,PYG,22998.57,150000000,PYG,22998.57,6522.145,46,0,1,0,1,1,1,,remax,143011030-208
295,2026-03-27,rent,casa,"San Lorenzo, Central",,Central,San Lorenzo,300,built,4,5000000,PYG,766.62,4500000,PYG,689.96,6522.145,2,-10,0,1,1,1,1,,remax,143098109-72
816,2026-03-27,rent,oficina,Asunción,Mariscal López,Asunción,,132,built,,6000000,PYG,919.94,8333350,PYG,1277.7,6522.145,10,38.889,0,0,1,1,1,,remax,143026204-24
974,2026-03-27,rent,departamento,"Lambaré, Central",,Central,Lambaré,80,built,2,3300000,PYG,505.97,3000000,PYG,459.97,6522.145,6,-9.091,0,1,1,1,1,,remax,143028010-203
1204,2026-03-27,sale,terreno,"San Lorenzo, Central",,Central,San Lorenzo,373,land,,220000000,PYG,33731.23,220000000,PYG,33731.23,6522.145,90,0,1,0,1,1,1,,remax,143095033-1
1263,2026-03-27,rent,departamento,"Encarnación, Itapúa",,Itapúa,Encarnación,78,land,2,1900000,PYG,291.32,1900000,PYG,291.32,6522.145,4,0,1,0,1,1,1,,remax,143011105-12
1611,2026-03-27,rent,casa,Asunción,San Vicente,Asunción,,155,built,2,4200000,PYG,643.96,3000000,PYG,459.97,6522.145,3,-28.572,0,1,1,1,1,,remax,143072123-24
1774,2026-03-27,sale,duplex,"San Lorenzo, Central",,Central,San Lorenzo,171,built,2,570000000,PYG,87394.56,560000000,PYG,85861.32,6522.145,502,-1.754,0,1,1,1,1,,remax,143036040-148
2013,2026-03-27,sale,departamento,"Luque, Central",,Central,Luque,40,land,1,71796,USD,71796,470263800,PYG,72102.63,6522.145,1812,0.427,0,0,1,1,0,cross-currency,remax,143098026-47
2105,2026-03-27,sale,terreno,"Fernando de la Mora, Central",,Central,Fernando de la Mora,,,,550000000,PYG,84328.09,550000000,PYG,84328.09,6522.145,,0,1,0,1,1,1,,remax,143072073-130
2451,2026-03-27,rent,casa,Asunción,Villa Aurelia,Asunción,,750,built,4,2950,USD,2950,15000000,PYG,2299.86,6522.145,3,-22.039,0,0,1,1,0,cross-currency,remax,143096056-2
2565,2026-03-27,sale,local,"Encarnación, Itapúa",,Itapúa,Encarnación,150,built,,90000,USD,90000,590058000,PYG,90469.93,6522.145,603,0.522,0,0,1,1,0,cross-currency,remax,143085019-151
2952,2026-03-27,sale,terreno,"Luque, Central",,Central,Luque,420,land,,500000000,PYG,76661.9,500000000,PYG,76661.9,6522.145,183,0,1,0,1,1,1,,remax,143068120-13
2996,2026-03-27,rent,local,Asunción,Mburicaó,Asunción,,150,built,,5700000,PYG,873.95,5250000,PYG,804.95,6522.145,5,-7.895,0,1,1,1,1,,remax,143071070-91
3716,2026-03-27,rent,duplex,"Cambyretá, Itapúa",,Itapúa,Cambyretá,146,land,3,700,USD,700,4571000,PYG,700.84,6522.145,5,0.12,0,0,1,1,0,cross-currency,remax,143011091-56
3746,2026-03-27,rent,casa,"San Lorenzo, Central",,Central,San Lorenzo,300,built,4,5000000,PYG,766.62,4500000,PYG,689.96,6522.145,2,-10,0,1,1,1,1,,remax,143014133-135
4189,2026-03-27,rent,otro,"Filadelfia, Boquerón",,Boquerón,,47,built,,1500000,PYG,229.99,1500000,PYG,229.99,6522.145,5,0,1,0,1,1,1,,remax,143016008-512
4341,2026-03-27,sale,terreno,"Santa Rita, Alto Paraná",,Alto Paraná,,,,,30000,USD,30000,305500000,PYG,46840.42,6522.145,,56.135,0,0,1,1,0,cross-currency,remax,143065026-223
4375,2026-03-27,sale,duplex,"Lambaré, Central",,Central,Lambaré,238,built,4,160000,USD,160000,1012007400,PYG,155164.81,6522.145,652,-3.022,0,0,1,1,0,cross-currency,remax,143028065-59
177,2026-03-28,sale,terreno,"San Bernardino, Cordillera",,Cordillera,San Bernardino,,,,157213000,PYG,24104.49,150000000,PYG,22998.57,6522.145,,-4.588,0,1,1,1,1,,remax,143098026-23
1499,2026-03-28,rent,departamento,"Encarnación, Itapúa",,Itapúa,Encarnación,70,land,2,750,USD,750,4890000,PYG,749.75,6522.145,11,-0.033,0,0,1,1,0,cross-currency,remax,143011024-381
4248,2026-03-28,rent,departamento,"Encarnación, Itapúa",,Itapúa,Encarnación,53,built,1,4000000,PYG,613.3,4000000,PYG,613.3,6522.145,12,0,1,0,1,1,1,,remax,143032061-138
312505,2026-03-28,rent,deposito,"Capiatá, Central",,Central,Capiatá,126,built,,3000000,PYG,459.97,3000000,PYG,459.97,6522.145,4,0,1,0,1,1,1,,remax,143036162-2
346,2026-03-30,rent,departamento,Asunción,Las Lomas (Carmelitas),Asunción,,44,land,2,550,USD,550,3500000,PYG,540.36,6477.125,12,-1.753,0,0,1,1,0,cross-currency,remax,143092038-85
507,2026-03-30,rent,deposito,"Ñemby, Central",,Central,Ñemby,150,built,,3800000,PYG,586.68,3500000,PYG,540.36,6477.125,4,-7.895,0,1,1,1,1,,remax,143026092-69
877,2026-03-30,sale,departamento,Asunción,Recoleta,Asunción,,29,land,1,103900,USD,103900,98700,USD,98700,6477.125,3403,-5.005,0,1,1,1,1,,remax,143056006-123
967,2026-03-30,rent,otro,"Fernando de la Mora, Central",,Central,Fernando de la Mora,,,,1500000,PYG,231.58,1500000,PYG,231.58,6477.125,,0,1,0,1,1,1,,remax,143095029-11
1377,2026-03-30,sale,casa,Asunción,Ciudad Nueva,Asunción,,240,built,4,650000000,PYG,100353.17,650000000,PYG,100353.17,6477.125,418,0,1,0,1,1,1,,remax,143014170-63
1390,2026-03-30,rent,duplex,"Encarnación, Itapúa",,Itapúa,Encarnación,50,land,2,1950000,PYG,301.06,1950000,PYG,301.06,6477.125,6,0,1,0,1,1,1,,remax,143011007-2179
1435,2026-03-30,sale,casa,Asunción,Ciudad Nueva,Asunción,,240,built,4,650000000,PYG,100353.17,650000000,PYG,100353.17,6477.125,418,0,1,0,1,1,1,,remax,143098123-38
2141,2026-03-30,rent,duplex,"Ciudad del Este, Alto Paraná",,Alto Paraná,Ciudad del Este,165,built,3,1500,USD,1500,10772982,PYG,1663.24,6477.125,10,10.883,0,0,1,1,0,cross-currency,remax,143050006-117
2474,2026-03-30,sale,departamento,Asunción,Recoleta,Asunción,,29,land,1,113600,USD,113600,113600,USD,113600,6477.125,3917,0,1,0,1,1,1,,remax,143056006-118
2484,2026-03-30,rent,casa,"Encarnación, Itapúa",,Itapúa,Encarnación,150,built,3,3000000,PYG,463.17,3000000,PYG,463.17,6477.125,3,0,1,0,1,1,1,,remax,143011043-248
3109,2026-03-30,rent,departamento,Asunción,Virgen del Huerto,Asunción,,100,land,3,3500000,PYG,540.36,3500000,PYG,540.36,6477.125,5,0,1,0,1,1,1,,remax,143109004-2
3325,2026-03-30,rent,casa,"Luque, Central",,Central,Luque,380,built,4,11500000,PYG,1775.48,11000000,PYG,1698.28,6477.125,4,-4.348,0,1,1,1,1,,remax,143061061-149
4474,2026-03-30,sale,deposito,"Luque, Central",,Central,Luque,1296,built,,380000,USD,380000,12431000,USD,12431000,6477.125,9592,3171.316,0,0,1,1,0,outside 0.4 to 1.6 of the ask,remax,143098056-14
310361,2026-03-30,sale,departamento,"Mariano Roque Alonso, Central",,Central,Mariano Roque Alonso,28,land,1,34780,USD,34780,318156160,PYG,49119.97,6477.125,1754,41.231,0,0,1,1,0,cross-currency,remax,143063226-8
311662,2026-03-30,rent,departamento,Asunción,Herrera,Asunción,,70,land,2,4500000,PYG,694.75,4200000,PYG,648.44,6477.125,9,-6.666,0,1,1,1,1,,remax,143036133-6
162,2026-03-31,sale,terreno,"Ciudad del Este, Alto Paraná",,Alto Paraná,Ciudad del Este,,,,700000,USD,700000,4172800000,PYG,642448.1,6495.155,,-8.222,0,0,1,1,0,cross-currency,remax,143098070-18
431,2026-03-31,sale,terreno,"Limpio, Central",,Central,Limpio,360,land,,100000000,PYG,15396.09,90000000,PYG,13856.48,6495.155,38,-10,0,1,1,1,1,,remax,143025175-24
764,2026-03-31,sale,casa,"Mariano Roque Alonso, Central",,Central,Mariano Roque Alonso,62,built,2,410000000,PYG,63123.97,400000000,PYG,61584.37,6495.155,993,-2.439,0,1,1,1,1,,remax,143100009-56
865,2026-03-31,rent,departamento,Asunción,Carmelitas,Asunción,,77,land,2,6000000,PYG,923.77,6000000,PYG,923.77,6495.155,12,0,1,0,1,1,1,,remax,143063130-100
952,2026-03-31,sale,departamento,"Ciudad del Este, Alto Paraná",,Alto Paraná,Ciudad del Este,61,land,2,92700,USD,92700,603384300,PYG,92897.6,6495.155,1523,0.213,0,0,1,1,0,cross-currency,remax,143050056-192
1028,2026-03-31,sale,casa,"Luque, Central",,Central,Luque,80,built,2,230000000,PYG,35411.01,210000000,PYG,32331.79,6495.155,404,-8.696,0,1,1,1,1,,remax,143072141-8
1536,2026-03-31,rent,casa,"Ciudad del Este, Alto Paraná",,Alto Paraná,Ciudad del Este,229,built,4,10000000,PYG,1539.61,10000000,PYG,1539.61,6495.155,7,0,1,0,1,1,1,,remax,143107020-18
1883,2026-03-31,sale,departamento,Asunción,Las Mercedes,Asunción,,140,land,2,196500,USD,196500,1279215000,PYG,196949.11,6495.155,1407,0.229,0,0,1,1,0,cross-currency,remax,143072073-128
2819,2026-03-31,sale,casa,"Villa Elisa, Central",,Central,Villa Elisa,55,built,2,386000000,PYG,59428.91,386000000,PYG,59428.91,6495.155,1081,0,1,0,1,1,1,,remax,143071054-466
2837,2026-03-31,sale,otro,"Caazapá, Caazapá",,Caazapá,,,,,180000000,PYG,27712.96,170000000,PYG,26173.36,6495.155,,-5.556,0,1,1,1,1,,remax,143095004-83
3153,2026-03-31,sale,departamento,Asunción,Mariscal Estigarribia,Asunción,,155,land,3,245000,USD,245000,1499600000,PYG,230879.79,6495.155,1490,-5.763,0,0,1,1,0,cross-currency,remax,143098017-87
3232,2026-03-31,rent,departamento,"Fernando de la Mora, Central",,Central,Fernando de la Mora,76,land,2,2300000,PYG,354.11,2300000,PYG,354.11,6495.155,5,0,1,0,1,1,1,,remax,143025148-180
3296,2026-03-31,sale,duplex,Asunción,Mburucuyá,Asunción,,145,built,3,235000,USD,235000,1497070000,PYG,230490.27,6495.155,1590,-1.919,0,0,1,1,0,cross-currency,remax,143063172-24
3458,2026-03-31,rent,deposito,"Luque, Central",,Central,Luque,470,built,,4000000,PYG,615.84,3700000,PYG,569.66,6495.155,1,-7.499,0,1,1,1,1,,remax,143112002-2
3596,2026-03-31,rent,deposito,"Mariano Roque Alonso, Central",,Central,Mariano Roque Alonso,113,built,,9500,USD,9500,9500,USD,9500,6495.155,84,0,1,0,1,1,1,,remax,143025149-252
3834,2026-03-31,sale,departamento,Asunción,Barrio Jara,Asunción,,53,built,1,75000,USD,75000,73000,USD,73000,6495.155,1377,-2.667,0,1,1,1,1,,remax,143098084-9
3994,2026-03-31,rent,departamento,Asunción,Las Lomas (Carmelitas),Asunción,,101,built,2,950,USD,950,6200000,PYG,954.56,6495.155,9,0.48,0,0,1,1,0,cross-currency,remax,143026176-74
311485,2026-03-31,sale,terreno,"Fernando de la Mora, Central",,Central,Fernando de la Mora,,,,105000,USD,105000,680000000,PYG,104693.42,6495.155,,-0.292,0,0,1,1,0,cross-currency,remax,143063188-136
276,2026-04-01,rent,departamento,"San Lorenzo, Central",,Central,San Lorenzo,80,land,2,2800000,PYG,431.94,3000000,PYG,462.79,6482.445,6,7.142,0,0,1,1,1,,remax,143092038-91
838,2026-04-01,sale,departamento,Asunción,Recoleta,Asunción,,41,land,1,79370,USD,79370,523842000,PYG,80809.32,6482.445,1971,1.813,0,0,1,1,0,cross-currency,remax,143056054-66
1413,2026-04-01,sale,departamento,Asunción,Recoleta,Asunción,,28,land,1,52559,USD,52559,346889400,PYG,53512.12,6482.445,1911,1.813,0,0,1,1,0,cross-currency,remax,143056054-67
1807,2026-04-01,rent,casa,"San Bernardino, Cordillera",,Cordillera,San Bernardino,160,built,3,5000000,PYG,771.31,5000000,PYG,771.31,6482.445,5,0,1,0,1,1,1,,remax,143038002-310
2860,2026-04-01,sale,terreno,Asunción,Villa Aurelia,Asunción,,720,land,,1700000000,PYG,262246.73,1500000000,PYG,231394.17,6482.445,321,-11.765,0,1,1,1,1,,remax,143084061-9
3285,2026-04-01,rent,local,"Mariano Roque Alonso, Central",,Central,Mariano Roque Alonso,41,land,,3200000,PYG,493.64,3000000,PYG,462.79,6482.445,11,-6.249,0,1,2,1,1,,remax,143084036-53
3864,2026-04-01,rent,departamento,"Luque, Central",,Central,Luque,73,built,2,2300000,PYG,354.8,2000000,PYG,308.53,6482.445,4,-13.041,0,1,1,1,1,,remax,143068006-163
4238,2026-04-01,sale,terreno,"Ciudad del Este, Alto Paraná",,Alto Paraná,Ciudad del Este,360,land,,54000,USD,54000,50000,USD,50000,6482.445,139,-7.407,0,1,1,1,1,,remax,143107021-7
4392,2026-04-01,rent,departamento,Asunción,Recoleta,Asunción,,48,land,1,4200000,PYG,647.9,4200000,PYG,647.9,6482.445,13,0,1,0,1,1,1,,remax,143054116-58
4540,2026-04-01,rent,local,"Mariano Roque Alonso, Central",,Central,Mariano Roque Alonso,51,land,,3200000,PYG,493.64,3000000,PYG,462.79,6482.445,9,-6.249,0,1,2,0,0,second record of one deal,remax,143084036-51
311394,2026-04-01,sale,terreno,"Ciudad del Este, Alto Paraná",,Alto Paraná,Ciudad del Este,,,,150000000,PYG,23139.42,140000000,PYG,21596.79,6482.445,,-6.667,0,1,1,1,1,,remax,143099013-53
311784,2026-04-01,rent,departamento,Asunción,Las Lomas (Carmelitas),Asunción,,31,built,,600,USD,600,3900000,PYG,601.62,6482.445,19,0.27,0,0,1,1,0,cross-currency,remax,143056070-1
312142,2026-04-01,rent,departamento,Asunción,Las Lomas (Carmelitas),Asunción,,90,land,2,1400,USD,1400,8242000,PYG,1271.43,6482.445,14,-9.184,0,0,1,1,0,cross-currency,remax,143056047-103
1974,2026-04-03,rent,departamento,"San Lorenzo, Central",,Central,San Lorenzo,34,land,1,2500000,PYG,385.66,2500000,PYG,385.66,6482.445,11,0,1,0,1,1,1,,remax,143028009-110
563,2026-04-05,rent,departamento,Asunción,Carmelitas,Asunción,,41,land,1,3500000,PYG,539.92,3500000,PYG,539.92,6482.445,13,0,1,0,1,1,1,,remax,143025156-205
2986,2026-04-05,rent,local,"Ciudad del Este, Alto Paraná",,Alto Paraná,Ciudad del Este,4,built,,600,USD,600,3840000,PYG,592.37,6482.445,148,-1.272,0,0,1,1,0,cross-currency,remax,114001022-278
344,2026-04-06,rent,departamento,Asunción,Las Mercedes,Asunción,,31,land,1,3500000,PYG,539.78,3500000,PYG,539.78,6484.14,17,0,1,0,1,1,1,,remax,143097013-33
537,2026-04-06,sale,casa,"Ñemby, Central",,Central,Ñemby,73,built,2,420000000,PYG,64773.43,420000000,PYG,64773.43,6484.14,887,0,1,0,1,1,1,,remax,143072119-92
1326,2026-04-06,sale,terreno,"Luque, Central",,Central,Luque,,,,280000000,PYG,43182.29,260000000,PYG,40097.84,6484.14,,-7.143,0,1,1,1,1,,remax,143096002-86
1356,2026-04-06,rent,duplex,"Ciudad del Este, Alto Paraná",,Alto Paraná,Ciudad del Este,165,built,3,1500,USD,1500,9732975,PYG,1501.04,6484.14,9,0.069,0,0,1,1,0,cross-currency,remax,143050006-116
1694,2026-04-06,rent,casa,"Luque, Central",,Central,Luque,120,built,3,2200000,PYG,339.29,2200000,PYG,339.29,6484.14,3,0,1,0,1,1,1,,remax,143020098-44
2448,2026-04-06,rent,casa,"Ciudad del Este, Alto Paraná",,Alto Paraná,Ciudad del Este,260,built,4,7500000,PYG,1156.67,7500000,PYG,1156.67,6484.14,4,0,1,0,1,1,1,,remax,143050132-34
3037,2026-04-06,sale,terreno,"Caacupé, Cordillera",,Cordillera,Caacupé,,,,150000000,PYG,23133.37,140000000,PYG,21591.14,6484.14,,-6.667,0,1,1,1,1,,remax,143009160-1
3259,2026-04-06,sale,casa,"Lambaré, Central",,Central,Lambaré,385,built,3,570000000,PYG,87906.8,520000000,PYG,80195.68,6484.14,208,-8.772,0,1,1,1,1,,remax,143098008-155
3396,2026-04-06,rent,departamento,Asunción,Las Lomas (Carmelitas),Asunción,,900,land,1,900,USD,900,5850000,PYG,902.2,6484.14,1,0.244,0,0,1,1,0,cross-currency,remax,143056033-224
3489,2026-04-06,sale,departamento,Asunción,Las Lomas (Carmelitas),Asunción,,32,land,1,125000,USD,125000,812000000,PYG,125228.63,6484.14,3913,0.183,0,0,1,1,0,cross-currency,remax,143056067-25
4172,2026-04-06,sale,departamento,"Luque, Central",,Central,Luque,65,land,1,8500,USD,8500,54825000,PYG,8455.25,6484.14,130,-0.526,0,0,1,1,0,cross-currency,remax,143063080-187
4251,2026-04-06,rent,casa,"Presidente Franco, Alto Paraná",,Alto Paraná,,440,built,2,3500000,PYG,539.78,3500000,PYG,539.78,6484.14,1,0,1,0,1,1,1,,remax,143107022-2
4362,2026-04-06,rent,casa,"Ciudad del Este, Alto Paraná",,Alto Paraná,Ciudad del Este,120,built,,5000000,PYG,771.11,5000000,PYG,771.11,6484.14,6,0,1,0,1,1,1,,remax,143107019-22
308339,2026-04-06,sale,terreno,"San Lorenzo, Central",,Central,San Lorenzo,615,built,5,440000,USD,440000,2984480000,PYG,460273.84,6484.14,748,4.608,0,0,1,1,0,cross-currency,remax,143063068-98
309606,2026-04-06,sale,casa,"Loma Plata, Boquerón",,Boquerón,,144,built,1,355000000,PYG,54748.97,340000000,PYG,52435.64,6484.14,365,-4.225,0,1,1,1,1,,remax,143102006-4
311236,2026-04-06,sale,departamento,Asunción,Las Lomas (Carmelitas),Asunción,,91,land,2,144000,USD,144000,921600000,PYG,142131.42,6484.14,1565,-1.298,0,0,1,1,0,cross-currency,remax,143063051-319
311351,2026-04-06,rent,casa,"Areguá, Central",,Central,Areguá,80,built,3,2600000,PYG,400.98,2600000,PYG,400.98,6484.14,5,0,1,0,1,1,1,,remax,114006111-11
312236,2026-04-06,rent,duplex,Asunción,Vista Alegre,Asunción,,140,built,3,5500000,PYG,848.22,5500000,PYG,848.22,6484.14,6,0,1,0,1,1,1,,remax,114006115-5
976,2026-04-07,sale,terreno,"Ciudad del Este, Alto Paraná",,Alto Paraná,Ciudad del Este,,,,330000000,PYG,50875.6,330000000,PYG,50875.6,6486.41,,0,1,0,1,1,1,,remax,143050120-32
1123,2026-04-07,rent,casa,"Mariano Roque Alonso, Central",,Central,Mariano Roque Alonso,350,built,3,2800000,PYG,431.67,2800000,PYG,431.67,6486.41,1,0,1,0,1,1,1,,remax,143098091-2
1232,2026-04-07,sale,terreno,"Santa Rita, Alto Paraná",,Alto Paraná,,,,,38500,USD,38500,249749500,PYG,38503.5,6486.41,,0.009,0,0,1,1,0,cross-currency,remax,143065021-174
1526,2026-04-07,sale,casa,Asunción,Catedral,Asunción,,530,built,5,150000,USD,150000,746120000,PYG,115028.19,6486.41,217,-23.315,0,0,1,1,0,cross-currency,remax,143014166-11
1584,2026-04-07,sale,terreno,"Filadelfia, Boquerón",,Boquerón,,,,,85000000,PYG,13104.32,82000000,PYG,12641.82,6486.41,,-3.529,0,1,1,1,1,,remax,143016023-277
1875,2026-04-07,sale,casa,Asunción,Vista Alegre,Asunción,,85,built,2,550000000,PYG,84792.67,535000000,PYG,82480.14,6486.41,970,-2.727,0,1,1,1,1,,remax,143072119-67
2254,2026-04-07,sale,terreno,"Capiatá, Central",,Central,Capiatá,407,land,,98000000,PYG,15108.51,95000000,PYG,14646.01,6486.41,36,-3.061,0,1,1,1,1,,remax,143036162-8
2359,2026-04-07,rent,casa,"Mariano Roque Alonso, Central",,Central,Mariano Roque Alonso,95,built,3,4000000,PYG,616.67,4000000,PYG,616.67,6486.41,6,0,1,0,1,1,1,,remax,143092079-7
2658,2026-04-07,rent,departamento,"Encarnación, Itapúa",,Itapúa,Encarnación,40,land,1,2000000,PYG,308.34,2000000,PYG,308.34,6486.41,8,0,1,0,1,1,1,,remax,143032066-56
2750,2026-04-07,sale,casa,Asunción,Catedral,Asunción,,530,built,5,150000,USD,150000,746120000,PYG,115028.19,6486.41,217,-23.315,0,0,1,1,0,cross-currency,remax,143098119-24
2958,2026-04-07,rent,departamento,Asunción,Recoleta,Asunción,,47,land,1,3500000,PYG,539.59,3500000,PYG,539.59,6486.41,11,0,1,0,1,1,1,,remax,143054116-57
2965,2026-04-07,rent,departamento,"San Lorenzo, Central",,Central,San Lorenzo,1543,land,2,3000000,PYG,462.51,3000000,PYG,462.51,6486.41,0,0,1,0,1,1,1,,remax,143095022-27
3684,2026-04-07,sale,casa,Asunción,Villa Aurelia,Asunción,,250,built,3,199000,USD,199000,1230500000,PYG,189704.32,6486.41,759,-4.671,0,0,1,1,0,cross-currency,remax,143098008-176
311512,2026-04-07,sale,departamento,Asunción,Las Lomas (Carmelitas),Asunción,,43,land,1,82000,USD,82000,530950000,PYG,81855.76,6486.41,1904,-0.176,0,0,2,1,0,cross-currency,remax,143063187-29
312325,2026-04-07,sale,departamento,Asunción,Las Lomas (Carmelitas),Asunción,,43,land,1,82000,USD,82000,530950000,PYG,81855.76,6486.41,1904,-0.176,0,0,2,0,0,cross-currency,remax,143063187-26
137,2026-04-08,sale,terreno,"Lambaré, Central",,Central,Lambaré,393,land,,630000000,PYG,97518.62,630000000,PYG,97518.62,6460.305,248,0,1,0,1,1,1,,remax,143019012-15
905,2026-04-08,sale,departamento,"Fernando de la Mora, Central",,Central,Fernando de la Mora,100,built,,55000,USD,55000,356400000,PYG,55167.67,6460.305,552,0.305,0,0,1,1,0,cross-currency,remax,143080203-47
1228,2026-04-08,rent,departamento,"Fernando de la Mora, Central",,Central,Fernando de la Mora,55,land,2,4000000,PYG,619.17,4000000,PYG,619.17,6460.305,11,0,1,0,1,1,1,,remax,143080055-207
1280,2026-04-08,rent,local,"Ciudad del Este, Alto Paraná",,Alto Paraná,Ciudad del Este,,,,4000000,PYG,619.17,4000000,PYG,619.17,6460.305,,0,1,0,1,1,1,,remax,143050177-15
1344,2026-04-08,rent,departamento,Asunción,Las Mercedes,Asunción,,120,built,2,4200000,PYG,650.12,4200000,PYG,650.12,6460.305,5,0,1,0,1,1,1,,remax,143020051-173
1490,2026-04-08,sale,casa,"Ciudad del Este, Alto Paraná",,Alto Paraná,Ciudad del Este,240,built,3,85000,USD,85000,527000000,PYG,81575.1,6460.305,340,-4.029,0,0,1,1,0,cross-currency,remax,114001022-189
1595,2026-04-08,rent,local,Asunción,Sajonia,Asunción,,120,built,,3400000,PYG,526.29,3000000,PYG,464.37,6460.305,4,-11.765,0,1,1,1,1,,remax,143061061-126
1741,2026-04-08,rent,departamento,"Encarnación, Itapúa",,Itapúa,Encarnación,400,land,2,5000000,PYG,773.96,5000000,PYG,773.96,6460.305,2,0,1,0,1,1,1,,remax,143011080-81
1865,2026-04-08,rent,local,"Fernando de la Mora, Central",,Central,Fernando de la Mora,43,built,,2650000,PYG,410.2,2650000,PYG,410.2,6460.305,10,0,1,0,1,1,1,,remax,143084041-50
2086,2026-04-08,sale,duplex,"Fernando de la Mora, Central",,Central,Fernando de la Mora,166,built,3,865000000,PYG,133894.61,850000000,PYG,131572.74,6460.305,793,-1.734,0,1,1,1,1,,remax,143036034-145
2630,2026-04-08,rent,departamento,"Mariano Roque Alonso, Central",,Central,Mariano Roque Alonso,55,land,2,3200000,PYG,495.33,3200000,PYG,495.33,6460.305,9,0,1,0,1,1,1,,remax,143054048-98
2991,2026-04-08,rent,departamento,"Cambyretá, Itapúa",,Itapúa,Cambyretá,400,land,3,2100000,PYG,325.06,2100000,PYG,325.06,6460.305,1,0,1,0,1,1,1,,remax,143011080-77
3117,2026-04-08,rent,casa,"San Lorenzo, Central",,Central,San Lorenzo,146,built,2,4500000,PYG,696.56,4500000,PYG,696.56,6460.305,5,0,1,0,1,1,1,,remax,143078018-99
3423,2026-04-08,sale,departamento,Asunción,Villa Morra,Asunción,,45,land,1,73900,USD,73900,444878000,PYG,68863.31,6460.305,1530,-6.816,0,0,1,1,0,cross-currency,remax,143056047-96
3770,2026-04-08,sale,duplex,"Lambaré, Central",,Central,Lambaré,100,built,3,600000000,PYG,92874.87,600000000,PYG,92874.87,6460.305,929,0,1,0,1,1,1,,remax,143080193-1
68,2026-04-09,rent,duplex,"Encarnación, Itapúa",,Itapúa,Encarnación,109,built,3,1200,USD,1200,7000000,PYG,1082.42,6467.01,10,-9.798,0,0,1,1,0,cross-currency,remax,143085018-138
296,2026-04-09,sale,terreno,Asunción,Tembetary,Asunción,,157,land,,52000,USD,52000,338000000,PYG,52265.27,6467.01,333,0.51,0,0,1,1,0,cross-currency,remax,143026204-23
1324,2026-04-09,sale,terreno,"Luque, Central",,Central,Luque,360,land,3,247000000,PYG,38193.85,240000000,PYG,37111.43,6467.01,103,-2.834,0,1,1,1,1,,remax,143100028-41
1366,2026-04-09,sale,terreno,"San Lorenzo, Central",,Central,San Lorenzo,360,land,,230000000,PYG,35565.12,230000000,PYG,35565.12,6467.01,99,0,1,0,1,1,1,,remax,143071054-523
2347,2026-04-09,rent,otro,Asunción,San Pablo,Asunción,,,,,4000000,PYG,618.52,3500000,PYG,541.21,6467.01,,-12.499,0,1,1,1,1,,remax,143019010-226
2458,2026-04-09,rent,duplex,"Luque, Central",,Central,Luque,82,built,2,4500000,PYG,695.84,4500000,PYG,695.84,6467.01,8,0,1,0,1,1,1,,remax,143080194-13
2919,2026-04-09,sale,duplex,"Ñemby, Central",,Central,Ñemby,100,built,2,380000000,PYG,58759.77,330000000,PYG,51028.22,6467.01,510,-13.158,0,1,1,1,1,,remax,143063207-10
3163,2026-04-09,sale,terreno,"Villa Elisa, Central",,Central,Villa Elisa,180,land,,180000000,PYG,27833.57,180000000,PYG,27833.57,6467.01,155,0,1,0,1,1,1,,remax,143072035-83
3943,2026-04-09,rent,casa,"Santa Rita, Alto Paraná",,Alto Paraná,,175,built,2,3000000,PYG,463.89,3000000,PYG,463.89,6467.01,3,0,1,0,1,1,1,,remax,143065029-61
199559,2026-04-09,sale,casa,"Caacupé, Cordillera",,Cordillera,Caacupé,370,built,6,150000,USD,150000,727720000,PYG,112528.05,6467.01,304,-24.981,0,0,1,1,0,cross-currency,remax,143063199-37
201014,2026-04-09,sale,duplex,Asunción,Mbocayaty,Asunción,,153,built,3,130000,USD,130000,727720000,PYG,112528.05,6467.01,735,-13.44,0,0,1,1,0,cross-currency,remax,143063199-35
61,2026-04-10,sale,terreno,"Ciudad del Este, Alto Paraná",,Alto Paraná,Ciudad del Este,,,,470000000,PYG,73309.72,450000000,PYG,70190.16,6411.155,,-4.255,0,1,1,1,1,,remax,114001022-218
305,2026-04-10,sale,casa,"San Bernardino, Cordillera",,Cordillera,San Bernardino,120,built,3,899000000,PYG,140224.34,715000000,PYG,111524.37,6411.155,929,-20.467,0,1,1,1,1,,remax,143098014-221
331,2026-04-10,sale,departamento,Asunción,Las Lomas (Carmelitas),Asunción,,53,land,1,94927,USD,94927,609621194,PYG,95087.58,6411.155,1779,0.169,0,0,1,1,0,cross-currency,remax,143080163-23
1093,2026-04-10,sale,duplex,"Lambaré, Central",,Central,Lambaré,140,built,3,750000000,PYG,116983.6,730000000,PYG,113864.04,6411.155,813,-2.667,0,1,1,1,1,,remax,143028062-19
1142,2026-04-10,sale,terreno,Asunción,La Encarnación,Asunción,,1349,land,,380000,USD,380000,2504580000,PYG,390659.72,6411.155,290,2.805,0,0,1,1,0,cross-currency,remax,143097041-14
1758,2026-04-10,rent,departamento,"Encarnación, Itapúa",,Itapúa,Encarnación,40,land,1,3180000,PYG,496.01,3180000,PYG,496.01,6411.155,12,0,1,0,1,1,1,,remax,143011089-18
1782,2026-04-10,rent,local,"Filadelfia, Boquerón",,Boquerón,,185,built,,8000000,PYG,1247.83,5500000,PYG,857.88,6411.155,5,-31.25,0,1,1,1,1,,remax,143016029-100
2016,2026-04-10,rent,departamento,"Encarnación, Itapúa",,Itapúa,Encarnación,81,land,3,700,USD,700,4487700,PYG,699.98,6411.155,9,-0.003,0,0,1,1,0,cross-currency,remax,143011087-34
2077,2026-04-10,rent,departamento,Asunción,Ciudad Nueva,Asunción,,120,land,2,4900000,PYG,764.29,4900000,PYG,764.29,6411.155,6,0,1,0,1,1,1,,remax,143037037-480
2110,2026-04-10,sale,casa,Asunción,Mariscal Estigarribia,Asunción,,690,built,5,720000,USD,720000,4615000000,PYG,719839.09,6411.155,1043,-0.022,0,0,1,1,0,cross-currency,remax,143063102-287
2246,2026-04-10,rent,local,"Fernando de la Mora, Central",,Central,Fernando de la Mora,,,,4000000,PYG,623.91,4000000,PYG,623.91,6411.155,,0,1,0,1,1,1,,remax,114006001-281
2358,2026-04-10,sale,departamento,"Fernando de la Mora, Central",,Central,Fernando de la Mora,56,land,2,60000,USD,60000,387431629,PYG,60430.86,6411.155,1079,0.718,0,0,1,1,0,cross-currency,remax,143072126-30
2490,2026-04-10,sale,terreno,"Caacupé, Cordillera",,Cordillera,Caacupé,320,land,,270000000,PYG,42114.1,230000000,PYG,35874.97,6411.155,112,-14.815,0,1,1,1,1,,remax,143094021-76
3519,2026-04-10,sale,departamento,Asunción,Recoleta,Asunción,,2800,land,1,73700,USD,73700,449750000,PYG,70151.17,6411.155,25,-4.815,0,0,1,1,0,cross-currency,remax,143056033-226
3868,2026-04-10,rent,casa,"Luque, Central",,Central,Luque,120,built,2,2800000,PYG,436.74,2800000,PYG,436.74,6411.155,4,0,1,0,1,1,1,,remax,143100026-42
4443,2026-04-10,sale,departamento,"Ciudad del Este, Alto Paraná",,Alto Paraná,Ciudad del Este,32,land,1,43900,USD,43900,281925800,PYG,43974.26,6411.155,1374,0.169,0,0,1,1,0,cross-currency,remax,143050056-191
309554,2026-04-10,sale,departamento,Asunción,Los Laureles,Asunción,,71,land,2,213000,USD,213000,1427100000,PYG,222596.4,6411.155,3135,4.505,0,0,1,1,0,cross-currency,remax,143063102-292
1001,2026-04-11,rent,duplex,"Lambaré, Central",,Central,Lambaré,120,land,3,3800000,PYG,592.72,3800000,PYG,592.72,6411.155,5,0,1,0,1,1,1,,remax,143100001-76
3370,2026-04-11,rent,casa,"San Lorenzo, Central",,Central,San Lorenzo,90,built,3,2500000,PYG,389.95,2500000,PYG,389.95,6411.155,4,0,1,0,1,1,1,,remax,143080127-57
3920,2026-04-11,rent,departamento,Asunción,Las Mercedes,Asunción,,49,land,1,3700000,PYG,577.12,3700000,PYG,577.12,6411.155,12,0,1,0,1,1,1,,remax,143061002-190
4358,2026-04-11,sale,terreno,"Luque, Central",,Central,Luque,,,,400000000,PYG,62391.25,370000000,PYG,57711.91,6411.155,,-7.5,0,1,1,1,1,,remax,143036139-83
128,2026-04-13,sale,departamento,Asunción,Recoleta,Asunción,,46,land,1,117935,USD,117935,754784000,PYG,117963.48,6398.455,2553,0.024,0,0,1,1,0,cross-currency,remax,143098017-121
219,2026-04-13,rent,oficina,Asunción,Las Lomas (Carmelitas),Asunción,,11,built,,5000000,PYG,781.44,5000000,PYG,781.44,6398.455,71,0,1,0,1,1,1,,remax,143100028-55
294,2026-04-13,sale,departamento,Asunción,Villa Morra,Asunción,,40,land,,81600,USD,81600,489600000,PYG,76518.47,6398.455,1913,-6.227,0,0,1,1,0,cross-currency,remax,143056031-761
1846,2026-04-13,rent,local,"Ypacaraí, Central",,Central,Ypacaraí,24,built,,600000,PYG,93.77,600000,PYG,93.77,6398.455,4,0,1,0,1,1,1,,remax,143112002-26
3777,2026-04-13,sale,departamento,Asunción,Las Lomas (Carmelitas),Asunción,,54,land,1,103000,USD,103000,648900000,PYG,101415.11,6398.455,1896,-1.539,0,0,1,1,0,cross-currency,remax,143056031-759
3795,2026-04-13,rent,departamento,Asunción,Obrero,Asunción,,90,land,2,2500000,PYG,390.72,2500000,PYG,390.72,6398.455,4,0,1,0,1,1,1,,remax,143098010-98
312381,2026-04-13,rent,casa,"Fernando de la Mora, Central",,Central,Fernando de la Mora,250,built,6,5000000,PYG,781.44,4800000,PYG,750.18,6398.455,3,-4,0,1,1,1,1,,remax,143036051-217
22,2026-04-14,rent,duplex,"Presidente Franco, Alto Paraná",,Alto Paraná,,431,land,2,3500000,PYG,547.6,3500000,PYG,547.6,6391.555,1,0,1,0,1,1,1,,remax,143050135-41
364,2026-04-14,rent,oficina,Asunción,Las Lomas (Carmelitas),Asunción,,,,,1350,USD,1350,1350,USD,1350,6391.555,,0,1,0,1,1,1,,remax,143098128-314
379,2026-04-14,rent,departamento,"Ciudad del Este, Alto Paraná",,Alto Paraná,Ciudad del Este,1000,land,1,2000000,PYG,312.91,2000000,PYG,312.91,6391.555,0,0,1,0,1,1,1,,remax,143107019-25
515,2026-04-14,sale,departamento,Asunción,Villa Morra,Asunción,,118,built,3,172582,USD,172582,1104007054,PYG,172729.02,6391.555,1459,0.085,0,0,1,1,0,cross-currency,remax,143025033-465
650,2026-04-14,rent,casa,"San Bernardino, Cordillera",,Cordillera,San Bernardino,160,built,3,7000000,PYG,1095.2,7000000,PYG,1095.2,6391.555,7,0,1,0,1,1,1,,remax,143038002-317
1793,2026-04-14,sale,casa,Asunción,La Encarnación,Asunción,,95,built,2,550000000,PYG,86051.05,475000000,PYG,74316.81,6391.555,786,-13.636,0,1,1,1,1,,remax,143014167-76
1961,2026-04-14,sale,quinta,"Nueva Colombia, Cordillera",,Cordillera,,76,built,2,250000000,PYG,39114.11,220000000,PYG,34420.42,6391.555,453,-12,0,1,1,1,1,,remax,143098110-1
1976,2026-04-14,sale,terreno,"Luque, Central",,Central,Luque,,,,250000000,PYG,39114.11,250000000,PYG,39114.11,6391.555,,0,1,0,1,1,1,,remax,143095011-43
2091,2026-04-14,rent,duplex,"Cambyretá, Itapúa",,Itapúa,Cambyretá,126,land,2,4000000,PYG,625.83,4000000,PYG,625.83,6391.555,5,0,1,0,1,1,1,,remax,143011091-54
2432,2026-04-14,rent,departamento,"Cambyretá, Itapúa",,Itapúa,Cambyretá,1,land,1,1850000,PYG,289.44,1850000,PYG,289.44,6391.555,289,0,1,0,1,1,1,,remax,143011007-2186
3077,2026-04-14,sale,terreno,Asunción,Santísima Trinidad,Asunción,,1920,built,,600000,USD,600000,2792700000,PYG,436935.93,6391.555,228,-27.177,0,0,1,1,0,cross-currency,remax,143063141-107
3537,2026-04-14,sale,quinta,"Nueva Colombia, Cordillera",,Cordillera,,76,built,2,250000000,PYG,39114.11,220000000,PYG,34420.42,6391.555,453,-12,0,1,1,1,1,,remax,143014190-4
3686,2026-04-14,rent,departamento,Asunción,Villa Morra,Asunción,,126,land,3,10950000,PYG,1713.2,10950000,PYG,1713.2,6391.555,14,0,1,0,1,1,1,,remax,143080055-166
3981,2026-04-14,rent,oficina,Asunción,Las Lomas (Carmelitas),Asunción,,,,,1350,USD,1350,1350,USD,1350,6391.555,,0,1,0,1,1,1,,remax,143014125-314
4018,2026-04-14,sale,terreno,Asunción,Zeballos Cué,Asunción,,,,,192800000,PYG,30164.8,192800000,PYG,30164.8,6391.555,,0,1,0,1,1,1,,remax,143096011-80
4367,2026-04-14,sale,casa,Asunción,La Encarnación,Asunción,,95,built,2,550000000,PYG,86051.05,475000000,PYG,74316.81,6391.555,786,-13.636,0,1,1,1,1,,remax,143098115-34
1409,2026-04-15,sale,terreno,"Altos, Cordillera",,Cordillera,Altos,1524,land,,300000000,PYG,47013.43,290000000,PYG,45446.32,6381.155,30,-3.333,0,1,1,1,1,,remax,143098110-4
1776,2026-04-15,rent,departamento,Asunción,Ytay,Asunción,,1000,land,1,3800000,PYG,595.5,3500000,PYG,548.49,6381.155,1,-7.894,0,1,1,1,1,,remax,143054077-72
1935,2026-04-15,sale,terreno,"Luque, Central",,Central,Luque,,,,130000000,PYG,20372.49,105000000,PYG,16454.7,6381.155,,-19.231,0,1,1,1,1,,remax,143098014-211
2022,2026-04-15,sale,terreno,"Limpio, Central",,Central,Limpio,360,land,,90000000,PYG,14104.03,90000000,PYG,14104.03,6381.155,39,0,1,0,1,1,1,,remax,143036162-3
2529,2026-04-15,sale,terreno,"Altos, Cordillera",,Cordillera,Altos,1524,land,,300000000,PYG,47013.43,290000000,PYG,45446.32,6381.155,30,-3.333,0,1,1,1,1,,remax,143014190-10
2853,2026-04-15,rent,casa,"Fernando de la Mora, Central",,Central,Fernando de la Mora,200,built,3,4250000,PYG,666.02,4250000,PYG,666.02,6381.155,3,0,1,0,1,1,1,,remax,143019024-169
3699,2026-04-15,rent,local,Asunción,San Pablo,Asunción,,60,built,,2200000,PYG,344.77,2200000,PYG,344.77,6381.155,6,0,1,0,1,1,1,,remax,143025151-91
3704,2026-04-15,sale,departamento,"Fernando de la Mora, Central",,Central,Fernando de la Mora,337,land,2,455000000,PYG,71303.71,585000000,PYG,91676.19,6381.155,272,28.571,0,0,1,1,1,,remax,143080203-46
4420,2026-04-15,sale,terreno,"Luque, Central",,Central,Luque,,,,330000000,PYG,51714.78,310000000,PYG,48580.55,6381.155,,-6.061,0,1,1,1,1,,remax,143080055-170
4451,2026-04-15,rent,casa,"Hernandarias, Alto Paraná",,Alto Paraná,Hernandarias,300,built,4,6500000,PYG,1018.62,6500000,PYG,1018.62,6381.155,3,0,1,0,1,1,1,,remax,143099038-2
486,2026-04-16,rent,terreno,"Encarnación, Itapúa",,Itapúa,Encarnación,600,land,,2300000,PYG,361.03,2000000,PYG,313.94,6370.58,1,-13.043,0,1,1,1,1,,remax,143085019-542
957,2026-04-16,sale,departamento,Asunción,Recoleta,Asunción,,2500,land,,59200,USD,59200,367040000,PYG,57614.85,6370.58,23,-2.678,0,0,1,1,0,cross-currency,remax,143056033-229
1238,2026-04-16,sale,duplex,"Fernando de la Mora, Central",,Central,Fernando de la Mora,130,built,3,170000,USD,170000,1122000000,PYG,176122.11,6370.58,1355,3.601,0,0,1,1,0,cross-currency,remax,143098020-87
1697,2026-04-16,rent,duplex,Asunción,Bernardino Caballero,Asunción,,110,land,4,5000000,PYG,784.86,5000000,PYG,784.86,6370.58,7,0,1,0,1,1,1,,remax,143098058-51
2278,2026-04-16,sale,departamento,Asunción,Trinidad,Asunción,,83,built,2,130000,USD,130000,730634100,PYG,114688.79,6370.58,1382,-11.778,0,0,1,1,0,cross-currency,remax,143063089-108
4437,2026-04-16,sale,departamento,Asunción,Ycuá Satí,Asunción,,55,land,1,91600,USD,91600,556928000,PYG,87421.87,6370.58,1604,-4.561,0,0,1,1,0,cross-currency,remax,143056031-763
705,2026-04-17,sale,departamento,"Lambaré, Central",,Central,Lambaré,60,land,2,435000000,PYG,68227.96,435000000,PYG,68227.96,6375.685,1137,0,1,0,1,1,1,,remax,143072112-25
995,2026-04-17,sale,terreno,"Luque, Central",,Central,Luque,374,land,,650000000,PYG,101949.83,600000000,PYG,94107.54,6375.685,252,-7.692,0,1,1,1,1,,remax,143014151-65
1339,2026-04-17,rent,departamento,"Luque, Central",,Central,Luque,42,land,2,2900000,PYG,454.85,2900000,PYG,454.85,6375.685,11,0,1,0,1,1,1,,remax,143054126-9
2049,2026-04-17,rent,local,"Luque, Central",,Central,Luque,,,,3000000,PYG,470.54,3000000,PYG,470.54,6375.685,,0,1,0,1,1,1,,remax,143025091-124
2609,2026-04-17,rent,casa,Asunción,Virgen del Huerto,Asunción,,194,built,5,9000000,PYG,1411.61,10000000,PYG,1568.46,6375.685,8,11.111,0,0,1,1,1,,remax,143098055-7
2745,2026-04-17,sale,local,"Caacupé, Cordillera",,Cordillera,Caacupé,130,built,,845000000,PYG,132534.78,800000000,PYG,125476.71,6375.685,965,-5.325,0,1,1,1,1,,remax,143096013-35
2829,2026-04-17,rent,duplex,"Cambyretá, Itapúa",,Itapúa,Cambyretá,130,built,3,5000000,PYG,784.23,5000000,PYG,784.23,6375.685,6,0,1,0,2,1,1,,remax,143032061-146
2973,2026-04-17,sale,terreno,Asunción,Tembetary,Asunción,,,,,600000,USD,600000,3189500000,PYG,500259.97,6375.685,,-16.623,0,0,1,1,0,cross-currency,remax,143063136-315
3155,2026-04-17,rent,departamento,Asunción,Mariscal Estigarribia,Asunción,,91,land,2,1400,USD,1400,1350,USD,1350,6375.685,15,-3.571,0,1,1,1,1,,remax,143094053-12
3181,2026-04-17,rent,departamento,"Encarnación, Itapúa",,Itapúa,Encarnación,91,built,2,5000000,PYG,784.23,5000000,PYG,784.23,6375.685,9,0,1,0,2,0,0,second record of one deal,remax,143032061-147
3228,2026-04-17,rent,casa,"Villa Elisa, Central",,Central,Villa Elisa,70,built,1,2000000,PYG,313.69,2000000,PYG,313.69,6375.685,4,0,1,0,1,1,1,,remax,143061015-135
3390,2026-04-17,sale,casa,"Villa Elisa, Central",,Central,Villa Elisa,61,built,2,280000000,PYG,43916.85,280000000,PYG,43916.85,6375.685,720,0,1,0,1,1,1,,remax,143097013-27
3470,2026-04-17,rent,departamento,"Ciudad del Este, Alto Paraná",,Alto Paraná,Ciudad del Este,23,built,1,1400000,PYG,219.58,1400000,PYG,219.58,6375.685,10,0,1,0,1,1,1,,remax,143050002-232
3679,2026-04-17,rent,local,"Luque, Central",,Central,Luque,45,land,,4000000,PYG,627.38,4000000,PYG,627.38,6375.685,14,0,1,0,1,1,1,,remax,143025091-125
4267,2026-04-17,sale,duplex,"Encarnación, Itapúa",,Itapúa,Encarnación,124,built,2,540000000,PYG,84696.78,500000000,PYG,78422.95,6375.685,632,-7.407,0,1,1,1,1,,remax,143085019-415
308269,2026-04-17,sale,terreno,"Mariano Roque Alonso, Central",,Central,Mariano Roque Alonso,,,,400000000,PYG,62738.36,350000000,PYG,54896.06,6375.685,,-12.5,0,1,1,1,1,,remax,114006111-15
311565,2026-04-17,rent,departamento,Asunción,Las Mercedes,Asunción,,37,land,1,3500000,PYG,548.96,3300000,PYG,517.59,6375.685,14,-5.714,0,1,1,1,1,,remax,143037137-21
497,2026-04-18,rent,casa,"Mariano Roque Alonso, Central",,Central,Mariano Roque Alonso,200,built,3,3500000,PYG,548.96,3500000,PYG,548.96,6375.685,3,0,1,0,1,1,1,,remax,143025157-29
2759,2026-04-18,rent,casa,"Mariano Roque Alonso, Central",,Central,Mariano Roque Alonso,150,built,3,7000000,PYG,1097.92,6000000,PYG,941.08,6375.685,6,-14.285,0,1,1,1,1,,remax,143025149-253
4046,2026-04-18,sale,terreno,"Capiatá, Central",,Central,Capiatá,,,,120000000,PYG,18821.51,100000000,PYG,15684.59,6375.685,,-16.667,0,1,1,1,1,,remax,143061058-34
2356,2026-04-19,rent,departamento,"Lambaré, Central",,Central,Lambaré,75,built,2,3200000,PYG,501.91,3200000,PYG,501.91,6375.685,7,0,1,0,1,1,1,,remax,143026188-84
1199,2026-04-20,rent,departamento,Asunción,Los Laureles,Asunción,,32,land,1,4000000,PYG,629.01,4000000,PYG,629.01,6359.245,20,0,1,0,1,1,1,,remax,143056047-101
1712,2026-04-20,sale,duplex,"Ypacaraí, Central",,Central,Ypacaraí,162,built,3,85000,USD,85000,540005000,PYG,84916.53,6359.245,524,-0.098,0,0,1,1,0,cross-currency,remax,143100042-30
3812,2026-04-20,sale,casa,Asunción,Bella Vista,Asunción,,260,built,4,900000000,PYG,141526.23,850000000,PYG,133663.67,6359.245,514,-5.556,0,1,1,1,1,,remax,143098070-7
4038,2026-04-20,rent,casa,"Cambyretá, Itapúa",,Itapúa,Cambyretá,68,built,2,3300000,PYG,518.93,3000000,PYG,471.75,6359.245,7,-9.092,0,1,1,1,1,,remax,143085019-541
171134,2026-04-20,rent,departamento,Asunción,Recoleta,Asunción,,30,built,1,1500000,PYG,235.88,1500000,PYG,235.88,6359.245,8,0,1,0,1,1,1,,remax,143068120-25
309971,2026-04-20,rent,departamento,Asunción,Mariscal Estigarribia,Asunción,,117,land,3,10500000,PYG,1651.14,10400000,PYG,1635.41,6359.245,14,-0.953,0,1,1,1,1,,remax,143036040-196
776,2026-04-21,rent,departamento,"Ciudad del Este, Alto Paraná",,Alto Paraná,Ciudad del Este,780,land,2,650,USD,650,4097769,PYG,651.56,6289.2,1,0.24,0,0,1,1,0,cross-currency,remax,143107014-24
1354,2026-04-21,rent,departamento,Asunción,Las Lomas (Carmelitas),Asunción,,90,land,2,1100,USD,1100,1000,USD,1000,6289.2,11,-9.091,0,1,1,1,1,,remax,143056056-62
1701,2026-04-21,rent,oficina,"Ciudad del Este, Alto Paraná",,Alto Paraná,Ciudad del Este,,,,2500000,PYG,397.51,2500000,PYG,397.51,6289.2,,0,1,0,1,1,1,,remax,143050097-67
2642,2026-04-21,sale,casa,"San Bernardino, Cordillera",,Cordillera,San Bernardino,200,built,3,225000,USD,225000,1418400000,PYG,225529.48,6289.2,1128,0.235,0,0,1,1,0,cross-currency,remax,143096059-13
3457,2026-04-21,sale,terreno,"Capiatá, Central",,Central,Capiatá,,,,110000000,PYG,17490.3,105000000,PYG,16695.29,6289.2,,-4.545,0,1,1,1,1,,remax,143100042-3
3657,2026-04-21,rent,departamento,Asunción,Ycuá Satí,Asunción,,99,built,2,7000000,PYG,1113.02,6700000,PYG,1065.32,6289.2,11,-4.286,0,1,1,1,1,,remax,143063059-104
3874,2026-04-21,rent,casa,"Lambaré, Central",,Central,Lambaré,330,built,6,6500000,PYG,1033.52,6200000,PYG,985.82,6289.2,3,-4.615,0,1,1,1,1,,remax,143054089-41
4330,2026-04-21,rent,duplex,"Luque, Central",,Central,Luque,119,built,3,3700000,PYG,588.31,3700000,PYG,588.31,6289.2,5,0,1,0,1,1,1,,remax,143063076-108
117,2026-04-22,sale,departamento,Asunción,Recoleta,Asunción,,39,land,1,71394,USD,71394,471200400,PYG,74425.66,6331.155,1908,4.246,0,0,1,1,0,cross-currency,remax,143056054-63
665,2026-04-22,sale,departamento,"Luque, Central",,Central,Luque,43,land,1,420000000,PYG,66338.61,384300000,PYG,60699.82,6331.155,1412,-8.5,0,1,1,1,1,,remax,143098038-41
1330,2026-04-22,rent,departamento,"Ciudad del Este, Alto Paraná",,Alto Paraná,Ciudad del Este,360,land,1,540,USD,540,3422552,PYG,540.59,6331.155,2,0.109,0,0,1,1,0,cross-currency,remax,143107014-25
1608,2026-04-22,rent,duplex,"Itauguá, Central",,Central,Itauguá,120,built,4,4500000,PYG,710.77,4500000,PYG,710.77,6331.155,6,0,1,0,1,1,1,,remax,143080127-61
2032,2026-04-22,sale,departamento,Asunción,Villa Morra,Asunción,,,,1,71900,USD,71900,431400000,PYG,68139.23,6331.155,,-5.231,0,0,1,1,0,cross-currency,remax,143056031-765
2343,2026-04-22,sale,departamento,Asunción,Herrera,Asunción,,60,land,2,98500,USD,98500,650100000,PYG,102682.69,6331.155,1711,4.246,0,0,1,1,0,cross-currency,remax,143056032-261
2399,2026-04-22,sale,departamento,Asunción,Recoleta,Asunción,,28,land,1,46658,USD,46658,307942800,PYG,48639.28,6331.155,1737,4.246,0,0,1,1,0,cross-currency,remax,143056054-70
3468,2026-04-22,sale,casa,"Luque, Central",,Central,Luque,130,built,3,600000000,PYG,94769.44,600000000,PYG,94769.44,6331.155,729,0,1,0,1,1,1,,remax,143036161-1
4057,2026-04-22,rent,casa,"Encarnación, Itapúa",,Itapúa,Encarnación,120,built,3,2500000,PYG,394.87,2500000,PYG,394.87,6331.155,3,0,1,0,1,1,1,,remax,143032072-69
4153,2026-04-22,sale,terreno,"Villa Elisa, Central",,Central,Villa Elisa,,,,250000000,PYG,39487.27,250000000,PYG,39487.27,6331.155,,0,1,0,1,1,1,,remax,143028085-1
4160,2026-04-22,rent,casa,"Lambaré, Central",,Central,Lambaré,180,built,3,6500000,PYG,1026.67,6500000,PYG,1026.67,6331.155,6,0,1,0,1,1,1,,remax,143063062-52
72,2026-04-23,sale,quinta,"Areguá, Central",,Central,Areguá,500,built,3,195000,USD,195000,1109150000,PYG,174916.65,6341.02,350,-10.299,0,0,1,1,0,cross-currency,remax,143061082-1
390,2026-04-23,rent,casa,"Ciudad del Este, Alto Paraná",,Alto Paraná,Ciudad del Este,220,built,4,1700,USD,1700,10212563,PYG,1610.56,6341.02,7,-5.261,0,0,1,1,0,cross-currency,remax,143050072-54
1318,2026-04-23,rent,oficina,Asunción,Villa Morra,Asunción,,188,land,,1692,USD,1692,10073250,PYG,1588.59,6341.02,8,-6.112,0,0,1,1,0,cross-currency,remax,143098027-101
1363,2026-04-23,rent,local,"Encarnación, Itapúa",,Itapúa,Encarnación,,,,3500000,PYG,551.96,3500000,PYG,551.96,6341.02,,0,1,0,1,1,1,,remax,143032035-296
1415,2026-04-23,rent,otro,"Luque, Central",,Central,Luque,,,,2500000,PYG,394.26,2500000,PYG,394.26,6341.02,,0,1,0,1,1,1,,remax,143025116-31
1457,2026-04-23,sale,terreno,Asunción,Santa Librada,Asunción,,432,land,,100000,USD,100000,567900000,PYG,89559.72,6341.02,207,-10.44,0,0,1,1,0,cross-currency,remax,143025145-396
1804,2026-04-23,sale,casa,"Ñemby, Central",,Central,Ñemby,65,built,2,320000000,PYG,50465.07,320000000,PYG,50465.07,6341.02,776,0,1,0,1,1,1,,remax,143025158-45
2475,2026-04-23,sale,casa,"Ciudad del Este, Alto Paraná",,Alto Paraná,Ciudad del Este,220,built,3,525000000,PYG,82794.25,505250000,PYG,79679.61,6341.02,362,-3.762,0,1,1,1,1,,remax,143050083-44
3218,2026-04-23,sale,terreno,"Cambyretá, Itapúa",,Itapúa,Cambyretá,,,,45000,USD,45000,285750000,PYG,45063.73,6341.02,,0.142,0,0,1,1,0,cross-currency,remax,143011106-2
3297,2026-04-23,sale,otro,Asunción,Recoleta,Asunción,,13,land,1,15000,USD,15000,94650000,PYG,14926.62,6341.02,1194,-0.489,0,0,1,1,0,cross-currency,remax,143025145-411
4409,2026-04-23,sale,casa,"Filadelfia, Boquerón",,Boquerón,,84,built,2,240000000,PYG,37848.8,215000000,PYG,33906.22,6341.02,406,-10.417,0,1,1,1,1,,remax,143016029-99
3,2026-04-24,rent,deposito,"Capiatá, Central",,Central,Capiatá,200,built,,5000000,PYG,793.61,4800000,PYG,761.87,6300.315,4,-3.999,0,1,1,1,1,,remax,143009135-79
267,2026-04-24,sale,terreno,"Luque, Central",,Central,Luque,,,,306000000,PYG,48569,280000000,PYG,44442.22,6300.315,,-8.497,0,1,1,1,1,,remax,143094054-5
591,2026-04-24,sale,terreno,"Luque, Central",,Central,Luque,,,,390000000,PYG,61901.67,390000000,PYG,61901.67,6300.315,,0,1,0,1,1,1,,remax,143037043-124
2063,2026-04-24,sale,departamento,Asunción,Ytay,Asunción,,88,land,3,122000,USD,122000,768600000,PYG,121993.9,6300.315,1386,-0.005,0,0,1,1,0,cross-currency,remax,143098038-40
2267,2026-04-24,sale,terreno,"Fernando de la Mora, Central",,Central,Fernando de la Mora,1140,land,,300000,USD,300000,2100000000,PYG,333316.67,6300.315,292,11.106,0,0,1,1,0,cross-currency,remax,143063094-251
2776,2026-04-24,sale,casa,"Loma Plata, Boquerón",,Boquerón,,3301,built,3,698000000,PYG,110788.11,650000000,PYG,103169.44,6300.315,31,-6.877,0,1,1,1,1,,remax,143078001-166
2944,2026-04-24,sale,duplex,"Luque, Central",,Central,Luque,91,built,3,500000000,PYG,79361.11,500000000,PYG,79361.11,6300.315,876,0,1,0,1,1,1,,remax,143098061-54
3205,2026-04-24,rent,deposito,Asunción,San Vicente,Asunción,,139,built,,3500000,PYG,555.53,3500000,PYG,555.53,6300.315,4,0,1,0,1,1,1,,remax,143068021-33
3207,2026-04-24,rent,duplex,"Encarnación, Itapúa",,Itapúa,Encarnación,262,built,4,7500000,PYG,1190.42,7300000,PYG,1158.67,6300.315,4,-2.667,0,1,1,1,1,,remax,143032061-145
3266,2026-04-24,sale,terreno,"Villa Elisa, Central",,Central,Villa Elisa,360,land,,350000000,PYG,55552.78,210000000,PYG,33331.67,6300.315,93,-40,0,1,1,1,1,,remax,143098008-135
3466,2026-04-24,sale,casa,Asunción,Ycuá Satí,Asunción,,170,built,3,1600000000,PYG,253955.56,1500000000,PYG,238083.33,6300.315,1400,-6.25,0,1,1,1,1,,remax,143014151-75
3472,2026-04-24,sale,otro,"Ybytymí, Paraguarí",,Paraguarí,,60,built,1,670000000,PYG,106343.89,670000000,PYG,106343.89,6300.315,1772,0,1,0,1,1,1,,remax,143068114-3
3492,2026-04-24,sale,casa,"Encarnación, Itapúa",,Itapúa,Encarnación,120,built,4,1050000000,PYG,166658.33,1050000000,PYG,166658.33,6300.315,1389,0,1,0,1,1,1,,remax,143032035-294
3526,2026-04-24,sale,departamento,"Fernando de la Mora, Central",,Central,Fernando de la Mora,377,land,3,585000000,PYG,92852.5,585000000,PYG,92852.5,6300.315,246,0,1,0,1,1,1,,remax,143080203-45
3718,2026-04-24,rent,departamento,Asunción,Las Lomas (Carmelitas),Asunción,,1000,land,2,1500,USD,1500,9600000,PYG,1523.73,6300.315,2,1.582,0,0,1,1,0,cross-currency,remax,143056033-217
4166,2026-04-24,sale,terreno,"Luque, Central",,Central,Luque,,,,330000000,PYG,52378.33,313500000,PYG,49759.42,6300.315,,-5,0,1,1,1,1,,remax,143080114-46
4408,2026-04-24,rent,casa,"Loma Plata, Boquerón",,Boquerón,,180,built,3,6000000,PYG,952.33,6000000,PYG,952.33,6300.315,5,0,1,0,1,1,1,,remax,143078001-181
309368,2026-04-24,sale,duplex,"Fernando de la Mora, Central",,Central,Fernando de la Mora,119,built,3,120000,USD,120000,730800000,PYG,115994.2,6300.315,975,-3.338,0,0,1,1,0,cross-currency,remax,143063128-252
309409,2026-04-24,rent,departamento,Asunción,Recoleta,Asunción,,87,built,2,5000000,PYG,793.61,5000000,PYG,793.61,6300.315,9,0,1,0,1,1,1,,remax,143036139-88
311224,2026-04-24,sale,otro,"Altos, Cordillera",,Cordillera,Altos,629,land,,105000,USD,105000,651000000,PYG,103328.17,6300.315,164,-1.592,0,0,1,1,0,cross-currency,remax,143063102-285
312665,2026-04-24,rent,duplex,"San Lorenzo, Central",,Central,San Lorenzo,145,built,3,2850000,PYG,452.36,2850000,PYG,452.36,6300.315,3,0,1,0,1,1,1,,remax,143036040-205
494,2026-04-25,rent,departamento,"San Lorenzo, Central",,Central,San Lorenzo,48,built,2,1850000,PYG,293.64,1850000,PYG,293.64,6300.315,6,0,1,0,1,1,1,,remax,143009127-101
1018,2026-04-25,rent,oficina,"Ciudad del Este, Alto Paraná",,Alto Paraná,Ciudad del Este,24,built,,2500000,PYG,396.81,2500000,PYG,396.81,6300.315,17,0,1,0,1,1,1,,remax,143050002-219
1245,2026-04-25,rent,departamento,"Luque, Central",,Central,Luque,45,land,1,3300000,PYG,523.78,3300000,PYG,523.78,6300.315,12,0,1,0,1,1,1,,remax,143038011-411
2556,2026-04-25,rent,casa,"Lambaré, Central",,Central,Lambaré,59,built,1,2500000,PYG,396.81,2500000,PYG,396.81,6300.315,7,0,1,0,1,1,1,,remax,143080085-9
3128,2026-04-25,rent,departamento,"Fernando de la Mora, Central",,Central,Fernando de la Mora,72,land,2,3350000,PYG,531.72,3350000,PYG,531.72,6300.315,7,0,1,0,1,1,1,,remax,143025136-86
4183,2026-04-25,rent,duplex,"Luque, Central",,Central,Luque,82,built,2,4600000,PYG,730.12,4600000,PYG,730.12,6300.315,9,0,1,0,1,1,1,,remax,143080194-15
4204,2026-04-25,rent,duplex,"Villa Elisa, Central",,Central,Villa Elisa,150,built,2,3000000,PYG,476.17,3000000,PYG,476.17,6300.315,3,0,1,0,1,1,1,,remax,143068113-20
3651,2026-04-26,sale,departamento,Asunción,Ciudad Nueva,Asunción,,104,land,2,125000,USD,125000,703500000,PYG,111661.08,6300.315,1074,-10.671,0,0,1,1,0,cross-currency,remax,143028074-5
386,2026-04-27,sale,terreno,"Luque, Central",,Central,Luque,,,,400000000,PYG,63808.63,380000000,PYG,60618.19,6268.745,,-5,0,1,1,1,1,,remax,143028074-21
514,2026-04-27,rent,local,"Capitán Miranda, Itapúa",,Itapúa,Capitán Miranda,,,,10000000,PYG,1595.22,10000000,PYG,1595.22,6268.745,,0,1,0,1,1,1,,remax,143011007-2166
703,2026-04-27,sale,terreno,"Lambaré, Central",,Central,Lambaré,109,built,,415000000,PYG,66201.45,385000000,PYG,61415.8,6268.745,563,-7.229,0,1,1,1,1,,remax,143026176-66
1213,2026-04-27,rent,duplex,"Lambaré, Central",,Central,Lambaré,124,land,3,4000000,PYG,638.09,4000000,PYG,638.09,6268.745,5,0,1,0,1,1,1,,remax,143080055-169
1894,2026-04-27,sale,departamento,Asunción,Mburucuyá,Asunción,,90,land,2,120000,USD,120000,715000000,PYG,114057.92,6268.745,1267,-4.952,0,0,1,1,0,cross-currency,remax,143098041-21
1998,2026-04-27,sale,terreno,"Ciudad del Este, Alto Paraná",,Alto Paraná,Ciudad del Este,360,land,,75000000,PYG,11964.12,75000000,PYG,11964.12,6268.745,33,0,1,0,1,1,1,,remax,114001098-1
2039,2026-04-27,rent,oficina,Asunción,Las Lomas (Carmelitas),Asunción,,10,built,,1300000,PYG,207.38,1300000,PYG,207.38,6268.745,21,0,1,0,1,1,1,,remax,143100028-49
2634,2026-04-27,sale,casa,"Cambyretá, Itapúa",,Itapúa,Cambyretá,319,built,4,235000,USD,235000,1474625000,PYG,235234.48,6268.745,737,0.1,0,0,1,1,0,cross-currency,remax,143011097-7
2707,2026-04-27,rent,duplex,"Cambyretá, Itapúa",,Itapúa,Cambyretá,144,built,3,900,USD,900,5647500,PYG,900.9,6268.745,6,0.1,0,0,1,1,0,cross-currency,remax,143011101-31
2731,2026-04-27,sale,terreno,"Ypané, Central",,Central,Ypané,,,,130000000,PYG,20737.8,130000000,PYG,20737.8,6268.745,,0,1,0,1,1,1,,remax,143038011-391
3103,2026-04-27,rent,casa,"Ñemby, Central",,Central,Ñemby,120,built,3,2500000,PYG,398.8,2500000,PYG,398.8,6268.745,3,0,1,0,1,1,1,,remax,143072073-135
3983,2026-04-27,sale,duplex,"San Lorenzo, Central",,Central,San Lorenzo,120,land,3,120000,USD,120000,728160000,PYG,116157.22,6268.745,968,-3.202,0,0,1,1,0,cross-currency,remax,143100020-24
4083,2026-04-27,rent,casa,"Loma Plata, Boquerón",,Boquerón,,180,built,3,3990000,PYG,636.49,3990000,PYG,636.49,6268.745,4,0,1,0,1,1,1,,remax,143078001-182
4350,2026-04-27,rent,duplex,"Encarnación, Itapúa",,Itapúa,Encarnación,120,built,2,3000000,PYG,478.56,3000000,PYG,478.56,6268.745,4,0,1,0,1,1,1,,remax,143032061-149
362107,2026-04-27,rent,casa,"Lambaré, Central",,Central,Lambaré,400,built,4,16000000,PYG,2552.35,13000000,PYG,2073.78,6268.745,5,-18.75,0,1,1,1,1,,remax,143072116-19
972,2026-04-28,rent,local,"Cambyretá, Itapúa",,Itapúa,Cambyretá,36,built,,2000000,PYG,321.46,1500000,PYG,241.1,6221.565,7,-24.998,0,1,1,1,1,,remax,143011101-25
1748,2026-04-28,rent,casa,"Ciudad del Este, Alto Paraná",,Alto Paraná,Ciudad del Este,85,built,2,3500000,PYG,562.56,3500000,PYG,562.56,6221.565,7,0,1,0,1,1,1,,remax,143050002-245
2227,2026-04-28,rent,otro,"Loma Plata, Boquerón",,Boquerón,,,,1,1064000,PYG,171.02,1064000,PYG,171.02,6221.565,,0,1,0,1,1,1,,remax,143078013-64
2290,2026-04-28,rent,casa,Asunción,Nazareth,Asunción,,241,built,5,8900000,PYG,1430.51,8000000,PYG,1285.85,6221.565,5,-10.112,0,1,1,1,1,,remax,143097025-13
2736,2026-04-28,rent,casa,"Mariano Roque Alonso, Central",,Central,Mariano Roque Alonso,350,built,3,2500000,PYG,401.83,2500000,PYG,401.83,6221.565,1,0,1,0,1,1,1,,remax,143025148-179
3174,2026-04-28,sale,duplex,"San Lorenzo, Central",,Central,San Lorenzo,120,built,3,560000000,PYG,90009.51,560000000,PYG,90009.51,6221.565,750,0,1,0,1,1,1,,remax,143068006-166
3504,2026-04-28,rent,departamento,"Ñemby, Central",,Central,Ñemby,56,built,1,1500000,PYG,241.1,1500000,PYG,241.1,6221.565,4,0,1,0,1,1,1,,remax,143092081-22
4340,2026-04-28,sale,departamento,Asunción,Recoleta,Asunción,,54,land,1,123866,USD,123866,774162500,PYG,124432.12,6221.565,2321,0.457,0,0,1,1,0,cross-currency,remax,143098026-44
4346,2026-04-28,sale,departamento,Asunción,Recoleta,Asunción,,40,land,1,92782,USD,92782,579887500,PYG,93206.05,6221.565,2307,0.457,0,0,1,1,0,cross-currency,remax,143098026-60
4469,2026-04-28,rent,deposito,"Capiatá, Central",,Central,Capiatá,,,,8000000,PYG,1285.85,6000000,PYG,964.39,6221.565,,-25,0,1,1,1,1,,remax,143080055-211
310617,2026-04-28,rent,casa,"Edelira, Itapúa",,Itapúa,,1422,built,3,1350000,PYG,216.99,1350000,PYG,216.99,6221.565,0,0,1,0,1,1,1,,remax,143065040-35
394,2026-04-29,sale,terreno,"Santa Rita, Alto Paraná",,Alto Paraná,,,,,30000,USD,30000,381800000,PYG,62080.8,6150.05,,106.936,0,0,1,1,0,cross-currency,remax,143065028-47
749,2026-04-29,rent,casa,"Santa Rita, Alto Paraná",,Alto Paraná,,104,built,3,3000000,PYG,487.8,3000000,PYG,487.8,6150.05,5,0,1,0,1,1,1,,remax,143065021-173
801,2026-04-29,sale,terreno,"Santa Rita, Alto Paraná",,Alto Paraná,,10,built,,35000,USD,35000,215110000,PYG,34976.95,6150.05,3498,-0.066,0,0,1,1,0,cross-currency,remax,143065029-66
1113,2026-04-29,sale,duplex,"Luque, Central",,Central,Luque,164,built,4,179750,USD,179750,1026306000,PYG,166877.67,6150.05,1018,-7.161,0,0,1,1,0,cross-currency,remax,143080194-4
1821,2026-04-29,rent,duplex,Asunción,San Pablo,Asunción,,150,built,4,6300000,PYG,1024.38,5800000,PYG,943.08,6150.05,6,-7.937,0,1,1,1,1,,remax,143108006-10
2369,2026-04-29,sale,casa,"Villa Elisa, Central",,Central,Villa Elisa,80,built,2,270000000,PYG,43902.08,270000000,PYG,43902.08,6150.05,549,0,1,0,1,1,1,,remax,143001129-18
2645,2026-04-29,rent,oficina,Asunción,Las Mercedes,Asunción,,120,built,,6600000,PYG,1073.16,6600000,PYG,1073.16,6150.05,9,0,1,0,1,1,1,,remax,143080105-118
3241,2026-04-29,sale,terreno,"Filadelfia, Boquerón",,Boquerón,,,,,90000000,PYG,14634.03,90000000,PYG,14634.03,6150.05,,0,1,0,1,1,1,,remax,143102003-3
3397,2026-04-29,rent,edificio,"Santa Rita, Alto Paraná",,Alto Paraná,,82,land,,1500000,PYG,243.9,1500000,PYG,243.9,6150.05,3,0,1,0,1,1,1,,remax,143065026-227
3849,2026-04-29,sale,casa,Asunción,Itá Enramada,Asunción,,400,built,3,155000,USD,155000,854000000,PYG,138860.66,6150.05,347,-10.412,0,0,1,1,0,cross-currency,remax,143098009-544
4182,2026-04-29,sale,terreno,"Luque, Central",,Central,Luque,380,land,,85000000,PYG,13821.03,85000000,PYG,13821.03,6150.05,36,0,1,0,1,1,1,,remax,143025147-99
309344,2026-04-29,rent,local,"San Lorenzo, Central",,Central,San Lorenzo,64,built,,5500000,PYG,894.3,5500000,PYG,894.3,6150.05,14,0,1,0,1,1,1,,remax,143063090-65
312150,2026-04-29,sale,terreno,"Ypané, Central",,Central,Ypané,430,land,,175000000,PYG,28455.05,175000000,PYG,28455.05,6150.05,66,0,1,0,1,1,1,,remax,143037130-11
313185,2026-04-29,rent,duplex,"San Lorenzo, Central",,Central,San Lorenzo,157,built,3,3600000,PYG,585.36,3500000,PYG,569.1,6150.05,4,-2.778,0,1,1,1,1,,remax,143063090-76
313627,2026-04-29,rent,oficina,Asunción,San Jorge,Asunción,,117,built,,2200,USD,2200,11160000,PYG,1814.62,6150.05,16,-17.517,0,0,1,1,0,cross-currency,remax,143063090-66
74,2026-04-30,sale,departamento,Asunción,Barrio Jara,Asunción,,102,land,2,165600,USD,165600,882000000,PYG,147136.59,5994.43,1443,-11.149,0,0,1,1,0,cross-currency,remax,143098014-207
725,2026-04-30,rent,departamento,Asunción,Recoleta,Asunción,,70,built,1,800,USD,800,4931200,PYG,822.63,5994.43,12,2.829,0,0,1,1,0,cross-currency,remax,143094007-105
833,2026-04-30,rent,casa,"Lambaré, Central",,Central,Lambaré,140,built,4,3500000,PYG,583.88,3500000,PYG,583.88,5994.43,4,0,1,0,1,1,1,,remax,143020098-46
860,2026-04-30,rent,duplex,"Cambyretá, Itapúa",,Itapúa,Cambyretá,1,land,3,4200000,PYG,700.65,4200000,PYG,700.65,5994.43,701,0,1,0,1,1,1,,remax,143011007-2194
1205,2026-04-30,sale,departamento,"Luque, Central",,Central,Luque,63,built,2,69400,USD,69400,69400,USD,69400,5994.43,1097,0,1,0,1,1,1,,remax,143063104-172
1240,2026-04-30,sale,casa,"Lambaré, Central",,Central,Lambaré,250,built,4,1080000000,PYG,180167.26,1040000000,PYG,173494.39,5994.43,694,-3.704,0,1,1,1,1,,remax,143063090-44
1519,2026-04-30,rent,local,"Luque, Central",,Central,Luque,96,built,,6875000,PYG,1146.9,6875000,PYG,1146.9,5994.43,12,0,1,0,1,1,1,,remax,143025091-123
1607,2026-04-30,sale,terreno,"Lambaré, Central",,Central,Lambaré,,,,1100000000,PYG,183503.69,1100000000,PYG,183503.69,5994.43,,0,1,0,1,1,1,,remax,143098010-97
1753,2026-04-30,sale,departamento,"Luque, Central",,Central,Luque,36,land,1,863753400,PYG,144092.67,863753400,PYG,144092.67,5994.43,4003,0,1,0,1,1,1,,remax,143063141-127
1766,2026-04-30,sale,departamento,"Fernando de la Mora, Central",,Central,Fernando de la Mora,37,land,1,49000,USD,49000,301350000,PYG,50271.67,5994.43,1359,2.595,0,0,1,1,0,cross-currency,remax,143025234-19
1889,2026-04-30,sale,deposito,Asunción,San Vicente,Asunción,,350,built,,150000,USD,150000,750875000,PYG,125262.12,5994.43,358,-16.492,0,0,1,1,0,cross-currency,remax,143061061-121
2058,2026-04-30,sale,casa,"Ciudad del Este, Alto Paraná",,Alto Paraná,Ciudad del Este,46,built,2,255000000,PYG,42539.49,255000000,PYG,42539.49,5994.43,925,0,1,0,1,1,1,,remax,143050177-6
2283,2026-04-30,sale,casa,"Capiatá, Central",,Central,Capiatá,83,built,3,385000000,PYG,64226.29,395000000,PYG,65894.51,5994.43,794,2.597,0,0,1,1,1,,remax,143061066-28
2330,2026-04-30,sale,departamento,Asunción,San Cristóbal,Asunción,,52,land,2,603932031,PYG,100748.87,603932031,PYG,100748.87,5994.43,1937,0,1,0,1,1,1,,remax,143063147-121
2360,2026-04-30,rent,edificio,Asunción,Ciudad Nueva,Asunción,,330,land,,12000000,PYG,2001.86,11000000,PYG,1835.04,5994.43,6,-8.333,0,1,1,1,1,,remax,143028047-88
3449,2026-04-30,rent,departamento,Asunción,Herrera,Asunción,,76,built,,4400000,PYG,734.01,4400000,PYG,734.01,5994.43,10,0,1,0,1,1,1,,remax,143100049-5
3568,2026-04-30,sale,casa,"Luque, Central",,Central,Luque,340,built,3,150000,USD,150000,916500000,PYG,152891.93,5994.43,450,1.928,0,0,1,1,0,cross-currency,remax,143050154-40
3642,2026-04-30,rent,departamento,"Ciudad del Este, Alto Paraná",,Alto Paraná,Ciudad del Este,2384,built,1,1100000,PYG,183.5,1100000,PYG,183.5,5994.43,0,0,1,0,1,1,1,,remax,143050002-234
4116,2026-04-30,sale,terreno,"Obligado, Itapúa",,Itapúa,,,,,80000,USD,80000,478240000,PYG,79780.73,5994.43,,-0.274,0,0,1,1,0,cross-currency,remax,143011007-2124
4515,2026-04-30,sale,casa,"San Lorenzo, Central",,Central,San Lorenzo,90,built,2,250000000,PYG,41705.38,240000000,PYG,40037.17,5994.43,445,-4,0,1,1,1,1,,remax,143036096-49
109,2026-05-01,rent,local,"San Lorenzo, Central",,Central,San Lorenzo,39,built,,2790000,PYG,465.43,2145000,PYG,357.83,5994.43,9,-23.118,0,1,1,1,1,,remax,143084038-22
600,2026-05-01,rent,casa,Asunción,Nazareth,Asunción,,150,built,2,3500000,PYG,583.88,3500000,PYG,583.88,5994.43,4,0,1,0,1,1,1,,remax,143097025-17
1040,2026-05-01,rent,departamento,Asunción,Las Lomas (Carmelitas),Asunción,,73,land,2,820,USD,820,4925740,PYG,821.72,5994.43,11,0.21,0,0,1,1,0,cross-currency,remax,143096014-48
2615,2026-05-01,rent,local,"San Lorenzo, Central",,Central,San Lorenzo,57,built,,3650000,PYG,608.9,3135000,PYG,522.99,5994.43,9,-14.109,0,1,1,1,1,,remax,143084038-21
2743,2026-05-01,rent,casa,"Lambaré, Central",,Central,Lambaré,250,built,4,6500000,PYG,1084.34,6000000,PYG,1000.93,5994.43,4,-7.692,0,1,1,1,1,,remax,143071055-331
3407,2026-05-01,rent,departamento,Asunción,Las Lomas (Carmelitas),Asunción,,63,land,1,800,USD,800,5000000,PYG,834.11,5994.43,13,4.264,0,0,1,1,0,cross-currency,remax,143056069-3
3752,2026-05-01,rent,duplex,"Luque, Central",,Central,Luque,218,built,3,4500000,PYG,750.7,4500000,PYG,750.7,5994.43,3,0,1,0,1,1,1,,remax,143025151-76
4004,2026-05-01,rent,casa,"Luque, Central",,Central,Luque,400,built,5,6500000,PYG,1084.34,6300000,PYG,1050.98,5994.43,3,-3.077,0,1,1,1,1,,remax,143061075-41
4145,2026-05-01,rent,casa,"Itauguá, Central",,Central,Itauguá,80,built,2,3500000,PYG,583.88,3500000,PYG,583.88,5994.43,7,0,1,0,1,1,1,,remax,143080127-62
4177,2026-05-01,rent,departamento,"San Lorenzo, Central",,Central,San Lorenzo,35,built,1,2200000,PYG,367.01,2000000,PYG,333.64,5994.43,10,-9.092,0,1,1,1,1,,remax,143092059-33
4525,2026-05-01,rent,casa,Asunción,San Jorge,Asunción,,90,built,1,5000000,PYG,834.11,4800000,PYG,800.74,5994.43,9,-4.001,0,1,1,1,1,,remax,143048009-80
309484,2026-05-01,sale,departamento,Asunción,Botánico,Asunción,,85,built,3,63900,USD,63900,401931000,PYG,67050.75,5994.43,789,4.931,0,0,1,1,0,cross-currency,remax,143056050-27
854,2026-05-02,rent,departamento,Asunción,San Jorge,Asunción,,104,built,2,1600,USD,1600,9626185.85,PYG,1605.86,5994.43,15,0.366,0,0,1,1,0,cross-currency,remax,143098061-60
1819,2026-05-02,rent,casa,"Villa Elisa, Central",,Central,Villa Elisa,150,built,3,4000000,PYG,667.29,4000000,PYG,667.29,5994.43,4,0,1,0,1,1,1,,remax,143046046-128
3825,2026-05-02,sale,terreno,"Luque, Central",,Central,Luque,,,,250000000,PYG,41705.38,230000000,PYG,38368.95,5994.43,,-8,0,1,1,1,1,,remax,143080161-30
959,2026-05-04,rent,departamento,"Luque, Central",,Central,Luque,38,land,1,2850000,PYG,470.36,2850000,PYG,470.36,6059.22,12,0,1,0,1,1,1,,remax,143068136-16
1170,2026-05-04,rent,local,Asunción,Dr. Francia,Asunción,,88,built,,2500000,PYG,412.59,2300000,PYG,379.59,6059.22,4,-7.998,0,1,1,1,1,,remax,143097041-10
1267,2026-05-04,sale,otro,"Luque, Central",,Central,Luque,83,built,2,520000000,PYG,85819.63,520000000,PYG,85819.63,6059.22,1034,0,1,0,1,1,1,,remax,143036119-28
1822,2026-05-04,rent,casa,"Luque, Central",,Central,Luque,63,built,3,2500000,PYG,412.59,2500000,PYG,412.59,6059.22,7,0,1,0,1,1,1,,remax,143063204-64
1954,2026-05-04,sale,casa,Asunción,Pettirossi,Asunción,,200,built,3,680000000,PYG,112225.67,650000000,PYG,107274.53,6059.22,536,-4.412,0,1,1,1,1,,remax,143061088-15
2128,2026-05-04,sale,departamento,Asunción,Mbocayaty,Asunción,,33,land,1,450000000,PYG,74266.98,408172500,PYG,67363.87,6059.22,2041,-9.295,0,1,1,1,1,,remax,143100014-8
2496,2026-05-04,sale,terreno,"Ñemby, Central",,Central,Ñemby,,,,180000000,PYG,29706.79,175000000,PYG,28881.61,6059.22,,-2.778,0,1,1,1,1,,remax,114006115-2
2840,2026-05-04,rent,departamento,"Mariano Roque Alonso, Central",,Central,Mariano Roque Alonso,50,built,2,2800000,PYG,462.11,2700000,PYG,445.6,6059.22,9,-3.573,0,1,1,1,1,,remax,143046003-255
2926,2026-05-04,sale,terreno,"Luque, Central",,Central,Luque,503,land,,470000000,PYG,77567.74,470000000,PYG,77567.74,6059.22,154,0,1,0,1,1,1,,remax,143063076-101
3087,2026-05-04,rent,casa,"Luque, Central",,Central,Luque,100,built,2,3300000,PYG,544.62,3300000,PYG,544.62,6059.22,5,0,1,0,1,1,1,,remax,143025175-27
3358,2026-05-04,rent,departamento,Asunción,Pettirossi,Asunción,,52,land,2,2100000,PYG,346.58,2100000,PYG,346.58,6059.22,7,0,1,0,1,1,1,,remax,143028037-127
3567,2026-05-04,sale,terreno,"Villa Elisa, Central",,Central,Villa Elisa,360,land,,330000000,PYG,54462.46,320000000,PYG,52812.08,6059.22,147,-3.03,0,1,1,1,1,,remax,143096011-67
3833,2026-05-04,sale,terreno,"San Lorenzo, Central",,Central,San Lorenzo,456,land,,520000000,PYG,85819.63,500000000,PYG,82518.87,6059.22,181,-3.846,0,1,1,1,1,,remax,143020051-160
4197,2026-05-04,sale,terreno,Asunción,Recoleta,Asunción,,,,,299000,USD,299000,1965000000,PYG,324299.17,6059.22,,8.461,0,0,1,1,0,cross-currency,remax,143036045-182
52,2026-05-05,sale,casa,"Guarambaré, Central",,Central,,77,built,2,153000000,PYG,24648.42,150000000,PYG,24165.12,6207.295,314,-1.961,0,1,1,1,1,,remax,143092070-59
337,2026-05-05,sale,departamento,Asunción,Mariscal López,Asunción,,55,land,2,91600,USD,91600,547584800,PYG,88216.33,6207.295,1604,-3.694,0,0,1,1,0,cross-currency,remax,143056031-662
869,2026-05-05,sale,casa,Asunción,Las Lomas (Carmelitas),Asunción,,355,built,4,415000,USD,415000,2222590000,PYG,358060.96,6207.295,1009,-13.72,0,0,1,1,0,cross-currency,remax,143001004-27
2089,2026-05-05,rent,departamento,Asunción,San Vicente,Asunción,,450,land,1,3400000,PYG,547.74,3300000,PYG,531.63,6207.295,1,-2.941,0,1,1,1,1,,remax,143068074-46
2206,2026-05-05,sale,terreno,"Fernando de la Mora, Central",,Central,Fernando de la Mora,,,,400000,USD,400000,2520000000,PYG,405973.94,6207.295,,1.493,0,0,1,1,0,cross-currency,remax,114006001-284
2354,2026-05-05,sale,otro,Asunción,Las Mercedes,Asunción,,,,,15000,USD,15000,91500000,PYG,14740.72,6207.295,,-1.729,0,0,2,1,0,cross-currency,remax,143072073-137
2397,2026-05-05,sale,terreno,"Ciudad del Este, Alto Paraná",,Alto Paraná,Ciudad del Este,41600,land,,450000,USD,450000,2610000000,PYG,420473.01,6207.295,10,-6.562,0,0,1,1,0,cross-currency,remax,114001022-275
2518,2026-05-05,rent,departamento,Asunción,Las Mercedes,Asunción,,34,land,1,3500000,PYG,563.85,3500000,PYG,563.85,6207.295,17,0,1,0,1,1,1,,remax,143096050-15
3173,2026-05-05,sale,casa,"Hernandarias, Alto Paraná",,Alto Paraná,Hernandarias,300,built,4,350000,USD,350000,1952000000,PYG,314468.7,6207.295,1048,-10.152,0,0,1,1,0,cross-currency,remax,114001022-213
3415,2026-05-05,sale,deposito,"Mariano Roque Alonso, Central",,Central,Mariano Roque Alonso,768,built,,1600000000,PYG,257761.23,1520000000,PYG,244873.17,6207.295,319,-5,0,1,1,1,1,,remax,143036096-42
3443,2026-05-05,rent,casa,"Santa Rita, Alto Paraná",,Alto Paraná,,231,built,3,6500000,PYG,1047.16,5000000,PYG,805.5,6207.295,3,-23.078,0,1,1,1,1,,remax,143065033-13
3494,2026-05-05,sale,otro,Asunción,Las Mercedes,Asunción,,,,,15000,USD,15000,91500000,PYG,14740.72,6207.295,,-1.729,0,0,2,0,0,cross-currency,remax,143072073-138
3518,2026-05-05,rent,departamento,"Fernando de la Mora, Central",,Central,Fernando de la Mora,50,land,2,1400000,PYG,225.54,1400000,PYG,225.54,6207.295,5,0,1,0,1,1,1,,remax,143095011-45
3793,2026-05-05,rent,casa,"Mariano Roque Alonso, Central",,Central,Mariano Roque Alonso,250,built,4,7000000,PYG,1127.71,6900000,PYG,1111.6,6207.295,4,-1.429,0,1,1,1,1,,remax,143046007-171
89198,2026-05-05,sale,departamento,Asunción,Recoleta,Asunción,,3000,land,2,135000,USD,135000,820800000,PYG,132231.51,6207.295,44,-2.051,0,0,1,1,0,cross-currency,remax,143056033-236
155,2026-05-06,sale,edificio,"Fernando de la Mora, Central",,Central,Fernando de la Mora,76,land,2,124250,USD,124250,770350000,PYG,123259.35,6249.83,1629,-0.797,0,0,1,1,0,cross-currency,remax,143009002-204
2493,2026-05-06,sale,edificio,"Fernando de la Mora, Central",,Central,Fernando de la Mora,46,land,1,79100,USD,79100,490420000,PYG,78469.33,6249.83,1691,-0.797,0,0,1,1,0,cross-currency,remax,143009002-206
2908,2026-05-06,sale,otro,"Piribebuy, Cordillera",,Cordillera,,120,built,5,1750000000,PYG,280007.62,1200000000,PYG,192005.22,6249.83,1600,-31.429,0,1,1,1,1,,remax,143080040-125
3533,2026-05-06,rent,casa,"Encarnación, Itapúa",,Itapúa,Encarnación,160,built,3,3500000,PYG,560.02,3500000,PYG,560.02,6249.83,4,0,1,0,1,1,1,,remax,143011030-248
426,2026-05-07,sale,departamento,"Ciudad del Este, Alto Paraná",,Alto Paraná,Ciudad del Este,100,land,3,139403,USD,139403,858572226,PYG,139123.29,6171.305,1391,-0.201,0,0,1,1,0,cross-currency,remax,143099027-55
646,2026-05-07,rent,departamento,"Encarnación, Itapúa",,Itapúa,Encarnación,88,land,2,4500000,PYG,729.18,4500000,PYG,729.18,6171.305,8,0,1,0,2,1,1,,remax,143011003-464
678,2026-05-07,sale,terreno,"Piribebuy, Cordillera",,Cordillera,,25,built,1,230000000,PYG,37269.26,230000000,PYG,37269.26,6171.305,1491,0,1,0,1,1,1,,remax,143036096-41
763,2026-05-07,rent,duplex,"Fernando de la Mora, Central",,Central,Fernando de la Mora,91,built,3,3000000,PYG,486.12,3000000,PYG,486.12,6171.305,5,0,1,0,1,1,1,,remax,143025205-15
924,2026-05-07,sale,edificio,"Fernando de la Mora, Central",,Central,Fernando de la Mora,76,land,2,128050,USD,128050,793910000,PYG,128645.4,6171.305,1701,0.465,0,0,1,1,0,cross-currency,remax,143009002-205
2093,2026-05-07,rent,edificio,"Santa Rita, Alto Paraná",,Alto Paraná,,82,land,,1500000,PYG,243.06,1500000,PYG,243.06,6171.305,3,0,1,0,1,1,1,,remax,143065026-215
2336,2026-05-07,rent,departamento,Asunción,Herrera,Asunción,,57,built,1,3800000,PYG,615.75,3800000,PYG,615.75,6171.305,11,0,1,0,1,1,1,,remax,143096062-1
2440,2026-05-07,rent,departamento,"Encarnación, Itapúa",,Itapúa,Encarnación,85,land,2,4500000,PYG,729.18,4500000,PYG,729.18,6171.305,9,0,1,0,2,0,0,second record of one deal,remax,143011003-463
2714,2026-05-07,sale,departamento,Asunción,Las Lomas (Carmelitas),Asunción,,88,built,2,140000,USD,140000,759000000,PYG,122988.57,6171.305,1398,-12.151,0,0,1,1,0,cross-currency,remax,143063080-145
2793,2026-05-07,sale,edificio,"Fernando de la Mora, Central",,Central,Fernando de la Mora,46,land,1,76600,USD,76600,474920000,PYG,76956.17,6171.305,1659,0.465,0,0,1,1,0,cross-currency,remax,143009002-203
2947,2026-05-07,sale,departamento,Asunción,Sajonia,Asunción,,70,land,2,270000000,PYG,43750.88,270000000,PYG,43750.88,6171.305,625,0,1,0,1,1,1,,remax,143061091-8
3527,2026-05-07,sale,casa,"San Lorenzo, Central",,Central,San Lorenzo,60,built,2,300000000,PYG,48612.08,250000000,PYG,40510.07,6171.305,675,-16.667,0,1,1,1,1,,remax,143072035-89
4314,2026-05-07,rent,departamento,"Encarnación, Itapúa",,Itapúa,Encarnación,70,built,2,2450000,PYG,397,2450000,PYG,397,6171.305,6,0,1,0,1,1,1,,remax,143085019-554
310735,2026-05-07,sale,terreno,"San Bernardino, Cordillera",,Cordillera,San Bernardino,,,,795000000,PYG,128822.02,650000000,PYG,105326.18,6171.305,,-18.239,0,1,1,1,1,,remax,143098018-49
182,2026-05-08,sale,terreno,"Ciudad del Este, Alto Paraná",,Alto Paraná,Ciudad del Este,70,built,,650000000,PYG,105683.5,550000000,PYG,89424.5,6150.44,1277,-15.385,0,1,1,1,1,,remax,143050006-115
1304,2026-05-08,sale,terreno,"San Juan del Paraná, Itapúa",,Itapúa,San Juan del Paraná,,,,78000000,PYG,12682.02,78000000,PYG,12682.02,6150.44,,0,1,0,1,1,1,,remax,143011080-68
1503,2026-05-08,rent,departamento,"Limpio, Central",,Central,Limpio,360,land,1,1000000,PYG,162.59,1100000,PYG,178.85,6150.44,0,10.001,0,0,1,1,1,,remax,143025144-58
1509,2026-05-08,sale,casa,"Ciudad del Este, Alto Paraná",,Alto Paraná,Ciudad del Este,150,built,2,385000000,PYG,62597.15,385000000,PYG,62597.15,6150.44,417,0,1,0,1,1,1,,remax,143099023-38
1950,2026-05-08,rent,departamento,Asunción,Recoleta,Asunción,,44,land,,4000000,PYG,650.36,4000000,PYG,650.36,6150.44,15,0,1,0,1,1,1,,remax,143056054-76
2017,2026-05-08,sale,departamento,Asunción,Recoleta,Asunción,,69,land,1,91158.08,USD,91158.08,560410705,PYG,91117.17,6150.44,1321,-0.045,0,0,1,1,0,cross-currency,remax,143063241-3
2317,2026-05-08,sale,terreno,"Encarnación, Itapúa",,Itapúa,Encarnación,689,land,,387000000,PYG,62922.33,300000000,PYG,48777,6150.44,71,-22.481,0,1,1,1,1,,remax,143085019-423
2325,2026-05-08,rent,departamento,"Ciudad del Este, Alto Paraná",,Alto Paraná,Ciudad del Este,48,land,1,2000000,PYG,325.18,1800000,PYG,292.66,6150.44,6,-10.001,0,1,1,1,1,,remax,114001103-10
3009,2026-05-08,sale,casa,"Caacupé, Cordillera",,Cordillera,Caacupé,90,built,2,230000000,PYG,37395.7,230000000,PYG,37395.7,6150.44,416,0,1,0,1,1,1,,remax,143094043-30
3134,2026-05-08,rent,local,"Luque, Central",,Central,Luque,,,,8400000,PYG,1365.76,8400000,PYG,1365.76,6150.44,,0,1,0,1,1,1,,remax,143098031-64
3819,2026-05-08,rent,casa,"Ñemby, Central",,Central,Ñemby,120,built,3,3500000,PYG,569.06,3500000,PYG,569.06,6150.44,5,0,1,0,1,1,1,,remax,143025205-14
218824,2026-05-08,sale,departamento,"Fernando de la Mora, Central",,Central,Fernando de la Mora,410,land,2,390000000,PYG,63410.1,390000000,PYG,63410.1,6150.44,155,0,1,0,1,1,1,,remax,143071092-18
791,2026-05-09,sale,terreno,"Ciudad del Este, Alto Paraná",,Alto Paraná,Ciudad del Este,450,land,,47000,USD,47000,269500000,PYG,43818,6150.44,97,-6.77,0,0,1,1,0,cross-currency,remax,143099012-34
1041,2026-05-09,sale,terreno,"Villa Hayes, Presidente Hayes",,Presidente Hayes,Villa Hayes,,,,24662,USD,24662,150561510,PYG,24479.79,6150.44,,-0.739,0,0,1,1,0,cross-currency,remax,143025238-16
1073,2026-05-09,rent,otro,"Ñemby, Central",,Central,Ñemby,1080,built,1,1350000,PYG,219.5,1300000,PYG,211.37,6150.44,0,-3.704,0,1,1,1,1,,remax,143021018-168
3046,2026-05-09,rent,local,"Luque, Central",,Central,Luque,39,built,,2800000,PYG,455.25,2650000,PYG,430.86,6150.44,11,-5.357,0,1,2,1,1,,remax,143084041-54
3628,2026-05-09,rent,departamento,"Ciudad del Este, Alto Paraná",,Alto Paraná,Ciudad del Este,64,land,1,800,USD,800,4867000,PYG,791.33,6150.44,12,-1.084,0,0,1,1,0,cross-currency,remax,143099027-54
3902,2026-05-09,rent,duplex,"San Lorenzo, Central",,Central,San Lorenzo,100,built,2,2500000,PYG,406.47,2500000,PYG,406.47,6150.44,4,0,1,0,1,1,1,,remax,143036040-211
4414,2026-05-09,rent,local,"Luque, Central",,Central,Luque,39,built,,2800000,PYG,455.25,2650000,PYG,430.86,6150.44,11,-5.357,0,1,2,0,0,second record of one deal,remax,143084041-53
76,2026-05-10,rent,local,"Villa Elisa, Central",,Central,Villa Elisa,90,built,,5000000,PYG,812.95,3300000,PYG,536.55,6150.44,6,-34,0,1,1,1,1,,remax,143063062-46
264,2026-05-11,rent,local,"San Lorenzo, Central",,Central,San Lorenzo,108,built,,5250000,PYG,860.06,5250000,PYG,860.06,6104.23,8,0,1,0,1,1,1,,remax,143014125-316
517,2026-05-11,rent,departamento,Asunción,Las Lomas (Carmelitas),Asunción,,90,land,2,1500,USD,1500,9221000,PYG,1510.59,6104.23,17,0.706,0,0,1,1,0,cross-currency,remax,143056056-63
919,2026-05-11,rent,local,"San Lorenzo, Central",,Central,San Lorenzo,108,built,,5250000,PYG,860.06,5250000,PYG,860.06,6104.23,8,0,1,0,1,1,1,,remax,143098128-316
1663,2026-05-11,sale,terreno,Asunción,Mburicaó,Asunción,,,,,390000,USD,390000,2205000000,PYG,361224.92,6104.23,,-7.378,0,0,1,1,0,cross-currency,remax,143063051-328
2914,2026-05-11,rent,duplex,"Fernando de la Mora, Central",,Central,Fernando de la Mora,101,built,3,3500000,PYG,573.37,3500000,PYG,573.37,6104.23,6,0,1,0,1,1,1,,remax,143054077-73
3322,2026-05-11,rent,departamento,Asunción,Recoleta,Asunción,,42,land,1,4500000,PYG,737.19,4500000,PYG,737.19,6104.23,18,0,1,0,1,1,1,,remax,143028010-208
3440,2026-05-11,sale,terreno,"San Lorenzo, Central",,Central,San Lorenzo,,,,530000000,PYG,86825.04,460000000,PYG,75357.58,6104.23,,-13.208,0,1,1,1,1,,remax,143080002-365
3771,2026-05-11,rent,casa,"Filadelfia, Boquerón",,Boquerón,,270,built,2,4500000,PYG,737.19,4500000,PYG,737.19,6104.23,3,0,1,0,1,1,1,,remax,143102004-19
4103,2026-05-11,sale,casa,"San Lorenzo, Central",,Central,San Lorenzo,120,built,2,280000000,PYG,45869.83,250000000,PYG,40955.21,6104.23,341,-10.714,0,1,1,1,1,,remax,143071082-8
91876,2026-05-11,sale,departamento,Asunción,Recoleta,Asunción,,3000,land,1,93500,USD,93500,568480000,PYG,93128.86,6104.23,31,-0.397,0,0,1,1,0,cross-currency,remax,143056033-238
272651,2026-05-11,sale,casa,Asunción,Madame Lynch,Asunción,,353,built,5,5000000000,PYG,819104.13,3890706050,PYG,637378.68,6104.23,1806,-22.186,0,1,1,1,1,,remax,143098027-80
1021,2026-05-12,rent,casa,Asunción,Sajonia,Asunción,,260,built,4,4500000,PYG,735.86,4500000,PYG,735.86,6115.325,3,0,1,0,1,1,1,,remax,143028083-5
1151,2026-05-12,sale,casa,Asunción,Madame Lynch,Asunción,,360,built,5,309000,USD,309000,1621890000,PYG,265217.3,6115.325,737,-14.169,0,0,1,1,0,cross-currency,remax,143014166-20
1623,2026-05-12,rent,duplex,"Encarnación, Itapúa",,Itapúa,Encarnación,79,built,2,3000000,PYG,490.57,3000000,PYG,490.57,6115.325,6,0,1,0,1,1,1,,remax,143085019-561
2101,2026-05-12,sale,terreno,"Hernandarias, Alto Paraná",,Alto Paraná,Hernandarias,,,,403000000,PYG,65900.01,403000000,PYG,65900.01,6115.325,,0,1,0,1,1,1,,remax,143050150-53
2303,2026-05-12,rent,departamento,Asunción,Sajonia,Asunción,,36,land,1,1750000,PYG,286.17,1700000,PYG,277.99,6115.325,8,-2.858,0,1,1,1,1,,remax,143061068-47
3733,2026-05-12,rent,departamento,Asunción,Ycuá Satí,Asunción,,20,land,4,1800,USD,1800,1800,USD,1800,6115.325,90,0,1,0,1,1,1,,remax,143098074-16
3741,2026-05-12,sale,casa,Asunción,Madame Lynch,Asunción,,360,built,5,309000,USD,309000,1621890000,PYG,265217.3,6115.325,737,-14.169,0,0,1,1,0,cross-currency,remax,143098119-2
3903,2026-05-12,sale,departamento,"Fernando de la Mora, Central",,Central,Fernando de la Mora,63,land,2,66500,USD,66500,504000000,PYG,82415.9,6115.325,1308,23.934,0,0,1,1,0,cross-currency,remax,143056054-17
238,2026-05-13,sale,casa,Asunción,Santísima Trinidad,Asunción,,280,built,3,350000,USD,350000,2170000000,PYG,356110.75,6093.61,1272,1.746,0,0,1,1,0,cross-currency,remax,143098011-313
377,2026-05-13,sale,terreno,"Caacupé, Cordillera",,Cordillera,Caacupé,376,land,,95000000,PYG,15590.1,87500000,PYG,14359.3,6093.61,38,-7.895,0,1,2,1,1,,remax,143106015-2
984,2026-05-13,rent,otro,"Minga Guazú, Alto Paraná",,Alto Paraná,Minga Guazú,,,,6000000,PYG,984.64,6000000,PYG,984.64,6093.61,,0,1,0,1,1,1,,remax,143050128-53
1200,2026-05-13,sale,terreno,"San Lorenzo, Central",,Central,San Lorenzo,393,land,,220000000,PYG,36103.39,210000000,PYG,34462.33,6093.61,88,-4.545,0,1,1,1,1,,remax,143025146-72
1290,2026-05-13,sale,terreno,"Luque, Central",,Central,Luque,288,land,,270000000,PYG,44308.71,270000000,PYG,44308.71,6093.61,154,0,1,0,1,1,1,,remax,143037122-79
1592,2026-05-13,sale,casa,"Luque, Central",,Central,Luque,130,built,3,570000000,PYG,93540.61,550000000,PYG,90258.48,6093.61,694,-3.509,0,1,1,1,1,,remax,143071054-514
1945,2026-05-13,rent,casa,"Luque, Central",,Central,Luque,70,built,2,2500000,PYG,410.27,2500000,PYG,410.27,6093.61,6,0,1,0,1,1,1,,remax,143019021-115
2174,2026-05-13,sale,terreno,"Luque, Central",,Central,Luque,,,,330000000,PYG,54155.09,310000000,PYG,50872.96,6093.61,,-6.061,0,1,1,1,1,,remax,143080055-113
2434,2026-05-13,rent,departamento,"Fernando de la Mora, Central",,Central,Fernando de la Mora,360,land,,1400000,PYG,229.75,1400000,PYG,229.75,6093.61,1,0,1,0,1,1,1,,remax,143109004-6
2591,2026-05-13,sale,casa,"Ciudad del Este, Alto Paraná",,Alto Paraná,Ciudad del Este,130,built,3,380000000,PYG,62360.41,380000000,PYG,62360.41,6093.61,480,0,1,0,1,1,1,,remax,143050002-180
2679,2026-05-13,sale,departamento,Asunción,San Jorge,Asunción,,69,land,1,140000,USD,140000,671000000,PYG,110115.35,6093.61,1586,-21.346,0,0,1,1,0,cross-currency,remax,143063204-68
2700,2026-05-13,sale,terreno,"Caacupé, Cordillera",,Cordillera,Caacupé,377,land,,95000000,PYG,15590.1,87500000,PYG,14359.3,6093.61,38,-7.895,0,1,2,0,0,second record of one deal,remax,143106015-3
3235,2026-05-13,rent,casa,"Santa Rita, Alto Paraná",,Alto Paraná,,67,built,2,1850000,PYG,303.6,1850000,PYG,303.6,6093.61,5,0,1,0,1,1,1,,remax,143065021-186
3345,2026-05-13,sale,terreno,"Hernandarias, Alto Paraná",,Alto Paraná,Hernandarias,,,,180000,USD,180000,1037000000,PYG,170178.27,6093.61,,-5.457,0,0,1,1,0,cross-currency,remax,143050002-227
3511,2026-05-13,rent,departamento,"Ñemby, Central",,Central,Ñemby,48,built,1,1300000,PYG,213.34,1300000,PYG,213.34,6093.61,4,0,1,0,1,1,1,,remax,143019021-117
3730,2026-05-13,rent,casa,"Limpio, Central",,Central,Limpio,180,built,2,3000000,PYG,492.32,3000000,PYG,492.32,6093.61,3,0,1,0,1,1,1,,remax,143001133-32
3935,2026-05-13,rent,local,"Ciudad del Este, Alto Paraná",,Alto Paraná,Ciudad del Este,30,built,,3000000,PYG,492.32,3000000,PYG,492.32,6093.61,16,0,1,0,1,1,1,,remax,143050121-25
3988,2026-05-13,sale,terreno,"Ciudad del Este, Alto Paraná",,Alto Paraná,Ciudad del Este,,,,160000,USD,160000,140000,USD,140000,6093.61,,-12.5,0,1,1,1,1,,remax,143050132-38
4464,2026-05-13,rent,deposito,"Luque, Central",,Central,Luque,525,built,,15000000,PYG,2461.6,15000000,PYG,2461.6,6093.61,5,0,1,0,1,1,1,,remax,143019021-108
4509,2026-05-13,rent,otro,Asunción,Dr. Francia,Asunción,,264,built,,3300000,PYG,541.55,3000000,PYG,492.32,6093.61,2,-9.091,0,1,1,1,1,,remax,143097041-9
1568,2026-05-14,rent,duplex,"San Lorenzo, Central",,Central,San Lorenzo,241,built,,5500000,PYG,902.58,5500000,PYG,902.58,6093.61,4,0,1,0,1,1,1,,remax,143112002-25
4213,2026-05-14,sale,departamento,Asunción,Carmelitas,Asunción,,113,land,2,199950,USD,199950,1230715500,PYG,201968.21,6093.61,1787,1.009,0,0,1,1,0,cross-currency,remax,143036045-129
189,2026-05-15,sale,terreno,"Lambaré, Central",,Central,Lambaré,360,land,,420000000,PYG,68924.66,380000000,PYG,62360.41,6093.61,173,-9.524,0,1,1,1,1,,remax,143068021-13
2597,2026-05-15,rent,departamento,Asunción,Mburicaó,Asunción,,60,land,2,2500000,PYG,410.27,2500000,PYG,410.27,6093.61,7,0,1,0,1,1,1,,remax,143025151-92
4318,2026-05-15,rent,departamento,Asunción,Ycuá Satí,Asunción,,168,land,3,2800,USD,2800,15250000,PYG,2502.62,6093.61,15,-10.621,0,0,1,1,0,cross-currency,remax,143038058-27
4394,2026-05-15,rent,departamento,"Ciudad del Este, Alto Paraná",,Alto Paraná,Ciudad del Este,22,built,1,2500000,PYG,410.27,2500000,PYG,410.27,6093.61,19,0,1,0,1,1,1,,remax,143107014-28
918,2026-05-16,rent,duplex,Asunción,Santa María,Asunción,,125,built,3,8000000,PYG,1312.85,7015000,PYG,1151.21,6093.61,9,-12.312,0,1,1,1,1,,remax,143092075-3
2119,2026-05-16,rent,departamento,"Luque, Central",,Central,Luque,48,land,2,3000000,PYG,492.32,3000000,PYG,492.32,6093.61,10,0,1,0,1,1,1,,remax,143056031-689
2177,2026-05-16,rent,local,"San Lorenzo, Central",,Central,San Lorenzo,64,land,,2500000,PYG,410.27,2500000,PYG,410.27,6093.61,6,0,1,0,1,1,1,,remax,143095039-1
3143,2026-05-16,sale,terreno,"San Bernardino, Cordillera",,Cordillera,San Bernardino,918,land,,239200000,PYG,39254.24,234000000,PYG,38400.88,6093.61,42,-2.174,0,1,1,1,1,,remax,143098026-16
3727,2026-05-16,sale,casa,"Ciudad del Este, Alto Paraná",,Alto Paraná,Ciudad del Este,27,built,,550000000,PYG,90258.48,380000000,PYG,62360.41,6093.61,2310,-30.909,0,1,1,1,1,,remax,143050081-133
3870,2026-05-16,rent,casa,"Areguá, Central",,Central,Areguá,80,built,3,2500000,PYG,410.27,2500000,PYG,410.27,6093.61,5,0,1,0,1,1,1,,remax,143019044-122
1494,2026-05-17,sale,departamento,Asunción,Carmelitas,Asunción,,81,land,2,154450,USD,154450,917745000,PYG,150607.77,6093.61,1859,-2.488,0,0,1,1,0,cross-currency,remax,143036045-143
380,2026-05-18,sale,departamento,Asunción,Las Lomas (Carmelitas),Asunción,,64,land,1,70000,USD,70000,427000000,PYG,69722.48,6124.28,1089,-0.396,0,0,1,1,0,cross-currency,remax,143072119-91
622,2026-05-18,rent,otro,"Capitán Miranda, Itapúa",,Itapúa,Capitán Miranda,50,built,1,1800000,PYG,293.91,1800000,PYG,293.91,6124.28,6,0,1,0,1,1,1,,remax,143085033-138
1391,2026-05-18,sale,local,"Encarnación, Itapúa",,Itapúa,Encarnación,,,,800000,USD,800000,4904800000,PYG,800877.82,6124.28,,0.11,0,0,1,1,0,cross-currency,remax,143011043-247
1666,2026-05-18,sale,terreno,Asunción,Ycuá Satí,Asunción,,480,land,,240000,USD,240000,1348820000,PYG,220241.4,6124.28,459,-8.233,0,0,1,1,0,cross-currency,remax,143098088-10
2106,2026-05-18,rent,casa,Asunción,Las Lomas (Carmelitas),Asunción,,130,built,1,3000000,PYG,489.85,3000000,PYG,489.85,6124.28,4,0,1,0,1,1,1,,remax,143098023-38
2333,2026-05-18,rent,casa,"Santa Rita, Alto Paraná",,Alto Paraná,,128,built,3,2000000,PYG,326.57,2000000,PYG,326.57,6124.28,3,0,1,0,1,1,1,,remax,143065033-16
2622,2026-05-18,sale,terreno,"Luque, Central",,Central,Luque,,,,270000000,PYG,44086.82,270000000,PYG,44086.82,6124.28,,0,1,0,1,1,1,,remax,143080114-47
2877,2026-05-18,sale,terreno,Asunción,Villa Aurelia,Asunción,,360,land,,880000000,PYG,143690.36,845000000,PYG,137975.4,6124.28,383,-3.977,0,1,1,1,1,,remax,143025091-116
2995,2026-05-18,sale,departamento,"Encarnación, Itapúa",,Itapúa,Encarnación,33,land,1,63800,USD,63800,395560000,PYG,64588.82,6124.28,1957,1.236,0,0,1,1,0,cross-currency,remax,143098009-718
3219,2026-05-18,sale,terreno,"Ciudad del Este, Alto Paraná",,Alto Paraná,Ciudad del Este,,,,45000,USD,45000,276750000,PYG,45188.99,6124.28,,0.42,0,0,1,1,0,cross-currency,remax,143099006-122
3506,2026-05-18,rent,casa,"Fernando de la Mora, Central",,Central,Fernando de la Mora,300,built,3,3800000,PYG,620.48,3800000,PYG,620.48,6124.28,2,0,1,0,1,1,1,,remax,143068037-105
4133,2026-05-18,sale,departamento,Asunción,Loma Pytá,Asunción,,32,built,1,45331,USD,45331,40000,USD,40000,6124.28,1250,-11.76,0,1,1,1,1,,remax,143025194-8
4230,2026-05-18,sale,terreno,"Filadelfia, Boquerón",,Boquerón,,,,,46000000,PYG,7511.09,46000000,PYG,7511.09,6124.28,,0,1,0,1,1,1,,remax,143102003-4
4247,2026-05-18,sale,terreno,"San Bernardino, Cordillera",,Cordillera,San Bernardino,819,land,,200000000,PYG,32656.9,200000000,PYG,32656.9,6124.28,40,0,1,0,1,1,1,,remax,143098067-29
4376,2026-05-18,rent,duplex,"Villa Elisa, Central",,Central,Villa Elisa,98,land,2,2500000,PYG,408.21,2500000,PYG,408.21,6124.28,4,0,1,0,1,1,1,,remax,143080232-5
4421,2026-05-18,rent,casa,Asunción,Villa Aurelia,Asunción,,60,built,1,2900000,PYG,473.53,2600000,PYG,424.54,6124.28,7,-10.346,0,1,1,1,1,,remax,143036051-221
4528,2026-05-18,sale,departamento,"Ciudad del Este, Alto Paraná",,Alto Paraná,Ciudad del Este,29,land,1,55700,USD,55700,339770000,PYG,55479.17,6124.28,1913,-0.396,0,0,1,1,0,cross-currency,remax,143050056-198
312124,2026-05-18,sale,casa,"San Lorenzo, Central",,Central,San Lorenzo,200,built,3,795000000,PYG,129811.18,750000000,PYG,122463.38,6124.28,612,-5.66,0,1,1,1,1,,remax,143092086-1
312162,2026-05-18,rent,duplex,"Santa Rita, Alto Paraná",,Alto Paraná,,441,land,1,2500000,PYG,408.21,2500000,PYG,408.21,6124.28,1,0,1,0,1,1,1,,remax,143065040-36
58,2026-05-19,rent,casa,Asunción,Herrera,Asunción,,150,built,3,9500000,PYG,1541.91,9500000,PYG,1541.91,6161.19,10,0,1,0,1,1,1,,remax,143063132-96
206,2026-05-19,sale,duplex,"Cambyretá, Itapúa",,Itapúa,Cambyretá,128,built,3,490000000,PYG,79530.09,490400000,PYG,79595.01,6161.19,622,0.082,0,0,1,1,1,,remax,143032061-137
1254,2026-05-19,sale,casa,Asunción,Villa Aurelia,Asunción,,300,built,3,320000,USD,320000,1713600000,PYG,278128.09,6161.19,927,-13.085,0,0,1,1,0,cross-currency,remax,143038002-127
1609,2026-05-19,rent,departamento,"Fernando de la Mora, Central",,Central,Fernando de la Mora,84,land,2,2800000,PYG,454.46,2800000,PYG,454.46,6161.19,5,0,1,0,1,1,1,,remax,143036160-1
3062,2026-05-19,rent,duplex,"San Lorenzo, Central",,Central,San Lorenzo,149,built,3,5200000,PYG,843.99,5000000,PYG,811.53,6161.19,5,-3.846,0,1,1,1,1,,remax,143109004-3
3270,2026-05-19,rent,departamento,Asunción,San Vicente,Asunción,,58,built,2,4000000,PYG,649.23,4000000,PYG,649.23,6161.19,11,0,1,0,1,1,1,,remax,143068006-167
3503,2026-05-19,rent,casa,"Ciudad del Este, Alto Paraná",,Alto Paraná,Ciudad del Este,198,built,3,3500000,PYG,568.07,3500000,PYG,568.07,6161.19,3,0,1,0,1,1,1,,remax,143050128-64
3908,2026-05-19,rent,casa,"Capiatá, Central",,Central,Capiatá,68,built,1,2000000,PYG,324.61,2000000,PYG,324.61,6161.19,5,0,1,0,1,1,1,,remax,114006098-6
4217,2026-05-19,sale,departamento,Asunción,Ycuá Satí,Asunción,,48,land,1,125000,USD,125000,760000000,PYG,123352.79,6161.19,2570,-1.318,0,0,1,1,0,cross-currency,remax,143056031-769
4262,2026-05-19,sale,casa,"Ypané, Central",,Central,Ypané,60,built,2,165000000,PYG,26780.54,165000000,PYG,26780.54,6161.19,446,0,1,0,1,1,1,,remax,143001160-33
4274,2026-05-19,sale,terreno,"Capiatá, Central",,Central,Capiatá,,,,350000000,PYG,56807.21,220000000,PYG,35707.39,6161.19,,-37.143,0,1,1,1,1,,remax,143096013-38
4308,2026-05-19,rent,oficina,"Ciudad del Este, Alto Paraná",,Alto Paraná,Ciudad del Este,,,,2200000,PYG,357.07,2200000,PYG,357.07,6161.19,,0,1,0,1,1,1,,remax,143050055-131
4492,2026-05-19,rent,departamento,"Luque, Central",,Central,Luque,80,built,2,1900000,PYG,308.38,1900000,PYG,308.38,6161.19,4,0,1,0,1,1,1,,remax,143068037-110
209,2026-05-20,rent,departamento,Asunción,Recoleta,Asunción,,800,land,1,800,USD,800,4800000,PYG,777.99,6169.755,1,-2.751,0,0,1,1,0,cross-currency,remax,143056033-234
338,2026-05-20,sale,terreno,"Lambaré, Central",,Central,Lambaré,448,land,,550000000,PYG,89144.54,550000000,PYG,89144.54,6169.755,199,0,1,0,1,1,1,,remax,143036116-24
1622,2026-05-20,rent,departamento,"Fernando de la Mora, Central",,Central,Fernando de la Mora,33,land,,2400000,PYG,388.99,2400000,PYG,388.99,6169.755,12,0,1,0,1,1,1,,remax,143097001-119
1825,2026-05-20,rent,terreno,"Fernando de la Mora, Central",,Central,Fernando de la Mora,2185,land,,4000000,PYG,648.32,4000000,PYG,648.32,6169.755,0,0,1,0,1,1,1,,remax,143014052-65
1971,2026-05-20,sale,casa,"Santa Rita, Alto Paraná",,Alto Paraná,,160,built,3,38000,USD,38000,234783000,PYG,38053.86,6169.755,238,0.142,0,0,1,1,0,cross-currency,remax,143065021-158
2142,2026-05-20,sale,departamento,Asunción,Las Lomas (Carmelitas),Asunción,,106,land,2,235000,USD,235000,1357400000,PYG,220008.74,6169.755,2076,-6.379,0,0,1,1,0,cross-currency,remax,143098038-22
2178,2026-05-20,sale,terreno,Asunción,Mburucuyá,Asunción,,,,,1500000,USD,1500000,6965103600,PYG,1128910.89,6169.755,,-24.739,0,0,1,1,0,cross-currency,remax,143036152-8
2542,2026-05-20,rent,departamento,"Encarnación, Itapúa",,Itapúa,Encarnación,51,land,1,2500000,PYG,405.2,2500000,PYG,405.2,6169.755,8,0,1,0,1,1,1,,remax,143011007-2195
3140,2026-05-20,sale,terreno,"Piribebuy, Cordillera",,Cordillera,,430000,land,,200000,USD,200000,170000,USD,170000,6169.755,0,-15,0,1,1,1,1,,remax,143094053-11
3314,2026-05-20,sale,departamento,Asunción,Recoleta,Asunción,,,,1,104300,USD,104300,646660000,PYG,104811.29,6169.755,,0.49,0,0,1,1,0,cross-currency,remax,143056032-282
3514,2026-05-20,rent,departamento,"Encarnación, Itapúa",,Itapúa,Encarnación,120,built,3,2500000,PYG,405.2,2500000,PYG,405.2,6169.755,3,0,1,0,1,1,1,,remax,143011043-251
3934,2026-05-20,sale,casa,"Loma Plata, Boquerón",,Boquerón,,1647,built,3,450000000,PYG,72936.45,425000000,PYG,68884.42,6169.755,42,-5.556,0,1,1,1,1,,remax,143078001-168
4200,2026-05-20,rent,deposito,"Itauguá, Central",,Central,Itauguá,300,built,,4000000,PYG,648.32,4000000,PYG,648.32,6169.755,2,0,1,0,1,1,1,,remax,143080127-66
4228,2026-05-20,sale,departamento,Asunción,Virgen de la Asunción,Asunción,,63,land,1,134500,USD,134500,833900000,PYG,135159.34,6169.755,2162,0.49,0,0,1,1,0,cross-currency,remax,143098031-54
399580,2026-05-20,sale,casa,"Lambaré, Central",,Central,Lambaré,262,built,4,145000,USD,145000,6960000000,PYG,1128083.69,6169.755,4306,677.989,0,0,1,1,0,cross-currency,remax,143063075-41
1403,2026-05-21,rent,departamento,Asunción,Las Mercedes,Asunción,,67,land,1,800,USD,800,4870400,PYG,800.09,6087.35,12,0.011,0,0,1,1,0,cross-currency,remax,143096050-14
1720,2026-05-21,sale,terreno,"Areguá, Central",,Central,Areguá,377,land,,75000000,PYG,12320.63,60000000,PYG,9856.51,6087.35,26,-20,0,1,2,1,1,,remax,143061080-60
1746,2026-05-21,sale,terreno,"Ñemby, Central",,Central,Ñemby,360,land,,185000000,PYG,30390.89,175000000,PYG,28748.14,6087.35,80,-5.405,0,1,1,1,1,,remax,143025152-52
2270,2026-05-21,sale,terreno,"Villa Elisa, Central",,Central,Villa Elisa,600,land,,220000000,PYG,36140.52,210000000,PYG,34497.77,6087.35,57,-4.545,0,1,1,1,1,,remax,143063091-43
2321,2026-05-21,sale,departamento,"San Lorenzo, Central",,Central,San Lorenzo,35,built,1,250000000,PYG,41068.77,240000000,PYG,39426.02,6087.35,1143,-4,0,1,1,1,1,,remax,143009135-75
2487,2026-05-21,rent,departamento,Asunción,Carmelitas,Asunción,,40,land,1,750,USD,750,4650000,PYG,763.88,6087.35,19,1.851,0,0,1,1,0,cross-currency,remax,143056054-78
2599,2026-05-21,sale,casa,"Ciudad del Este, Alto Paraná",,Alto Paraná,Ciudad del Este,220,built,3,350000000,PYG,57496.28,330000000,PYG,54210.78,6087.35,246,-5.714,0,1,1,1,1,,remax,143099012-40
3557,2026-05-21,sale,terreno,Asunción,San Roque,Asunción,,,,,445000000,PYG,73102.42,380000000,PYG,62424.54,6087.35,,-14.607,0,1,1,1,1,,remax,143063130-78
3949,2026-05-21,rent,duplex,Asunción,Mburucuyá,Asunción,,210,built,3,10000000,PYG,1642.75,9975000,PYG,1638.64,6087.35,8,-0.25,0,1,1,1,1,,remax,143046046-139
4272,2026-05-21,sale,edificio,"Lambaré, Central",,Central,Lambaré,590,built,,280000,USD,280000,1596400000,PYG,262248.76,6087.35,444,-6.34,0,0,1,1,0,cross-currency,remax,143026188-68
4371,2026-05-21,sale,terreno,"Areguá, Central",,Central,Areguá,374,land,,75000000,PYG,12320.63,60000000,PYG,9856.51,6087.35,26,-20,0,1,2,0,0,second record of one deal,remax,143061080-59
284,2026-05-22,rent,departamento,"Encarnación, Itapúa",,Itapúa,Encarnación,80,land,2,3700000,PYG,596.77,3700000,PYG,596.77,6200.085,7,0,1,0,1,1,1,,remax,143032079-3
313,2026-05-22,sale,casa,Asunción,Mbocayaty,Asunción,,650,built,5,730000,USD,730000,4599000000,PYG,741764.02,6200.085,1141,1.612,0,0,1,1,0,cross-currency,remax,143063076-116
826,2026-05-22,rent,local,Asunción,Villa Morra,Asunción,,,,,4000000,PYG,645.15,4000000,PYG,645.15,6200.085,,0,1,0,1,1,1,,remax,143098067-28
1307,2026-05-22,sale,departamento,Asunción,Dr. Francia,Asunción,,48,land,1,68000,USD,68000,421600000,PYG,67999.07,6200.085,1417,-0.001,0,0,1,1,0,cross-currency,remax,143098011-326
1771,2026-05-22,rent,duplex,"Fernando de la Mora, Central",,Central,Fernando de la Mora,180,land,3,5000000,PYG,806.44,5000000,PYG,806.44,6200.085,4,0,1,0,1,1,1,,remax,114006111-18
2414,2026-05-22,sale,terreno,"Santa Rosa Del Monday, Alto Paraná",,Alto Paraná,,782,built,,45000,USD,45000,279045000,PYG,45006.64,6200.085,58,0.015,0,0,1,1,0,cross-currency,remax,143065032-28
2418,2026-05-22,sale,terreno,Asunción,Las Lomas (Carmelitas),Asunción,,600,land,,785000,USD,785000,785000,USD,785000,6200.085,1308,0,1,0,1,1,1,,remax,143068096-22
2515,2026-05-22,sale,departamento,Asunción,Carmelitas,Asunción,,31,land,1,80000,USD,80000,461250000,PYG,74394.14,6200.085,2400,-7.007,0,0,1,1,0,cross-currency,remax,143098088-11
2551,2026-05-22,rent,local,Asunción,General Díaz,Asunción,,,,,1500000,PYG,241.93,1500000,PYG,241.93,6200.085,,0,1,0,1,1,1,,remax,114006111-21
2865,2026-05-22,rent,departamento,"Itá, Central",,Central,Itá,75,built,2,2500000,PYG,403.22,2500000,PYG,403.22,6200.085,5,0,1,0,1,1,1,,remax,143080040-148
2982,2026-05-22,sale,oficina,Asunción,Virgen de Fátima,Asunción,,250,built,,550000000,PYG,88708.46,460000000,PYG,74192.53,6200.085,297,-16.364,0,1,1,1,1,,remax,143098067-18
3382,2026-05-22,rent,duplex,"Lambaré, Central",,Central,Lambaré,150,land,3,3300000,PYG,532.25,3000000,PYG,483.86,6200.085,3,-9.092,0,1,1,1,1,,remax,143019044-129
3430,2026-05-22,sale,deposito,"Itauguá, Central",,Central,Itauguá,975,built,,1955000000,PYG,315318.26,1920000000,PYG,309673.17,6200.085,318,-1.79,0,1,1,1,1,,remax,143096013-25
3488,2026-05-22,sale,departamento,Asunción,Villa Morra,Asunción,,40,land,2,159800,USD,159800,958800000,PYG,154643.04,6200.085,3866,-3.227,0,0,1,1,0,cross-currency,remax,143056031-771
3570,2026-05-22,sale,departamento,Asunción,Catedral,Asunción,,85,land,1,420000000,PYG,67741.01,420000000,PYG,67741.01,6200.085,797,0,1,0,1,1,1,,remax,143019099-12
3611,2026-05-22,sale,casa,"Capiatá, Central",,Central,Capiatá,65,built,2,280000000,PYG,45160.67,270000000,PYG,43547.79,6200.085,670,-3.571,0,1,1,1,1,,remax,143097013-32
3973,2026-05-22,rent,casa,"Limpio, Central",,Central,Limpio,80,built,2,2000000,PYG,322.58,2000000,PYG,322.58,6200.085,4,0,1,0,1,1,1,,remax,143025144-74
4094,2026-05-22,rent,casa,Asunción,Herrera,Asunción,,80,built,2,4000000,PYG,645.15,4000000,PYG,645.15,6200.085,8,0,1,0,1,1,1,,remax,143096011-81
754,2026-05-23,rent,oficina,"Ciudad del Este, Alto Paraná",,Alto Paraná,Ciudad del Este,14,built,,2400000,PYG,387.09,2400000,PYG,387.09,6200.085,28,0,1,0,1,1,1,,remax,143050002-217
895,2026-05-23,sale,terreno,"San Antonio, Central",,Central,San Antonio,360,land,,180000000,PYG,29031.86,160000000,PYG,25806.1,6200.085,72,-11.111,0,1,1,1,1,,remax,143068021-34
2900,2026-05-23,rent,local,"Luque, Central",,Central,Luque,,,,1500000,PYG,241.93,1500000,PYG,241.93,6200.085,,0,1,0,1,1,1,,remax,143100042-7
3149,2026-05-23,rent,casa,"Loma Plata, Boquerón",,Boquerón,,225,built,3,5650000,PYG,911.28,4500000,PYG,725.8,6200.085,3,-20.354,0,1,1,1,1,,remax,143078001-183
252,2026-05-25,sale,duplex,Asunción,Mburucuyá,Asunción,,164,built,3,230000,USD,230000,1419100000,PYG,231330.81,6134.505,1411,0.579,0,0,1,1,0,cross-currency,remax,143098031-59
727,2026-05-25,sale,terreno,"Villarrica, Guairá",,Guairá,,,,,109000,USD,109000,460350000,PYG,75042.73,6134.505,,-31.153,0,0,1,1,0,cross-currency,remax,143054045-80
813,2026-05-25,rent,casa,"San Juan del Paraná, Itapúa",,Itapúa,San Juan del Paraná,10,built,4,4500000,PYG,733.56,4500000,PYG,733.56,6134.505,73,0,1,0,1,1,1,,remax,143011111-9
927,2026-05-25,sale,departamento,Asunción,Villa Morra,Asunción,,,,1,95000,USD,95000,95000,USD,95000,6134.505,,0,1,0,1,1,1,,remax,143098133-686
2226,2026-05-25,rent,casa,"Ñemby, Central",,Central,Ñemby,98,built,3,2500000,PYG,407.53,2500000,PYG,407.53,6134.505,4,0,1,0,1,1,1,,remax,143108013-4
2412,2026-05-25,rent,departamento,"Fernando de la Mora, Central",,Central,Fernando de la Mora,113,land,3,4000000,PYG,652.05,4000000,PYG,652.05,6134.505,6,0,1,0,1,1,1,,remax,143025155-268
2501,2026-05-25,sale,terreno,"Lambaré, Central",,Central,Lambaré,30,built,,3930000000,PYG,640638.49,3550000000,PYG,578693.8,6134.505,19290,-9.669,0,1,1,1,1,,remax,143094021-104
2562,2026-05-25,rent,otro,Asunción,Ycuá Satí,Asunción,,,,2,7200000,PYG,1173.69,7200000,PYG,1173.69,6134.505,,0,1,0,1,1,1,,remax,143037137-24
2633,2026-05-25,sale,casa,Asunción,Las Lomas (Carmelitas),Asunción,,355,built,3,399000,USD,399000,370000,USD,370000,6134.505,1042,-7.268,0,1,1,1,1,,remax,143001004-34
3005,2026-05-25,sale,terreno,"Benjamín Aceval, Presidente Hayes",,Presidente Hayes,,32500,land,,200000,USD,200000,1153944000,PYG,188107.11,6134.505,6,-5.946,0,0,1,1,0,cross-currency,remax,143025084-117
3505,2026-05-25,sale,terreno,"Presidente Franco, Alto Paraná",,Alto Paraná,,,,,300000,USD,300000,967405920,PYG,157699.1,6134.505,,-47.434,0,0,1,1,0,cross-currency,remax,143050176-8
3586,2026-05-25,rent,casa,Asunción,San Roque,Asunción,,120,built,2,2000000,PYG,326.02,1600000,PYG,260.82,6134.505,2,-19.999,0,1,1,1,1,,remax,143001140-146
3691,2026-05-25,rent,local,Asunción,Ciudad Nueva,Asunción,,,,,6500000,PYG,1059.58,6000000,PYG,978.07,6134.505,,-7.693,0,1,1,1,1,,remax,143080040-143
4401,2026-05-25,rent,casa,Asunción,Loma Pytá,Asunción,,80,built,2,3000000,PYG,489.04,3000000,PYG,489.04,6134.505,6,0,1,0,1,1,1,,remax,143025241-38
631,2026-05-26,rent,local,"Lambaré, Central",,Central,Lambaré,64,land,,5000000,PYG,815.76,5000000,PYG,815.76,6129.275,13,0,1,0,1,1,1,,remax,143098130-251
774,2026-05-26,rent,casa,"Luque, Central",,Central,Luque,100,built,4,4000000,PYG,652.61,4000000,PYG,652.61,6129.275,7,0,1,0,1,1,1,,remax,143108019-6
881,2026-05-26,rent,deposito,Asunción,Pinoza,Asunción,,,,,6000000,PYG,978.91,6000000,PYG,978.91,6129.275,,0,1,0,1,1,1,,remax,143080045-10
1051,2026-05-26,rent,departamento,"Encarnación, Itapúa",,Itapúa,Encarnación,50,land,2,2500000,PYG,407.88,2500000,PYG,407.88,6129.275,8,0,1,0,1,1,1,,remax,143011024-383
1359,2026-05-26,rent,casa,"Filadelfia, Boquerón",,Boquerón,,172,built,2,3600000,PYG,587.35,3600000,PYG,587.35,6129.275,3,0,1,0,1,1,1,,remax,143016044-6
1404,2026-05-26,rent,departamento,Asunción,Las Lomas (Carmelitas),Asunción,,1000,land,1,1100,USD,1100,6150000,PYG,1003.38,6129.275,1,-8.784,0,0,1,1,0,cross-currency,remax,143056033-232
1579,2026-05-26,rent,casa,Asunción,Loma Pytá,Asunción,,40,built,1,1700000,PYG,277.36,1700000,PYG,277.36,6129.275,7,0,1,0,1,1,1,,remax,143025241-39
1947,2026-05-26,sale,terreno,"Cambyretá, Itapúa",,Itapúa,Cambyretá,,,,75000,USD,75000,460800000,PYG,75180.18,6129.275,,0.24,0,0,1,1,0,cross-currency,remax,143011106-3
2000,2026-05-26,sale,casa,"Capiatá, Central",,Central,Capiatá,535,built,7,600000000,PYG,97890.86,550000000,PYG,89733.29,6129.275,168,-8.333,0,1,1,1,1,,remax,143063159-65
2161,2026-05-26,rent,departamento,"Encarnación, Itapúa",,Itapúa,Encarnación,100,land,3,2600000,PYG,424.19,2600000,PYG,424.19,6129.275,4,0,1,0,1,1,1,,remax,143011088-28
3108,2026-05-26,sale,duplex,"Luque, Central",,Central,Luque,130,built,3,590000000,PYG,96259.35,530000000,PYG,86470.26,6129.275,665,-10.169,0,1,1,1,1,,remax,143028003-176
3204,2026-05-26,rent,otro,"San Lorenzo, Central",,Central,San Lorenzo,60,built,1,2200000,PYG,358.93,2200000,PYG,358.93,6129.275,6,0,1,0,1,1,1,,remax,143100022-9
3374,2026-05-26,rent,local,"Lambaré, Central",,Central,Lambaré,64,land,,5000000,PYG,815.76,5000000,PYG,815.76,6129.275,13,0,1,0,1,1,1,,remax,143014004-315
3662,2026-05-26,sale,departamento,"Fernando de la Mora, Central",,Central,Fernando de la Mora,28,built,1,250000000,PYG,40787.86,250000000,PYG,40787.86,6129.275,1457,0,1,0,1,1,1,,remax,143063128-275
3798,2026-05-26,sale,terreno,"Capiatá, Central",,Central,Capiatá,,,,495000000,PYG,80759.96,495000000,PYG,80759.96,6129.275,,0,1,0,1,1,1,,remax,143054111-125
3852,2026-05-26,rent,departamento,"Encarnación, Itapúa",,Itapúa,Encarnación,60,land,2,1800000,PYG,293.67,1800000,PYG,293.67,6129.275,5,0,1,0,1,1,1,,remax,143032061-151
4206,2026-05-26,rent,departamento,"Ciudad del Este, Alto Paraná",,Alto Paraná,Ciudad del Este,732,land,2,4000000,PYG,652.61,4000000,PYG,652.61,6129.275,1,0,1,0,1,1,1,,remax,143050055-146
680,2026-05-27,sale,departamento,Asunción,Recoleta,Asunción,,29,land,1,131900,USD,131900,802347700,PYG,132222.79,6068.15,4559,0.245,0,0,1,1,0,cross-currency,remax,143056006-131
1396,2026-05-27,sale,terreno,"Filadelfia, Boquerón",,Boquerón,,,,,90000000,PYG,14831.54,90000000,PYG,14831.54,6068.15,,0,1,0,1,1,1,,remax,143102003-5
1676,2026-05-27,rent,casa,Asunción,San Roque,Asunción,,60,built,1,1200000,PYG,197.75,1200000,PYG,197.75,6068.15,3,0,1,0,1,1,1,,remax,143001140-145
1797,2026-05-27,rent,casa,"Filadelfia, Boquerón",,Boquerón,,260,built,2,4500000,PYG,741.58,4500000,PYG,741.58,6068.15,3,0,1,0,1,1,1,,remax,143016016-76
2117,2026-05-27,rent,departamento,"San Lorenzo, Central",,Central,San Lorenzo,27,built,1,1900000,PYG,313.11,1900000,PYG,313.11,6068.15,12,0,1,0,1,1,1,,remax,143036116-28
2600,2026-05-27,rent,duplex,"Lambaré, Central",,Central,Lambaré,184,built,4,6500000,PYG,1071.17,6500000,PYG,1071.17,6068.15,6,0,1,0,1,1,1,,remax,143056070-15
2752,2026-05-27,rent,casa,Asunción,Roberto L. Pettit,Asunción,,150,built,3,3000000,PYG,494.38,3000000,PYG,494.38,6068.15,3,0,1,0,1,1,1,,remax,143099006-125
2910,2026-05-27,sale,casa,"Presidente Franco, Alto Paraná",,Alto Paraná,,200,built,3,650000000,PYG,107116.67,650000000,PYG,107116.67,6068.15,536,0,1,0,1,1,1,,remax,143050100-32
3071,2026-05-27,rent,departamento,"Encarnación, Itapúa",,Itapúa,Encarnación,54,built,1,3100000,PYG,510.86,3100000,PYG,510.86,6068.15,9,0,1,0,1,1,1,,remax,143085032-83
3279,2026-05-27,sale,departamento,Asunción,Loma Pytá,Asunción,,28,built,1,43357,USD,43357,43357,USD,43357,6068.15,1548,0,1,0,1,1,1,,remax,143025194-6
3383,2026-05-27,rent,casa,"San Juan del Paraná, Itapúa",,Itapúa,San Juan del Paraná,47,built,2,1350000,PYG,222.47,1350000,PYG,222.47,6068.15,5,0,1,0,1,1,1,,remax,143085033-154
3496,2026-05-27,rent,departamento,"Ñemby, Central",,Central,Ñemby,65,built,3,1800000,PYG,296.63,1500000,PYG,247.19,6068.15,4,-16.667,0,1,1,1,1,,remax,143026092-70
3635,2026-05-27,rent,duplex,"San Lorenzo, Central",,Central,San Lorenzo,160,land,3,5000000,PYG,823.97,5000000,PYG,823.97,6068.15,5,0,1,0,2,1,1,,remax,143080055-212
4185,2026-05-27,rent,duplex,"San Lorenzo, Central",,Central,San Lorenzo,160,land,3,5000000,PYG,823.97,5000000,PYG,823.97,6068.15,5,0,1,0,2,0,0,second record of one deal,remax,143080055-217
69,2026-05-28,rent,duplex,"Lambaré, Central",,Central,Lambaré,120,land,2,3200000,PYG,531.11,3000000,PYG,497.91,6025.135,4,-6.251,0,1,1,1,1,,remax,143025116-67
619,2026-05-28,rent,terreno,"Encarnación, Itapúa",,Itapúa,Encarnación,,,,1100000,PYG,182.57,1100000,PYG,182.57,6025.135,,0,1,0,1,1,1,,remax,143011007-2210
748,2026-05-28,sale,departamento,Asunción,Santísima Trinidad,Asunción,,41,land,1,73900,USD,73900,454104000,PYG,75368.27,6025.135,1838,1.987,0,0,2,1,0,cross-currency,remax,143098011-308
846,2026-05-28,rent,local,Asunción,Ciudad Nueva,Asunción,,,,,8000000,PYG,1327.77,8000000,PYG,1327.77,6025.135,,0,1,0,1,1,1,,remax,143100035-35
1175,2026-05-28,sale,departamento,Asunción,Dr. Francia,Asunción,,30,land,1,40500,USD,40500,247860000,PYG,41137.67,6025.135,1371,1.574,0,0,1,1,0,cross-currency,remax,143098011-325
1327,2026-05-28,rent,casa,"Filadelfia, Boquerón",,Boquerón,,465,built,6,4000000,PYG,663.89,12000000,PYG,1991.66,6025.135,4,199.998,0,0,1,1,0,outside 0.4 to 1.6 of the ask,remax,143016029-109
1486,2026-05-28,sale,terreno,"Capiatá, Central",,Central,Capiatá,,,,350000000,PYG,58089.98,350000000,PYG,58089.98,6025.135,,0,1,0,1,1,1,,remax,143080106-15
1545,2026-05-28,rent,departamento,Asunción,Los Laureles,Asunción,,43,built,1,2500000,PYG,414.93,2750000,PYG,456.42,6025.135,11,9.999,0,0,1,1,1,,remax,143072093-21
1600,2026-05-28,rent,departamento,"San Lorenzo, Central",,Central,San Lorenzo,22,land,1,1500000,PYG,248.96,1500000,PYG,248.96,6025.135,11,0,1,0,1,1,1,,remax,143028035-5
1890,2026-05-28,rent,casa,"Cambyretá, Itapúa",,Itapúa,Cambyretá,80,built,3,350,USD,350,2110000,PYG,350.2,6025.135,4,0.057,0,0,1,1,0,cross-currency,remax,143011080-83
2030,2026-05-28,rent,departamento,"Fernando de la Mora, Central",,Central,Fernando de la Mora,33,land,,2850000,PYG,473.02,2850000,PYG,473.02,6025.135,14,0,1,0,1,1,1,,remax,143097001-121
2084,2026-05-28,sale,departamento,Asunción,Santísima Trinidad,Asunción,,41,land,1,73900,USD,73900,454104000,PYG,75368.27,6025.135,1838,1.987,0,0,2,0,0,cross-currency,remax,143098011-307
3605,2026-05-28,rent,departamento,Asunción,Las Lomas (Carmelitas),Asunción,,10,land,,3000000,PYG,497.91,2800000,PYG,464.72,6025.135,46,-6.666,0,1,1,1,1,,remax,143098074-17
3925,2026-05-28,sale,terreno,"Mariano Roque Alonso, Central",,Central,Mariano Roque Alonso,,,,368000000,PYG,61077.47,368000000,PYG,61077.47,6025.135,,0,1,0,1,1,1,,remax,114006115-3
226,2026-05-29,sale,casa,Asunción,Itá Enramada,Asunción,,474,built,6,185000,USD,185000,1079000000,PYG,179274.89,6018.69,378,-3.095,0,0,1,1,0,cross-currency,remax,143068074-4
372,2026-05-29,rent,casa,"Santa Rita, Alto Paraná",,Alto Paraná,,359,built,4,3000000,PYG,498.45,3000000,PYG,498.45,6018.69,1,0,1,0,1,1,1,,remax,143065032-29
410,2026-05-29,rent,departamento,"Luque, Central",,Central,Luque,55,built,2,4000000,PYG,664.6,3700000,PYG,614.75,6018.69,11,-7.501,0,1,1,1,1,,remax,143097001-116
476,2026-05-29,sale,terreno,"Villa Elisa, Central",,Central,Villa Elisa,360,land,,240000000,PYG,39875.79,225000000,PYG,37383.55,6018.69,104,-6.25,0,1,1,1,1,,remax,143061056-139
648,2026-05-29,sale,terreno,"Capiatá, Central",,Central,Capiatá,,,,605000,USD,605000,3700000000,PYG,614751.72,6018.69,,1.612,0,0,1,1,0,cross-currency,remax,143098017-128
2004,2026-05-29,rent,departamento,Asunción,Barrio Jara,Asunción,,100,land,2,2940000,PYG,488.48,2940000,PYG,488.48,6018.69,5,0,1,0,1,1,1,,remax,143100001-80
2229,2026-05-29,sale,terreno,"Ciudad del Este, Alto Paraná",,Alto Paraná,Ciudad del Este,,,,380000000,PYG,63136.66,320000000,PYG,53167.72,6018.69,,-15.789,0,1,1,1,1,,remax,114001095-6
2322,2026-05-29,sale,casa,"Cambyretá, Itapúa",,Itapúa,Cambyretá,280,built,3,60000,USD,60000,361200000,PYG,60013.06,6018.69,214,0.022,0,0,1,1,0,cross-currency,remax,143011008-293
2368,2026-05-29,rent,duplex,"Luque, Central",,Central,Luque,118,built,3,4000000,PYG,664.6,4000000,PYG,664.6,6018.69,6,0,1,0,1,1,1,,remax,143063076-110
2372,2026-05-29,sale,departamento,Asunción,Recoleta,Asunción,,32,land,1,45900,USD,45900,268125000,PYG,44548.73,6018.69,1392,-2.944,0,0,1,1,0,cross-currency,remax,143056032-256
2572,2026-05-29,sale,terreno,Asunción,Madame Lynch,Asunción,,200,built,,230000,USD,230000,1304835000,PYG,216797.18,6018.69,1084,-5.74,0,0,1,1,0,cross-currency,remax,143020131-1
3208,2026-05-29,sale,casa,"Areguá, Central",,Central,Areguá,120,built,3,270000000,PYG,44860.26,290000000,PYG,48183.24,6018.69,402,7.407,0,0,1,1,1,,remax,143061080-64
3287,2026-05-29,sale,casa,"Capitán Miranda, Itapúa",,Itapúa,Capitán Miranda,66,built,2,180000000,PYG,29906.84,180000000,PYG,29906.84,6018.69,453,0,1,0,1,1,1,,remax,143011080-80
3516,2026-05-29,sale,casa,"Fernando de la Mora, Central",,Central,Fernando de la Mora,179,built,4,138000,USD,138000,783900000,PYG,130244.29,6018.69,728,-5.62,0,0,1,1,0,cross-currency,remax,143084064-6
3583,2026-05-29,sale,terreno,"Luque, Central",,Central,Luque,,,,285000000,PYG,47352.5,285000000,PYG,47352.5,6018.69,,0,1,0,1,1,1,,remax,143080114-50
3846,2026-05-29,rent,duplex,"Cambyretá, Itapúa",,Itapúa,Cambyretá,146,land,3,700,USD,700,4214000,PYG,700.15,6018.69,5,0.021,0,0,1,1,0,cross-currency,remax,143011091-70
4115,2026-05-29,sale,terreno,"Capiatá, Central",,Central,Capiatá,600,land,,195000,USD,195000,1190000000,PYG,197717.44,6018.69,330,1.394,0,0,1,1,0,cross-currency,remax,143098017-129
4165,2026-05-29,sale,deposito,"Ciudad del Este, Alto Paraná",,Alto Paraná,Ciudad del Este,120,built,,160000,USD,160000,865650000,PYG,143826.98,6018.69,1199,-10.108,0,0,1,1,0,cross-currency,remax,143099023-32
4486,2026-05-29,sale,terreno,Asunción,Mburicaó,Asunción,,,,,105000,USD,105000,573420000,PYG,95273.22,6018.69,,-9.264,0,0,1,1,0,cross-currency,remax,143098058-45
1047,2026-05-30,sale,terreno,"Hernandarias, Alto Paraná",,Alto Paraná,Hernandarias,,,,280000000,PYG,46521.75,240000000,PYG,39875.79,6018.69,,-14.286,0,1,1,1,1,,remax,143050132-33
1284,2026-05-30,sale,casa,"Loma Plata, Boquerón",,Boquerón,,294,built,2,530000000,PYG,88059.03,400000000,PYG,66459.64,6018.69,226,-24.528,0,1,1,1,1,,remax,143078013-62
2880,2026-05-30,sale,terreno,Asunción,Vista Alegre,Asunción,,,,,107000,USD,107000,624225000,PYG,103714.43,6018.69,,-3.071,0,0,1,1,0,cross-currency,remax,143098008-178
4533,2026-05-30,rent,deposito,"Villa Elisa, Central",,Central,Villa Elisa,,,,4600000,PYG,764.29,4300000,PYG,714.44,6018.69,,-6.522,0,1,1,1,1,,remax,143063204-73
288,2026-05-31,rent,local,"Fernando de la Mora, Central",,Central,Fernando de la Mora,,,,3000000,PYG,498.45,3000000,PYG,498.45,6018.69,,0,1,0,1,1,1,,remax,143025155-68
1765,2026-05-31,rent,casa,Asunción,San Jorge,Asunción,,700,built,5,4000,USD,4000,24188000,PYG,4018.81,6018.69,6,0.47,0,0,1,1,0,cross-currency,remax,143063203-17
2165,2026-05-31,rent,departamento,"Luque, Central",,Central,Luque,70,land,2,3350000,PYG,556.6,3350000,PYG,556.6,6018.69,8,0,1,0,1,1,1,,remax,143036119-37
2228,2026-05-31,sale,casa,"Mariano Roque Alonso, Central",,Central,Mariano Roque Alonso,90,built,2,700000000,PYG,116304.38,650000000,PYG,107996.92,6018.69,1200,-7.143,0,1,1,1,1,,remax,143063192-134
2381,2026-05-31,rent,departamento,"Mariano Roque Alonso, Central",,Central,Mariano Roque Alonso,360,land,1,2800000,PYG,465.22,2500000,PYG,415.37,6018.69,1,-10.715,0,1,1,1,1,,remax,143025149-255
2667,2026-05-31,rent,oficina,Asunción,La Encarnación,Asunción,,,,,1200000,PYG,199.38,1200000,PYG,199.38,6018.69,,0,1,0,1,1,1,,remax,143036165-5
3225,2026-05-31,rent,casa,"Encarnación, Itapúa",,Itapúa,Encarnación,76,built,2,3500000,PYG,581.52,3500000,PYG,581.52,6018.69,8,0,1,0,1,1,1,,remax,143011089-20
112,2026-06-01,sale,casa,Asunción,Nazareth,Asunción,,300,built,3,200000,USD,200000,200000,USD,200000,6068.515,667,0,1,0,1,1,1,,remax,143014005-832
152,2026-06-01,rent,departamento,"Mariano Roque Alonso, Central",,Central,Mariano Roque Alonso,110,built,3,2500000,PYG,411.96,2500000,PYG,411.96,6068.515,4,0,1,0,1,1,1,,remax,143019099-19
248,2026-06-01,sale,casa,"Itá, Central",,Central,Itá,91,built,2,160000000,PYG,26365.59,140000000,PYG,23069.89,6068.515,254,-12.5,0,1,1,1,1,,remax,143028069-29
397,2026-06-01,rent,departamento,Asunción,San Vicente,Asunción,,41,land,,3200000,PYG,527.31,3200000,PYG,527.31,6068.515,13,0,1,0,1,1,1,,remax,143038011-417
399,2026-06-01,sale,departamento,"Luque, Central",,Central,Luque,71,built,3,75000,USD,75000,70000,USD,70000,6068.515,986,-6.667,0,1,1,1,1,,remax,143098116-53
401,2026-06-01,rent,duplex,"Fernando de la Mora, Central",,Central,Fernando de la Mora,196,built,4,5500000,PYG,906.32,5500000,PYG,906.32,6068.515,5,0,1,0,1,1,1,,remax,143037148-10
404,2026-06-01,rent,duplex,"Lambaré, Central",,Central,Lambaré,184,built,4,6500000,PYG,1071.1,6500000,PYG,1071.1,6068.515,6,0,1,0,1,1,1,,remax,143056070-3
597,2026-06-01,rent,casa,"San Lorenzo, Central",,Central,San Lorenzo,60,built,2,1000000,PYG,164.78,1000000,PYG,164.78,6068.515,3,0,1,0,1,1,1,,remax,143097013-37
779,2026-06-01,rent,casa,"Lambaré, Central",,Central,Lambaré,126,built,2,3800000,PYG,626.18,3800000,PYG,626.18,6068.515,5,0,1,0,1,1,1,,remax,143014125-322
932,2026-06-01,rent,casa,"Lambaré, Central",,Central,Lambaré,126,built,2,3800000,PYG,626.18,3800000,PYG,626.18,6068.515,5,0,1,0,1,1,1,,remax,143098128-322
1364,2026-06-01,sale,casa,Asunción,Nazareth,Asunción,,300,built,3,200000,USD,200000,200000,USD,200000,6068.515,667,0,1,0,1,1,1,,remax,143098133-651
1378,2026-06-01,sale,terreno,"San Lorenzo, Central",,Central,San Lorenzo,,,,340000000,PYG,56026.89,315000000,PYG,51907.26,6068.515,,-7.353,0,1,1,1,1,,remax,143026205-19
1693,2026-06-01,rent,casa,Asunción,Pinoza,Asunción,,300,built,3,6000000,PYG,988.71,6000000,PYG,988.71,6068.515,3,0,1,0,1,1,1,,remax,143038011-416
2116,2026-06-01,rent,departamento,"Encarnación, Itapúa",,Itapúa,Encarnación,70,built,2,2700000,PYG,444.92,2550000,PYG,420.2,6068.515,6,-5.556,0,1,1,1,1,,remax,143085019-570
2181,2026-06-01,rent,departamento,Asunción,Bañado Tacumbú,Asunción,,160,land,2,4000000,PYG,659.14,4000000,PYG,659.14,6068.515,4,0,1,0,1,1,1,,remax,143028085-3
2234,2026-06-01,rent,departamento,Asunción,Recoleta,Asunción,,69,land,2,5000000,PYG,823.92,5000000,PYG,823.92,6068.515,12,0,1,0,1,1,1,,remax,143098026-65
2408,2026-06-01,sale,oficina,Asunción,Madame Lynch,Asunción,,36,built,,64900,USD,64900,384000000,PYG,63277.42,6068.515,1745,-2.5,0,0,1,1,0,cross-currency,remax,143063076-27
2499,2026-06-01,sale,duplex,"Fernando de la Mora, Central",,Central,Fernando de la Mora,180,built,3,141500,USD,141500,1410500,USD,1410500,6068.515,7836,896.82,0,0,1,1,0,outside 0.4 to 1.6 of the ask,remax,143063128-255
2696,2026-06-01,sale,quinta,"Loma Grande, Cordillera",,Cordillera,,406,built,5,975000000,PYG,160665.34,975000000,PYG,160665.34,6068.515,396,0,1,0,1,1,1,,remax,143105023-2
2907,2026-06-01,rent,duplex,"Fernando de la Mora, Central",,Central,Fernando de la Mora,100,built,3,5000000,PYG,823.92,5000000,PYG,823.92,6068.515,8,0,1,0,1,1,1,,remax,143026205-25
3081,2026-06-01,rent,departamento,Asunción,Recoleta,Asunción,,2000,land,2,4200000,PYG,692.1,4200000,PYG,692.1,6068.515,0,0,1,0,1,1,1,,remax,143056033-250
3252,2026-06-01,sale,terreno,"Hernandarias, Alto Paraná",,Alto Paraná,Hernandarias,,,,105000,USD,105000,631470000,PYG,104056.76,6068.515,,-0.898,0,0,1,1,0,cross-currency,remax,143099013-52
3572,2026-06-01,rent,departamento,"Encarnación, Itapúa",,Itapúa,Encarnación,76,land,2,6150000,PYG,1013.43,6150000,PYG,1013.43,6068.515,13,0,1,0,1,1,1,,remax,143032069-86
3824,2026-06-01,rent,departamento,"Fernando de la Mora, Central",,Central,Fernando de la Mora,360,land,2,3000000,PYG,494.35,3000000,PYG,494.35,6068.515,1,0,1,0,1,1,1,,remax,143019010-230
3879,2026-06-01,sale,casa,Asunción,Ycuá Satí,Asunción,,440,built,4,520000,USD,520000,2867000000,PYG,472438.48,6068.515,1074,-9.146,0,0,1,1,0,cross-currency,remax,143038001-36
3968,2026-06-01,sale,terreno,"San Bernardino, Cordillera",,Cordillera,San Bernardino,,,,210000000,PYG,34604.84,160000000,PYG,26365.59,6068.515,,-23.81,0,1,1,1,1,,remax,143048009-84
4418,2026-06-01,sale,departamento,Asunción,Dr. Francia,Asunción,,25,land,1,41900,USD,41900,255171000,PYG,42048.34,6068.515,1682,0.354,0,0,1,1,0,cross-currency,remax,143098009-741
269218,2026-06-01,sale,terreno,Asunción,Vista Alegre,Asunción,,1800,built,12,1100000,USD,1100000,5949710000,PYG,980422.72,6068.515,545,-10.871,0,0,1,1,0,cross-currency,remax,143098027-76
272708,2026-06-01,rent,oficina,Asunción,Santísima Trinidad,Asunción,,285,built,,10500000,PYG,1730.24,10500000,PYG,1730.24,6068.515,6,0,1,0,1,1,1,,remax,143098027-130
874,2026-06-02,rent,departamento,"San Lorenzo, Central",,Central,San Lorenzo,72,built,1,2500000,PYG,408.62,2300000,PYG,375.93,6118.17,5,-8,0,1,1,1,1,,remax,143061056-147
1585,2026-06-02,sale,terreno,"Villa Elisa, Central",,Central,Villa Elisa,,,,420000000,PYG,68647.98,200000000,PYG,32689.51,6118.17,,-52.381,0,1,1,1,1,,remax,143028006-136
1975,2026-06-02,rent,duplex,"Luque, Central",,Central,Luque,200,built,3,3600000,PYG,588.41,3600000,PYG,588.41,6118.17,3,0,1,0,1,1,1,,remax,143112002-23
2872,2026-06-02,sale,casa,"San Bernardino, Cordillera",,Cordillera,San Bernardino,275,built,3,265000,USD,265000,1625000000,PYG,265602.3,6118.17,966,0.227,0,0,1,1,0,cross-currency,remax,143038001-170
3571,2026-06-02,sale,casa,"Ciudad del Este, Alto Paraná",,Alto Paraná,Ciudad del Este,120,built,3,750000000,PYG,122585.68,708000000,PYG,115720.88,6118.17,964,-5.6,0,1,1,1,1,,remax,143099002-35
245,2026-06-03,sale,terreno,"Ñemby, Central",,Central,Ñemby,480,land,,200000000,PYG,32798.39,200000000,PYG,32798.39,6097.86,68,0,1,0,1,1,1,,remax,143063220-8
257,2026-06-03,sale,departamento,"Fernando de la Mora, Central",,Central,Fernando de la Mora,28,built,1,360000000,PYG,59037.1,350000000,PYG,57397.19,6097.86,2050,-2.778,0,1,1,1,1,,remax,143063128-278
395,2026-06-03,rent,departamento,Asunción,Mburucuyá,Asunción,,90,land,2,1100,USD,1100,6099000,PYG,1000.19,6097.86,11,-9.074,0,0,1,1,0,cross-currency,remax,143091056-19
747,2026-06-03,rent,deposito,"San Lorenzo, Central",,Central,San Lorenzo,375,built,,7000000,PYG,1147.94,6600000,PYG,1082.35,6097.86,3,-5.714,0,1,1,1,1,,remax,143072154-2
2014,2026-06-03,sale,casa,"Encarnación, Itapúa",,Itapúa,Encarnación,170,built,4,210000,USD,210000,1128500000,PYG,185064.92,6097.86,1089,-11.874,0,0,1,1,0,cross-currency,remax,143085019-509
2666,2026-06-03,sale,casa,"Luque, Central",,Central,Luque,70,built,2,260000000,PYG,42637.91,260000000,PYG,42637.91,6097.86,609,0,1,0,1,1,1,,remax,143028074-28
2892,2026-06-03,rent,departamento,"Encarnación, Itapúa",,Itapúa,Encarnación,37,built,1,1500000,PYG,245.99,1500000,PYG,245.99,6097.86,7,0,1,0,1,1,1,,remax,143085019-567
2978,2026-06-03,rent,casa,"Loma Plata, Boquerón",,Boquerón,,48,built,3,1800000,PYG,295.19,1800000,PYG,295.19,6097.86,6,0,1,0,1,1,1,,remax,143078001-185
3184,2026-06-03,sale,duplex,"Villa Elisa, Central",,Central,Villa Elisa,144,built,2,690000000,PYG,113154.45,690000000,PYG,113154.45,6097.86,786,0,1,0,1,1,1,,remax,143098061-55
4255,2026-06-03,sale,casa,"Lambaré, Central",,Central,Lambaré,100,built,1,490000000,PYG,80356.06,490000000,PYG,80356.06,6097.86,804,0,1,0,1,1,1,,remax,143038004-258
493,2026-06-04,sale,terreno,"Hernandarias, Alto Paraná",,Alto Paraná,Hernandarias,2000,land,,100000,USD,100000,610000000,PYG,99801.87,6112.11,50,-0.198,0,0,1,1,0,cross-currency,remax,143099002-37
807,2026-06-04,sale,casa,Asunción,Recoleta,Asunción,,100,built,3,700000000,PYG,114526.73,670000000,PYG,109618.45,6112.11,1096,-4.286,0,1,1,1,1,,remax,143097041-2
943,2026-06-04,sale,casa,"Ciudad del Este, Alto Paraná",,Alto Paraná,Ciudad del Este,200,built,3,495000000,PYG,80986.76,470000000,PYG,76896.52,6112.11,384,-5.051,0,1,1,1,1,,remax,143050002-240
1406,2026-06-04,sale,casa,"Luque, Central",,Central,Luque,132,built,3,550000000,PYG,89985.29,500000000,PYG,81804.81,6112.11,620,-9.091,0,1,1,1,1,,remax,143028006-131
1563,2026-06-04,sale,departamento,Asunción,Las Lomas (Carmelitas),Asunción,,49,land,1,90600,USD,90600,550080000,PYG,89998.38,6112.11,1837,-0.664,0,0,1,1,0,cross-currency,remax,143063187-28
1778,2026-06-04,sale,otro,"Fernando de la Mora, Central",,Central,Fernando de la Mora,,,,2500000000,PYG,409024.05,300000,PYG,49.08,6112.11,,-99.988,0,1,1,1,0,outside 0.4 to 1.6 of the ask,remax,143068129-152
1803,2026-06-04,rent,deposito,"San Lorenzo, Central",,Central,San Lorenzo,360,built,,6500000,PYG,1063.46,7000000,PYG,1145.27,6112.11,3,7.693,0,0,1,1,1,,remax,143025199-9
1861,2026-06-04,rent,casa,"Ciudad del Este, Alto Paraná",,Alto Paraná,Ciudad del Este,316,built,3,1600,USD,1600,9824000,PYG,1607.3,6112.11,5,0.456,0,0,1,1,0,cross-currency,remax,143050100-39
2718,2026-06-04,sale,casa,"San Lorenzo, Central",,Central,San Lorenzo,290,built,3,560000000,PYG,91621.39,560000000,PYG,91621.39,6112.11,316,0,1,0,1,1,1,,remax,143036021-147
3437,2026-06-04,rent,casa,"Itauguá, Central",,Central,Itauguá,92,built,3,2900000,PYG,474.47,2900000,PYG,474.47,6112.11,5,0,1,0,1,1,1,,remax,143072130-22
3667,2026-06-04,sale,casa,Asunción,Mburucuyá,Asunción,,1,built,3,220000,USD,220000,1230000000,PYG,201239.83,6112.11,201240,-8.527,0,0,1,1,0,cross-currency,remax,143028010-164
3939,2026-06-04,sale,casa,"San Lorenzo, Central",,Central,San Lorenzo,60,built,2,335000000,PYG,54809.22,300000000,PYG,49082.89,6112.11,818,-10.448,0,1,1,1,1,,remax,143036126-17
4011,2026-06-04,rent,casa,Asunción,Obrero,Asunción,,60,built,1,2500000,PYG,409.02,2300000,PYG,376.3,6112.11,6,-8,0,1,1,1,1,,remax,143061077-26
59,2026-06-05,rent,duplex,Asunción,San Vicente,Asunción,,149,built,3,5000000,PYG,812.54,5000000,PYG,812.54,6153.51,5,0,1,0,1,1,1,,remax,143028037-125
408,2026-06-05,sale,departamento,Asunción,San Jorge,Asunción,,600,land,1,48500,USD,48500,296335000,PYG,48157.07,6153.51,80,-0.707,0,0,1,1,0,cross-currency,remax,143063172-33
489,2026-06-05,rent,departamento,Asunción,San Vicente,Asunción,,,,2,3200000,PYG,520.03,3200000,PYG,520.03,6153.51,,0,1,0,1,1,1,,remax,143014041-495
858,2026-06-05,rent,departamento,Asunción,San Vicente,Asunción,,,,2,3200000,PYG,520.03,3200000,PYG,520.03,6153.51,,0,1,0,1,1,1,,remax,143098126-492
872,2026-06-05,sale,duplex,"Lambaré, Central",,Central,Lambaré,180,built,4,1435000000,PYG,233200.24,1370000000,PYG,222637.16,6153.51,1237,-4.53,0,1,1,1,1,,remax,143072112-28
1071,2026-06-05,sale,terreno,"Hernandarias, Alto Paraná",,Alto Paraná,Hernandarias,360,land,,150000000,PYG,24376.33,117760000,PYG,19137.05,6153.51,53,-21.493,0,1,1,1,1,,remax,143050154-37
1434,2026-06-05,rent,duplex,"San Lorenzo, Central",,Central,San Lorenzo,62,built,3,2800000,PYG,455.02,2800000,PYG,455.02,6153.51,7,0,1,0,1,1,1,,remax,143019093-38
1461,2026-06-05,sale,departamento,"Ciudad del Este, Alto Paraná",,Alto Paraná,Ciudad del Este,76,land,2,45000,USD,45000,277189650,PYG,45045.78,6153.51,593,0.102,0,0,1,1,0,cross-currency,remax,143050056-212
1552,2026-06-05,sale,otro,"Tebicuary-Mí, Paraguarí",,Paraguarí,,52621,land,,210000000,PYG,34126.86,200000000,PYG,32501.78,6153.51,1,-4.762,0,1,1,1,1,,remax,143021051-8
1718,2026-06-05,rent,casa,Asunción,San Vicente,Asunción,,200,built,4,7500000,PYG,1218.82,7500000,PYG,1218.82,6153.51,6,0,1,0,1,1,1,,remax,143026188-89
1931,2026-06-05,sale,departamento,Asunción,Manorá,Asunción,,69,land,1,133700,USD,133700,823592000,PYG,133841.01,6153.51,1935,0.105,0,0,1,1,0,cross-currency,remax,143098017-134
2249,2026-06-05,rent,duplex,"Fernando de la Mora, Central",,Central,Fernando de la Mora,180,land,3,3800000,PYG,617.53,3800000,PYG,617.53,6153.51,3,0,1,0,1,1,1,,remax,143080071-53
2473,2026-06-05,rent,otro,"Santa Rita, Alto Paraná",,Alto Paraná,,,,,2000000,PYG,325.02,2000000,PYG,325.02,6153.51,,0,1,0,1,1,1,,remax,143065021-187
2689,2026-06-05,sale,departamento,Asunción,Barrio Jara,Asunción,,490,land,1,93693,USD,93693,576211950,PYG,93639.56,6153.51,191,-0.057,0,0,1,1,0,cross-currency,remax,143098011-170
2788,2026-06-05,rent,departamento,Asunción,San Vicente,Asunción,,,,1,2700000,PYG,438.77,2700000,PYG,438.77,6153.51,,0,1,0,1,1,1,,remax,143098126-493
2821,2026-06-05,sale,departamento,"Encarnación, Itapúa",,Itapúa,Encarnación,82,built,3,380000000,PYG,61753.37,380000000,PYG,61753.37,6153.51,754,0,1,0,1,1,1,,remax,143011109-15
2824,2026-06-05,sale,duplex,"Itauguá, Central",,Central,Itauguá,81,built,2,380000000,PYG,61753.37,380000000,PYG,61753.37,6153.51,765,0,1,0,1,1,1,,remax,143068037-78
3403,2026-06-05,sale,departamento,"Ciudad del Este, Alto Paraná",,Alto Paraná,Ciudad del Este,76,land,2,72824,USD,72824,447950000,PYG,72795.85,6153.51,964,-0.039,0,0,1,1,0,cross-currency,remax,143099027-56
3491,2026-06-05,sale,casa,Asunción,Tacumbú,Asunción,,306,built,5,1098000000,PYG,178434.75,1098000000,PYG,178434.75,6153.51,583,0,1,0,1,1,1,,remax,143025091-90
3588,2026-06-05,rent,casa,"Capiatá, Central",,Central,Capiatá,64,built,1,2000000,PYG,325.02,2000000,PYG,325.02,6153.51,5,0,1,0,1,1,1,,remax,143080075-53
4161,2026-06-05,rent,departamento,Asunción,San Vicente,Asunción,,,,1,2700000,PYG,438.77,2700000,PYG,438.77,6153.51,,0,1,0,1,1,1,,remax,143014041-496
309252,2026-06-05,rent,departamento,"San Lorenzo, Central",,Central,San Lorenzo,1500,built,1,1500000,PYG,243.76,1500000,PYG,243.76,6153.51,0,0,1,0,1,1,1,,remax,143009003-134
313055,2026-06-05,sale,terreno,"Filadelfia, Boquerón",,Boquerón,,,,,70000000,PYG,11375.62,70000000,PYG,11375.62,6153.51,,0,1,0,1,1,1,,remax,143016042-1
116,2026-06-06,rent,departamento,"Lambaré, Central",,Central,Lambaré,68,built,2,3000000,PYG,487.53,3000000,PYG,487.53,6153.51,7,0,1,0,1,1,1,,remax,143072073-121
1168,2026-06-06,rent,departamento,"Luque, Central",,Central,Luque,320,land,3,3300000,PYG,536.28,3300000,PYG,536.28,6153.51,2,0,1,0,1,1,1,,remax,143098058-62
734,2026-06-08,sale,casa,Asunción,Villa Morra,Asunción,,213,built,,240000,USD,240000,1474400000,PYG,239378.43,6159.285,1125,-0.259,0,0,1,1,0,cross-currency,remax,143063147-142
819,2026-06-08,sale,departamento,"Encarnación, Itapúa",,Itapúa,Encarnación,33,land,1,49700,USD,49700,307146000,PYG,49867.15,6159.285,1511,0.336,0,0,1,1,0,cross-currency,remax,143098009-744
981,2026-06-08,sale,terreno,"San Juan del Paraná, Itapúa",,Itapúa,San Juan del Paraná,,,,690000,USD,690000,4255920000,PYG,690976.31,6159.285,,0.141,0,0,1,1,0,cross-currency,remax,143011091-53
1230,2026-06-08,sale,casa,"San Bernardino, Cordillera",,Cordillera,San Bernardino,250,built,4,135000,USD,135000,800280000,PYG,129930.67,6159.285,520,-3.755,0,0,1,1,0,cross-currency,remax,143028080-62
1857,2026-06-08,sale,terreno,"Areguá, Central",,Central,Areguá,,,,80000000,PYG,12988.52,80000000,PYG,12988.52,6159.285,,0,1,0,1,1,1,,remax,143020135-1
1936,2026-06-08,rent,duplex,"San Lorenzo, Central",,Central,San Lorenzo,2025,built,3,8500000,PYG,1380.03,7500000,PYG,1217.67,6159.285,1,-11.765,0,1,1,1,1,,remax,143100020-51
2209,2026-06-08,sale,duplex,"Lambaré, Central",,Central,Lambaré,130,built,3,700000000,PYG,113649.56,650000000,PYG,105531.73,6159.285,812,-7.143,0,1,1,1,1,,remax,143025033-316
2497,2026-06-08,rent,local,"San Lorenzo, Central",,Central,San Lorenzo,400,built,,12000000,PYG,1948.28,10000000,PYG,1623.57,6159.285,4,-16.666,0,1,1,1,1,,remax,143101006-6
2614,2026-06-08,sale,departamento,Asunción,San Cristóbal,Asunción,,56,land,2,541686096,PYG,87946.26,541686096,PYG,87946.26,6159.285,1570,0,1,0,1,1,1,,remax,143063147-119
3796,2026-06-08,sale,departamento,"Encarnación, Itapúa",,Itapúa,Encarnación,33,land,1,74900,USD,74900,462882000,PYG,75151.9,6159.285,2277,0.336,0,0,1,1,0,cross-currency,remax,143098009-745
4106,2026-06-08,sale,terreno,"Ñemby, Central",,Central,Ñemby,360,land,,180000000,PYG,29224.17,175000000,PYG,28412.39,6159.285,79,-2.778,0,1,1,1,1,,remax,143019039-124
400,2026-06-09,rent,casa,Asunción,Barrio Jara,Asunción,,325,built,3,1550,USD,1550,7300000,PYG,1181.9,6176.495,4,-23.748,0,0,1,1,0,cross-currency,remax,143038001-205
849,2026-06-09,sale,terreno,Asunción,Catedral,Asunción,,,,,350000000,PYG,56666.44,345000000,PYG,55856.92,6176.495,,-1.429,0,1,1,1,1,,remax,143026204-21
1276,2026-06-09,sale,casa,Asunción,Virgen del Huerto,Asunción,,150,built,2,180000,USD,180000,900000000,PYG,145713.71,6176.495,971,-19.048,0,0,1,1,0,cross-currency,remax,143098052-19
1301,2026-06-09,sale,duplex,"San Lorenzo, Central",,Central,San Lorenzo,150,built,3,590000000,PYG,95523.43,590000000,PYG,95523.43,6176.495,637,0,1,0,1,1,1,,remax,143063062-54
1548,2026-06-09,sale,terreno,"Luque, Central",,Central,Luque,50,built,,160000000,PYG,25904.66,135000000,PYG,21857.06,6176.495,437,-15.625,0,1,1,1,1,,remax,143036126-38
1573,2026-06-09,rent,duplex,"Luque, Central",,Central,Luque,162,land,3,6000000,PYG,971.42,5650000,PYG,914.76,6176.495,6,-5.833,0,1,1,1,1,,remax,143098126-516
1773,2026-06-09,rent,duplex,"Luque, Central",,Central,Luque,162,land,3,6000000,PYG,971.42,5650000,PYG,914.76,6176.495,6,-5.833,0,1,1,1,1,,remax,143014041-519
2665,2026-06-09,sale,departamento,Asunción,Villa Morra,Asunción,,40,land,1,70000,USD,70000,427000000,PYG,69133.06,6176.495,1728,-1.238,0,0,1,1,0,cross-currency,remax,143056070-5
2802,2026-06-09,rent,deposito,"Encarnación, Itapúa",,Itapúa,Encarnación,,,,2000000,PYG,323.81,2000000,PYG,323.81,6176.495,,0,1,0,1,1,1,,remax,143032035-298
3434,2026-06-09,sale,departamento,Asunción,Catedral,Asunción,,54,land,1,240000000,PYG,38856.99,200000000,PYG,32380.82,6176.495,600,-16.667,0,1,1,1,1,,remax,143072119-96
3940,2026-06-09,rent,departamento,Asunción,Hipódromo,Asunción,,100,built,2,2500000,PYG,404.76,2500000,PYG,404.76,6176.495,4,0,1,0,1,1,1,,remax,143020051-179
4044,2026-06-09,sale,casa,"Limpio, Central",,Central,Limpio,80,built,2,250000000,PYG,40476.03,240000000,PYG,38856.99,6176.495,486,-4,0,1,1,1,1,,remax,143025149-259
4118,2026-06-09,rent,departamento,"Ciudad del Este, Alto Paraná",,Alto Paraná,Ciudad del Este,360,land,1,420,USD,420,2583000,PYG,418.2,6176.495,1,-0.429,0,0,1,1,0,cross-currency,remax,143050067-129
4176,2026-06-09,rent,departamento,Asunción,Manorá,Asunción,,66,land,2,1300,USD,1300,1200,USD,1200,6176.495,18,-7.692,0,1,1,1,1,,remax,143025117-57
4402,2026-06-09,rent,edificio,"Santa Rita, Alto Paraná",,Alto Paraná,,82,land,,950000,PYG,153.81,950000,PYG,153.81,6176.495,2,0,1,0,1,1,1,,remax,143065026-228
736,2026-06-10,sale,duplex,"Luque, Central",,Central,Luque,180,land,3,1000000000,PYG,162545.2,1000000000,PYG,162545.2,6152.135,903,0,1,0,1,1,1,,remax,143098078-11
1056,2026-06-10,sale,casa,Asunción,Recoleta,Asunción,,458,built,4,260000,USD,260000,1506041950,PYG,244799.89,6152.135,534,-5.846,0,0,1,1,0,cross-currency,remax,143014166-36
1451,2026-06-10,rent,casa,Asunción,Villa Aurelia,Asunción,,750,built,4,2500,USD,2500,12314000,PYG,2001.58,6152.135,3,-19.937,0,0,1,1,0,cross-currency,remax,143096056-4
1479,2026-06-10,rent,departamento,Asunción,Las Mercedes,Asunción,,45,land,1,3500000,PYG,568.91,3500000,PYG,568.91,6152.135,13,0,1,0,1,1,1,,remax,143098014-222
1725,2026-06-10,rent,departamento,Asunción,Herrera,Asunción,,57,land,1,4900000,PYG,796.47,4900000,PYG,796.47,6152.135,14,0,1,0,1,1,1,,remax,143056054-82
2339,2026-06-10,rent,oficina,Asunción,Mariscal López,Asunción,,,,,1850000,PYG,300.71,1850000,PYG,300.71,6152.135,,0,1,0,1,1,1,,remax,143080203-43
2675,2026-06-10,rent,departamento,"San Lorenzo, Central",,Central,San Lorenzo,60,built,2,2500000,PYG,406.36,2000000,PYG,325.09,6152.135,5,-20,0,1,1,1,1,,remax,143092081-19
3006,2026-06-10,rent,deposito,"Lambaré, Central",,Central,Lambaré,504,land,,13000000,PYG,2113.09,10000000,PYG,1625.45,6152.135,3,-23.077,0,1,1,1,1,,remax,143098123-36
3433,2026-06-10,sale,casa,Asunción,Recoleta,Asunción,,458,built,4,260000,USD,260000,1506041950,PYG,244799.89,6152.135,534,-5.846,0,0,1,1,0,cross-currency,remax,143098119-41
3948,2026-06-10,rent,deposito,"Lambaré, Central",,Central,Lambaré,504,land,,13000000,PYG,2113.09,10000000,PYG,1625.45,6152.135,3,-23.077,0,1,1,1,1,,remax,143014170-81
4081,2026-06-10,sale,otro,Asunción,Recoleta,Asunción,,,,,17725,USD,17725,109132825,PYG,17739.02,6152.135,,0.079,0,0,1,1,0,cross-currency,remax,143037035-169
4273,2026-06-10,rent,local,"Encarnación, Itapúa",,Itapúa,Encarnación,601,built,,8000000,PYG,1300.36,8000000,PYG,1300.36,6152.135,2,0,1,0,1,1,1,,remax,143032072-38
169081,2026-06-10,rent,casa,"Luque, Central",,Central,Luque,75,built,3,2500000,PYG,406.36,2500000,PYG,406.36,6152.135,5,0,1,0,1,1,1,,remax,143068120-23
136,2026-06-11,rent,duplex,"Fernando de la Mora, Central",,Central,Fernando de la Mora,180,land,,5000000,PYG,816.58,5000000,PYG,816.58,6123.11,5,0,1,0,1,1,1,,remax,143036160-8
647,2026-06-11,rent,duplex,"Fernando de la Mora, Central",,Central,Fernando de la Mora,115,built,3,4000000,PYG,653.26,4000000,PYG,653.26,6123.11,6,0,1,0,1,1,1,,remax,143063128-279
1477,2026-06-11,sale,casa,"Lambaré, Central",,Central,Lambaré,253,built,4,840000000,PYG,137185.19,700000000,PYG,114320.99,6123.11,452,-16.667,0,1,1,1,1,,remax,143026188-88
1529,2026-06-11,sale,terreno,Asunción,Mburucuyá,Asunción,,380,built,,390000,USD,390000,2398500000,PYG,391712.71,6123.11,1031,0.439,0,0,1,1,0,cross-currency,remax,143098026-52
1912,2026-06-11,sale,departamento,"Luque, Central",,Central,Luque,50,land,2,85942,USD,85942,528543300,PYG,86319.42,6123.11,1730,0.439,0,0,1,1,0,cross-currency,remax,143098026-61
2155,2026-06-11,sale,casa,"Luque, Central",,Central,Luque,70,built,2,260000000,PYG,42462.08,260000000,PYG,42462.08,6123.11,607,0,1,0,1,1,1,,remax,143028074-27
2297,2026-06-11,sale,terreno,Asunción,Mburucuyá,Asunción,,,,,340000,USD,340000,2091000000,PYG,341493.13,6123.11,,0.439,0,0,1,1,0,cross-currency,remax,143098026-53
2812,2026-06-11,sale,casa,"San Lorenzo, Central",,Central,San Lorenzo,130,built,2,370000000,PYG,60426.81,350000000,PYG,57160.5,6123.11,440,-5.405,0,1,1,1,1,,remax,143036040-217
2891,2026-06-11,sale,departamento,"San Bernardino, Cordillera",,Cordillera,San Bernardino,110,land,3,157061,USD,157061,965925150,PYG,157750.74,6123.11,1436,0.439,0,0,1,1,0,cross-currency,remax,143098026-64
2992,2026-06-11,sale,departamento,Asunción,Villa Morra,Asunción,,40,land,1,92400,USD,92400,563640000,PYG,92051.26,6123.11,2301,-0.377,0,0,1,1,0,cross-currency,remax,143056031-797
3450,2026-06-11,rent,local,Asunción,Ciudad Nueva,Asunción,,,,,16500000,PYG,2694.71,14500000,PYG,2368.08,6123.11,,-12.121,0,1,1,1,1,,remax,143100035-33
3600,2026-06-11,sale,casa,"Luque, Central",,Central,Luque,185,built,2,550000000,PYG,89823.64,500000000,PYG,81657.85,6123.11,441,-9.091,0,1,1,1,1,,remax,143096049-7
4059,2026-06-11,rent,local,"Luque, Central",,Central,Luque,,,,2800,USD,2800,11550000,PYG,1886.3,6123.11,,-32.632,0,0,1,1,0,cross-currency,remax,143038001-212
193,2026-06-12,rent,casa,"Capiatá, Central",,Central,Capiatá,112,built,2,1200000,PYG,195.98,1200000,PYG,195.98,6123.11,2,0,1,0,1,1,1,,remax,143080249-4
639,2026-06-12,sale,terreno,Asunción,Manorá,Asunción,,,,,585000,USD,585000,3505500000,PYG,572503.19,6123.11,,-2.136,0,0,1,1,0,cross-currency,remax,143098020-73
2681,2026-06-12,rent,departamento,Asunción,Barrio Jara,Asunción,,100,land,2,5000000,PYG,816.58,5000000,PYG,816.58,6123.11,8,0,1,0,1,1,1,,remax,143063116-106
2709,2026-06-12,rent,deposito,Asunción,San Pablo,Asunción,,245,built,,6600000,PYG,1077.88,6600000,PYG,1077.88,6123.11,4,0,1,0,1,1,1,,remax,143108006-19
4476,2026-06-12,sale,duplex,"Luque, Central",,Central,Luque,92,built,2,54000,USD,54000,383500000,PYG,62631.57,6123.11,681,15.984,0,0,1,1,0,cross-currency,remax,143054045-91
520,2026-06-13,rent,departamento,"San Lorenzo, Central",,Central,San Lorenzo,42,built,1,2800000,PYG,457.28,2800000,PYG,457.28,6123.11,11,0,1,0,1,1,1,,remax,143072073-117
1248,2026-06-13,rent,departamento,"Villa Elisa, Central",,Central,Villa Elisa,360,land,2,2500000,PYG,408.29,2500000,PYG,408.29,6123.11,1,0,1,0,1,1,1,,remax,143036160-7
3982,2026-06-13,rent,local,"Itauguá, Central",,Central,Itauguá,200,built,,9000000,PYG,1469.84,9000000,PYG,1469.84,6123.11,7,0,1,0,1,1,1,,remax,143080127-64
923,2026-06-15,rent,departamento,"Luque, Central",,Central,Luque,38,built,1,3500000,PYG,574.02,3500000,PYG,574.02,6097.37,15,0,1,0,1,1,1,,remax,143025158-47
929,2026-06-15,sale,departamento,"Ciudad del Este, Alto Paraná",,Alto Paraná,Ciudad del Este,34,land,1,47100,USD,47100,288471957,PYG,47310.88,6097.37,1391,0.448,0,0,1,1,0,cross-currency,remax,143050056-200
2236,2026-06-15,sale,departamento,"Encarnación, Itapúa",,Itapúa,Encarnación,85,land,2,97000,USD,97000,591506000,PYG,97010.02,6097.37,1141,0.01,0,0,1,1,0,cross-currency,remax,143011007-1542
2301,2026-06-15,rent,local,Asunción,Pettirossi,Asunción,,20,built,,1000000,PYG,164.01,1000000,PYG,164.01,6097.37,8,0,1,0,1,1,1,,remax,143100022-10
2585,2026-06-15,rent,casa,"Encarnación, Itapúa",,Itapúa,Encarnación,100,built,2,2200000,PYG,360.81,2200000,PYG,360.81,6097.37,4,0,1,0,1,1,1,,remax,143011091-71
3052,2026-06-15,rent,local,Asunción,Ciudad Nueva,Asunción,,,,,3500000,PYG,574.02,3000000,PYG,492.02,6097.37,,-14.285,0,1,1,1,1,,remax,143098010-99
3126,2026-06-15,rent,departamento,Asunción,Barrio Jara,Asunción,,50,built,1,3700000,PYG,606.82,3600000,PYG,590.42,6097.37,12,-2.703,0,1,1,1,1,,remax,143063091-109
3147,2026-06-15,rent,casa,"San Bernardino, Cordillera",,Cordillera,San Bernardino,200,built,4,7000000,PYG,1148.04,7000000,PYG,1148.04,6097.37,6,0,1,0,1,1,1,,remax,143092059-34
3209,2026-06-15,sale,departamento,Asunción,San Jorge,Asunción,,600,land,2,120500,USD,120500,736255000,PYG,120749.6,6097.37,201,0.207,0,0,1,1,0,cross-currency,remax,143063172-32
3344,2026-06-15,sale,casa,Asunción,Manorá,Asunción,,441,built,3,3650000000,PYG,598618.75,3658800000,PYG,600061.99,6097.37,1361,0.241,0,0,1,1,1,,remax,143054126-8
4080,2026-06-15,sale,casa,"Luque, Central",,Central,Luque,60,built,2,415000000,PYG,68062.13,400000000,PYG,65602.05,6097.37,1093,-3.614,0,1,1,1,1,,remax,143019039-125
4249,2026-06-15,sale,terreno,"Mariano Roque Alonso, Central",,Central,Mariano Roque Alonso,,,,430000000,PYG,70522.21,400000000,PYG,65602.05,6097.37,,-6.977,0,1,1,1,1,,remax,143068006-150
4465,2026-06-15,rent,departamento,"Ñemby, Central",,Central,Ñemby,50,built,1,1600000,PYG,262.41,16000000,PYG,2624.08,6097.37,52,899.992,0,0,1,1,0,outside 0.4 to 1.6 of the ask,remax,143019021-118
215,2026-06-16,rent,departamento,"Fernando de la Mora, Central",,Central,Fernando de la Mora,86,land,2,2900000,PYG,474.16,2900000,PYG,474.16,6116.06,6,0,1,0,1,1,1,,remax,143025148-193
876,2026-06-16,sale,terreno,"Presidente Franco, Alto Paraná",,Alto Paraná,,511,land,,110000,USD,110000,563040000,PYG,92059.27,6116.06,180,-16.31,0,0,1,1,0,cross-currency,remax,143050100-36
1560,2026-06-16,rent,otro,"Santa Rita, Alto Paraná",,Alto Paraná,,,,1,1300000,PYG,212.56,1300000,PYG,212.56,6116.06,,0,1,0,1,1,1,,remax,143065021-178
2195,2026-06-16,sale,terreno,Asunción,Manorá,Asunción,,471,built,,840000,USD,840000,3658800000,PYG,598228.27,6116.06,1271,-28.782,0,0,1,1,0,cross-currency,remax,143095039-2
3076,2026-06-16,sale,departamento,Asunción,Villa Morra,Asunción,,43,land,1,92040,USD,92040,563284800,PYG,92099.29,6116.06,2142,0.064,0,0,1,1,0,cross-currency,remax,143063190-402
3529,2026-06-16,sale,departamento,Asunción,La Encarnación,Asunción,,87,built,2,100000,USD,100000,570000000,PYG,93197.25,6116.06,1074,-6.803,0,0,1,1,0,cross-currency,remax,143050176-4
3592,2026-06-16,rent,departamento,Asunción,Hipódromo,Asunción,,35,built,,7000000,PYG,1144.53,6500000,PYG,1062.78,6116.06,30,-7.143,0,1,1,1,1,,remax,143080114-53
3598,2026-06-16,rent,casa,"Ñemby, Central",,Central,Ñemby,220,built,6,4800000,PYG,784.82,4800000,PYG,784.82,6116.06,4,0,1,0,1,1,1,,remax,143026092-66
104,2026-06-17,sale,terreno,"Caacupé, Cordillera",,Cordillera,Caacupé,360,land,,105000000,PYG,17242.36,97000000,PYG,15928.65,6089.655,44,-7.619,0,1,1,1,1,,remax,143096013-36
247,2026-06-17,rent,departamento,"Mariano Roque Alonso, Central",,Central,Mariano Roque Alonso,360,land,1,4200000,PYG,689.69,4200000,PYG,689.69,6089.655,2,0,1,0,1,1,1,,remax,143025149-265
259,2026-06-17,rent,casa,"Lambaré, Central",,Central,Lambaré,200,built,5,5000000,PYG,821.06,5000000,PYG,821.06,6089.655,4,0,1,0,1,1,1,,remax,143061061-156
645,2026-06-17,sale,departamento,"Luque, Central",,Central,Luque,125,built,4,579000000,PYG,95079.28,550000000,PYG,90317.1,6089.655,723,-5.009,0,1,1,1,1,,remax,143100042-47
659,2026-06-17,rent,departamento,"Encarnación, Itapúa",,Itapúa,Encarnación,90,built,3,4500000,PYG,738.96,4500000,PYG,738.96,6089.655,8,0,1,0,1,1,1,,remax,143011043-223
1428,2026-06-17,rent,casa,"Limpio, Central",,Central,Limpio,84,built,3,2500000,PYG,410.53,2250000,PYG,369.48,6089.655,4,-9.999,0,1,1,1,1,,remax,143014125-321
2046,2026-06-17,rent,casa,"Mariano Roque Alonso, Central",,Central,Mariano Roque Alonso,95,built,3,4000000,PYG,656.85,4000000,PYG,656.85,6089.655,7,0,1,0,1,1,1,,remax,143092079-9
2486,2026-06-17,rent,local,Asunción,Vista Alegre,Asunción,,160,built,,12000000,PYG,1970.55,10000000,PYG,1642.13,6089.655,10,-16.666,0,1,1,1,1,,remax,143095019-19
3026,2026-06-17,rent,otro,"Encarnación, Itapúa",,Itapúa,Encarnación,139,built,3,5000000,PYG,821.06,5000000,PYG,821.06,6089.655,6,0,1,0,1,1,1,,remax,143011024-384
3239,2026-06-17,rent,casa,"Limpio, Central",,Central,Limpio,84,built,3,2500000,PYG,410.53,2250000,PYG,369.48,6089.655,4,-9.999,0,1,1,1,1,,remax,143098128-321
3499,2026-06-17,sale,duplex,"Luque, Central",,Central,Luque,132,built,3,850000000,PYG,139580.98,899644200,PYG,147733.2,6089.655,1119,5.84,0,0,1,1,1,,remax,143063076-98
3545,2026-06-17,rent,departamento,"Encarnación, Itapúa",,Itapúa,Encarnación,60,built,2,1400000,PYG,229.9,1300000,PYG,213.48,6089.655,4,-7.142,0,1,1,1,1,,remax,143085019-572
4159,2026-06-17,rent,casa,"Lambaré, Central",,Central,Lambaré,87,built,3,3200000,PYG,525.48,3200000,PYG,525.48,6089.655,6,0,1,0,1,1,1,,remax,143061056-149
503,2026-06-18,sale,terreno,Asunción,Recoleta,Asunción,,,,,1200321,USD,1200321,7386777649,PYG,1202877.03,6140.925,,0.213,0,0,1,1,0,cross-currency,remax,143096058-1
612,2026-06-18,sale,departamento,Asunción,Carmelitas,Asunción,,113,land,2,205490,USD,205490,1220833450,PYG,198802.86,6140.925,1759,-3.254,0,0,1,1,0,cross-currency,remax,143036045-128
663,2026-06-18,sale,casa,"Fernando de la Mora, Central",,Central,Fernando de la Mora,300,built,3,645000000,PYG,105033.04,645000000,PYG,105033.04,6140.925,350,0,1,0,1,1,1,,remax,143056031-794
742,2026-06-18,rent,departamento,Asunción,Los Laureles,Asunción,,83,built,2,4500000,PYG,732.79,4500000,PYG,732.79,6140.925,9,0,1,0,1,1,1,,remax,143063102-364
873,2026-06-18,sale,casa,Asunción,Pettirossi,Asunción,,156,built,4,600000000,PYG,97705.15,585000000,PYG,95262.52,6140.925,611,-2.5,0,1,1,1,1,,remax,143061072-39
910,2026-06-18,rent,departamento,Asunción,Los Laureles,Asunción,,,,1,4300000,PYG,700.22,4300000,PYG,700.22,6140.925,,0,1,0,1,1,1,,remax,143098115-52
1952,2026-06-18,sale,casa,"Lambaré, Central",,Central,Lambaré,180,built,4,550000000,PYG,89563.05,550000000,PYG,89563.05,6140.925,498,0,1,0,1,1,1,,remax,143061061-141
2253,2026-06-18,sale,casa,"Caacupé, Cordillera",,Cordillera,Caacupé,49,built,1,245000000,PYG,39896.27,245000000,PYG,39896.27,6140.925,814,0,1,0,1,1,1,,remax,143094043-4
2294,2026-06-18,rent,departamento,Asunción,Los Laureles,Asunción,,,,1,4300000,PYG,700.22,4300000,PYG,700.22,6140.925,,0,1,0,1,1,1,,remax,143014167-101
2470,2026-06-18,rent,departamento,"Encarnación, Itapúa",,Itapúa,Encarnación,80,land,2,1800000,PYG,293.12,1800000,PYG,293.12,6140.925,4,0,1,0,1,1,1,,remax,143032035-303
2881,2026-06-18,sale,casa,"Capiatá, Central",,Central,Capiatá,280,built,3,750000000,PYG,122131.44,675000000,PYG,109918.29,6140.925,393,-10,0,1,1,1,1,,remax,143080241-3
2897,2026-06-18,rent,departamento,Asunción,Los Laureles,Asunción,,67,land,1,5000000,PYG,814.21,4500000,PYG,732.79,6140.925,11,-10,0,1,1,1,1,,remax,143098010-100
4022,2026-06-18,sale,terreno,"San Lorenzo, Central",,Central,San Lorenzo,,,,195000000,PYG,31754.17,195000000,PYG,31754.17,6140.925,,0,1,0,1,1,1,,remax,143061066-29
4139,2026-06-18,sale,terreno,"Ciudad del Este, Alto Paraná",,Alto Paraná,Ciudad del Este,,,,520000,USD,520000,3203200000,PYG,521615.23,6140.925,,0.311,0,0,1,1,0,cross-currency,remax,143098106-1
309871,2026-06-18,rent,casa,"Santa Rita, Alto Paraná",,Alto Paraná,,100,built,2,1500000,PYG,244.26,1500000,PYG,244.26,6140.925,2,0,1,0,1,1,1,,remax,143065040-39
538,2026-06-19,sale,casa,"Ciudad del Este, Alto Paraná",,Alto Paraná,Ciudad del Este,202,built,3,1600000000,PYG,262463.75,1497000000,PYG,245567.64,6096.08,1216,-6.438,0,1,1,1,1,,remax,143099027-48
1273,2026-06-19,sale,departamento,Asunción,Loma Pytá,Asunción,,32,built,1,41189,USD,41189,41000,USD,41000,6096.08,1281,-0.459,0,1,1,1,1,,remax,143025178-61
1439,2026-06-19,sale,edificio,"Villa Elisa, Central",,Central,Villa Elisa,1188,built,,1500000000,PYG,246059.76,1468800000,PYG,240941.72,6096.08,203,-2.08,0,1,1,1,1,,remax,143037122-82
1650,2026-06-19,sale,departamento,"Ciudad del Este, Alto Paraná",,Alto Paraná,Ciudad del Este,33,built,1,61800,USD,61800,376982862,PYG,61840.21,6096.08,1903,0.065,0,0,1,1,0,cross-currency,remax,143050056-215
1688,2026-06-19,rent,departamento,Asunción,Salvador del Mundo,Asunción,,72,land,2,1000,USD,1000,6100000,PYG,1000.64,6096.08,14,0.064,0,0,1,1,0,cross-currency,remax,143098090-8
2197,2026-06-19,sale,terreno,"San Bernardino, Cordillera",,Cordillera,San Bernardino,479,land,,150000000,PYG,24605.98,140000000,PYG,22965.58,6096.08,48,-6.667,0,1,1,1,1,,remax,143108019-12
2361,2026-06-19,sale,duplex,"Presidente Franco, Alto Paraná",,Alto Paraná,,350,built,14,290000,USD,290000,1507500000,PYG,247290.06,6096.08,707,-14.728,0,0,1,1,0,cross-currency,remax,143050100-41
2624,2026-06-19,sale,departamento,"Ciudad del Este, Alto Paraná",,Alto Paraná,Ciudad del Este,33,built,1,53800,USD,53800,328104142,PYG,53822.15,6096.08,1656,0.041,0,0,1,1,0,cross-currency,remax,143050056-205
2692,2026-06-19,rent,duplex,"Lambaré, Central",,Central,Lambaré,89,land,3,2800000,PYG,459.31,2800000,PYG,459.31,6096.08,5,0,1,0,1,1,1,,remax,143061015-146
3080,2026-06-19,rent,casa,"Lambaré, Central",,Central,Lambaré,360,built,2,3000000,PYG,492.12,3000000,PYG,492.12,6096.08,1,0,1,0,1,1,1,,remax,143025116-48
138006,2026-06-19,sale,terreno,"San Lorenzo, Central",,Central,San Lorenzo,,,,1600000,USD,1600000,7920900000,PYG,1299343.18,6096.08,,-18.791,0,0,1,1,0,cross-currency,remax,143063090-71
1762,2026-06-20,rent,casa,"San Bernardino, Cordillera",,Cordillera,San Bernardino,400,built,3,6600000,PYG,1082.66,6900000,PYG,1131.87,6096.08,3,4.545,0,0,1,1,1,,remax,143098070-17
3668,2026-06-20,rent,oficina,Asunción,Las Lomas (Carmelitas),Asunción,,6,built,,3400000,PYG,557.74,2900000,PYG,475.72,6096.08,85,-14.706,0,1,1,1,1,,remax,143100028-50
290,2026-06-22,rent,casa,"Filadelfia, Boquerón",,Boquerón,,53,built,3,1800000,PYG,295.27,1800000,PYG,295.27,6096.08,6,0,1,0,1,1,1,,remax,143016044-5
1152,2026-06-22,sale,casa,"Luque, Central",,Central,Luque,95,built,2,450000000,PYG,73817.93,4500000000,PYG,738179.29,6096.08,7770,900,0,0,1,1,0,outside 0.4 to 1.6 of the ask,remax,143025136-88
1594,2026-06-22,rent,casa,"Lambaré, Central",,Central,Lambaré,360,built,2,3000000,PYG,492.12,3000000,PYG,492.12,6096.08,1,0,1,0,1,1,1,,remax,143025116-68
191880,2026-06-22,rent,casa,"Luque, Central",,Central,Luque,80,built,1,2500000,PYG,410.1,2500000,PYG,410.1,6096.08,5,0,1,0,1,1,1,,remax,143094050-24
1014,2026-06-23,sale,casa,"Capiatá, Central",,Central,Capiatá,301,built,2,220000000,PYG,36028.69,200000000,PYG,32753.35,6106.245,109,-9.091,0,1,1,1,1,,remax,143098116-117
1583,2026-06-23,sale,departamento,Asunción,Sajonia,Asunción,,11,land,1,220000000,PYG,36028.69,220000000,PYG,36028.69,6106.245,3275,0,1,0,1,1,1,,remax,143025116-63
1658,2026-06-23,rent,deposito,"San Antonio, Central",,Central,San Antonio,500,built,,15000000,PYG,2456.5,15000000,PYG,2456.5,6106.245,5,0,1,0,1,1,1,,remax,143019039-129
1722,2026-06-23,rent,casa,"Villa Elisa, Central",,Central,Villa Elisa,360,built,3,2750000,PYG,450.36,2750000,PYG,450.36,6106.245,1,0,1,0,1,1,1,,remax,114006119-6
2078,2026-06-23,rent,departamento,"Encarnación, Itapúa",,Itapúa,Encarnación,150,land,2,2300000,PYG,376.66,2300000,PYG,376.66,6106.245,3,0,1,0,1,1,1,,remax,143032061-154
2419,2026-06-23,sale,terreno,"Hernandarias, Alto Paraná",,Alto Paraná,Hernandarias,366,land,,120000000,PYG,19652.01,120000000,PYG,19652.01,6106.245,54,0,1,0,1,1,1,,remax,143050170-6
2969,2026-06-23,sale,casa,"Capiatá, Central",,Central,Capiatá,301,built,2,220000000,PYG,36028.69,200000000,PYG,32753.35,6106.245,109,-9.091,0,1,1,1,1,,remax,143014141-239
3354,2026-06-23,sale,deposito,"Mariano Roque Alonso, Central",,Central,Mariano Roque Alonso,4357,built,,2300000,USD,2300000,13992041250,PYG,2291431.35,6106.245,526,-0.373,0,0,1,1,0,cross-currency,remax,143063089-87
3401,2026-06-23,sale,terreno,"San Antonio, Central",,Central,San Antonio,,,,240000000,PYG,39304.02,160000000,PYG,26202.68,6106.245,,-33.333,0,1,1,1,1,,remax,143072142-2
4207,2026-06-23,sale,casa,"Lambaré, Central",,Central,Lambaré,72,built,2,470000000,PYG,76970.38,465000000,PYG,76151.55,6106.245,1058,-1.064,0,1,1,1,1,,remax,143037035-163
4219,2026-06-23,sale,departamento,Asunción,Las Mercedes,Asunción,,74,land,1,78000,USD,78000,458230500,PYG,75042.93,6106.245,1014,-3.791,0,0,1,1,0,cross-currency,remax,143028047-93
4339,2026-06-23,rent,departamento,Asunción,Pettirossi,Asunción,,25,land,1,1200000,PYG,196.52,1200000,PYG,196.52,6106.245,8,0,1,0,1,1,1,,remax,143014052-105
217572,2026-06-23,sale,departamento,"Fernando de la Mora, Central",,Central,Fernando de la Mora,410,land,2,400000000,PYG,65506.71,400000000,PYG,65506.71,6106.245,160,0,1,0,1,1,1,,remax,143071092-21
442,2026-06-24,rent,casa,"Cambyretá, Itapúa",,Itapúa,Cambyretá,500,built,3,1300,USD,1300,7930000,PYG,1297.75,6110.585,3,-0.173,0,0,1,1,0,cross-currency,remax,143011024-388
589,2026-06-24,rent,local,"Lambaré, Central",,Central,Lambaré,369,land,,3500000,PYG,572.78,4500000,PYG,736.43,6110.585,2,28.571,0,0,1,1,1,,remax,143061015-141
829,2026-06-24,sale,casa,Asunción,San Vicente,Asunción,,280,built,4,2300000000,PYG,376396.04,2300000000,PYG,376396.04,6110.585,1344,0,1,0,1,1,1,,remax,143014005-863
901,2026-06-24,sale,terreno,"Ñemby, Central",,Central,Ñemby,369,built,,205000000,PYG,33548.34,205000000,PYG,33548.34,6110.585,91,0,1,0,1,1,1,,remax,143092058-79
1194,2026-06-24,rent,departamento,Asunción,Ytay,Asunción,,88,land,3,6500000,PYG,1063.73,6500000,PYG,1063.73,6110.585,12,0,1,0,1,1,1,,remax,143098038-42
1630,2026-06-24,rent,departamento,Asunción,Ycuá Satí,Asunción,,56,land,1,2500000,PYG,409.13,2500000,PYG,409.13,6110.585,7,0,1,0,1,1,1,,remax,143063104-180
1923,2026-06-24,sale,terreno,"Villa Elisa, Central",,Central,Villa Elisa,756,land,,750000000,PYG,122737.84,700000000,PYG,114555.32,6110.585,152,-6.667,0,1,1,1,1,,remax,143098038-10
2391,2026-06-24,sale,otro,"Luque, Central",,Central,Luque,48,built,2,153168,USD,153168,155000,USD,155000,6110.585,3229,1.196,0,0,1,1,1,,remax,143098133-692
2638,2026-06-24,rent,departamento,"Encarnación, Itapúa",,Itapúa,Encarnación,500,land,1,1200000,PYG,196.38,1200000,PYG,196.38,6110.585,0,0,1,0,1,1,1,,remax,143011080-89
3030,2026-06-24,sale,casa,Asunción,San Vicente,Asunción,,280,built,4,2300000000,PYG,376396.04,2300000000,PYG,376396.04,6110.585,1344,0,1,0,1,1,1,,remax,143098133-720
3033,2026-06-24,sale,otro,"Luque, Central",,Central,Luque,48,built,2,153168,USD,153168,155000,USD,155000,6110.585,3229,1.196,0,0,1,1,1,,remax,143014005-905
3180,2026-06-24,sale,duplex,"Luque, Central",,Central,Luque,132,built,3,850000000,PYG,139102.88,825000000,PYG,135011.62,6110.585,1023,-2.941,0,1,1,1,1,,remax,143063076-109
3486,2026-06-24,sale,casa,Asunción,Obrero,Asunción,,580,built,5,2457000000,PYG,402089.16,2318000000,PYG,379341.75,6110.585,654,-5.657,0,1,1,1,1,,remax,143063051-367
4326,2026-06-24,rent,local,"Encarnación, Itapúa",,Itapúa,Encarnación,,,,1000000,PYG,163.65,1000000,PYG,163.65,6110.585,,0,1,0,1,1,1,,remax,143011080-90
69891,2026-06-24,sale,duplex,"Mariano Roque Alonso, Central",,Central,Mariano Roque Alonso,180,land,3,135000,USD,135000,821610000,PYG,134456.85,6110.585,747,-0.402,0,0,1,1,0,cross-currency,remax,143019021-119
115,2026-06-25,rent,departamento,"Lambaré, Central",,Central,Lambaré,97,land,2,1800000,PYG,294.91,1800000,PYG,294.91,6103.585,3,0,1,0,1,1,1,,remax,143061015-138
590,2026-06-25,sale,departamento,Asunción,Recoleta,Asunción,,,,,99400,USD,99400,616280000,PYG,100970.17,6103.585,,1.58,0,0,1,1,0,cross-currency,remax,143056032-283
799,2026-06-25,sale,terreno,"Minga Guazú, Alto Paraná",,Alto Paraná,Minga Guazú,,,,90000000,PYG,14745.43,90000000,PYG,14745.43,6103.585,,0,1,0,1,1,1,,remax,143050186-9
1218,2026-06-25,sale,departamento,"San Lorenzo, Central",,Central,San Lorenzo,60,land,2,295000000,PYG,48332.25,295000000,PYG,48332.25,6103.585,806,0,1,0,1,1,1,,remax,143071054-557
1370,2026-06-25,sale,terreno,"Fernando de la Mora, Central",,Central,Fernando de la Mora,,,,370000000,PYG,60620.11,350000000,PYG,57343.35,6103.585,,-5.405,0,1,1,1,1,,remax,143080241-12
1654,2026-06-25,rent,otro,"Ciudad del Este, Alto Paraná",,Alto Paraná,Ciudad del Este,,,2,1050,USD,1050,7220000,PYG,1182.91,6103.585,,12.658,0,0,1,1,0,cross-currency,remax,143107014-11
2232,2026-06-25,sale,casa,"Capiatá, Central",,Central,Capiatá,50,built,1,220000000,PYG,36044.39,220000000,PYG,36044.39,6103.585,721,0,1,0,1,1,1,,remax,143061061-152
2429,2026-06-25,sale,departamento,"Ciudad del Este, Alto Paraná",,Alto Paraná,Ciudad del Este,105,built,3,465000000,PYG,76184.73,465000000,PYG,76184.73,6103.585,723,0,1,0,1,1,1,,remax,143107020-15
2586,2026-06-25,sale,casa,"San Lorenzo, Central",,Central,San Lorenzo,75,built,2,450000000,PYG,73727.16,430000000,PYG,70450.4,6103.585,939,-4.444,0,1,1,1,1,,remax,143092038-96
2764,2026-06-25,rent,oficina,"Villa Elisa, Central",,Central,Villa Elisa,60,built,,2000000,PYG,327.68,2000000,PYG,327.68,6103.585,5,0,1,0,1,1,1,,remax,143036101-28
2810,2026-06-25,rent,departamento,Asunción,Los Laureles,Asunción,,44,land,1,4500000,PYG,737.27,4500000,PYG,737.27,6103.585,17,0,1,0,1,1,1,,remax,143098041-28
300,2026-06-26,rent,departamento,"Luque, Central",,Central,Luque,87,land,2,6500000,PYG,1067.33,6500000,PYG,1067.33,6089.945,12,0,1,0,1,1,1,,remax,143063147-167
576,2026-06-26,sale,terreno,"Encarnación, Itapúa",,Itapúa,Encarnación,488,land,,170000000,PYG,27914.87,170000000,PYG,27914.87,6089.945,57,0,1,0,1,1,1,,remax,143011007-1546
584,2026-06-26,sale,terreno,Asunción,Santísima Trinidad,Asunción,,380,built,6,480000,USD,480000,2899200000,PYG,476063.41,6089.945,1253,-0.82,0,0,1,1,0,cross-currency,remax,143100035-31
961,2026-06-26,sale,departamento,"Ciudad del Este, Alto Paraná",,Alto Paraná,Ciudad del Este,360,land,1,49950,USD,49950,304395300,PYG,49983.26,6089.945,139,0.067,0,0,1,1,0,cross-currency,remax,143050067-132
1104,2026-06-26,rent,casa,"Lambaré, Central",,Central,Lambaré,280,built,4,8000000,PYG,1313.64,8000000,PYG,1313.64,6089.945,5,0,1,0,1,1,1,,remax,143028010-213
1112,2026-06-26,rent,casa,"Encarnación, Itapúa",,Itapúa,Encarnación,1,built,3,1800000,PYG,295.57,1800000,PYG,295.57,6089.945,296,0,1,0,1,1,1,,remax,143011007-2231
1317,2026-06-26,rent,deposito,"Cambyretá, Itapúa",,Itapúa,Cambyretá,,,,2000000,PYG,328.41,2000000,PYG,328.41,6089.945,,0,1,0,1,1,1,,remax,143011007-2213
1379,2026-06-26,rent,casa,"Presidente Franco, Alto Paraná",,Alto Paraná,,360,built,4,2500000,PYG,410.51,2500000,PYG,410.51,6089.945,1,0,1,0,1,1,1,,remax,143107022-6
1505,2026-06-26,sale,terreno,"San Juan del Paraná, Itapúa",,Itapúa,San Juan del Paraná,,,,70000,USD,70000,426720000,PYG,70069.6,6089.945,,0.099,0,0,1,1,0,cross-currency,remax,143011007-2196
1576,2026-06-26,sale,terreno,"Encarnación, Itapúa",,Itapúa,Encarnación,453,land,,30000,USD,30000,182880000,PYG,30029.83,6089.945,66,0.099,0,0,1,1,0,cross-currency,remax,143011007-2076
1616,2026-06-26,sale,departamento,"Luque, Central",,Central,Luque,35,land,2,75317,USD,75317,459433700,PYG,75441.35,6089.945,2174,0.165,0,0,1,1,0,cross-currency,remax,143098026-62
2098,2026-06-26,sale,terreno,"Capiatá, Central",,Central,Capiatá,,,,660000000,PYG,108375.36,630000000,PYG,103449.21,6089.945,,-4.545,0,1,1,1,1,,remax,143009135-41
2332,2026-06-26,rent,local,Asunción,Vista Alegre,Asunción,,,,,1500000,PYG,246.31,1500000,PYG,246.31,6089.945,,0,1,0,1,1,1,,remax,114006111-20
2520,2026-06-26,sale,departamento,Asunción,Recoleta,Asunción,,51,land,1,100000,USD,100000,610000000,PYG,100165.11,6089.945,1964,0.165,0,0,1,1,0,cross-currency,remax,143036008-125
2558,2026-06-26,sale,departamento,"Ciudad del Este, Alto Paraná",,Alto Paraná,Ciudad del Este,38,land,1,51800,USD,51800,316645630,PYG,51994.83,6089.945,1368,0.376,0,0,1,1,0,cross-currency,remax,143050056-216
2628,2026-06-26,sale,terreno,"Mariano Roque Alonso, Central",,Central,Mariano Roque Alonso,360,land,,285000000,PYG,46798.45,250000000,PYG,41051.27,6089.945,114,-12.281,0,1,1,1,1,,remax,143054045-70
3082,2026-06-26,rent,departamento,"Encarnación, Itapúa",,Itapúa,Encarnación,1,land,3,3000000,PYG,492.62,3000000,PYG,492.62,6089.945,493,0,1,0,1,1,1,,remax,143011007-2232
4012,2026-06-26,sale,terreno,Asunción,Las Lomas (Carmelitas),Asunción,,,,,1000000,USD,1000000,6040000000,PYG,991798.78,6089.945,,-0.82,0,0,1,1,0,cross-currency,remax,143068091-136
4328,2026-06-26,sale,terreno,"Ciudad del Este, Alto Paraná",,Alto Paraná,Ciudad del Este,144,built,,380000000,PYG,62397.94,380000000,PYG,62397.94,6089.945,433,0,1,0,1,1,1,,remax,143050188-1
4364,2026-06-26,rent,departamento,Asunción,Ycuá Satí,Asunción,,130,land,3,1550,USD,1550,9431750,PYG,1548.74,6089.945,12,-0.081,0,0,1,1,0,cross-currency,remax,143063152-55
4436,2026-06-26,rent,departamento,"Fernando de la Mora, Central",,Central,Fernando de la Mora,2683,built,2,2900000,PYG,476.19,2900000,PYG,476.19,6089.945,0,0,1,0,1,1,1,,remax,143046083-5
1034,2026-06-27,rent,casa,"Encarnación, Itapúa",,Itapúa,Encarnación,210,built,3,1500,USD,1500,8100000,PYG,1330.06,6089.945,6,-11.329,0,0,1,1,0,cross-currency,remax,143032061-148
1070,2026-06-27,rent,duplex,"Fernando de la Mora, Central",,Central,Fernando de la Mora,140,land,4,5000000,PYG,821.03,5000000,PYG,821.03,6089.945,6,0,1,0,1,1,1,,remax,143025136-90
1153,2026-06-27,sale,terreno,"Areguá, Central",,Central,Areguá,50,built,2,90000000,PYG,14778.46,90000000,PYG,14778.46,6089.945,296,0,1,0,1,1,1,,remax,143061080-84
1868,2026-06-27,rent,departamento,"Mariano Roque Alonso, Central",,Central,Mariano Roque Alonso,75,land,2,2000000,PYG,328.41,2000000,PYG,328.41,6089.945,4,0,1,0,1,1,1,,remax,143038004-194
2488,2026-06-27,rent,departamento,"Luque, Central",,Central,Luque,35,built,1,1300000,PYG,213.47,1000000,PYG,164.21,6089.945,5,-23.076,0,1,1,1,1,,remax,143072093-18
3233,2026-06-27,rent,departamento,"Luque, Central",,Central,Luque,59,land,2,3700000,PYG,607.56,3700000,PYG,607.56,6089.945,10,0,1,0,1,1,1,,remax,143019021-121
3460,2026-06-27,rent,local,Asunción,Villa Aurelia,Asunción,,180,built,,7000000,PYG,1149.44,7000000,PYG,1149.44,6089.945,6,0,1,0,1,1,1,,remax,143063204-77
4225,2026-06-27,rent,casa,Asunción,San Jorge,Asunción,,95,built,1,4800000,PYG,788.18,4500000,PYG,738.92,6089.945,8,-6.25,0,1,1,1,1,,remax,143048009-83
4271,2026-06-27,rent,departamento,"Encarnación, Itapúa",,Itapúa,Encarnación,38,built,1,1300000,PYG,213.47,1300000,PYG,213.47,6089.945,6,0,1,0,1,1,1,,remax,143032061-139
1888,2026-06-28,rent,deposito,"Santa Rita, Alto Paraná",,Alto Paraná,,400,built,,9000000,PYG,1477.85,5800000,PYG,952.39,6089.945,2,-35.556,0,1,1,1,1,,remax,143065010-309
1944,2026-06-28,rent,duplex,"Villa Elisa, Central",,Central,Villa Elisa,,,,3500000,PYG,574.72,3500000,PYG,574.72,6089.945,,0,1,0,1,1,1,,remax,143068135-14
10,2026-06-29,sale,casa,"Villa Elisa, Central",,Central,Villa Elisa,75,built,2,390000000,PYG,64132.61,380000000,PYG,62488.18,6081.15,833,-2.564,0,1,1,1,1,,remax,143061096-6
97,2026-06-29,sale,terreno,"Carmen del Paraná, Itapúa",,Itapúa,,,,,210000000,PYG,34532.94,210000000,PYG,34532.94,6081.15,,0,1,0,1,1,1,,remax,143011003-460
145,2026-06-29,rent,departamento,"Mariano Roque Alonso, Central",,Central,Mariano Roque Alonso,28,land,1,3000000,PYG,493.33,2900000,PYG,476.88,6081.15,17,-3.334,0,1,1,1,1,,remax,143068137-5
211,2026-06-29,rent,otro,"Santa Rita, Alto Paraná",,Alto Paraná,,540,built,,1950000,PYG,320.66,1950000,PYG,320.66,6081.15,1,0,1,0,1,1,1,,remax,143065026-230
435,2026-06-29,sale,terreno,Asunción,Mbocayaty,Asunción,,160,built,,890000000,PYG,146353.9,850000000,PYG,139776.19,6081.15,874,-4.494,0,1,1,1,1,,remax,143061085-22
574,2026-06-29,rent,deposito,"Concepción, Concepción",,Concepción,,360,built,,5000000,PYG,822.21,5000000,PYG,822.21,6081.15,2,0,1,0,1,1,1,,remax,143011101-48
621,2026-06-29,rent,duplex,"Concepción, Concepción",,Concepción,,144,built,3,3000000,PYG,493.33,3000000,PYG,493.33,6081.15,3,0,1,0,1,1,1,,remax,143011101-45
903,2026-06-29,sale,duplex,"Fernando de la Mora, Central",,Central,Fernando de la Mora,132,land,3,600000000,PYG,98665.55,595000000,PYG,97843.34,6081.15,741,-0.833,0,1,1,1,1,,remax,143025156-166
1163,2026-06-29,rent,casa,Asunción,Pinoza,Asunción,,340,built,4,9000000,PYG,1479.98,9000000,PYG,1479.98,6081.15,4,0,1,0,1,1,1,,remax,143098055-8
1685,2026-06-29,sale,terreno,"Encarnación, Itapúa",,Itapúa,Encarnación,564,built,,30000,USD,30000,182430000,PYG,29999.26,6081.15,53,-0.002,0,0,1,1,0,cross-currency,remax,143011043-265
2041,2026-06-29,sale,terreno,Asunción,Mburucuyá,Asunción,,,,,220000,USD,220000,1320000000,PYG,217064.21,6081.15,,-1.334,0,0,1,1,0,cross-currency,remax,143038046-186
2380,2026-06-29,sale,casa,Asunción,Las Lomas (Carmelitas),Asunción,,780,built,3,450000,USD,450000,405000,USD,405000,6081.15,519,-10,0,1,1,1,1,,remax,143094036-32
2383,2026-06-29,sale,terreno,"Cambyretá, Itapúa",,Itapúa,Cambyretá,60,built,2,140000000,PYG,23021.96,140000000,PYG,23021.96,6081.15,384,0,1,0,1,1,1,,remax,143011030-244
2913,2026-06-29,rent,casa,"Concepción, Concepción",,Concepción,,36,built,3,1500000,PYG,246.66,1500000,PYG,246.66,6081.15,7,0,1,0,1,1,1,,remax,143011101-47
2968,2026-06-29,sale,departamento,"Luque, Central",,Central,Luque,28,land,1,40000,USD,40000,225700000,PYG,37114.69,6081.15,1326,-7.213,0,0,1,1,0,cross-currency,remax,143056054-73
3350,2026-06-29,rent,departamento,"Luque, Central",,Central,Luque,360,land,1,3500000,PYG,575.55,3350000,PYG,550.88,6081.15,2,-4.286,0,1,1,1,1,,remax,143098058-60
3371,2026-06-29,rent,departamento,"Encarnación, Itapúa",,Itapúa,Encarnación,54,built,1,1800000,PYG,296,1800000,PYG,296,6081.15,5,0,1,0,1,1,1,,remax,143011043-257
3522,2026-06-29,sale,terreno,"Cambyretá, Itapúa",,Itapúa,Cambyretá,,,,70000,USD,70000,425670000,PYG,69998.27,6081.15,,-0.002,0,0,1,1,0,cross-currency,remax,143011030-229
3784,2026-06-29,rent,otro,"Itauguá, Central",,Central,Itauguá,,,1,1200000,PYG,197.33,1200000,PYG,197.33,6081.15,,0,1,0,1,1,1,,remax,143094056-8
4001,2026-06-29,sale,terreno,"San Alberto, Alto Paraná",,Alto Paraná,,300000,land,,2350000,USD,2350000,14290350000,PYG,2349942.03,6081.15,8,-0.002,0,0,1,1,0,cross-currency,remax,143011003-425
4522,2026-06-29,rent,departamento,"Encarnación, Itapúa",,Itapúa,Encarnación,80,built,2,2500000,PYG,411.11,2500000,PYG,411.11,6081.15,5,0,1,0,1,1,1,,remax,143011043-264
69571,2026-06-29,sale,casa,"San Lorenzo, Central",,Central,San Lorenzo,320,built,4,210000,USD,210000,1119481900,PYG,184090.49,6081.15,575,-12.338,0,0,1,1,0,cross-currency,remax,143098027-83
98,2026-06-30,rent,casa,"Luque, Central",,Central,Luque,95,built,2,4000000,PYG,657.77,3800000,PYG,624.88,6081.15,7,-5,0,1,1,1,1,,remax,143014041-353
244,2026-06-30,sale,terreno,"Luque, Central",,Central,Luque,,,,300000000,PYG,49332.77,290000000,PYG,47688.35,6081.15,,-3.333,0,1,1,1,1,,remax,143080105-119
447,2026-06-30,sale,departamento,Asunción,Las Lomas (Carmelitas),Asunción,,29,land,1,90000,USD,90000,83000,USD,83000,6081.15,2862,-7.778,0,1,1,1,1,,remax,143025116-58
575,2026-06-30,sale,casa,"Capiatá, Central",,Central,Capiatá,48,built,2,300000000,PYG,49332.77,300000000,PYG,49332.77,6081.15,1028,0,1,0,1,1,1,,remax,114006098-25
594,2026-06-30,sale,departamento,Asunción,Santísima Trinidad,Asunción,,92,land,2,130000,USD,130000,793000000,PYG,130402.97,6081.15,1417,0.31,0,0,1,1,0,cross-currency,remax,143098009-714
596,2026-06-30,rent,departamento,"Luque, Central",,Central,Luque,51,land,2,3500000,PYG,575.55,3500000,PYG,575.55,6081.15,11,0,1,0,1,1,1,,remax,143019021-122
714,2026-06-30,rent,oficina,Asunción,General Díaz,Asunción,,63,built,,3700000,PYG,608.44,3700000,PYG,608.44,6081.15,10,0,1,0,1,1,1,,remax,143014041-458
786,2026-06-30,sale,terreno,"Luque, Central",,Central,Luque,,,,270000000,PYG,44399.5,270000000,PYG,44399.5,6081.15,,0,1,0,1,1,1,,remax,143080114-48
1249,2026-06-30,rent,casa,"Luque, Central",,Central,Luque,95,built,2,4000000,PYG,657.77,3800000,PYG,624.88,6081.15,7,-5,0,1,1,1,1,,remax,143098126-350
1470,2026-06-30,sale,terreno,"Ciudad del Este, Alto Paraná",,Alto Paraná,Ciudad del Este,,,,146000,USD,146000,791960000,PYG,130231.95,6081.15,,-10.8,0,0,1,1,0,cross-currency,remax,143050081-129
1520,2026-06-30,rent,departamento,"Luque, Central",,Central,Luque,,,1,2750000,PYG,452.22,2750000,PYG,452.22,6081.15,,0,1,0,1,1,1,,remax,143098126-463
1727,2026-06-30,rent,casa,"Villarrica, Guairá",,Guairá,,180,built,2,2000000,PYG,328.89,2000000,PYG,328.89,6081.15,2,0,1,0,1,1,1,,remax,143095041-1
1827,2026-06-30,rent,oficina,Asunción,General Díaz,Asunción,,63,built,,3700000,PYG,608.44,3700000,PYG,608.44,6081.15,10,0,1,0,1,1,1,,remax,143098126-455
1940,2026-06-30,sale,terreno,"Limpio, Central",,Central,Limpio,360,land,,220000000,PYG,36177.37,200000000,PYG,32888.52,6081.15,91,-9.091,0,1,2,1,1,,remax,143028003-205
2035,2026-06-30,sale,terreno,Asunción,Las Lomas (Carmelitas),Asunción,,,,,1000000,USD,1000000,6083000000,PYG,1000304.22,6081.15,,0.03,0,0,1,1,0,cross-currency,remax,143068091-137
2070,2026-06-30,sale,terreno,"Isla Pucú, Cordillera",,Cordillera,,151,built,2,105000,USD,105000,609300000,PYG,100194.86,6081.15,664,-4.576,0,0,1,1,0,cross-currency,remax,143096049-9
2133,2026-06-30,sale,terreno,"Limpio, Central",,Central,Limpio,361,land,,220000000,PYG,36177.37,200000000,PYG,32888.52,6081.15,91,-9.091,0,1,2,0,0,second record of one deal,remax,143028003-206
2239,2026-06-30,sale,duplex,Asunción,Herrera,Asunción,,238,land,4,280000,USD,280000,1581580000,PYG,260079.1,6081.15,1093,-7.115,0,0,1,1,0,cross-currency,remax,143071054-562
2662,2026-06-30,rent,casa,"Limpio, Central",,Central,Limpio,54,built,2,2500000,PYG,411.11,2500000,PYG,411.11,6081.15,8,0,1,0,1,1,1,,remax,114006142-3
2930,2026-06-30,sale,casa,"Lambaré, Central",,Central,Lambaré,150,built,3,450000000,PYG,73999.16,450000000,PYG,73999.16,6081.15,493,0,1,0,1,1,1,,remax,143036112-31
2976,2026-06-30,rent,departamento,Asunción,San Vicente,Asunción,,,,2,3200000,PYG,526.22,3200000,PYG,526.22,6081.15,,0,1,0,1,1,1,,remax,143098126-494
3015,2026-06-30,rent,departamento,"Luque, Central",,Central,Luque,,,1,2750000,PYG,452.22,2750000,PYG,452.22,6081.15,,0,1,0,1,1,1,,remax,143014041-466
3123,2026-06-30,sale,casa,"Ciudad del Este, Alto Paraná",,Alto Paraná,Ciudad del Este,120,built,3,150000,USD,150000,884500000,PYG,145449.46,6081.15,1212,-3.034,0,0,1,1,0,cross-currency,remax,143099023-27
3333,2026-06-30,rent,duplex,"Mariano Roque Alonso, Central",,Central,Mariano Roque Alonso,89,built,2,3000000,PYG,493.33,3000000,PYG,493.33,6081.15,6,0,1,0,1,1,1,,remax,143108008-14
3469,2026-06-30,sale,departamento,Asunción,Las Lomas (Carmelitas),Asunción,,73,land,2,139000,USD,139000,846927000,PYG,139270.86,6081.15,1908,0.195,0,0,1,1,0,cross-currency,remax,143096014-65
3484,2026-06-30,sale,casa,"Ciudad del Este, Alto Paraná",,Alto Paraná,Ciudad del Este,160,built,2,550000000,PYG,90443.42,550000000,PYG,90443.42,6081.15,565,0,1,0,1,1,1,,remax,143050060-303
3669,2026-06-30,sale,casa,"Luque, Central",,Central,Luque,210,built,4,210000,USD,210000,1100000000,PYG,180886.84,6081.15,861,-13.863,0,0,1,1,0,cross-currency,remax,143096011-77
3685,2026-06-30,rent,casa,"Santa Rita, Alto Paraná",,Alto Paraná,,72,built,3,2500000,PYG,411.11,2200000,PYG,361.77,6081.15,5,-12.002,0,1,1,1,1,,remax,143065033-15
3747,2026-06-30,rent,duplex,"Villa Elisa, Central",,Central,Villa Elisa,110,built,4,2800000,PYG,460.44,2800000,PYG,460.44,6081.15,4,0,1,0,1,1,1,,remax,143095044-3
4179,2026-06-30,rent,casa,"San Antonio, Central",,Central,San Antonio,60,built,2,2000000,PYG,328.89,2000000,PYG,328.89,6081.15,5,0,1,0,1,1,1,,remax,143092028-84
310206,2026-06-30,rent,departamento,"Santa Rita, Alto Paraná",,Alto Paraná,,110,built,2,3000000,PYG,493.33,3000000,PYG,493.33,6081.15,4,0,1,0,1,1,1,,remax,143065045-3
358,2026-07-01,rent,local,"Filadelfia, Boquerón",,Boquerón,,220,built,,6000000,PYG,987.41,4500000,PYG,740.56,6076.515,3,-25,0,1,1,1,1,,remax,143102001-74
387,2026-07-01,sale,departamento,Asunción,Recoleta,Asunción,,74,land,2,137000,USD,137000,760375000,PYG,125133.4,6076.515,1691,-8.662,0,0,1,1,0,cross-currency,remax,143054045-86
2090,2026-07-01,rent,local,"Ciudad del Este, Alto Paraná",,Alto Paraná,Ciudad del Este,,,,2500000,PYG,411.42,2500000,PYG,411.42,6076.515,,0,1,0,1,1,1,,remax,143050056-194
2508,2026-07-01,sale,casa,"Ñemby, Central",,Central,Ñemby,360,built,3,450000000,PYG,74055.61,400000000,PYG,65827.21,6076.515,183,-11.111,0,1,1,1,1,,remax,143084057-7
3194,2026-07-01,rent,local,"Fernando de la Mora, Central",,Central,Fernando de la Mora,70,built,,4000000,PYG,658.27,4000000,PYG,658.27,6076.515,9,0,1,0,1,1,1,,remax,143009135-89
3224,2026-07-01,rent,local,Asunción,San Pablo,Asunción,,50,built,,7900000,PYG,1300.09,6000000,PYG,987.41,6076.515,20,-24.051,0,1,1,1,1,,remax,143020120-19
3914,2026-07-01,rent,terreno,"Ñemby, Central",,Central,Ñemby,360,land,,2000000,PYG,329.14,2000000,PYG,329.14,6076.515,1,0,1,0,1,1,1,,remax,143108013-5
3922,2026-07-01,rent,casa,Asunción,Vista Alegre,Asunción,,70,built,2,3600000,PYG,592.44,3420000,PYG,562.82,6076.515,8,-5,0,1,1,1,1,,remax,143014005-895
3976,2026-07-01,rent,departamento,Asunción,Villa Morra,Asunción,,73,land,2,5900000,PYG,970.95,5900000,PYG,970.95,6076.515,13,0,1,0,1,1,1,,remax,143056070-16
4048,2026-07-01,sale,terreno,"Mariscal José Félix Estigarribia, Boquerón",,Boquerón,,1000000,land,,150000,USD,150000,790409490,PYG,130076.12,6076.515,0,-13.283,0,0,1,1,0,cross-currency,remax,143016029-98
4063,2026-07-01,rent,casa,Asunción,Vista Alegre,Asunción,,70,built,2,3600000,PYG,592.44,3420000,PYG,562.82,6076.515,8,-5,0,1,1,1,1,,remax,143098133-712
4257,2026-07-01,rent,local,"Ciudad del Este, Alto Paraná",,Alto Paraná,Ciudad del Este,30,built,,2500000,PYG,411.42,2500000,PYG,411.42,6076.515,14,0,1,0,1,1,1,,remax,143050113-32
4523,2026-07-01,rent,casa,Asunción,Manorá,Asunción,,330,built,2,10500000,PYG,1727.96,9500000,PYG,1563.4,6076.515,5,-9.523,0,1,1,1,1,,remax,143063101-177
32354,2026-07-01,rent,local,"Lambaré, Central",,Central,Lambaré,60,built,,3000000,PYG,493.7,3000000,PYG,493.7,6076.515,8,0,1,0,1,1,1,,remax,143098130-252
120,2026-07-02,rent,oficina,"Ciudad del Este, Alto Paraná",,Alto Paraná,Ciudad del Este,45,built,,3000000,PYG,493.38,3000000,PYG,493.38,6080.445,11,0,1,0,1,1,1,,remax,143050033-226
633,2026-07-02,rent,casa,Asunción,Ciudad Nueva,Asunción,,420,built,5,7000000,PYG,1151.23,7000000,PYG,1151.23,6080.445,3,0,1,0,1,1,1,,remax,143048015-43
866,2026-07-02,rent,casa,"Encarnación, Itapúa",,Itapúa,Encarnación,1,built,2,3500000,PYG,575.62,3500000,PYG,575.62,6080.445,576,0,1,0,1,1,1,,remax,143011007-2225
1147,2026-07-02,rent,deposito,"San Lorenzo, Central",,Central,San Lorenzo,576,built,,13500000,PYG,2220.23,12000000,PYG,1973.54,6080.445,3,-11.111,0,1,1,1,1,,remax,143061056-118
1491,2026-07-02,rent,departamento,Asunción,Las Lomas (Carmelitas),Asunción,,31,land,1,800,USD,800,4880000,PYG,802.57,6080.445,26,0.321,0,0,1,1,0,cross-currency,remax,143056047-104
1566,2026-07-02,rent,oficina,Asunción,General Díaz,Asunción,,223,land,,3900000,PYG,641.4,3600000,PYG,592.06,6080.445,3,-7.693,0,1,1,1,1,,remax,143097041-19
2549,2026-07-02,rent,departamento,"Encarnación, Itapúa",,Itapúa,Encarnación,1,land,1,1500000,PYG,246.69,1500000,PYG,246.69,6080.445,247,0,1,0,1,1,1,,remax,143011007-2219
2867,2026-07-02,sale,departamento,"Ciudad del Este, Alto Paraná",,Alto Paraná,Ciudad del Este,76,land,2,72194,USD,72194,440500000,PYG,72445.36,6080.445,960,0.348,0,0,1,1,0,cross-currency,remax,143099027-57
3106,2026-07-02,rent,duplex,Asunción,Herrera,Asunción,,180,built,3,8000000,PYG,1315.69,8000000,PYG,1315.69,6080.445,7,0,1,0,1,1,1,,remax,143063190-406
3435,2026-07-02,rent,departamento,Asunción,Ycuá Satí,Asunción,,101,land,2,6800000,PYG,1118.34,6800000,PYG,1118.34,6080.445,11,0,1,0,1,1,1,,remax,143091036-64
4466,2026-07-02,sale,casa,"Lambaré, Central",,Central,Lambaré,595,built,4,240000,USD,240000,1398627700,PYG,230020.62,6080.445,387,-4.158,0,0,1,1,0,cross-currency,remax,143048005-291
309371,2026-07-02,sale,edificio,Asunción,Pettirossi,Asunción,,920,built,,815000,USD,815000,4830000000,PYG,794349.76,6080.445,863,-2.534,0,0,1,1,0,cross-currency,remax,143098018-52
129,2026-07-03,rent,oficina,"Ciudad del Este, Alto Paraná",,Alto Paraná,Ciudad del Este,,,,6000000,PYG,989.09,6000000,PYG,989.09,6066.2,,0,1,0,1,1,1,,remax,143050067-138
879,2026-07-03,rent,departamento,"Luque, Central",,Central,Luque,144,built,3,3800000,PYG,626.42,4000000,PYG,659.39,6066.2,5,5.263,0,0,1,1,1,,remax,143097036-13
990,2026-07-03,sale,departamento,"Ciudad del Este, Alto Paraná",,Alto Paraná,Ciudad del Este,1600,land,1,70000,USD,70000,453600000,PYG,74774.98,6066.2,47,6.821,0,0,1,1,0,cross-currency,remax,143050067-128
1181,2026-07-03,rent,departamento,"Luque, Central",,Central,Luque,97,land,3,5800000,PYG,956.12,5000000,PYG,824.24,6066.2,8,-13.793,0,1,1,1,1,,remax,143098067-23
2346,2026-07-03,rent,casa,"Ciudad del Este, Alto Paraná",,Alto Paraná,Ciudad del Este,120,built,2,3500000,PYG,576.97,3000000,PYG,494.54,6066.2,4,-14.287,0,1,1,1,1,,remax,143050055-148
2459,2026-07-03,sale,duplex,"Luque, Central",,Central,Luque,131,built,2,590000000,PYG,97260.23,560000000,PYG,92314.79,6066.2,705,-5.085,0,1,1,1,1,,remax,143068037-89
2832,2026-07-03,rent,departamento,"Ciudad del Este, Alto Paraná",,Alto Paraná,Ciudad del Este,,,2,5000000,PYG,824.24,5000000,PYG,824.24,6066.2,,0,1,0,1,1,1,,remax,143050067-139
3078,2026-07-03,sale,terreno,"Guarambaré, Central",,Central,,431,land,,75000000,PYG,12363.59,75000000,PYG,12363.59,6066.2,29,0,1,0,1,1,1,,remax,143097041-18
4315,2026-07-03,rent,local,"Fernando de la Mora, Central",,Central,Fernando de la Mora,,,,3500000,PYG,576.97,3500000,PYG,576.97,6066.2,,0,1,0,1,1,1,,remax,143028041-119
1352,2026-07-04,rent,departamento,Asunción,Mburucuyá,Asunción,,32,land,1,4000000,PYG,659.39,4000000,PYG,659.39,6066.2,21,0,1,0,1,1,1,,remax,143063187-83
24,2026-07-06,sale,otro,Asunción,Pinoza,Asunción,,403,built,,650000000,PYG,106763.2,630000000,PYG,103478.18,6088.24,257,-3.077,0,1,2,1,1,,remax,143098090-4
210,2026-07-06,sale,casa,Asunción,Pinoza,Asunción,,403,built,,650000000,PYG,106763.2,630000000,PYG,103478.18,6088.24,257,-3.077,0,1,2,0,0,second record of one deal,remax,143098090-7
832,2026-07-06,sale,departamento,Asunción,Dr. Francia,Asunción,,32,land,1,44000,USD,44000,274500000,PYG,45086.92,6088.24,1409,2.47,0,0,1,1,0,cross-currency,remax,143098009-737
914,2026-07-06,rent,departamento,Asunción,Los Laureles,Asunción,,,,1,4650000,PYG,763.77,4650000,PYG,763.77,6088.24,,0,1,0,1,1,1,,remax,143014167-107
1117,2026-07-06,rent,departamento,Asunción,Ytay,Asunción,,75,built,2,3500000,PYG,574.88,3500000,PYG,574.88,6088.24,8,0,1,0,1,1,1,,remax,143098084-14
1553,2026-07-06,sale,departamento,Asunción,Virgen de la Asunción,Asunción,,,,,69500,USD,69500,69500,USD,69500,6088.24,,0,1,0,1,1,1,,remax,143056070-6
1717,2026-07-06,sale,terreno,"Ciudad del Este, Alto Paraná",,Alto Paraná,Ciudad del Este,,,,195000,USD,195000,1188915000,PYG,195280.57,6088.24,,0.144,0,0,1,1,0,cross-currency,remax,143050060-314
1928,2026-07-06,sale,terreno,"Presidente Franco, Alto Paraná",,Alto Paraná,,,,,300000000,PYG,49275.32,280000000,PYG,45990.3,6088.24,,-6.667,0,1,1,1,1,,remax,143050140-11
2055,2026-07-06,rent,departamento,Asunción,Los Laureles,Asunción,,,,1,4650000,PYG,763.77,4650000,PYG,763.77,6088.24,,0,1,0,1,1,1,,remax,143098115-70
2096,2026-07-06,sale,terreno,"Hernandarias, Alto Paraná",,Alto Paraná,Hernandarias,,,,250000000,PYG,41062.77,220000000,PYG,36135.24,6088.24,,-12,0,1,1,1,1,,remax,143050150-44
2625,2026-07-06,sale,terreno,"Filadelfia, Boquerón",,Boquerón,,,,,220000000,PYG,36135.24,220000000,PYG,36135.24,6088.24,,0,1,0,1,1,1,,remax,143102001-93
2773,2026-07-06,rent,local,"Lambaré, Central",,Central,Lambaré,60,built,,2500000,PYG,410.63,2500000,PYG,410.63,6088.24,7,0,1,0,1,1,1,,remax,143028010-215
2884,2026-07-06,sale,casa,"Fernando de la Mora, Central",,Central,Fernando de la Mora,165,built,3,150000,USD,150000,770000000,PYG,126473.33,6088.24,767,-15.684,0,0,1,1,0,cross-currency,remax,143026188-42
3060,2026-07-06,sale,terreno,Asunción,Obrero,Asunción,,,,,450000000,PYG,73912.99,363636364,PYG,59727.67,6088.24,,-19.192,0,1,1,1,1,,remax,143028010-162
3507,2026-07-06,sale,terreno,"Hernandarias, Alto Paraná",,Alto Paraná,Hernandarias,,,,89000,USD,89000,518249250,PYG,85123,6088.24,,-4.356,0,0,1,1,0,cross-currency,remax,143107001-6
3698,2026-07-06,sale,terreno,"Tobatí, Cordillera",,Cordillera,,,,,150000,USD,150000,910000000,PYG,149468.48,6088.24,,-0.354,0,0,1,1,0,cross-currency,remax,143098133-634
4511,2026-07-06,sale,terreno,"Santa Rita, Alto Paraná",,Alto Paraná,,450,land,,31000,USD,31000,189007000,PYG,31044.6,6088.24,69,0.144,0,0,1,1,0,cross-currency,remax,143065026-229
406,2026-07-07,sale,departamento,"Luque, Central",,Central,Luque,40,land,1,8500,USD,8500,52700000,PYG,8670.47,6078.1,217,2.006,0,0,1,1,0,cross-currency,remax,143063080-156
885,2026-07-07,sale,casa,"Capiatá, Central",,Central,Capiatá,180,built,,195000000,PYG,32082.39,180000000,PYG,29614.52,6078.1,165,-7.692,0,1,1,1,1,,remax,143036162-6
1695,2026-07-07,rent,casa,"Loma Plata, Boquerón",,Boquerón,,200,built,3,5000000,PYG,822.63,5000000,PYG,822.63,6078.1,4,0,1,0,1,1,1,,remax,143016008-534
2066,2026-07-07,rent,departamento,"Luque, Central",,Central,Luque,72,land,2,3200000,PYG,526.48,3200000,PYG,526.48,6078.1,7,0,1,0,1,1,1,,remax,143036119-44
2661,2026-07-07,rent,oficina,Asunción,Recoleta,Asunción,,,,,1500000,PYG,246.79,1200000,PYG,197.43,6078.1,,-20.001,0,1,1,1,1,,remax,143026210-1
3326,2026-07-07,sale,duplex,"Ñemby, Central",,Central,Ñemby,160,built,3,480000000,PYG,78972.05,480000000,PYG,78972.05,6078.1,494,0,1,0,1,1,1,,remax,143080211-8
4064,2026-07-07,rent,departamento,"San Lorenzo, Central",,Central,San Lorenzo,,,,1400000,PYG,230.34,1400000,PYG,230.34,6078.1,,0,1,0,1,1,1,,remax,143063147-171
4405,2026-07-07,rent,casa,"Santa Rita, Alto Paraná",,Alto Paraná,,,,5,3000000,PYG,493.58,3000000,PYG,493.58,6078.1,,0,1,0,1,1,1,,remax,143065021-200
630,2026-07-08,rent,departamento,Asunción,La Encarnación,Asunción,,170,land,3,5800000,PYG,953.48,5000000,PYG,821.97,6082.95,5,-13.793,0,1,1,1,1,,remax,143061002-199
708,2026-07-08,sale,departamento,Asunción,Las Lomas (Carmelitas),Asunción,,53,land,1,156087,USD,156087,936522000,PYG,153958.52,6082.95,2905,-1.364,0,0,1,1,0,cross-currency,remax,143063080-168
1130,2026-07-08,sale,departamento,Asunción,Las Lomas (Carmelitas),Asunción,,138,land,2,339035,USD,339035,2034210000,PYG,334411.76,6082.95,2423,-1.364,0,0,1,1,0,cross-currency,remax,143063080-195
2545,2026-07-08,sale,terreno,"Ciudad del Este, Alto Paraná",,Alto Paraná,Ciudad del Este,,,,200000,USD,200000,906000000,PYG,148940.89,6082.95,,-25.53,0,0,1,1,0,cross-currency,remax,143099013-57
2576,2026-07-08,sale,duplex,"San Lorenzo, Central",,Central,San Lorenzo,140,built,3,500000000,PYG,82196.96,500000000,PYG,82196.96,6082.95,587,0,1,0,1,1,1,,remax,143094007-91
3144,2026-07-08,sale,departamento,Asunción,Los Laureles,Asunción,,,,1,72000,USD,72000,72000,USD,72000,6082.95,,0,1,0,1,1,1,,remax,143098133-703
3200,2026-07-08,sale,departamento,"Luque, Central",,Central,Luque,45,land,1,73651,USD,73651,441906000,PYG,72646.66,6082.95,1614,-1.364,0,0,1,1,0,cross-currency,remax,143063080-189
3206,2026-07-08,rent,departamento,Asunción,Herrera,Asunción,,58,land,1,4500000,PYG,739.77,4500000,PYG,739.77,6082.95,13,0,1,0,1,1,1,,remax,143063147-169
36,2026-07-09,sale,terreno,"Nueva Colombia, Cordillera",,Cordillera,,63400,land,,750000000,PYG,123365.21,730000000,PYG,120075.47,6079.51,2,-2.667,0,1,1,1,1,,remax,143036096-57
733,2026-07-09,sale,terreno,"Ypané, Central",,Central,Ypané,360,land,,55000000,PYG,9046.78,45000000,PYG,7401.91,6079.51,21,-18.182,0,1,3,1,1,,remax,143080194-8
896,2026-07-09,rent,otro,"Santa Rita, Alto Paraná",,Alto Paraná,,,,1,1000000,PYG,164.49,1000000,PYG,164.49,6079.51,,0,1,0,5,1,1,,remax,143065021-193
1037,2026-07-09,sale,casa,"Cambyretá, Itapúa",,Itapúa,Cambyretá,75,built,1,170000000,PYG,27962.78,170000000,PYG,27962.78,6079.51,373,0,1,0,1,1,1,,remax,143085019-578
1058,2026-07-09,rent,casa,Asunción,San Blas,Asunción,,334,built,2,10000000,PYG,1644.87,10000000,PYG,1644.87,6079.51,5,0,1,0,1,1,1,,remax,143061056-153
1657,2026-07-09,rent,departamento,"Mariano Roque Alonso, Central",,Central,Mariano Roque Alonso,35,land,1,2600000,PYG,427.67,2600000,PYG,427.67,6079.51,12,0,1,0,1,1,1,,remax,143048005-319
1671,2026-07-09,rent,casa,Asunción,Bernardino Caballero,Asunción,,200,built,4,3000000,PYG,493.46,3000000,PYG,493.46,6079.51,2,0,1,0,1,1,1,,remax,143080002-406
1681,2026-07-09,rent,departamento,"Encarnación, Itapúa",,Itapúa,Encarnación,80,built,1,2300000,PYG,378.32,2300000,PYG,378.32,6079.51,5,0,1,0,1,1,1,,remax,143085019-555
2261,2026-07-09,sale,departamento,Asunción,Las Mercedes,Asunción,,,,1,85000,USD,85000,85000,USD,85000,6079.51,,0,1,0,1,1,1,,remax,143098133-688
2439,2026-07-09,rent,otro,"Santa Rita, Alto Paraná",,Alto Paraná,,,,1,1000000,PYG,164.49,1000000,PYG,164.49,6079.51,,0,1,0,5,0,0,second record of one deal,remax,143065021-190
2506,2026-07-09,rent,otro,"Santa Rita, Alto Paraná",,Alto Paraná,,,,1,1000000,PYG,164.49,1000000,PYG,164.49,6079.51,,0,1,0,5,0,0,second record of one deal,remax,143065021-192
2643,2026-07-09,sale,terreno,"Ypané, Central",,Central,Ypané,360,land,,55000000,PYG,9046.78,45000000,PYG,7401.91,6079.51,21,-18.182,0,1,3,0,0,second record of one deal,remax,143080194-10
2755,2026-07-09,sale,terreno,"Villa Elisa, Central",,Central,Villa Elisa,,,,205000000,PYG,33719.82,205000000,PYG,33719.82,6079.51,,0,1,0,1,1,1,,remax,143098038-45
2875,2026-07-09,rent,departamento,Asunción,Virgen de la Asunción,Asunción,,66,built,1,900,USD,900,5472000,PYG,900.07,6079.51,14,0.008,0,0,1,1,0,cross-currency,remax,143063187-91
3595,2026-07-09,rent,otro,"Santa Rita, Alto Paraná",,Alto Paraná,,,,1,1000000,PYG,164.49,1000000,PYG,164.49,6079.51,,0,1,0,5,0,0,second record of one deal,remax,143065021-191
3792,2026-07-09,rent,otro,"Santa Rita, Alto Paraná",,Alto Paraná,,,,2,1000000,PYG,164.49,1000000,PYG,164.49,6079.51,,0,1,0,5,0,0,second record of one deal,remax,143065021-194
3974,2026-07-09,sale,terreno,"Ypané, Central",,Central,Ypané,360,land,,55000000,PYG,9046.78,45000000,PYG,7401.91,6079.51,21,-18.182,0,1,3,0,0,second record of one deal,remax,143080194-9
3987,2026-07-09,rent,departamento,"Ciudad del Este, Alto Paraná",,Alto Paraná,Ciudad del Este,360,land,3,4500000,PYG,740.19,4500000,PYG,740.19,6079.51,2,0,1,0,1,1,1,,remax,143050134-17
4289,2026-07-09,sale,terreno,"Filadelfia, Boquerón",,Boquerón,,,,,84000000,PYG,13816.9,79000000,PYG,12994.47,6079.51,,-5.952,0,1,1,1,1,,remax,143016034-24
70425,2026-07-09,rent,duplex,Asunción,Loma Pytá,Asunción,,177,built,3,5000000,PYG,822.43,5000000,PYG,822.43,6079.51,5,0,1,0,1,1,1,,remax,143025240-16
143,2026-07-10,sale,departamento,Asunción,Barrio Jara,Asunción,,33,land,1,61000,USD,61000,326455000,PYG,53763.51,6072.055,1610,-11.863,0,0,1,1,0,cross-currency,remax,143028009-123
1038,2026-07-10,rent,departamento,"Lambaré, Central",,Central,Lambaré,,,,2500000,PYG,411.72,2200000,PYG,362.32,6072.055,,-11.998,0,1,1,1,1,,remax,114006036-14
1246,2026-07-10,rent,casa,"Hernandarias, Alto Paraná",,Alto Paraná,Hernandarias,200,built,1,1800,USD,1800,9105000,PYG,1499.49,6072.055,7,-16.695,0,0,1,1,0,cross-currency,remax,143050033-223
1690,2026-07-10,rent,duplex,Asunción,Villa Aurelia,Asunción,,84,land,3,6000000,PYG,988.13,5500000,PYG,905.79,6072.055,11,-8.333,0,1,1,1,1,,remax,114006036-16
1805,2026-07-10,rent,departamento,"Encarnación, Itapúa",,Itapúa,Encarnación,,,2,2000000,PYG,329.38,2000000,PYG,329.38,6072.055,,0,1,0,1,1,1,,remax,143032035-305
1885,2026-07-10,rent,casa,"Ciudad del Este, Alto Paraná",,Alto Paraná,Ciudad del Este,70,built,2,3500000,PYG,576.41,3675000,PYG,605.23,6072.055,9,5,0,0,1,1,1,,remax,143050129-58
1929,2026-07-10,rent,casa,"San Cristóbal, Alto Paraná",,Alto Paraná,,130,built,,1100000,PYG,181.16,1100000,PYG,181.16,6072.055,1,0,1,0,1,1,1,,remax,143065021-202
2241,2026-07-10,rent,departamento,"Encarnación, Itapúa",,Itapúa,Encarnación,,,2,2200000,PYG,362.32,2200000,PYG,362.32,6072.055,,0,1,0,1,1,1,,remax,143011007-2251
2365,2026-07-10,sale,terreno,"Encarnación, Itapúa",,Itapúa,Encarnación,180,land,,100000000,PYG,16468.89,100000000,PYG,16468.89,6072.055,91,0,1,0,1,1,1,,remax,143085019-579
2541,2026-07-10,rent,departamento,"Encarnación, Itapúa",,Itapúa,Encarnación,,,,2500000,PYG,411.72,2500000,PYG,411.72,6072.055,,0,1,0,1,1,1,,remax,143032066-61
2811,2026-07-10,rent,departamento,Asunción,Vista Alegre,Asunción,,,,2,2500000,PYG,411.72,2500000,PYG,411.72,6072.055,,0,1,0,1,1,1,,remax,143028065-67
3189,2026-07-10,rent,deposito,"Santa Rita, Alto Paraná",,Alto Paraná,,200,built,,2800,USD,2800,17000000,PYG,2799.71,6072.055,14,-0.01,0,0,1,1,0,cross-currency,remax,143065026-233
3227,2026-07-10,rent,duplex,"Villa Elisa, Central",,Central,Villa Elisa,361,land,2,2600000,PYG,428.19,2600000,PYG,428.19,6072.055,1,0,1,0,1,1,1,,remax,143028065-62
4433,2026-07-10,rent,departamento,"San Lorenzo, Central",,Central,San Lorenzo,360,land,2,2800000,PYG,461.13,2800000,PYG,461.13,6072.055,1,0,1,0,1,1,1,,remax,143054022-66
992,2026-07-11,rent,duplex,Asunción,Villa Aurelia,Asunción,,96,land,3,6500000,PYG,1070.48,6500000,PYG,1070.48,6072.055,11,0,1,0,1,1,1,,remax,143108021-1
2118,2026-07-11,sale,casa,"General Bernardino Caballero, Paraguarí",,Paraguarí,,80,built,3,220000000,PYG,36231.56,220000000,PYG,36231.56,6072.055,453,0,1,0,1,1,1,,remax,143072119-38
2639,2026-07-11,rent,departamento,"Mariano Roque Alonso, Central",,Central,Mariano Roque Alonso,65,land,2,3500000,PYG,576.41,3200000,PYG,527,6072.055,8,-8.572,0,1,1,1,1,,remax,143094007-109
3299,2026-07-11,rent,departamento,Asunción,Las Mercedes,Asunción,,70,built,2,6500000,PYG,1070.48,6200000,PYG,1021.07,6072.055,15,-4.616,0,1,1,1,1,,remax,143097001-124
3772,2026-07-11,rent,departamento,"Ñemby, Central",,Central,Ñemby,126,built,2,4000000,PYG,658.76,4000000,PYG,658.76,6072.055,5,0,1,0,1,1,1,,remax,143098088-15
3789,2026-07-11,rent,departamento,"Luque, Central",,Central,Luque,62,built,2,3200000,PYG,527,3200000,PYG,527,6072.055,9,0,1,0,1,1,1,,remax,143025205-16
4344,2026-07-11,sale,terreno,"Areguá, Central",,Central,Areguá,360,land,,75000000,PYG,12351.67,75000000,PYG,12351.67,6072.055,34,0,1,0,1,1,1,,remax,143061080-85
33,2026-07-13,sale,terreno,"Nueva Colombia, Cordillera",,Cordillera,,,,,155000,USD,155000,926900000,PYG,152825.56,6065.085,,-1.403,0,0,1,1,0,cross-currency,remax,143036096-62
374,2026-07-13,rent,casa,"Lambaré, Central",,Central,Lambaré,290,built,4,5000000,PYG,824.39,5000000,PYG,824.39,6065.085,3,0,1,0,1,1,1,,remax,143063146-162
485,2026-07-13,sale,terreno,"Encarnación, Itapúa",,Itapúa,Encarnación,600,land,,380000000,PYG,62653.7,380000000,PYG,62653.7,6065.085,104,0,1,0,1,1,1,,remax,143011091-67
547,2026-07-13,sale,terreno,"Caacupé, Cordillera",,Cordillera,Caacupé,47677,land,,690000000,PYG,113765.92,650000000,PYG,107170.8,6065.085,2,-5.797,0,1,1,1,1,,remax,143094043-59
557,2026-07-13,sale,departamento,Asunción,Ycuá Satí,Asunción,,31,land,1,53935,USD,53935,328464150,PYG,54156.56,6065.085,1776,0.411,0,0,1,1,0,cross-currency,remax,143098031-80
987,2026-07-13,sale,casa,Asunción,Republicano,Asunción,,320,built,3,200000,USD,200000,1320000000,PYG,217639.16,6065.085,680,8.82,0,0,1,1,0,cross-currency,remax,143061072-45
1504,2026-07-13,rent,casa,"Filadelfia, Boquerón",,Boquerón,,100,built,3,3800000,PYG,626.54,3800000,PYG,626.54,6065.085,6,0,1,0,1,1,1,,remax,143016034-28
1640,2026-07-13,rent,departamento,Asunción,Barrio Jara,Asunción,,95,land,2,1500,USD,1500,9107280,PYG,1501.59,6065.085,16,0.106,0,0,1,1,0,cross-currency,remax,143048045-10
1708,2026-07-13,rent,duplex,"Fernando de la Mora, Central",,Central,Fernando de la Mora,120,built,4,6000000,PYG,989.27,6000000,PYG,989.27,6065.085,8,0,1,0,1,1,1,,remax,143072119-107
2407,2026-07-13,rent,casa,"Filadelfia, Boquerón",,Boquerón,,140,built,3,5000000,PYG,824.39,4000000,PYG,659.51,6065.085,5,-20,0,1,1,1,1,,remax,143016008-537
3754,2026-07-13,rent,departamento,Asunción,Recoleta,Asunción,,40,land,1,0,USD,0,4010500,USD,4010500,6065.085,100263,,0,0,1,1,0,no ask,remax,143054116-63
3768,2026-07-13,rent,duplex,"Cambyretá, Itapúa",,Itapúa,Cambyretá,130,built,3,5000000,PYG,824.39,4500000,PYG,741.95,6065.085,6,-10,0,1,1,1,1,,remax,143032061-155
93,2026-07-14,rent,casa,"Santa Rita, Alto Paraná",,Alto Paraná,,508,land,2,5000000,PYG,824.32,5000000,PYG,824.32,6065.615,2,0,1,0,1,1,1,,remax,143065032-33
894,2026-07-14,rent,casa,"Ciudad del Este, Alto Paraná",,Alto Paraná,Ciudad del Este,200,built,3,5000000,PYG,824.32,5000000,PYG,824.32,6065.615,4,0,1,0,1,1,1,,remax,143107021-10
907,2026-07-14,sale,casa,"San Lorenzo, Central",,Central,San Lorenzo,605,built,4,1500000000,PYG,247295.62,1300000000,PYG,214322.87,6065.615,354,-13.333,0,1,1,1,1,,remax,143098109-90
3308,2026-07-14,rent,departamento,Asunción,Las Lomas (Carmelitas),Asunción,,90,land,2,0,USD,0,9000000,USD,9000000,6065.615,100000,,0,0,1,1,0,no ask,remax,143056054-84
3341,2026-07-14,rent,local,"Encarnación, Itapúa",,Itapúa,Encarnación,,,,1850000,PYG,305,1850000,PYG,305,6065.615,,0,1,0,1,1,1,,remax,143011007-2233
3451,2026-07-14,rent,local,"Santa Rita, Alto Paraná",,Alto Paraná,,508,built,,2000000,PYG,329.73,1500000,PYG,247.3,6065.615,0,-24.999,0,1,1,1,1,,remax,143065032-35
3637,2026-07-14,rent,casa,"Santa Rita, Alto Paraná",,Alto Paraná,,111,built,3,4500000,PYG,741.89,4500000,PYG,741.89,6065.615,7,0,1,0,1,1,1,,remax,143065038-22
3790,2026-07-14,rent,casa,"Ciudad del Este, Alto Paraná",,Alto Paraná,Ciudad del Este,130,built,2,4200000,PYG,692.43,4000000,PYG,659.45,6065.615,5,-4.763,0,1,1,1,1,,remax,143050192-13
4245,2026-07-14,sale,casa,"Encarnación, Itapúa",,Itapúa,Encarnación,185,built,3,77000,USD,77000,467313000,PYG,77042.97,6065.615,416,0.056,0,0,1,1,0,cross-currency,remax,143011007-2192
4500,2026-07-14,sale,casa,"San Lorenzo, Central",,Central,San Lorenzo,605,built,4,1500000000,PYG,247295.62,1300000000,PYG,214322.87,6065.615,354,-13.333,0,1,1,1,1,,remax,143014133-148
70,2026-07-15,rent,duplex,"Lambaré, Central",,Central,Lambaré,76,land,3,4400000,PYG,725.5,4400000,PYG,725.5,6064.785,10,0,1,0,1,1,1,,remax,143054126-65
83,2026-07-15,sale,casa,"San Lorenzo, Central",,Central,San Lorenzo,120,built,4,320000000,PYG,52763.62,300000000,PYG,49465.89,6064.785,412,-6.25,0,1,1,1,1,,remax,143108009-5
586,2026-07-15,sale,casa,"San Lorenzo, Central",,Central,San Lorenzo,400,built,5,999500000,PYG,164803.86,980000000,PYG,161588.58,6064.785,404,-1.951,0,1,1,1,1,,remax,143063199-49
1043,2026-07-15,sale,departamento,"Ciudad del Este, Alto Paraná",,Alto Paraná,Ciudad del Este,42,built,1,85767,USD,85767,520000000,PYG,85740.88,6064.785,2066,-0.03,0,0,1,1,0,cross-currency,remax,143099027-66
1101,2026-07-15,sale,terreno,"Santa Rita, Alto Paraná",,Alto Paraná,,360,land,,22000,USD,22000,136400000,PYG,22490.49,6064.785,62,2.23,0,0,1,1,0,cross-currency,remax,143065026-186
1303,2026-07-15,sale,casa,"Mariano Roque Alonso, Central",,Central,Mariano Roque Alonso,278,built,3,475000000,PYG,78321,400000000,PYG,65954.52,6064.785,238,-15.789,0,1,1,1,1,,remax,114006110-6
2025,2026-07-15,rent,departamento,"Luque, Central",,Central,Luque,,,,4350000,PYG,717.26,4350000,PYG,717.26,6064.785,,0,1,0,1,1,1,,remax,143063159-74
2212,2026-07-15,sale,departamento,Asunción,Mariscal Estigarribia,Asunción,,,,1,63700,USD,63700,65361,USD,65361,6064.785,,2.608,0,0,1,1,1,,remax,143098116-234
2299,2026-07-15,sale,terreno,"Ciudad del Este, Alto Paraná",,Alto Paraná,Ciudad del Este,360,land,,340000000,PYG,56061.34,340000000,PYG,56061.34,6064.785,156,0,1,0,1,1,1,,remax,114001022-219
2590,2026-07-15,rent,departamento,Asunción,Las Lomas (Carmelitas),Asunción,,42,land,1,750,USD,750,4650000,PYG,766.72,6064.785,18,2.229,0,0,1,1,0,cross-currency,remax,143056032-508
2594,2026-07-15,sale,departamento,Asunción,Las Lomas (Carmelitas),Asunción,,42,land,1,127500,USD,127500,765000000,PYG,126138.02,6064.785,3003,-1.068,0,0,1,1,0,cross-currency,remax,143056054-79
2673,2026-07-15,rent,departamento,Asunción,Catedral,Asunción,,66,built,2,4500000,PYG,741.99,4000000,PYG,659.55,6064.785,10,-11.111,0,1,1,1,1,,remax,143097001-131
2980,2026-07-15,sale,terreno,"Loreto, Concepción",,Concepción,,,,,1000000000,PYG,164886.31,1000000000,PYG,164886.31,6064.785,,0,1,0,1,1,1,,remax,143109001-9
2987,2026-07-15,sale,terreno,"Loma Plata, Boquerón",,Boquerón,,,,,75000000,PYG,12366.47,75000000,PYG,12366.47,6064.785,,0,1,0,1,1,1,,remax,143078013-56
3172,2026-07-15,sale,terreno,"Ciudad del Este, Alto Paraná",,Alto Paraná,Ciudad del Este,360,land,,340000000,PYG,56061.34,340000000,PYG,56061.34,6064.785,156,0,1,0,1,1,1,,remax,143094036-28
3335,2026-07-15,sale,departamento,Asunción,Las Mercedes,Asunción,,55,land,1,75000,USD,75000,426000000,PYG,70241.57,6064.785,1277,-6.345,0,0,1,1,0,cross-currency,remax,143028047-89
3475,2026-07-15,sale,quinta,"Limpio, Central",,Central,Limpio,30,built,1,210000000,PYG,34626.12,190000000,PYG,31328.4,6064.785,1044,-9.524,0,1,1,1,1,,remax,143063199-62
3710,2026-07-15,rent,departamento,"Luque, Central",,Central,Luque,80,built,2,2300000,PYG,379.24,2300000,PYG,379.24,6064.785,5,0,1,0,1,1,1,,remax,143068037-111
4069,2026-07-15,rent,departamento,"Mariano Roque Alonso, Central",,Central,Mariano Roque Alonso,,,,6000000,PYG,989.32,6000000,PYG,989.32,6064.785,,0,1,0,1,1,1,,remax,143025149-270
4084,2026-07-15,sale,terreno,"San Lorenzo, Central",,Central,San Lorenzo,,,,380000000,PYG,62656.8,350000000,PYG,57710.21,6064.785,,-7.895,0,1,1,1,1,,remax,143063089-90
4236,2026-07-15,rent,departamento,Asunción,Las Lomas (Carmelitas),Asunción,,62,built,1,4433000,PYG,730.94,4433000,PYG,730.94,6064.785,12,0,1,0,1,1,1,,remax,143056032-511
4395,2026-07-15,sale,casa,"Fernando de la Mora, Central",,Central,Fernando de la Mora,150,built,3,735000000,PYG,121191.44,680000000,PYG,112122.69,6064.785,747,-7.483,0,1,1,1,1,,remax,143096013-23
327,2026-07-16,rent,oficina,Asunción,Salvador del Mundo,Asunción,,,,,5000000,PYG,824.94,4700000,PYG,775.45,6061.025,,-5.999,0,1,1,1,1,,remax,143098100-10
937,2026-07-16,sale,casa,"Santa Rita, Alto Paraná",,Alto Paraná,,136,built,4,109200,USD,109200,663062400,PYG,109397.73,6061.025,804,0.181,0,0,1,1,0,cross-currency,remax,143065021-188
1179,2026-07-16,sale,departamento,Asunción,Catedral,Asunción,,120,land,3,65000,USD,65000,372000000,PYG,61375.76,6061.025,511,-5.576,0,0,1,1,0,cross-currency,remax,143025234-24
2694,2026-07-16,rent,local,Asunción,Las Lomas (Carmelitas),Asunción,,56,land,,11000000,PYG,1814.87,11000000,PYG,1814.87,6061.025,32,0,1,0,1,1,1,,remax,143098067-35
599,2026-07-17,sale,terreno,"Filadelfia, Boquerón",,Boquerón,,,,,95000000,PYG,15676.75,95000000,PYG,15676.75,6059.93,,0,1,0,1,1,1,,remax,143016045-6
609,2026-07-17,sale,casa,"Limpio, Central",,Central,Limpio,60,built,2,230000000,PYG,37954.23,230000000,PYG,37954.23,6059.93,633,0,1,0,1,1,1,,remax,143072117-47
758,2026-07-17,rent,duplex,"Encarnación, Itapúa",,Itapúa,Encarnación,,,,1700000,PYG,280.53,1700000,PYG,280.53,6059.93,,0,1,0,1,1,1,,remax,143011104-19
867,2026-07-17,rent,casa,"Luque, Central",,Central,Luque,570,built,3,5000000,PYG,825.09,4500000,PYG,742.58,6059.93,1,-10,0,1,1,1,1,,remax,143054132-1
1088,2026-07-17,rent,departamento,"Fernando de la Mora, Central",,Central,Fernando de la Mora,75,land,2,3500000,PYG,577.56,3500000,PYG,577.56,6059.93,8,0,1,0,1,1,1,,remax,114006001-288
1353,2026-07-17,sale,terreno,"Villa Elisa, Central",,Central,Villa Elisa,1600,land,,160000,USD,160000,1023000000,PYG,168813.83,6059.93,106,5.509,0,0,1,1,0,cross-currency,remax,143063172-13
1820,2026-07-17,rent,casa,"Lambaré, Central",,Central,Lambaré,200,built,3,5500000,PYG,907.6,5500000,PYG,907.6,6059.93,5,0,1,0,1,1,1,,remax,143026188-96
1828,2026-07-17,sale,casa,"Caacupé, Cordillera",,Cordillera,Caacupé,130,built,3,250000000,PYG,41254.6,250000000,PYG,41254.6,6059.93,317,0,1,0,1,1,1,,remax,114006111-23
2353,2026-07-17,sale,casa,Asunción,Madame Lynch,Asunción,,200,built,4,230000,USD,230000,1304835000,PYG,215321.79,6059.93,1077,-6.382,0,0,1,1,0,cross-currency,remax,143020131-2
2355,2026-07-17,sale,terreno,"San Lorenzo, Central",,Central,San Lorenzo,,,,220000000,PYG,36304.05,220000000,PYG,36304.05,6059.93,,0,1,0,1,1,1,,remax,143098109-43
2557,2026-07-17,rent,casa,Asunción,Sajonia,Asunción,,,,5,8000000,PYG,1320.15,7000000,PYG,1155.13,6059.93,,-12.5,0,1,1,1,1,,remax,143061068-52
2815,2026-07-17,sale,casa,"Ciudad del Este, Alto Paraná",,Alto Paraná,Ciudad del Este,96,built,3,450000000,PYG,74258.28,425000000,PYG,70132.82,6059.93,731,-5.556,0,1,1,1,1,,remax,114001095-3
2953,2026-07-17,sale,terreno,"Hernandarias, Alto Paraná",,Alto Paraná,Hernandarias,,,,520000000,PYG,85809.57,450000000,PYG,74258.28,6059.93,,-13.462,0,1,1,1,1,,remax,143099021-15
3021,2026-07-17,rent,duplex,"Encarnación, Itapúa",,Itapúa,Encarnación,,,,4000000,PYG,660.07,3800000,PYG,627.07,6059.93,,-4.999,0,1,1,1,1,,remax,143032066-60
3956,2026-07-17,rent,casa,"Santa Rita, Alto Paraná",,Alto Paraná,,80,built,2,1100000,PYG,181.52,1100000,PYG,181.52,6059.93,2,0,1,0,1,1,1,,remax,143065026-236
4026,2026-07-17,rent,local,Asunción,Barrio Jara,Asunción,,25,built,,1500000,PYG,247.53,1300000,PYG,214.52,6059.93,9,-13.336,0,1,1,1,1,,remax,143061015-142
4075,2026-07-17,sale,casa,"San Bernardino, Cordillera",,Cordillera,San Bernardino,293,built,5,2530000000,PYG,417496.57,2771400000,PYG,457332.02,6059.93,1561,9.542,0,0,1,1,1,,remax,143063065-92
4227,2026-07-17,rent,casa,"Encarnación, Itapúa",,Itapúa,Encarnación,210,built,3,1500,USD,1500,9150000,PYG,1509.92,6059.93,7,0.661,0,0,1,1,0,cross-currency,remax,143032061-156
4334,2026-07-17,rent,casa,"Lambaré, Central",,Central,Lambaré,150,built,3,5500000,PYG,907.6,5500000,PYG,907.6,6059.93,6,0,1,0,1,1,1,,remax,143028010-202
4491,2026-07-17,sale,terreno,"San Lorenzo, Central",,Central,San Lorenzo,,,,220000000,PYG,36304.05,220000000,PYG,36304.05,6059.93,,0,1,0,1,1,1,,remax,143014133-142
310484,2026-07-17,sale,casa,Asunción,Manorá,Asunción,,259,built,4,227000,USD,227000,1280009640,PYG,211225.15,6059.93,816,-6.949,0,0,1,1,0,cross-currency,remax,143001163-6
1167,2026-07-18,rent,departamento,"San Lorenzo, Central",,Central,San Lorenzo,600,land,2,2500000,PYG,412.55,2500000,PYG,412.55,6059.93,1,0,1,0,1,1,1,,remax,143080077-38
2109,2026-07-18,sale,departamento,"Encarnación, Itapúa",,Itapúa,Encarnación,2000,land,2,385000000,PYG,63532.09,374447000,PYG,61790.65,6059.93,31,-2.741,0,1,1,1,1,,remax,143085032-76
2536,2026-07-18,rent,duplex,"Lambaré, Central",,Central,Lambaré,150,built,3,4000000,PYG,660.07,4000000,PYG,660.07,6059.93,4,0,1,0,1,1,1,,remax,143014133-153
3101,2026-07-18,rent,duplex,"Lambaré, Central",,Central,Lambaré,150,built,3,4000000,PYG,660.07,4000000,PYG,660.07,6059.93,4,0,1,0,1,1,1,,remax,143098109-51
3821,2026-07-18,rent,casa,"Luque, Central",,Central,Luque,380,built,4,12000000,PYG,1980.22,12000000,PYG,1980.22,6059.93,5,0,1,0,1,1,1,,remax,143061061-163
3560,2026-07-19,rent,departamento,Asunción,Mburicaó,Asunción,,,,2,3800000,PYG,627.07,3500000,PYG,577.56,6059.93,,-7.895,0,1,1,1,1,,remax,143098123-24
4226,2026-07-19,rent,departamento,Asunción,Mburicaó,Asunción,,,,2,3800000,PYG,627.07,3500000,PYG,577.56,6059.93,,-7.895,0,1,1,1,1,,remax,143014170-92
40,2026-07-20,sale,oficina,Asunción,Ytay,Asunción,,,,,63886,USD,63886,389704600,PYG,64226.35,6067.675,,0.533,0,0,1,1,0,cross-currency,remax,143098009-753
506,2026-07-20,sale,terreno,"Carmen del Paraná, Itapúa",,Itapúa,,442,land,,65000000,PYG,10712.51,65000000,PYG,10712.51,6067.675,24,0,1,0,1,1,1,,remax,143085019-317
1649,2026-07-20,sale,departamento,"Luque, Central",,Central,Luque,360,land,2,72000,USD,72000,455000000,PYG,74987.54,6067.675,208,4.149,0,0,1,1,0,cross-currency,remax,143098058-36
1902,2026-07-20,rent,otro,"Santa Rita, Alto Paraná",,Alto Paraná,,540,built,,2530000,PYG,416.96,2530000,PYG,416.96,6067.675,1,0,1,0,1,1,1,,remax,143065026-232
2167,2026-07-20,sale,casa,"Atyra, Cordillera",,Cordillera,,145,built,1,340000000,PYG,56034.64,340000000,PYG,56034.64,6067.675,386,0,1,0,1,1,1,,remax,143036162-14
2435,2026-07-20,rent,otro,"Santa Rita, Alto Paraná",,Alto Paraná,,540,built,,1950000,PYG,321.38,1950000,PYG,321.38,6067.675,1,0,1,0,1,1,1,,remax,143065026-237
2728,2026-07-20,sale,terreno,"San Bernardino, Cordillera",,Cordillera,San Bernardino,,,,299000000,PYG,49277.52,280000000,PYG,46146.18,6067.675,,-6.354,0,1,1,1,1,,remax,143054077-60
3886,2026-07-20,sale,departamento,Asunción,Santísima Trinidad,Asunción,,28,land,1,54800,USD,54800,327104000,PYG,53909.28,6067.675,1925,-1.625,0,0,1,1,0,cross-currency,remax,143098011-339
303,2026-07-21,rent,oficina,Asunción,General Díaz,Asunción,,223,land,,1500000,PYG,247.49,1500000,PYG,247.49,6060.965,1,0,1,0,1,1,1,,remax,143097041-20
830,2026-07-21,sale,casa,Asunción,Roberto L. Pettit,Asunción,,104,built,2,450000000,PYG,74245.6,380000000,PYG,62696.29,6060.965,603,-15.556,0,1,1,1,1,,remax,143098109-56
1145,2026-07-21,rent,duplex,"Villa Elisa, Central",,Central,Villa Elisa,112,built,3,3000000,PYG,494.97,3000000,PYG,494.97,6060.965,4,0,1,0,1,1,1,,remax,143092028-91
1478,2026-07-21,rent,duplex,"Lambaré, Central",,Central,Lambaré,600,land,4,4000000,PYG,659.96,4000000,PYG,659.96,6060.965,1,0,1,0,1,1,1,,remax,143019093-44
2213,2026-07-21,sale,departamento,"Fernando de la Mora, Central",,Central,Fernando de la Mora,33,built,1,178000000,PYG,29368.26,155000000,PYG,25573.49,6060.965,775,-12.921,0,1,1,1,1,,remax,143100046-13
2711,2026-07-21,sale,casa,Asunción,Roberto L. Pettit,Asunción,,104,built,2,450000000,PYG,74245.6,380000000,PYG,62696.29,6060.965,603,-15.556,0,1,1,1,1,,remax,143014133-149
2732,2026-07-21,rent,casa,"Capiatá, Central",,Central,Capiatá,70,built,2,2000000,PYG,329.98,1650000,PYG,272.23,6060.965,4,-17.501,0,1,1,1,1,,remax,143009025-142
2979,2026-07-21,rent,departamento,Asunción,Santísima Trinidad,Asunción,,,,,2800000,PYG,461.97,2800000,PYG,461.97,6060.965,,0,1,0,1,1,1,,remax,143063194-25
964,2026-07-22,rent,oficina,"Ciudad del Este, Alto Paraná",,Alto Paraná,Ciudad del Este,16,built,,4000000,PYG,660.75,4000000,PYG,660.75,6053.725,41,0,1,0,1,1,1,,remax,143050002-250
1946,2026-07-22,sale,casa,"San Lorenzo, Central",,Central,San Lorenzo,100,built,3,260000000,PYG,42948.76,235000000,PYG,38819.07,6053.725,388,-9.615,0,1,1,1,1,,remax,143025146-76
2302,2026-07-22,sale,casa,"Hernandarias, Alto Paraná",,Alto Paraná,Hernandarias,200,built,3,140000,USD,140000,848120000,PYG,140098.86,6053.725,700,0.071,0,0,1,1,0,cross-currency,remax,143050097-76
2828,2026-07-22,sale,terreno,"Ñemby, Central",,Central,Ñemby,385,land,,250000000,PYG,41296.89,180000000,PYG,29733.76,6053.725,77,-28,0,1,1,1,1,,remax,143092059-44
3778,2026-07-22,sale,departamento,Asunción,Las Mercedes,Asunción,,134,land,2,105000,USD,105000,625210000,PYG,103276.91,6053.725,771,-1.641,0,0,1,1,0,cross-currency,remax,143098031-63
3813,2026-07-22,sale,deposito,"Villa Elisa, Central",,Central,Villa Elisa,,,,2400000000,PYG,396450.12,2400000000,PYG,396450.12,6053.725,,0,1,0,1,1,1,,remax,143048005-316
4067,2026-07-22,sale,otro,"Ciudad del Este, Alto Paraná",,Alto Paraná,Ciudad del Este,175,built,3,95000,USD,95000,507095500,PYG,83765.86,6053.725,479,-11.825,0,0,1,1,0,cross-currency,remax,143050081-125
4102,2026-07-22,rent,casa,"Loma Plata, Boquerón",,Boquerón,,,,4,3600000,PYG,594.68,3600000,PYG,594.68,6053.725,,0,1,0,1,1,1,,remax,143078018-102
1107,2026-07-23,sale,departamento,Asunción,Las Mercedes,Asunción,,71,land,2,115000,USD,115000,110500,USD,110500,6045.74,1553,-3.913,0,1,1,1,1,,remax,143063116-107
1193,2026-07-23,rent,departamento,"Fernando de la Mora, Central",,Central,Fernando de la Mora,,,,2900000,PYG,479.68,2800000,PYG,463.14,6045.74,,-3.448,0,1,1,1,1,,remax,143019044-139
1810,2026-07-23,sale,terreno,"Ciudad del Este, Alto Paraná",,Alto Paraná,Ciudad del Este,,,,440000000,PYG,72778.52,400000000,PYG,66162.29,6045.74,,-9.091,0,1,1,1,1,,remax,143050132-39
2157,2026-07-23,sale,terreno,"Ciudad del Este, Alto Paraná",,Alto Paraná,Ciudad del Este,,,,700000000,PYG,115784.01,600000000,PYG,99243.43,6045.74,,-14.286,0,1,1,1,1,,remax,114001112-18
2199,2026-07-23,rent,departamento,"Encarnación, Itapúa",,Itapúa,Encarnación,1,land,1,1500000,PYG,248.11,1500000,PYG,248.11,6045.74,248,0,1,0,1,1,1,,remax,143011007-2228
2492,2026-07-23,rent,departamento,"Encarnación, Itapúa",,Itapúa,Encarnación,,,3,2900000,PYG,479.68,2900000,PYG,479.68,6045.74,,0,1,0,1,1,1,,remax,143011007-2252
2533,2026-07-23,sale,terreno,"San Bernardino, Cordillera",,Cordillera,San Bernardino,,,,208000000,PYG,34404.39,180000000,PYG,29773.03,6045.74,,-13.462,0,1,1,1,1,,remax,143026190-8
3171,2026-07-23,sale,terreno,"Cambyretá, Itapúa",,Itapúa,Cambyretá,360,land,,140000000,PYG,23156.8,140000000,PYG,23156.8,6045.74,64,0,1,0,1,1,1,,remax,143011007-2208
3728,2026-07-23,rent,departamento,"Encarnación, Itapúa",,Itapúa,Encarnación,,,4,6600000,PYG,1091.68,6600000,PYG,1091.68,6045.74,,0,1,0,1,1,1,,remax,143011007-2250
3961,2026-07-23,rent,local,"Encarnación, Itapúa",,Itapúa,Encarnación,,,,3850000,PYG,636.81,3850000,PYG,636.81,6045.74,,0,1,0,1,1,1,,remax,143011007-2236
4345,2026-07-23,sale,terreno,"Benjamín Aceval, Presidente Hayes",,Presidente Hayes,,,,,180000000,PYG,29773.03,175000000,PYG,28946,6045.74,,-2.778,0,1,1,1,1,,remax,143020136-1
750,2026-07-24,sale,terreno,Asunción,Salvador del Mundo,Asunción,,482,land,,275000,USD,275000,1550000000,PYG,256327.36,6046.955,532,-6.79,0,0,1,1,0,cross-currency,remax,143098021-77
1659,2026-07-24,sale,terreno,"Fernando de la Mora, Central",,Central,Fernando de la Mora,100,built,4,1500000000,PYG,248058.73,1500000000,PYG,248058.73,6046.955,2481,0,1,0,1,1,1,,remax,143025204-28
1838,2026-07-24,sale,departamento,"Luque, Central",,Central,Luque,,,3,80000,USD,80000,80000,USD,80000,6046.955,,0,1,0,1,1,1,,remax,143098133-707
1969,2026-07-24,rent,quinta,"Cambyretá, Itapúa",,Itapúa,Cambyretá,200,built,2,2800000,PYG,463.04,2800000,PYG,463.04,6046.955,2,0,1,0,1,1,1,,remax,143011030-241
1980,2026-07-24,sale,casa,"Limpio, Central",,Central,Limpio,90,built,1,290000000,PYG,47958.02,240000000,PYG,39689.4,6046.955,441,-17.241,0,1,1,1,1,,remax,143100050-1
2115,2026-07-24,sale,departamento,"Encarnación, Itapúa",,Itapúa,Encarnación,,,,167000,USD,167000,1010350000,PYG,167084.09,6046.955,,0.05,0,0,1,1,0,cross-currency,remax,143011079-42
2190,2026-07-24,rent,local,"Luque, Central",,Central,Luque,40,built,,1900000,PYG,314.21,1900000,PYG,314.21,6046.955,8,0,1,0,1,1,1,,remax,143068006-165
2256,2026-07-24,sale,casa,"San Bernardino, Cordillera",,Cordillera,San Bernardino,220,built,3,650000000,PYG,107492.12,670000000,PYG,110799.57,6046.955,504,3.077,0,0,1,1,1,,remax,143001140-106
2757,2026-07-24,sale,local,"Santa Rita, Alto Paraná",,Alto Paraná,,410,built,,150000,USD,150000,907350000,PYG,150050.73,6046.955,366,0.034,0,0,1,1,0,cross-currency,remax,143065021-185
4015,2026-07-24,sale,departamento,"Ciudad del Este, Alto Paraná",,Alto Paraná,Ciudad del Este,38,land,1,67900,USD,67900,410835740,PYG,67940.93,6046.955,1788,0.06,0,0,1,1,0,cross-currency,remax,143050056-214
4442,2026-07-24,sale,terreno,"Luque, Central",,Central,Luque,360,land,,245000000,PYG,40516.26,215000000,PYG,35555.09,6046.955,99,-12.245,0,1,1,1,1,,remax,143096056-5
900,2026-07-25,rent,departamento,Asunción,Ciudad Nueva,Asunción,,,,1,3350000,PYG,554,3350000,PYG,554,6046.955,,0,1,0,1,1,1,,remax,143028010-217
1095,2026-07-25,rent,local,"Luque, Central",,Central,Luque,40,built,,1500000,PYG,248.06,1500000,PYG,248.06,6046.955,6,0,1,0,1,1,1,,remax,143019087-37
2124,2026-07-25,sale,local,"Luque, Central",,Central,Luque,545,built,,1290000000,PYG,213330.51,1250000000,PYG,206715.61,6046.955,379,-3.101,0,1,1,1,1,,remax,143009150-19
1602,2026-07-26,rent,departamento,Asunción,Ycuá Satí,Asunción,,92,land,2,1200,USD,1200,1000,USD,1000,6046.955,11,-16.667,0,1,1,1,1,,remax,143025155-245
2314,2026-07-26,rent,departamento,Asunción,Las Lomas (Carmelitas),Asunción,,,,1,720,USD,720,4320000,PYG,714.41,6046.955,,-0.776,0,0,1,1,0,cross-currency,remax,143056047-118
2505,2026-07-26,rent,departamento,Asunción,Mburucuyá,Asunción,,160,land,2,7500000,PYG,1240.29,7000000,PYG,1157.61,6046.955,7,-6.666,0,1,1,1,1,,remax,143025155-250
2722,2026-07-26,rent,casa,"Fernando de la Mora, Central",,Central,Fernando de la Mora,70,built,2,1600000,PYG,264.6,1600000,PYG,264.6,6046.955,4,0,1,0,1,1,1,,remax,143025155-267
4109,2026-07-26,rent,departamento,"San Lorenzo, Central",,Central,San Lorenzo,12,land,2,2500000,PYG,413.43,2500000,PYG,413.43,6046.955,34,0,1,0,1,1,1,,remax,143025155-274
176,2026-07-27,rent,casa,"Luque, Central",,Central,Luque,65,built,2,2200000,PYG,365.7,2200000,PYG,365.7,6015.78,6,0,1,0,1,1,1,,remax,143037043-135
1083,2026-07-27,rent,departamento,Asunción,San Roque,Asunción,,77,land,2,4000000,PYG,664.92,4200000,PYG,698.16,6015.78,9,4.999,0,0,1,1,1,,remax,143037037-501
1735,2026-07-27,sale,duplex,"Luque, Central",,Central,Luque,182,built,3,850000000,PYG,141295.06,800000000,PYG,132983.59,6015.78,731,-5.882,0,1,1,1,1,,remax,143098020-88
2338,2026-07-27,sale,duplex,"Luque, Central",,Central,Luque,92,built,2,350000000,PYG,58180.32,350000000,PYG,58180.32,6015.78,632,0,1,0,1,1,1,,remax,143094007-86
2583,2026-07-27,rent,duplex,"Villa Elisa, Central",,Central,Villa Elisa,90,built,2,2750000,PYG,457.13,2750000,PYG,457.13,6015.78,5,0,1,0,1,1,1,,remax,143068046-69
3294,2026-07-27,rent,departamento,"Encarnación, Itapúa",,Itapúa,Encarnación,,,,1950000,PYG,324.15,1950000,PYG,324.15,6015.78,,0,1,0,1,1,1,,remax,143085036-17
3379,2026-07-27,rent,departamento,Asunción,Sajonia,Asunción,,60,land,2,2600000,PYG,432.2,2600000,PYG,432.2,6015.78,7,0,1,0,1,1,1,,remax,143100035-40
3426,2026-07-27,rent,casa,"San Lorenzo, Central",,Central,San Lorenzo,193,built,2,3000000,PYG,498.69,3000000,PYG,498.69,6015.78,3,0,1,0,1,1,1,,remax,143100022-12
3431,2026-07-27,rent,casa,"San Lorenzo, Central",,Central,San Lorenzo,200,built,3,4500000,PYG,748.03,4500000,PYG,748.03,6015.78,4,0,1,0,1,1,1,,remax,114006036-17
3706,2026-07-27,sale,terreno,"Cambyretá, Itapúa",,Itapúa,Cambyretá,807,land,,130000000,PYG,21609.83,130000000,PYG,21609.83,6015.78,27,0,1,0,1,1,1,,remax,143011030-198
4006,2026-07-27,sale,terreno,"San Antonio, Central",,Central,San Antonio,505,land,,175000000,PYG,29090.16,170000000,PYG,28259.01,6015.78,56,-2.857,0,1,1,1,1,,remax,143084044-25
23706,2026-07-27,sale,departamento,Asunción,Ycuá Satí,Asunción,,30,land,1,65900,USD,65900,395400000,PYG,65727.14,6015.78,2194,-0.262,0,0,1,1,0,cross-currency,remax,143056031-803
25781,2026-07-27,rent,departamento,Asunción,Los Laureles,Asunción,,,,1,4500000,PYG,748.03,4500000,PYG,748.03,6015.78,,0,1,0,1,1,1,,remax,143098115-4
322,2026-07-28,rent,departamento,Asunción,Herrera,Asunción,,42,built,1,3500000,PYG,582.77,3500000,PYG,582.77,6005.75,14,0,1,0,1,1,1,,remax,143046003-268
1013,2026-07-28,rent,casa,"Cambyretá, Itapúa",,Itapúa,Cambyretá,68,built,2,3500000,PYG,582.77,3200000,PYG,532.82,6005.75,8,-8.571,0,1,1,1,1,,remax,143085019-577
2691,2026-07-28,sale,casa,"Lambaré, Central",,Central,Lambaré,291,built,4,710000000,PYG,118220.04,700000000,PYG,116554.97,6005.75,401,-1.408,0,1,1,1,1,,remax,143061068-23
3146,2026-07-28,rent,casa,Asunción,Salvador del Mundo,Asunción,,400,built,5,8500000,PYG,1415.31,8500000,PYG,1415.31,6005.75,4,0,1,0,1,1,1,,remax,143096015-90
3351,2026-07-28,rent,departamento,Asunción,Villa Morra,Asunción,,50,built,1,4500000,PYG,749.28,4050000,PYG,674.35,6005.75,13,-10,0,1,1,1,1,,remax,143108006-17
3888,2026-07-28,sale,casa,Asunción,Barrio Jara,Asunción,,222,built,3,170000,USD,170000,949305250,PYG,158066.06,6005.75,712,-7.02,0,0,1,1,0,cross-currency,remax,143054048-74
3978,2026-07-28,sale,casa,"Lambaré, Central",,Central,Lambaré,100,built,2,400000000,PYG,66602.84,385000000,PYG,64105.23,6005.75,641,-3.75,0,1,1,1,1,,remax,143063226-5
34701,2026-07-28,sale,terreno,"Villa Elisa, Central",,Central,Villa Elisa,310,land,,120000000,PYG,19980.85,120000000,PYG,19980.85,6005.75,64,0,1,0,1,1,1,,remax,143068063-238
70739,2026-07-28,rent,departamento,"Ñemby, Central",,Central,Ñemby,,,,1500000,PYG,249.76,1500000,PYG,249.76,6005.75,,0,1,0,1,1,1,,remax,143019021-125
661,2026-07-29,rent,departamento,"Luque, Central",,Central,Luque,60,land,2,3900000,PYG,652.53,3900000,PYG,652.53,5976.765,11,0,1,0,1,1,1,,remax,143063089-73
1431,2026-07-29,rent,departamento,"Encarnación, Itapúa",,Itapúa,Encarnación,,,,2500000,PYG,418.29,2500000,PYG,418.29,5976.765,,0,1,0,1,1,1,,remax,143032066-63
1446,2026-07-29,sale,edificio,"Ciudad del Este, Alto Paraná",,Alto Paraná,Ciudad del Este,,,,170340,USD,170340,1190335920,PYG,199160.57,5976.765,,16.919,0,0,1,1,0,cross-currency,remax,143050054-98
1460,2026-07-29,rent,departamento,Asunción,Pettirossi,Asunción,,,,,2400000,PYG,401.56,2400000,PYG,401.56,5976.765,,0,1,0,1,1,1,,remax,143028064-84
2298,2026-07-29,rent,casa,"Loma Plata, Boquerón",,Boquerón,,143,built,2,300000,PYG,50.19,3000000,PYG,501.94,5976.765,4,900.08,0,0,1,1,0,outside 0.4 to 1.6 of the ask,remax,143078013-61
2503,2026-07-29,sale,terreno,"Filadelfia, Boquerón",,Boquerón,,,,,82000000,PYG,13719.8,82000000,PYG,13719.8,5976.765,,0,1,0,1,1,1,,remax,143016044-9
2574,2026-07-29,rent,departamento,"Luque, Central",,Central,Luque,190,land,3,2000000,PYG,334.63,2000000,PYG,334.63,5976.765,2,0,1,0,1,1,1,,remax,143098014-231
3520,2026-07-29,rent,duplex,"Lambaré, Central",,Central,Lambaré,120,built,3,4000000,PYG,669.26,4000000,PYG,669.26,5976.765,6,0,1,0,1,1,1,,remax,143063190-411
3681,2026-07-29,rent,casa,Asunción,Villa Aurelia,Asunción,,100,built,3,4500000,PYG,752.92,4500000,PYG,752.92,5976.765,8,0,1,0,1,1,1,,remax,143019044-130
4302,2026-07-29,rent,casa,"Santa Rita, Alto Paraná",,Alto Paraná,,,,,2500000,PYG,418.29,2500000,PYG,418.29,5976.765,,0,1,0,1,1,1,,remax,143065021-189
4310,2026-07-29,sale,casa,"San Lorenzo, Central",,Central,San Lorenzo,280,built,3,500000000,PYG,83657.3,500000000,PYG,83657.3,5976.765,299,0,1,0,1,1,1,,remax,143080161-16
4498,2026-07-29,sale,departamento,Asunción,Mariscal Estigarribia,Asunción,,59,land,1,105000,USD,105000,105000,USD,105000,5976.765,1795,0,1,0,1,1,1,,remax,143098133-542
373,2026-07-30,rent,deposito,Asunción,Terminal,Asunción,,,,,3500000,PYG,587.01,3500000,PYG,587.01,5962.465,,0,1,0,1,1,1,,remax,143025116-70
490,2026-07-30,sale,departamento,Asunción,Recoleta,Asunción,,2300,land,2,122400,USD,122400,734400000,PYG,123170.53,5962.465,54,0.63,0,0,1,1,0,cross-currency,remax,143056033-235
512,2026-07-30,rent,casa,"Luque, Central",,Central,Luque,72,built,2,3000000,PYG,503.15,2600000,PYG,436.06,5962.465,6,-13.334,0,1,1,1,1,,remax,143092070-76
1133,2026-07-30,rent,departamento,Asunción,Las Mercedes,Asunción,,47,built,1,4200000,PYG,704.41,4200000,PYG,704.41,5962.465,15,0,1,0,1,1,1,,remax,143097001-133
1814,2026-07-30,rent,local,"Encarnación, Itapúa",,Itapúa,Encarnación,,,,1800000,PYG,301.89,1800000,PYG,301.89,5962.465,,0,1,0,1,1,1,,remax,143032035-299
2277,2026-07-30,rent,departamento,Asunción,Herrera,Asunción,,,,1,5200000,PYG,872.12,5000000,PYG,838.58,5962.465,,-3.846,0,1,1,1,1,,remax,143098074-18
2313,2026-07-30,rent,casa,"Ciudad del Este, Alto Paraná",,Alto Paraná,Ciudad del Este,,,2,2500000,PYG,419.29,2625000,PYG,440.25,5962.465,,4.999,0,0,1,1,1,,remax,143050006-134
2457,2026-07-30,sale,casa,"Mariano Roque Alonso, Central",,Central,Mariano Roque Alonso,150,built,2,400000000,PYG,67086.35,400000000,PYG,67086.35,5962.465,447,0,1,0,1,1,1,,remax,143061061-116
3850,2026-07-30,sale,terreno,"Mariano Roque Alonso, Central",,Central,Mariano Roque Alonso,,,,250000000,PYG,41928.97,240000000,PYG,40251.81,5962.465,,-4,0,1,1,1,1,,remax,143020119-23
35673,2026-07-30,sale,departamento,Asunción,Las Mercedes,Asunción,,44,built,1,69500,USD,69500,331650000,PYG,55622.97,5962.465,1264,-19.967,0,0,1,1,0,cross-currency,remax,143098088-19
78159,2026-07-30,sale,departamento,"Fernando de la Mora, Central",,Central,Fernando de la Mora,52,land,2,278500000,PYG,46708.87,278500000,PYG,46708.87,5962.465,898,0,1,0,1,1,1,,remax,143036051-220
89664,2026-07-30,rent,duplex,"San Lorenzo, Central",,Central,San Lorenzo,100,built,3,4300000,PYG,721.18,4000000,PYG,670.86,5962.465,7,-6.977,0,1,1,1,1,,remax,143025136-89
75,2026-07-31,rent,departamento,"Luque, Central",,Central,Luque,41,built,1,3500000,PYG,586.76,3600000,PYG,603.52,5965.005,15,2.856,0,0,1,1,1,,remax,143094057-22
118,2026-07-31,rent,casa,"Areguá, Central",,Central,Areguá,68,built,3,2300000,PYG,385.58,2100000,PYG,352.05,5965.005,5,-8.696,0,1,1,1,1,,remax,114006111-30
540,2026-07-31,rent,local,Asunción,Mariscal Estigarribia,Asunción,,,,,1400000,PYG,234.7,1400000,PYG,234.7,5965.005,,0,1,0,1,1,1,,remax,114006111-32
561,2026-07-31,rent,duplex,"Lambaré, Central",,Central,Lambaré,128,built,3,3990000,PYG,668.9,3990000,PYG,668.9,5965.005,5,0,1,0,1,1,1,,remax,143063094-265
620,2026-07-31,rent,departamento,Asunción,Ytay,Asunción,,66,built,1,3600000,PYG,603.52,3600000,PYG,603.52,5965.005,9,0,1,0,1,1,1,,remax,143054077-78
696,2026-07-31,rent,casa,"Santa Rita, Alto Paraná",,Alto Paraná,,508,built,2,3000000,PYG,502.93,2500000,PYG,419.11,5965.005,1,-16.666,0,1,1,1,1,,remax,143065032-31
2328,2026-07-31,sale,terreno,"Ñemby, Central",,Central,Ñemby,,,,110000000,PYG,18440.89,100000000,PYG,16764.45,5965.005,,-9.091,0,1,2,1,1,,remax,143091063-3
2344,2026-07-31,sale,casa,"Capiatá, Central",,Central,Capiatá,174,built,3,650000000,PYG,108968.89,600000000,PYG,100586.67,5965.005,578,-7.692,0,1,1,1,1,,remax,143020119-27
2971,2026-07-31,sale,casa,"Fernando de la Mora, Central",,Central,Fernando de la Mora,60,built,2,550000000,PYG,92204.45,520000000,PYG,87175.12,5965.005,1453,-5.455,0,1,1,1,1,,remax,143095030-11
2994,2026-07-31,rent,local,"Fernando de la Mora, Central",,Central,Fernando de la Mora,46,built,,3200000,PYG,536.46,3200000,PYG,536.46,5965.005,12,0,1,0,1,1,1,,remax,143028041-118
3543,2026-07-31,sale,terreno,"Ypané, Central",,Central,Ypané,,,,165000000,PYG,27661.33,150000000,PYG,25146.67,5965.005,,-9.091,0,1,1,1,1,,remax,143019044-138
3556,2026-07-31,sale,duplex,"Luque, Central",,Central,Luque,131,built,2,590000000,PYG,98910.23,570000000,PYG,95557.34,5965.005,729,-3.39,0,1,1,1,1,,remax,143068037-88
4194,2026-07-31,sale,terreno,"Ñemby, Central",,Central,Ñemby,,,,110000000,PYG,18440.89,100000000,PYG,16764.45,5965.005,,-9.091,0,1,2,0,0,second record of one deal,remax,143091063-2
69781,2026-07-31,sale,terreno,"San José de los Arroyos, Caaguazú",,Caaguazú,,100000,land,,295000,USD,295000,260000,USD,260000,5965.005,3,-11.864,0,1,1,1,1,,remax,143048025-61
362461,2026-07-31,rent,local,"Fernando de la Mora, Central",,Central,Fernando de la Mora,,,,2950000,PYG,494.55,2950000,PYG,494.55,5965.005,,0,1,0,1,1,1,,remax,143072126-44
789,2026-08-01,sale,departamento,Asunción,Recoleta,Asunción,,83,built,2,120000,USD,120000,705600000,PYG,118289.93,5965.005,1434,-1.425,0,0,1,1,0,cross-currency,remax,143072119-121
2083,2026-08-01,rent,departamento,Asunción,San Vicente,Asunción,,32,land,,2300000,PYG,385.58,2300000,PYG,385.58,5965.005,12,0,1,0,1,1,1,,remax,143037152-2
2770,2026-08-01,rent,departamento,"Fernando de la Mora, Central",,Central,Fernando de la Mora,95,land,2,5000000,PYG,838.22,5000000,PYG,838.22,5965.005,9,0,1,0,1,1,1,,remax,143025155-276
3388,2026-08-01,rent,departamento,Asunción,Ciudad Nueva,Asunción,,98,land,2,6000000,PYG,1005.87,6000000,PYG,1005.87,5965.005,10,0,1,0,1,1,1,,remax,143037043-133
3823,2026-08-01,rent,casa,Asunción,Los Laureles,Asunción,,,,,6000000,PYG,1005.87,6000000,PYG,1005.87,5965.005,,0,1,0,1,1,1,,remax,143072073-145
3933,2026-08-01,rent,casa,"Encarnación, Itapúa",,Itapúa,Encarnación,42,built,2,2000000,PYG,335.29,2000000,PYG,335.29,5965.005,8,0,1,0,1,1,1,,remax,143011091-73
3963,2026-08-01,rent,casa,"Loma Plata, Boquerón",,Boquerón,,200,built,3,5000000,PYG,838.22,5000000,PYG,838.22,5965.005,4,0,1,0,1,1,1,,remax,143016008-544
24546,2026-08-01,sale,casa,"Hohenau, Itapúa",,Itapúa,,80,built,3,43000,USD,43000,222000000,PYG,37217.07,5965.005,465,-13.449,0,0,1,1,0,cross-currency,remax,143032069-21
34839,2026-08-01,rent,departamento,Asunción,Herrera,Asunción,,360,land,1,750,USD,750,4478220,PYG,750.75,5965.005,2,0.1,0,0,1,1,0,cross-currency,remax,143098058-63
205265,2026-08-01,sale,duplex,"Capiatá, Central",,Central,Capiatá,220,built,3,750000000,PYG,125733.34,750000000,PYG,125733.34,5965.005,572,0,1,0,1,1,1,,remax,143092070-74
4519,2026-08-02,rent,casa,"Villeta, Central",,Central,Villeta,350,built,4,5300000,PYG,888.52,5300000,PYG,888.52,5965.005,3,0,1,0,1,1,1,,remax,143001170-2
309458,2026-08-02,rent,casa,"Carapeguá, Paraguarí",,Paraguarí,,270,built,2,2000000,PYG,335.29,2000000,PYG,335.29,5965.005,1,0,1,0,1,1,1,,remax,143001163-11
311816,2026-08-02,rent,casa,"Fernando de la Mora, Central",,Central,Fernando de la Mora,180,built,3,2800000,PYG,469.4,2800000,PYG,469.4,5965.005,3,0,1,0,1,1,1,,remax,143001163-24
707,2026-08-03,sale,casa,"Caazapá, Caazapá",,Caazapá,,63,built,2,260000000,PYG,43519.89,220000000,PYG,36824.52,5974.28,585,-15.385,0,1,1,1,1,,remax,143095004-110
731,2026-08-03,rent,casa,Asunción,Las Mercedes,Asunción,,,,,5000,USD,5000,5000,USD,5000,5974.28,,0,1,0,1,1,1,,remax,143098109-157
1755,2026-08-03,sale,terreno,"Capiatá, Central",,Central,Capiatá,800,land,,170000000,PYG,28455.31,160000000,PYG,26781.47,5974.28,33,-5.882,0,1,1,1,1,,remax,143009135-81
1867,2026-08-03,rent,local,"Itauguá, Central",,Central,Itauguá,140,built,,9000000,PYG,1506.46,9000000,PYG,1506.46,5974.28,11,0,1,0,1,1,1,,remax,143080127-71
2424,2026-08-03,rent,casa,"Encarnación, Itapúa",,Itapúa,Encarnación,150,built,3,1200,USD,1200,7200000,PYG,1205.17,5974.28,8,0.431,0,0,1,1,0,cross-currency,remax,143032072-87
2603,2026-08-03,rent,departamento,"Lambaré, Central",,Central,Lambaré,,,2,3500000,PYG,585.84,3300000,PYG,552.37,5974.28,,-5.713,0,1,1,1,1,,remax,143028064-82
2611,2026-08-03,rent,departamento,"Luque, Central",,Central,Luque,1000,land,2,3500000,PYG,585.84,3500000,PYG,585.84,5974.28,1,0,1,0,1,1,1,,remax,143063172-37
2636,2026-08-03,rent,otro,"Santa Rita, Alto Paraná",,Alto Paraná,,540,built,,1950000,PYG,326.4,1950000,PYG,326.4,5974.28,1,0,1,0,1,1,1,,remax,143065026-240
2911,2026-08-03,rent,departamento,Asunción,Herrera,Asunción,,141,built,3,5300000,PYG,887.14,5000000,PYG,836.92,5974.28,6,-5.661,0,1,1,1,1,,remax,143038046-194
3012,2026-08-03,sale,casa,"Luque, Central",,Central,Luque,120,built,2,520000000,PYG,87039.78,520000000,PYG,87039.78,5974.28,725,0,1,0,1,1,1,,remax,143054124-1
3306,2026-08-03,sale,terreno,"Presidente Franco, Alto Paraná",,Alto Paraná,,800,land,,330000000,PYG,55236.78,330000000,PYG,55236.78,5974.28,69,0,1,0,1,1,1,,remax,143050100-37
3633,2026-08-03,sale,terreno,"Hernandarias, Alto Paraná",,Alto Paraná,Hernandarias,400,land,,250000000,PYG,41846.05,250000000,PYG,41846.05,5974.28,105,0,1,0,1,1,1,,remax,143050054-89
3760,2026-08-03,sale,casa,"Filadelfia, Boquerón",,Boquerón,,91,built,2,340000000,PYG,56910.62,330000000,PYG,55236.78,5974.28,607,-2.941,0,1,1,1,1,,remax,143016029-104
3901,2026-08-03,rent,casa,"Mariano Roque Alonso, Central",,Central,Mariano Roque Alonso,120,built,2,2500000,PYG,418.46,2500000,PYG,418.46,5974.28,3,0,1,0,1,1,1,,remax,143063148-141
4099,2026-08-03,rent,casa,"Capiatá, Central",,Central,Capiatá,476,built,4,5500000,PYG,920.61,5500000,PYG,920.61,5974.28,2,0,1,0,1,1,1,,remax,143046008-31
27142,2026-08-03,sale,departamento,"Encarnación, Itapúa",,Itapúa,Encarnación,,,1,96000,USD,96000,576000000,PYG,96413.29,5974.28,,0.431,0,0,1,1,0,cross-currency,remax,143032069-97
41263,2026-08-03,sale,terreno,"Lambaré, Central",,Central,Lambaré,440,built,3,600000000,PYG,100430.51,500000000,PYG,83692.09,5974.28,190,-16.667,0,1,1,1,1,,remax,143063225-7
269121,2026-08-03,rent,casa,Asunción,Pettirossi,Asunción,,90,built,2,2500000,PYG,418.46,2500000,PYG,418.46,5974.28,5,0,1,0,1,1,1,,remax,143098132-80
349665,2026-08-03,sale,deposito,"San Lorenzo, Central",,Central,San Lorenzo,464,built,,990000000,PYG,165710.35,990000000,PYG,165710.35,5974.28,357,0,1,0,1,1,1,,remax,143001140-116
357,2026-08-04,rent,departamento,Asunción,Manorá,Asunción,,,,3,1000,USD,1000,6000000,PYG,1006.11,5963.535,,0.611,0,0,1,1,0,cross-currency,remax,143071095-1
882,2026-08-04,rent,otro,"Loma Grande, Cordillera",,Cordillera,,180,built,3,7000000,PYG,1173.8,6000000,PYG,1006.11,5963.535,6,-14.286,0,1,1,1,1,,remax,143063116-108
2708,2026-08-04,sale,quinta,"San Juan del Paraná, Itapúa",,Itapúa,San Juan del Paraná,100,built,2,380000000,PYG,63720.6,350000000,PYG,58690.02,5963.535,587,-7.895,0,1,1,1,1,,remax,143032061-24
3298,2026-08-04,sale,terreno,"Luque, Central",,Central,Luque,,,,270000000,PYG,45275.16,270000000,PYG,45275.16,5963.535,,0,1,0,1,1,1,,remax,143080114-49
4239,2026-08-04,sale,duplex,"Encarnación, Itapúa",,Itapúa,Encarnación,131,built,3,550000000,PYG,92227.18,550000000,PYG,92227.18,5963.535,704,0,1,0,1,1,1,,remax,143011003-335
309425,2026-08-04,sale,terreno,"Ciudad del Este, Alto Paraná",,Alto Paraná,Ciudad del Este,,,,400000000,PYG,67074.31,390000000,PYG,65397.45,5963.535,,-2.5,0,1,1,1,1,,remax,143050006-131
313322,2026-08-04,sale,terreno,"Ñemby, Central",,Central,Ñemby,,,,300000000,PYG,50305.73,270000000,PYG,45275.16,5963.535,,-10,0,1,1,1,1,,remax,143063219-20
313342,2026-08-04,sale,departamento,Asunción,Villa Morra,Asunción,,,,,67400,USD,67400,386259000,PYG,64770.14,5963.535,,-3.902,0,0,1,1,0,cross-currency,remax,143056050-75
1149,2026-08-05,sale,departamento,Asunción,Las Lomas (Carmelitas),Asunción,,66,land,2,150000,USD,150000,885000000,PYG,148780.25,5948.37,2254,-0.813,0,0,1,1,0,cross-currency,remax,143063084-95
1624,2026-08-05,sale,casa,"Lambaré, Central",,Central,Lambaré,320,built,3,580000,USD,580000,2985500000,PYG,501902.2,5948.37,1568,-13.465,0,0,1,1,0,cross-currency,remax,143036045-236
1834,2026-08-05,sale,terreno,"Ciudad del Este, Alto Paraná",,Alto Paraná,Ciudad del Este,,,,280000000,PYG,47071.72,210000000,PYG,35303.79,5948.37,,-25,0,1,1,1,1,,remax,143099018-40
2103,2026-08-05,sale,departamento,Asunción,Las Lomas (Carmelitas),Asunción,,81,built,2,158000,USD,158000,901155262,PYG,151496.17,5948.37,1870,-4.116,0,0,1,1,0,cross-currency,remax,143036045-219
2713,2026-08-05,sale,terreno,"San Lorenzo, Central",,Central,San Lorenzo,,,,200000000,PYG,33622.66,200000000,PYG,33622.66,5948.37,,0,1,0,1,1,1,,remax,143025156-208
2825,2026-08-05,rent,casa,"Minga Guazú, Alto Paraná",,Alto Paraná,Minga Guazú,210,built,3,3000000,PYG,504.34,3000000,PYG,504.34,5948.37,2,0,1,0,1,1,1,,remax,143050035-127
3806,2026-08-05,rent,casa,"Ñemby, Central",,Central,Ñemby,200,built,3,3000000,PYG,504.34,3000000,PYG,504.34,5948.37,3,0,1,0,1,1,1,,remax,143036160-13
3836,2026-08-05,rent,edificio,"Encarnación, Itapúa",,Itapúa,Encarnación,80,land,1,2500000,PYG,420.28,2500000,PYG,420.28,5948.37,5,0,1,0,1,1,1,,remax,143032079-11
12,2026-08-06,rent,casa,"Cambyretá, Itapúa",,Itapúa,Cambyretá,80,built,,2000000,PYG,336.36,2000000,PYG,336.36,5945.96,4,0,1,0,1,1,1,,remax,143032035-308
31,2026-08-06,rent,casa,"Ñemby, Central",,Central,Ñemby,90,built,3,2000000,PYG,336.36,2000000,PYG,336.36,5945.96,4,0,1,0,1,1,1,,remax,143080163-22
679,2026-08-06,rent,duplex,"San Lorenzo, Central",,Central,San Lorenzo,180,built,3,5200000,PYG,874.54,5200000,PYG,874.54,5945.96,5,0,1,0,1,1,1,,remax,143068079-128
946,2026-08-06,sale,terreno,"Filadelfia, Boquerón",,Boquerón,,1550,land,,415000000,PYG,69795.29,400000000,PYG,67272.57,5945.96,43,-3.614,0,1,1,1,1,,remax,143016029-111
1089,2026-08-06,sale,terreno,"Coronel Oviedo, Caaguazú",,Caaguazú,,,,,179000,USD,179000,1074000000,PYG,180626.85,5945.96,,0.909,0,0,1,1,0,cross-currency,remax,143098052-27
1272,2026-08-06,sale,departamento,Asunción,General Díaz,Asunción,,99,built,2,864200000,PYG,145342.38,864200000,PYG,145342.38,5945.96,1463,0,1,0,1,1,1,,remax,143100017-32
1678,2026-08-06,sale,terreno,"Encarnación, Itapúa",,Itapúa,Encarnación,,,,200000000,PYG,33636.28,200000000,PYG,33636.28,5945.96,,0,1,0,1,1,1,,remax,143011097-5
1728,2026-08-06,rent,casa,"Lambaré, Central",,Central,Lambaré,52,built,1,1500000,PYG,252.27,1500000,PYG,252.27,5945.96,5,0,1,0,1,1,1,,remax,143001140-150
1909,2026-08-06,sale,departamento,"Fernando de la Mora, Central",,Central,Fernando de la Mora,58,land,1,66125,USD,66125,380928000,PYG,64065.01,5945.96,1114,-3.115,0,0,1,1,0,cross-currency,remax,143046046-133
2047,2026-08-06,sale,local,"San Ignacio, Misiones",,Misiones,,160,built,,1100000000,PYG,184999.56,1100000000,PYG,184999.56,5945.96,1156,0,1,0,1,1,1,,remax,143011104-2
3578,2026-08-06,rent,local,"San Lorenzo, Central",,Central,San Lorenzo,126,land,,6000000,PYG,1009.09,6000000,PYG,1009.09,5945.96,8,0,1,0,1,1,1,,remax,143108013-3
3750,2026-08-06,rent,departamento,"Luque, Central",,Central,Luque,51,built,2,3900000,PYG,655.91,3700000,PYG,622.27,5945.96,12,-5.129,0,1,1,1,1,,remax,143094007-117
4223,2026-08-06,sale,duplex,"Fernando de la Mora, Central",,Central,Fernando de la Mora,124,built,,560000000,PYG,94181.6,560000000,PYG,94181.6,5945.96,761,0,1,0,1,1,1,,remax,143072119-116
23712,2026-08-06,rent,departamento,"Encarnación, Itapúa",,Itapúa,Encarnación,,,1,500,USD,500,2990000,PYG,502.86,5945.96,,0.572,0,0,1,1,0,cross-currency,remax,143032069-98
1212,2026-08-07,sale,terreno,"Hernandarias, Alto Paraná",,Alto Paraná,Hernandarias,,,,390000000,PYG,65517.75,378880000,PYG,63649.66,5952.585,,-2.851,0,1,1,1,1,,remax,143050150-48
1497,2026-08-07,rent,otro,"Filadelfia, Boquerón",,Boquerón,,47,built,,1500000,PYG,251.99,1500000,PYG,251.99,5952.585,5,0,1,0,1,1,1,,remax,143016008-513
1589,2026-08-07,sale,otro,"Fernando de la Mora, Central",,Central,Fernando de la Mora,12,land,1,12500,USD,12500,75000000,PYG,12599.57,5952.585,1050,0.797,0,0,1,1,0,cross-currency,remax,143025145-442
1899,2026-08-07,rent,otro,"Santa Rita, Alto Paraná",,Alto Paraná,,240,built,3,3000000,PYG,503.98,3000000,PYG,503.98,5952.585,2,0,1,0,1,1,1,,remax,143065026-242
2842,2026-08-07,rent,local,"Loma Plata, Boquerón",,Boquerón,,80,built,,4400000,PYG,739.17,4400000,PYG,739.17,5952.585,9,0,1,0,2,1,1,,remax,143078018-107
3027,2026-08-07,rent,local,"Loma Plata, Boquerón",,Boquerón,,80,built,,4400000,PYG,739.17,4400000,PYG,739.17,5952.585,9,0,1,0,2,0,0,second record of one deal,remax,143078018-96
3442,2026-08-07,sale,otro,"Lambaré, Central",,Central,Lambaré,260,built,8,750000000,PYG,125995.68,750000000,PYG,125995.68,5952.585,485,0,1,0,1,1,1,,remax,143061058-33
3535,2026-08-07,sale,edificio,"Fernando de la Mora, Central",,Central,Fernando de la Mora,46,land,1,75900,USD,75900,449328000,PYG,75484.52,5952.585,1627,-0.547,0,0,1,1,0,cross-currency,remax,143009002-103
3609,2026-08-07,sale,terreno,"Luque, Central",,Central,Luque,,,,100000000,PYG,16799.42,95000000,PYG,15959.45,5952.585,,-5,0,1,1,1,1,,remax,143080261-3
3705,2026-08-07,sale,departamento,Asunción,Catedral,Asunción,,44,built,1,75000,USD,75000,440522000,PYG,74005.16,5952.585,1700,-1.326,0,0,1,1,0,cross-currency,remax,143097001-104
4347,2026-08-07,rent,departamento,Asunción,General Díaz,Asunción,,33,built,1,2800000,PYG,470.38,2700000,PYG,453.58,5952.585,14,-3.572,0,1,1,1,1,,remax,143097001-134
462,2026-08-08,rent,duplex,"Villa Elisa, Central",,Central,Villa Elisa,46,built,3,3000000,PYG,503.98,3000000,PYG,503.98,5952.585,11,0,1,0,1,1,1,,remax,143080161-55
921,2026-08-08,rent,departamento,"Mariano Roque Alonso, Central",,Central,Mariano Roque Alonso,,,2,6000000,PYG,1007.97,6000000,PYG,1007.97,5952.585,,0,1,0,1,1,1,,remax,143025149-269
1691,2026-08-08,rent,casa,Asunción,Obrero,Asunción,,360,built,6,6000000,PYG,1007.97,6000000,PYG,1007.97,5952.585,3,0,1,0,1,1,1,,remax,143068074-48
2038,2026-08-08,sale,terreno,"Fernando de la Mora, Central",,Central,Fernando de la Mora,,,,645000000,PYG,108356.29,625000000,PYG,104996.4,5952.585,,-3.101,0,1,1,1,1,,remax,143063101-153
3320,2026-08-08,rent,departamento,"Fernando de la Mora, Central",,Central,Fernando de la Mora,113,land,1,3000000,PYG,503.98,3000000,PYG,503.98,5952.585,4,0,1,0,1,1,1,,remax,143025155-283
4085,2026-08-08,rent,deposito,"Encarnación, Itapúa",,Itapúa,Encarnación,240,built,,4800000,PYG,806.37,4800000,PYG,806.37,5952.585,3,0,1,0,1,1,1,,remax,143085019-575
147272,2026-08-08,rent,casa,"Luque, Central",,Central,Luque,65,built,3,2500000,PYG,419.99,2500000,PYG,419.99,5952.585,6,0,1,0,1,1,1,,remax,143072093-17
28,2026-08-10,sale,departamento,"Fernando de la Mora, Central",,Central,Fernando de la Mora,36,built,1,45000,USD,45000,274022000,PYG,46019.39,5954.49,1278,2.265,0,0,1,1,0,cross-currency,remax,143028065-8
133,2026-08-10,rent,casa,"Filadelfia, Boquerón",,Boquerón,,200,built,3,5000000,PYG,839.7,4000000,PYG,671.76,5954.49,3,-20,0,1,1,1,1,,remax,143016008-517
823,2026-08-10,rent,casa,"Altos, Cordillera",,Cordillera,Altos,151,built,2,5000000,PYG,839.7,5000000,PYG,839.7,5954.49,6,0,1,0,1,1,1,,remax,143106014-1
1022,2026-08-10,sale,departamento,Asunción,Ycuá Satí,Asunción,,,,,153155,USD,153155,912804000,PYG,153296.76,5954.49,,0.093,0,0,1,1,0,cross-currency,remax,143098011-342
2393,2026-08-10,rent,duplex,"Encarnación, Itapúa",,Itapúa,Encarnación,79,built,2,3000000,PYG,503.82,3000000,PYG,503.82,5954.49,6,0,1,0,1,1,1,,remax,143085019-559
3841,2026-08-10,sale,departamento,Asunción,Mburucuyá,Asunción,,43,land,1,87970,USD,87970,524301200,PYG,88051.4,5954.49,2072,0.093,0,0,1,1,0,cross-currency,remax,143098011-335
3955,2026-08-10,sale,departamento,"Luque, Central",,Central,Luque,24,land,1,34000,USD,34000,204817020,PYG,34397.07,5954.49,1433,1.168,0,0,1,1,0,cross-currency,remax,143096010-43
4024,2026-08-10,rent,terreno,"Lambaré, Central",,Central,Lambaré,360,land,,5000000,PYG,839.7,5000000,PYG,839.7,5954.49,2,0,1,0,1,1,1,,remax,143028003-229
4108,2026-08-10,sale,departamento,Asunción,Las Mercedes,Asunción,,110,land,2,129000,USD,129000,750000000,PYG,125955.37,5954.49,1145,-2.36,0,0,1,1,0,cross-currency,remax,143037125-22
24489,2026-08-10,sale,departamento,Asunción,Las Lomas (Carmelitas),Asunción,,125,built,3,210000,USD,210000,202000,USD,202000,5954.49,1616,-3.81,0,1,1,1,1,,remax,143098115-92
365,2026-08-11,rent,oficina,Asunción,Dr. Francia,Asunción,,,,,6600,USD,6600,40260000,PYG,6747.21,5966.91,,2.23,0,0,1,1,0,cross-currency,remax,143063031-367
413,2026-08-11,sale,departamento,Asunción,Herrera,Asunción,,13,land,1,14000,USD,14000,84000000,PYG,14077.64,5966.91,1083,0.555,0,0,1,1,0,cross-currency,remax,143063147-172
562,2026-08-11,rent,local,"Caacupé, Cordillera",,Cordillera,Caacupé,84,built,,3000000,PYG,502.77,3000000,PYG,502.77,5966.91,6,0,1,0,1,1,1,,remax,143080127-68
571,2026-08-11,sale,terreno,"Filadelfia, Boquerón",,Boquerón,,439,land,,79500000,PYG,13323.48,79500000,PYG,13323.48,5966.91,30,0,1,0,1,1,1,,remax,143016029-105
1143,2026-08-11,sale,departamento,Asunción,San Vicente,Asunción,,80,built,2,79000,USD,79000,465000000,PYG,77929.78,5966.91,974,-1.355,0,0,1,1,0,cross-currency,remax,143026204-30
2310,2026-08-11,sale,departamento,"Ciudad del Este, Alto Paraná",,Alto Paraná,Ciudad del Este,71,built,2,163909,USD,163909,975502000,PYG,163485.29,5966.91,2319,-0.259,0,0,1,1,0,cross-currency,remax,143099027-70
3658,2026-08-11,sale,terreno,"Capiatá, Central",,Central,Capiatá,360,land,,145000000,PYG,24300.68,125000000,PYG,20948.87,5966.91,58,-13.793,0,1,1,1,1,,remax,143084044-23
134,2026-08-12,rent,casa,Asunción,Obrero,Asunción,,132,built,3,3200000,PYG,536.21,3200000,PYG,536.21,5967.865,4,0,1,0,1,1,1,,remax,143061088-17
642,2026-08-12,rent,casa,"Capiatá, Central",,Central,Capiatá,360,built,2,3500000,PYG,586.47,3500000,PYG,586.47,5967.865,2,0,1,0,1,1,1,,remax,143080040-166
752,2026-08-12,rent,duplex,"Cambyretá, Itapúa",,Itapúa,Cambyretá,,,2,2500000,PYG,418.91,2500000,PYG,418.91,5967.865,,0,1,0,1,1,1,,remax,143011007-2255
769,2026-08-12,rent,deposito,Asunción,Obrero,Asunción,,204,land,,4000000,PYG,670.26,4000000,PYG,670.26,5967.865,3,0,1,0,1,1,1,,remax,143061084-10
1817,2026-08-12,rent,casa,Asunción,Tembetary,Asunción,,198,built,3,6200000,PYG,1038.9,6200000,PYG,1038.9,5967.865,5,0,1,0,1,1,1,,remax,143025091-132
2304,2026-08-12,rent,departamento,Asunción,Pettirossi,Asunción,,,,1,2800000,PYG,469.18,2800000,PYG,469.18,5967.865,,0,1,0,1,1,1,,remax,143048005-330
3338,2026-08-12,sale,terreno,"Itá, Central",,Central,Itá,2280,land,,220000000,PYG,36864.1,190000000,PYG,31837.18,5967.865,14,-13.636,0,1,1,1,1,,remax,143080134-2
3418,2026-08-12,rent,departamento,"Cambyretá, Itapúa",,Itapúa,Cambyretá,,,1,1500000,PYG,251.35,1500000,PYG,251.35,5967.865,,0,1,0,1,1,1,,remax,143011007-2258
4132,2026-08-12,sale,terreno,"Limpio, Central",,Central,Limpio,360,land,,150000000,PYG,25134.62,135000000,PYG,22621.16,5967.865,63,-10,0,1,1,1,1,,remax,143025175-29
219253,2026-08-12,rent,local,"Fernando de la Mora, Central",,Central,Fernando de la Mora,,,,2500000,PYG,418.91,2500000,PYG,418.91,5967.865,,0,1,0,1,1,1,,remax,143072126-61
175,2026-08-13,sale,terreno,Asunción,Vista Alegre,Asunción,,,,3,690000000,PYG,114954.5,690000000,PYG,114954.5,6002.375,,0,1,0,1,1,1,,remax,143100041-3
658,2026-08-13,sale,terreno,"San Lorenzo, Central",,Central,San Lorenzo,508,land,,360000000,PYG,59976.26,320000000,PYG,53312.23,6002.375,105,-11.111,0,1,1,1,1,,remax,143061066-40
1468,2026-08-13,sale,terreno,"Limpio, Central",,Central,Limpio,379,land,,260000000,PYG,43316.19,235000000,PYG,39151.17,6002.375,103,-9.615,0,1,1,1,1,,remax,143109015-3
1769,2026-08-13,rent,casa,"Ciudad del Este, Alto Paraná",,Alto Paraná,Ciudad del Este,250,built,2,3500000,PYG,583.1,3400000,PYG,566.44,6002.375,2,-2.857,0,1,1,1,1,,remax,143050002-252
2775,2026-08-13,sale,casa,"Lambaré, Central",,Central,Lambaré,200,built,2,650000000,PYG,108290.47,595000000,PYG,99127.43,6002.375,496,-8.462,0,1,1,1,1,,remax,143068046-68
2946,2026-08-13,rent,duplex,Asunción,Las Lomas (Carmelitas),Asunción,,320,built,3,11000000,PYG,1832.61,11000000,PYG,1832.61,6002.375,6,0,1,0,1,1,1,,remax,143072119-120
3160,2026-08-13,sale,departamento,Asunción,Las Lomas (Carmelitas),Asunción,,53,land,1,105000,USD,105000,617460000,PYG,102869.28,6002.375,1941,-2.029,0,0,1,1,0,cross-currency,remax,143096014-55
4178,2026-08-13,rent,departamento,"Fernando de la Mora, Central",,Central,Fernando de la Mora,,,,4500000,PYG,749.7,4500000,PYG,749.7,6002.375,,0,1,0,1,1,1,,remax,143098020-98
4221,2026-08-13,rent,departamento,"Capiatá, Central",,Central,Capiatá,41,built,1,1600000,PYG,266.56,1300000,PYG,216.58,6002.375,5,-18.75,0,1,1,1,1,,remax,143009135-92
20752,2026-08-13,rent,local,"Loma Plata, Boquerón",,Boquerón,,64,built,,4400000,PYG,733.04,4400000,PYG,733.04,6002.375,11,0,1,0,1,1,1,,remax,143078018-104
23759,2026-08-13,sale,departamento,Asunción,Recoleta,Asunción,,1735,land,1,462080000,PYG,76982.86,462080000,PYG,76982.86,6002.375,44,0,1,0,1,1,1,,remax,143036133-13
364151,2026-08-13,sale,casa,"San Lorenzo, Central",,Central,San Lorenzo,471,built,2,250000000,PYG,41650.18,220000000,PYG,36652.16,6002.375,78,-12,0,1,1,1,1,,remax,143072136-6
614,2026-08-14,sale,casa,"Hernandarias, Alto Paraná",,Alto Paraná,Hernandarias,200,built,2,650000,USD,650000,3704760000,PYG,615079.13,6023.225,3075,-5.372,0,0,1,1,0,cross-currency,remax,143050092-26
855,2026-08-14,rent,departamento,Asunción,Las Lomas (Carmelitas),Asunción,,42,land,1,1100,USD,1100,6765000,PYG,1123.15,6023.225,27,2.105,0,0,1,1,0,cross-currency,remax,143056047-116
936,2026-08-14,sale,terreno,"Ciudad del Este, Alto Paraná",,Alto Paraná,Ciudad del Este,600,land,,90000,USD,90000,542223900,PYG,90022.19,6023.225,150,0.025,0,0,1,1,0,cross-currency,remax,143050202-1
1049,2026-08-14,sale,departamento,Asunción,Recoleta,Asunción,,1735,land,1,76000,PYG,12.62,76000,PYG,12.62,6023.225,0,0,1,0,1,1,1,,remax,143036133-13
1177,2026-08-14,rent,departamento,"Luque, Central",,Central,Luque,50,built,1,1200000,PYG,199.23,1200000,PYG,199.23,6023.225,4,0,1,0,1,1,1,,remax,143112014-1
1392,2026-08-14,rent,departamento,"San Lorenzo, Central",,Central,San Lorenzo,35,built,1,1500000,PYG,249.04,1500000,PYG,249.04,6023.225,7,0,1,0,1,1,1,,remax,143092059-39
1425,2026-08-14,rent,departamento,Asunción,Barrio Jara,Asunción,,,,,4300000,PYG,713.9,4100000,PYG,680.7,6023.225,,-4.651,0,1,1,1,1,,remax,143098011-343
1613,2026-08-14,sale,duplex,"Cambyretá, Itapúa",,Itapúa,Cambyretá,162,built,3,750000000,PYG,124518.01,750000000,PYG,124518.01,6023.225,769,0,1,0,1,1,1,,remax,143011007-2216
1674,2026-08-14,sale,terreno,"Lambaré, Central",,Central,Lambaré,959,land,,380000000,PYG,63089.13,350000000,PYG,58108.41,6023.225,61,-7.895,0,1,1,1,1,,remax,143072119-118
2187,2026-08-14,sale,departamento,"Ciudad del Este, Alto Paraná",,Alto Paraná,Ciudad del Este,41,built,2,139068,USD,139068,838677000,PYG,139240.52,6023.225,3392,0.124,0,0,1,1,0,cross-currency,remax,143099027-71
2519,2026-08-14,sale,casa,"Villa Elisa, Central",,Central,Villa Elisa,272,built,5,490000000,PYG,81351.77,490000000,PYG,81351.77,6023.225,299,0,1,0,1,1,1,,remax,143091063-6
3196,2026-08-14,rent,departamento,Asunción,Recoleta,Asunción,,70,land,2,4800000,PYG,796.92,4800000,PYG,796.92,6023.225,11,0,1,0,1,1,1,,remax,143056047-119
3881,2026-08-14,rent,duplex,"San Lorenzo, Central",,Central,San Lorenzo,63,built,2,1850000,PYG,307.14,1850000,PYG,307.14,6023.225,5,0,1,0,1,1,1,,remax,143009127-103
3953,2026-08-14,rent,duplex,"San Lorenzo, Central",,Central,San Lorenzo,180,built,3,5500000,PYG,913.13,5500000,PYG,913.13,6023.225,5,0,1,0,1,1,1,,remax,143068079-129
4311,2026-08-14,rent,departamento,Asunción,Mburucuyá,Asunción,,2500,land,1,1200,USD,1200,7236000,PYG,1201.35,6023.225,0,0.113,0,0,1,1,0,cross-currency,remax,143098011-344
479,2026-08-15,rent,duplex,Asunción,Hipódromo,Asunción,,140,built,3,3850000,PYG,639.19,3850000,PYG,639.19,6023.225,5,0,1,0,1,1,1,,remax,143037137-26
2846,2026-08-15,rent,local,Asunción,Mburicaó,Asunción,,,,,4500000,PYG,747.11,4500000,PYG,747.11,6023.225,,0,1,0,1,1,1,,remax,143063051-391
310727,2026-08-16,sale,terreno,"Juan Emilio O'leary, Alto Paraná",,Alto Paraná,,,,,450000,USD,450000,2663761500,PYG,442248.38,6023.225,,-1.723,0,0,1,1,0,cross-currency,remax,143050006-130
1209,2026-08-17,sale,terreno,"Luque, Central",,Central,Luque,,,,450000000,PYG,74593.47,310000000,PYG,51386.61,6032.7,,-31.111,0,1,1,1,1,,remax,143071082-35
2567,2026-08-17,sale,departamento,"Fernando de la Mora, Central",,Central,Fernando de la Mora,,,1,420000000,PYG,69620.57,420000000,PYG,69620.57,6032.7,,0,1,0,1,1,1,,remax,143071088-13
2621,2026-08-17,sale,terreno,Asunción,Herrera,Asunción,,372,land,,120000,USD,120000,724440000,PYG,120085.53,6032.7,323,0.071,0,0,1,1,0,cross-currency,remax,143061003-80
2686,2026-08-17,sale,departamento,Asunción,Virgen de la Asunción,Asunción,,102,land,,237195,USD,237195,1423170000,PYG,235909.29,6032.7,2313,-0.542,0,0,1,1,0,cross-currency,remax,143063147-173
2761,2026-08-17,rent,local,Asunción,Pinoza,Asunción,,,,,4400000,PYG,729.36,4400000,PYG,729.36,6032.7,,0,1,0,1,1,1,,remax,143098055-9
2795,2026-08-17,sale,rural,"Minga Guazú, Alto Paraná",,Alto Paraná,Minga Guazú,216000,land,,300000,USD,300000,1690036000,PYG,280145.87,6032.7,1,-6.618,0,0,1,1,0,cross-currency,remax,143050213-4
29,2026-08-18,rent,local,"Luque, Central",,Central,Luque,51,built,,1500000,PYG,249.35,1500000,PYG,249.35,6015.565,5,0,1,0,1,1,1,,remax,143112014-2
732,2026-08-18,sale,casa,"Cambyretá, Itapúa",,Itapúa,Cambyretá,120,built,2,850000000,PYG,141300.11,800000000,PYG,132988.34,6015.565,1108,-5.882,0,1,1,1,1,,remax,143085019-531
788,2026-08-18,rent,departamento,"Encarnación, Itapúa",,Itapúa,Encarnación,52,land,,3600000,PYG,598.45,3600000,PYG,598.45,6015.565,12,0,1,0,1,1,1,,remax,143085032-87
941,2026-08-18,rent,oficina,"Ciudad del Este, Alto Paraná",,Alto Paraná,Ciudad del Este,,,,2500000,PYG,415.59,2500000,PYG,415.59,6015.565,,0,1,0,1,1,1,,remax,143050097-68
2827,2026-08-18,sale,terreno,"San Lorenzo, Central",,Central,San Lorenzo,,,,250000000,PYG,41558.86,250000000,PYG,41558.86,6015.565,,0,1,0,1,1,1,,remax,143098067-32
3844,2026-08-18,rent,duplex,"San Lorenzo, Central",,Central,San Lorenzo,150,built,3,5500000,PYG,914.29,5000000,PYG,831.18,6015.565,6,-9.09,0,1,1,1,1,,remax,143112002-24
4093,2026-08-18,sale,terreno,"Cambyretá, Itapúa",,Itapúa,Cambyretá,480,land,,300000000,PYG,49870.63,272000000,PYG,45216.04,6015.565,94,-9.333,0,1,1,1,1,,remax,143085019-535
4188,2026-08-18,rent,departamento,Asunción,Carmelitas,Asunción,,100,built,2,6600000,PYG,1097.15,6600000,PYG,1097.15,6015.565,11,0,1,0,1,1,1,,remax,143109002-12
4508,2026-08-18,rent,otro,Asunción,Las Mercedes,Asunción,,68,built,,5450000,PYG,905.98,5450000,PYG,905.98,6015.565,13,0,1,0,1,1,1,,remax,143028080-137
33373,2026-08-18,rent,casa,"Filadelfia, Boquerón",,Boquerón,,210,built,3,5000000,PYG,831.18,50000000,PYG,8311.77,6015.565,40,899.996,0,0,1,1,0,outside 0.4 to 1.6 of the ask,remax,143016008-538
188638,2026-08-18,rent,local,"Loma Plata, Boquerón",,Boquerón,,80,built,,4400000,PYG,731.44,4400000,PYG,731.44,6015.565,9,0,1,0,1,1,1,,remax,143078018-109
198,2026-08-19,sale,departamento,Asunción,Ciudad Nueva,Asunción,,95,land,2,560000000,PYG,93002.94,537500000,PYG,89266.22,6021.315,940,-4.018,0,1,1,1,1,,remax,143063147-130
214,2026-08-19,sale,departamento,Asunción,Ycuá Satí,Asunción,,90,land,1,188000,USD,188000,1091500000,PYG,181272.7,6021.315,2016,-3.578,0,0,1,1,0,cross-currency,remax,143098027-79
1343,2026-08-19,sale,terreno,"Filadelfia, Boquerón",,Boquerón,,,,,160050000,PYG,26580.57,150000000,PYG,24911.5,6021.315,,-6.279,0,1,1,1,1,,remax,143102001-75
1738,2026-08-19,sale,terreno,"Lambaré, Central",,Central,Lambaré,,,,330000000,PYG,54805.3,300000000,PYG,49823,6021.315,,-9.091,0,1,1,1,1,,remax,143061056-150
3053,2026-08-19,sale,departamento,"Mariano Roque Alonso, Central",,Central,Mariano Roque Alonso,28,land,1,58872,USD,58872,353232000,PYG,58663.6,6021.315,2095,-0.354,0,0,1,1,0,cross-currency,remax,143063226-14
3838,2026-08-19,sale,casa,"San Lorenzo, Central",,Central,San Lorenzo,100,built,1,300000000,PYG,49823,300000000,PYG,49823,6021.315,498,0,1,0,1,1,1,,remax,143080071-29
31502,2026-08-19,sale,terreno,"Caazapá, Caazapá",,Caazapá,,80,built,3,300000000,PYG,49823,200000000,PYG,33215.34,6021.315,415,-33.333,0,1,1,1,1,,remax,143095004-101
332,2026-08-20,sale,casa,"San Antonio, Central",,Central,San Antonio,216,built,2,450000000,PYG,74699.89,430000000,PYG,71379.9,6024.105,330,-4.444,0,1,1,1,1,,remax,143108013-2
1076,2026-08-20,rent,casa,"Luque, Central",,Central,Luque,70,built,2,2700000,PYG,448.2,2700000,PYG,448.2,6024.105,6,0,1,0,1,1,1,,remax,114006111-34
1264,2026-08-20,sale,departamento,"Ciudad del Este, Alto Paraná",,Alto Paraná,Ciudad del Este,31,built,1,59149,USD,59149,356315350.4,PYG,59148.26,6024.105,1927,-0.001,0,0,1,1,0,cross-currency,remax,143050056-210
1786,2026-08-20,sale,terreno,"Villeta, Central",,Central,Villeta,,,,4990000,USD,4990000,21210000000,PYG,3520854.97,6024.105,,-29.442,0,0,1,1,0,cross-currency,remax,143063141-112
1851,2026-08-20,rent,casa,"Filadelfia, Boquerón",,Boquerón,,560,land,3,5000000,PYG,830,5000000,PYG,830,6024.105,1,0,1,0,1,1,1,,remax,143016008-543
2649,2026-08-20,sale,duplex,"Luque, Central",,Central,Luque,203,built,3,762500000,PYG,126574.82,742500000,PYG,123254.82,6024.105,607,-2.623,0,1,1,1,1,,remax,143063241-10
3357,2026-08-20,sale,casa,"Luque, Central",,Central,Luque,72,built,2,230000000,PYG,38179.95,220000000,PYG,36519.95,6024.105,507,-4.348,0,1,1,1,1,,remax,114006077-54
4101,2026-08-20,sale,terreno,"Ñemby, Central",,Central,Ñemby,,,,65000000,PYG,10789.98,65000000,PYG,10789.98,6024.105,,0,1,0,1,1,1,,remax,143096015-49
4306,2026-08-20,sale,departamento,Asunción,General Díaz,Asunción,,92,built,2,115000,USD,115000,695750000,PYG,115494.33,6024.105,1255,0.43,0,0,1,1,0,cross-currency,remax,143098126-477
100943,2026-08-20,sale,terreno,"Ñemby, Central",,Central,Ñemby,360,land,,250000000,PYG,41499.94,250000000,PYG,41499.94,6024.105,115,0,1,0,1,1,1,,remax,143080040-165
172208,2026-08-20,sale,terreno,"Luque, Central",,Central,Luque,,,,150000,USD,150000,140000,USD,140000,6024.105,,-6.667,0,1,1,1,1,,remax,143068120-26
101,2026-08-21,sale,casa,"San Bernardino, Cordillera",,Cordillera,San Bernardino,62,built,1,500000000,PYG,83199.38,450000000,PYG,74879.44,6009.66,1218,-10,0,1,1,1,1,,remax,143061100-1
675,2026-08-21,sale,oficina,Asunción,Manorá,Asunción,,,,,152500,USD,152500,915000000,PYG,152254.87,6009.66,,-0.161,0,0,2,1,0,cross-currency,remax,143098011-340
1158,2026-08-21,rent,departamento,Asunción,Las Mercedes,Asunción,,80,land,2,5500000,PYG,915.19,5500000,PYG,915.19,6009.66,12,0,1,0,1,1,1,,remax,143037037-500
1255,2026-08-21,rent,departamento,Asunción,Recoleta,Asunción,,49,land,1,820,USD,820,4920000,PYG,818.68,6009.66,17,-0.161,0,0,1,1,0,cross-currency,remax,143056032-507
1262,2026-08-21,sale,terreno,"Ciudad del Este, Alto Paraná",,Alto Paraná,Ciudad del Este,379,land,,90000000,PYG,14975.89,90000000,PYG,14975.89,6009.66,40,0,1,0,1,1,1,,remax,143050035-115
1335,2026-08-21,sale,terreno,"Lambaré, Central",,Central,Lambaré,360,land,,315000000,PYG,52415.61,300000000,PYG,49919.63,6009.66,139,-4.762,0,1,1,1,1,,remax,143101004-8
1811,2026-08-21,sale,terreno,Asunción,Zeballos Cué,Asunción,,,,,220000000,PYG,36607.73,220000000,PYG,36607.73,6009.66,,0,1,0,1,1,1,,remax,143096011-33
1854,2026-08-21,sale,departamento,Asunción,Mburucuyá,Asunción,,,,2,650000000,PYG,108159.2,507025000,PYG,84368.33,6009.66,,-21.996,0,1,1,1,1,,remax,143098052-36
2233,2026-08-21,sale,oficina,Asunción,Manorá,Asunción,,,,,152500,USD,152500,915000000,PYG,152254.87,6009.66,,-0.161,0,0,2,0,0,cross-currency,remax,143098011-341
2749,2026-08-21,sale,casa,"San Lorenzo, Central",,Central,San Lorenzo,150,built,1,395000000,PYG,65727.51,375000000,PYG,62399.54,6009.66,416,-5.063,0,1,1,1,1,,remax,143096038-20
3018,2026-08-21,rent,departamento,Asunción,Ycuá Satí,Asunción,,41,land,1,850,USD,850,5100000,PYG,848.63,6009.66,21,-0.161,0,0,1,1,0,cross-currency,remax,143056032-506
3665,2026-08-21,rent,casa,"Mariano Roque Alonso, Central",,Central,Mariano Roque Alonso,440,land,3,3800000,PYG,632.32,3800000,PYG,632.32,6009.66,1,0,1,0,1,1,1,,remax,143037043-139
4087,2026-08-21,rent,casa,"Villa Elisa, Central",,Central,Villa Elisa,209,built,3,7000000,PYG,1164.79,6000000,PYG,998.39,6009.66,5,-14.286,0,1,1,1,1,,remax,143092028-83
22768,2026-08-21,sale,departamento,Asunción,Villa Morra,Asunción,,,,1,103500,USD,103500,634455000,PYG,105572.53,6009.66,,2.002,0,0,1,1,0,cross-currency,remax,143056047-117
24773,2026-08-21,rent,casa,"Ñemby, Central",,Central,Ñemby,260,built,4,2500000,PYG,416,2500000,PYG,416,6009.66,2,0,1,0,1,1,1,,remax,143072123-28
32796,2026-08-21,sale,casa,"San Bernardino, Cordillera",,Cordillera,San Bernardino,210,built,5,915000000,PYG,152254.87,823507000,PYG,137030.55,6009.66,653,-9.999,0,1,1,1,1,,remax,143096010-42
72575,2026-08-21,rent,oficina,Asunción,San Roque,Asunción,,244,built,,6900000,PYG,1148.15,6000000,PYG,998.39,6009.66,4,-13.044,0,1,1,1,1,,remax,143094007-92
377099,2026-08-21,sale,casa,"Capiatá, Central",,Central,Capiatá,126,built,2,420000000,PYG,69887.48,400000000,PYG,66559.51,6009.66,528,-4.762,0,1,1,1,1,,remax,143036128-8
3966,2026-08-22,sale,casa,Asunción,Sajonia,Asunción,,250,built,6,510000000,PYG,84863.37,470000000,PYG,78207.42,6009.66,313,-7.843,0,1,1,1,1,,remax,143061091-6
239,2026-08-24,rent,otro,"Encarnación, Itapúa",,Itapúa,Encarnación,,,4,1200,USD,1200,7250000,PYG,1209.48,5994.3,,0.79,0,0,1,1,0,cross-currency,remax,143011104-21
1011,2026-08-24,sale,terreno,Asunción,Tembetary,Asunción,,350,land,,150000,USD,150000,871595000,PYG,145403.97,5994.3,415,-3.064,0,0,1,1,0,cross-currency,remax,143096058-4
2183,2026-08-24,sale,casa,"Cambyretá, Itapúa",,Itapúa,Cambyretá,140,built,2,350000000,PYG,58388.8,350000000,PYG,58388.8,5994.3,417,0,1,0,1,1,1,,remax,143011007-2214
2295,2026-08-24,rent,duplex,"Encarnación, Itapúa",,Itapúa,Encarnación,155,built,3,5000000,PYG,834.13,5000000,PYG,834.13,5994.3,5,0,1,0,1,1,1,,remax,143011089-21
21948,2026-08-24,rent,departamento,"Encarnación, Itapúa",,Itapúa,Encarnación,60,built,2,2400000,PYG,400.38,2400000,PYG,400.38,5994.3,7,0,1,0,1,1,1,,remax,143011091-76
22717,2026-08-24,rent,otro,"Fernando de la Mora, Central",,Central,Fernando de la Mora,37,built,1,2200000,PYG,367.02,2200000,PYG,367.02,5994.3,10,0,1,0,1,1,1,,remax,143072123-37
26031,2026-08-24,sale,terreno,"San Bernardino, Cordillera",,Cordillera,San Bernardino,,,,330000000,PYG,55052.3,310000000,PYG,51715.8,5994.3,,-6.061,0,1,1,1,1,,remax,143072123-27
26511,2026-08-24,rent,local,"Villa Elisa, Central",,Central,Villa Elisa,360,built,,6500000,PYG,1084.36,6500000,PYG,1084.36,5994.3,3,0,1,0,1,1,1,,remax,143068141-9
34825,2026-08-24,sale,departamento,Asunción,Ytay,Asunción,,66,built,1,85000,USD,85000,473605000,PYG,79009.23,5994.3,1197,-7.048,0,0,1,1,0,cross-currency,remax,143054077-41
69334,2026-08-24,sale,departamento,Asunción,Las Lomas (Carmelitas),Asunción,,43,built,1,107000,USD,107000,618800000,PYG,103231.4,5994.3,2401,-3.522,0,0,1,1,0,cross-currency,remax,143046007-181
71618,2026-08-24,rent,departamento,Asunción,Barrio Jara,Asunción,,53,built,1,4200000,PYG,700.67,4000000,PYG,667.3,5994.3,13,-4.763,0,1,1,1,1,,remax,143028037-129
362415,2026-08-24,sale,casa,"Ñemby, Central",,Central,Ñemby,220,built,5,370000000,PYG,61725.31,370000000,PYG,61725.31,5994.3,281,0,1,0,1,1,1,,remax,143072117-33
24238,2026-08-25,sale,casa,"Cambyretá, Itapúa",,Itapúa,Cambyretá,105,built,3,463320000,PYG,77438.7,463320000,PYG,77438.7,5983.055,738,0,1,0,1,1,1,,remax,143032072-56
24413,2026-08-25,rent,local,Asunción,Tembetary,Asunción,,,,,5500000,PYG,919.26,5500000,PYG,919.26,5983.055,,0,1,0,1,1,1,,remax,143037037-506
24916,2026-08-25,rent,departamento,Asunción,Mariscal Estigarribia,Asunción,,,,2,6000000,PYG,1002.83,6000000,PYG,1002.83,5983.055,,0,1,0,1,1,1,,remax,143037122-95
28402,2026-08-25,sale,terreno,"San Lorenzo, Central",,Central,San Lorenzo,,,,145000000,PYG,24235.11,145000000,PYG,24235.11,5983.055,,0,1,0,1,1,1,,remax,143096015-72
32617,2026-08-25,sale,duplex,"Lambaré, Central",,Central,Lambaré,180,built,4,590000000,PYG,98611.83,560000000,PYG,93597.67,5983.055,520,-5.085,0,1,1,1,1,,remax,143001170-39
69263,2026-08-25,rent,casa,"Ñemby, Central",,Central,Ñemby,,,,2000000,PYG,334.28,2000000,PYG,334.28,5983.055,,0,1,0,1,1,1,,remax,143019021-127
82744,2026-08-25,rent,casa,"Areguá, Central",,Central,Areguá,103,built,2,3700000,PYG,618.41,3500000,PYG,584.99,5983.055,6,-5.404,0,1,1,1,1,,remax,143046046-147
91886,2026-08-25,sale,departamento,"Luque, Central",,Central,Luque,54,land,2,93612,USD,93612,558863640,PYG,93407.74,5983.055,1727,-0.218,0,0,1,1,0,cross-currency,remax,143098026-67
32308,2026-08-26,rent,casa,"Villa Elisa, Central",,Central,Villa Elisa,95,built,2,2000000,PYG,336.85,2000000,PYG,336.85,5937.385,4,0,1,0,1,1,1,,remax,143026092-77
33905,2026-08-26,rent,casa,"Lambaré, Central",,Central,Lambaré,366,built,5,8000000,PYG,1347.39,8000000,PYG,1347.39,5937.385,4,0,1,0,1,1,1,,remax,143026188-98
35127,2026-08-26,rent,departamento,"San Lorenzo, Central",,Central,San Lorenzo,25,built,1,1600000,PYG,269.48,1600000,PYG,269.48,5937.385,11,0,1,0,1,1,1,,remax,143028080-158
35264,2026-08-26,sale,departamento,Asunción,Herrera,Asunción,,82,built,2,115000,USD,115000,712000000,PYG,119918.11,5937.385,1462,4.277,0,0,1,1,0,cross-currency,remax,143098054-43
35720,2026-08-26,sale,departamento,Asunción,Las Mercedes,Asunción,,190,land,3,90000,USD,90000,534150000,PYG,89963.85,5937.385,474,-0.04,0,0,1,1,0,cross-currency,remax,143100046-11
80761,2026-08-26,sale,local,"Fernando de la Mora, Central",,Central,Fernando de la Mora,8342,land,,1950000,USD,1950000,11044500000,PYG,1860162.34,5937.385,223,-4.607,0,0,1,1,0,cross-currency,remax,143098031-73
135348,2026-08-26,sale,casa,"Lambaré, Central",,Central,Lambaré,230,built,3,950000000,PYG,160003.1,850000000,PYG,143160.67,5937.385,622,-10.526,0,1,1,1,1,,remax,143098119-22
147528,2026-08-26,sale,terreno,"San Bernardino, Cordillera",,Cordillera,San Bernardino,,,,125000,USD,125000,734375000,PYG,123686.61,5937.385,,-1.051,0,0,1,1,0,cross-currency,remax,143063172-38
148268,2026-08-26,sale,terreno,"San Bernardino, Cordillera",,Cordillera,San Bernardino,,,,93613,USD,93613,555998375,PYG,93643.65,5937.385,,0.033,0,0,1,1,0,cross-currency,remax,143063172-39
31856,2026-08-27,sale,departamento,"Encarnación, Itapúa",,Itapúa,Encarnación,36,land,1,48000,USD,48000,284592000,PYG,48023.61,5926.085,1320,0.049,0,0,1,1,0,cross-currency,remax,143011007-2108
31937,2026-08-27,rent,departamento,"Encarnación, Itapúa",,Itapúa,Encarnación,,,3,6500000,PYG,1096.85,6500000,PYG,1096.85,5926.085,,0,1,0,1,1,1,,remax,143011007-2262
31952,2026-08-27,rent,departamento,"Luque, Central",,Central,Luque,,,,3000000,PYG,506.24,3000000,PYG,506.24,5926.085,,0,1,0,1,1,1,,remax,143028065-69
32400,2026-08-27,rent,local,"Encarnación, Itapúa",,Itapúa,Encarnación,155,land,,3000000,PYG,506.24,3000000,PYG,506.24,5926.085,3,0,1,0,1,1,1,,remax,143011007-2261
34083,2026-08-27,sale,casa,"Cambyretá, Itapúa",,Itapúa,Cambyretá,56,built,2,170000000,PYG,28686.73,150000000,PYG,25311.82,5926.085,452,-11.765,0,1,1,1,1,,remax,143032061-157
34678,2026-08-27,sale,terreno,"San Lorenzo, Central",,Central,San Lorenzo,250,land,,430000000,PYG,72560.55,375000000,PYG,63279.55,5926.085,253,-12.791,0,1,1,1,1,,remax,143036096-53
34692,2026-08-27,rent,departamento,"Cambyretá, Itapúa",,Itapúa,Cambyretá,,,1,1650000,PYG,278.43,1650000,PYG,278.43,5926.085,,0,1,0,1,1,1,,remax,143011007-2257
34867,2026-08-27,rent,otro,Asunción,General Díaz,Asunción,,,,,1500000,PYG,253.12,1300000,PYG,219.37,5926.085,,-13.334,0,1,1,1,1,,remax,114006111-22
34970,2026-08-27,rent,casa,Asunción,Santa Librada,Asunción,,64,built,2,2500000,PYG,421.86,2500000,PYG,421.86,5926.085,7,0,1,0,1,1,1,,remax,143026188-109
35135,2026-08-27,rent,local,"Encarnación, Itapúa",,Itapúa,Encarnación,,,,950000,PYG,160.31,950000,PYG,160.31,5926.085,,0,1,0,1,1,1,,remax,143011007-2260
35270,2026-08-27,sale,terreno,"Limpio, Central",,Central,Limpio,,,,65000000,PYG,10968.46,65000000,PYG,10968.46,5926.085,,0,1,0,1,1,1,,remax,143096049-14
35551,2026-08-27,rent,casa,"San Lorenzo, Central",,Central,San Lorenzo,252,built,3,5500000,PYG,928.1,7000000,PYG,1181.22,5926.085,5,27.273,0,0,1,1,1,,remax,143112013-5
35931,2026-08-27,sale,local,"Ciudad del Este, Alto Paraná",,Alto Paraná,Ciudad del Este,150,built,,120000,USD,120000,559550000,PYG,94421.53,5926.085,629,-21.315,0,0,1,1,0,cross-currency,remax,114001103-13
36069,2026-08-27,rent,departamento,Asunción,Las Mercedes,Asunción,,,,,6000000,PYG,1012.47,6000000,PYG,1012.47,5926.085,,0,1,0,1,1,1,,remax,143028065-68
36176,2026-08-27,rent,otro,"Cambyretá, Itapúa",,Itapúa,Cambyretá,144,built,3,8000000,PYG,1349.96,8000000,PYG,1349.96,5926.085,9,0,1,0,1,1,1,,remax,143011007-2259
36293,2026-08-27,sale,departamento,"Cambyretá, Itapúa",,Itapúa,Cambyretá,,,2,27000,USD,27000,160083000,PYG,27013.28,5926.085,,0.049,0,0,1,1,0,cross-currency,remax,143011007-1919
51890,2026-08-27,sale,casa,"Obligado, Itapúa",,Itapúa,,512,built,4,753132860,PYG,127087.76,753132860,PYG,127087.76,5926.085,248,0,1,0,1,1,1,,remax,143085041-5
68697,2026-08-27,rent,casa,"Luque, Central",,Central,Luque,,,3,5500000,PYG,928.1,5500000,PYG,928.1,5926.085,,0,1,0,1,1,1,,remax,143100042-57
79898,2026-08-27,rent,departamento,"Fernando de la Mora, Central",,Central,Fernando de la Mora,98,land,2,4200000,PYG,708.73,4200000,PYG,708.73,5926.085,7,0,1,0,1,1,1,,remax,143046046-151
81266,2026-08-27,sale,terreno,"Ñemby, Central",,Central,Ñemby,,,,230000000,PYG,38811.46,220000000,PYG,37124,5926.085,,-4.348,0,1,1,1,1,,remax,143009135-77
137252,2026-08-27,sale,edificio,Asunción,Catedral,Asunción,,397,land,,550000,USD,550000,2489340000,PYG,420064.85,5926.085,1059,-23.625,0,0,1,1,0,cross-currency,remax,143098119-33
33338,2026-08-28,sale,terreno,"Filadelfia, Boquerón",,Boquerón,,436,land,,80000000,PYG,13517.34,78000000,PYG,13179.4,5918.325,30,-2.5,0,1,1,1,1,,remax,143078001-190
34402,2026-08-28,sale,terreno,"Lambaré, Central",,Central,Lambaré,,,,70000,USD,70000,420000000,PYG,70966.03,5918.325,,1.38,0,0,1,1,0,cross-currency,remax,143071067-82
34404,2026-08-28,rent,departamento,"Encarnación, Itapúa",,Itapúa,Encarnación,38,built,1,1000000,PYG,168.97,1000000,PYG,168.97,5918.325,4,0,1,0,1,1,1,,remax,143032061-161
35417,2026-08-28,rent,duplex,"Lambaré, Central",,Central,Lambaré,,,2,2200000,PYG,371.73,2200000,PYG,371.73,5918.325,,0,1,0,1,1,1,,remax,143025241-47
52136,2026-08-28,sale,casa,"Cambyretá, Itapúa",,Itapúa,Cambyretá,130,built,3,550000000,PYG,92931.7,550000000,PYG,92931.7,5918.325,715,0,1,0,1,1,1,,remax,143032061-78
69529,2026-08-28,rent,casa,"Cambyretá, Itapúa",,Itapúa,Cambyretá,60,built,2,2400000,PYG,405.52,2400000,PYG,405.52,5918.325,7,0,1,0,1,1,1,,remax,143011091-77
70543,2026-08-28,rent,departamento,"Encarnación, Itapúa",,Itapúa,Encarnación,65,built,1,2500000,PYG,422.42,2500000,PYG,422.42,5918.325,6,0,1,0,1,1,1,,remax,143085019-583
72840,2026-08-28,rent,oficina,Asunción,San Jorge,Asunción,,360,land,,7000000,PYG,1182.77,6000000,PYG,1013.8,5918.325,3,-14.286,0,1,1,1,1,,remax,143098058-65
73321,2026-08-28,rent,local,"Mariano Roque Alonso, Central",,Central,Mariano Roque Alonso,109,built,,5500000,PYG,929.32,5500000,PYG,929.32,5918.325,9,0,1,0,1,1,1,,remax,143019021-120
90604,2026-08-28,sale,casa,"Mariano Roque Alonso, Central",,Central,Mariano Roque Alonso,240,built,3,350000000,PYG,59138.35,300000000,PYG,50690.02,5918.325,211,-14.286,0,1,1,1,1,,remax,143025157-19
91548,2026-08-28,rent,oficina,Asunción,La Encarnación,Asunción,,106,built,,720,USD,720,4689432,PYG,792.36,5918.325,8,10.05,0,0,1,1,0,cross-currency,remax,143061088-13
70580,2026-08-29,rent,departamento,"Luque, Central",,Central,Luque,,,1,2100000,PYG,354.83,2100000,PYG,354.83,5918.325,,0,1,0,1,1,1,,remax,143037122-91
72450,2026-08-30,sale,departamento,Asunción,Mburucuyá,Asunción,,56,built,1,85000,USD,85000,498127500,PYG,84166.97,5918.325,1498,-0.98,0,0,1,1,0,cross-currency,remax,143063076-124
1512,2026-08-31,rent,departamento,Asunción,Virgen de la Asunción,Asunción,,,,,600,USD,600,3672000,PYG,622.08,5902.775,,3.68,0,0,1,1,0,cross-currency,remax,143056070-18
69394,2026-08-31,rent,duplex,"Lambaré, Central",,Central,Lambaré,,,2,2700000,PYG,457.41,2700000,PYG,457.41,5902.775,,0,1,0,1,1,1,,remax,143025240-22
70454,2026-08-31,rent,duplex,"Encarnación, Itapúa",,Itapúa,Encarnación,79,built,2,3000000,PYG,508.24,3000000,PYG,508.24,5902.775,6,0,1,0,1,1,1,,remax,143085019-560
70507,2026-08-31,rent,casa,"Luque, Central",,Central,Luque,85,built,2,3300000,PYG,559.06,3300000,PYG,559.06,5902.775,7,0,1,0,1,1,1,,remax,114006036-19
70728,2026-08-31,sale,terreno,"Ñemby, Central",,Central,Ñemby,360,land,,240000000,PYG,40658.84,210000000,PYG,35576.49,5902.775,99,-12.5,0,1,1,1,1,,remax,143096011-83
71186,2026-08-31,sale,departamento,Asunción,Las Lomas (Carmelitas),Asunción,,,,1,97000,USD,97000,95000,USD,95000,5902.775,,-2.062,0,1,2,1,1,,remax,143098133-737
71285,2026-08-31,sale,departamento,Asunción,Las Lomas (Carmelitas),Asunción,,,,1,97000,USD,97000,95000,USD,95000,5902.775,,-2.062,0,1,2,0,0,second record of one deal,remax,143098133-728
71377,2026-08-31,rent,departamento,"San Lorenzo, Central",,Central,San Lorenzo,60,built,1,1500000,PYG,254.12,1500000,PYG,254.12,5902.775,4,0,1,0,1,1,1,,remax,143009127-105
71735,2026-08-31,sale,terreno,"Santa Rita, Alto Paraná",,Alto Paraná,,,,,38000,USD,38000,226100000,PYG,38304.02,5902.775,,0.8,0,0,1,1,0,cross-currency,remax,143065032-30
71895,2026-08-31,sale,terreno,"Loma Plata, Boquerón",,Boquerón,,,,,100000000,PYG,16941.18,100000000,PYG,16941.18,5902.775,,0,1,0,1,1,1,,remax,143078001-191
72832,2026-08-31,rent,deposito,"Villeta, Central",,Central,Villeta,495,built,,7000000,PYG,1185.88,7000000,PYG,1185.88,5902.775,2,0,1,0,1,1,1,,remax,143095030-16
73325,2026-08-31,sale,casa,"Loma Plata, Boquerón",,Boquerón,,3334,built,4,845000000,PYG,143153.01,845000000,PYG,143153.01,5902.775,43,0,1,0,1,1,1,,remax,143078001-187
74619,2026-08-31,rent,local,"Fernando de la Mora, Central",,Central,Fernando de la Mora,800,built,,13000000,PYG,2202.35,8000000,PYG,1355.29,5902.775,2,-38.462,0,1,1,1,1,,remax,143025147-84
75759,2026-08-31,sale,departamento,Asunción,La Encarnación,Asunción,,25,built,3,460000000,PYG,77929.45,398000000,PYG,67425.91,5902.775,2741,-13.478,0,1,1,1,1,,remax,114006129-1
81037,2026-08-31,rent,departamento,Asunción,Las Lomas (Carmelitas),Asunción,,,,4,1800,USD,1800,10710000,PYG,1814.4,5902.775,,0.8,0,0,1,1,0,cross-currency,remax,143026206-11
81804,2026-08-31,rent,departamento,Asunción,Recoleta,Asunción,,,,,6500000,PYG,1101.18,6500000,PYG,1101.18,5902.775,,0,1,0,1,1,1,,remax,143026192-27
87928,2026-08-31,sale,casa,Asunción,Mburucuyá,Asunción,,313,built,4,550000,USD,550000,2946000000,PYG,499087.29,5902.775,1595,-9.257,0,0,1,1,0,cross-currency,remax,143063159-38
89186,2026-08-31,rent,departamento,"San Lorenzo, Central",,Central,San Lorenzo,28,built,1,2000000,PYG,338.82,2000000,PYG,338.82,5902.775,12,0,1,0,1,1,1,,remax,143054111-140
89268,2026-08-31,rent,local,"Mariano Roque Alonso, Central",,Central,Mariano Roque Alonso,,,,2500000,PYG,423.53,2000000,PYG,338.82,5902.775,,-20.001,0,1,1,1,1,,remax,143025157-31
91812,2026-08-31,sale,terreno,Asunción,Loma Pytá,Asunción,,,,,500000000,PYG,84705.92,480000000,PYG,81317.69,5902.775,,-4,0,1,1,1,1,,remax,143063199-61
79115,2026-09-01,rent,departamento,"Ciudad del Este, Alto Paraná",,Alto Paraná,Ciudad del Este,,,,1300,USD,1300,7685600,PYG,1299.54,5914.08,,-0.035,0,0,1,1,0,cross-currency,remax,143050054-99
79465,2026-09-01,rent,casa,"Ciudad del Este, Alto Paraná",,Alto Paraná,Ciudad del Este,360,land,3,4000000,PYG,676.35,4000000,PYG,676.35,5914.08,2,0,1,0,1,1,1,,remax,143099035-4
81106,2026-09-01,rent,departamento,Asunción,Mariscal Estigarribia,Asunción,,82,land,2,5000000,PYG,845.44,5000000,PYG,845.44,5914.08,10,0,1,0,1,1,1,,remax,143098086-12
81444,2026-09-01,sale,casa,Asunción,Santa María,Asunción,,,,,750000000,PYG,126816.01,750000000,PYG,126816.01,5914.08,,0,1,0,1,1,1,,remax,143063102-375
81759,2026-09-01,rent,casa,"San Juan del Paraná, Itapúa",,Itapúa,San Juan del Paraná,500,built,5,520,USD,520,1596483,PYG,269.95,5914.08,1,-48.087,0,0,1,1,0,cross-currency,remax,143085019-568
82452,2026-09-01,sale,departamento,Asunción,San Cristóbal,Asunción,,101,land,2,154800,USD,154800,154800,USD,154800,5914.08,1540,0,1,0,1,1,1,,remax,143056006-140
88010,2026-09-01,rent,casa,"Loma Plata, Boquerón",,Boquerón,,46,built,2,3300000,PYG,557.99,3300000,PYG,557.99,5914.08,12,0,1,0,1,1,1,,remax,143078030-1
88031,2026-09-01,sale,terreno,"Fernando de la Mora, Central",,Central,Fernando de la Mora,111,land,,265000000,PYG,44808.32,265000000,PYG,44808.32,5914.08,405,0,1,0,1,1,1,,remax,143068046-72
90640,2026-09-01,sale,departamento,"Encarnación, Itapúa",,Itapúa,Encarnación,52,land,1,79000,USD,79000,467206000,PYG,78998.93,5914.08,1519,-0.001,0,0,1,1,0,cross-currency,remax,143011089-22
91575,2026-09-01,sale,casa,"Julián Augusto Saldívar, Central",,Central,Julián Augusto Saldívar,200,built,2,150000000,PYG,25363.2,120000000,PYG,20290.56,5914.08,101,-20,0,1,1,1,1,,remax,143025148-168
91949,2026-09-01,sale,terreno,"Ybytymí, Paraguarí",,Paraguarí,,103806,land,,250000000,PYG,42272,200000000,PYG,33817.6,5914.08,0,-20,0,1,1,1,1,,remax,143063189-5
101341,2026-09-01,rent,local,Asunción,Las Lomas (Carmelitas),Asunción,,,,,10000000,PYG,1690.88,11000000,PYG,1859.97,5914.08,,10,0,0,1,1,1,,remax,143098067-27
145261,2026-09-01,sale,duplex,Asunción,San Vicente,Asunción,,165,built,3,1100000000,PYG,185996.81,1088000000,PYG,183967.75,5914.08,1115,-1.091,0,1,1,1,1,,remax,143063240-3
272995,2026-09-01,rent,casa,Asunción,San Jorge,Asunción,,450,built,3,3100,USD,3100,18444101,PYG,3118.68,5914.08,7,0.603,0,0,1,1,0,cross-currency,remax,143098027-132
283058,2026-09-01,rent,casa,Asunción,Villa Aurelia,Asunción,,200,built,3,6500000,PYG,1099.07,6500000,PYG,1099.07,5914.08,5,0,1,0,1,1,1,,remax,143063091-114
283250,2026-09-01,rent,departamento,Asunción,San Jorge,Asunción,,53,built,1,850,USD,850,4500000,PYG,760.9,5914.08,14,-10.482,0,0,1,1,0,cross-currency,remax,143063098-63
283327,2026-09-01,rent,departamento,Asunción,Mburucuyá,Asunción,,143,land,2,1450,USD,1450,1450,USD,1450,5914.08,10,0,1,0,1,1,1,,remax,143063102-370
89477,2026-09-02,sale,casa,Asunción,Bernardino Caballero,Asunción,,320,built,6,810000000,PYG,136055.91,750000000,PYG,125977.69,5953.435,394,-7.407,0,1,1,1,1,,remax,143096058-6
90366,2026-09-02,rent,local,"Loma Plata, Boquerón",,Boquerón,,80,built,,4400000,PYG,739.07,4400000,PYG,739.07,5953.435,9,0,1,0,1,1,1,,remax,143078018-108
90645,2026-09-02,rent,casa,"Mariano Roque Alonso, Central",,Central,Mariano Roque Alonso,720,land,3,5000000,PYG,839.85,4500000,PYG,755.87,5953.435,1,-9.999,0,1,1,1,1,,remax,143021054-24
90890,2026-09-02,rent,deposito,Asunción,San Pablo,Asunción,,220,built,,4000000,PYG,671.88,4000000,PYG,671.88,5953.435,3,0,1,0,1,1,1,,remax,143025151-94
91556,2026-09-02,rent,duplex,"Lambaré, Central",,Central,Lambaré,88,built,2,2650000,PYG,445.12,2650000,PYG,445.12,5953.435,5,0,1,0,1,1,1,,remax,143048005-332
97777,2026-09-02,rent,duplex,"Encarnación, Itapúa",,Itapúa,Encarnación,90,land,2,3000000,PYG,503.91,2800000,PYG,470.32,5953.435,5,-6.666,0,1,1,1,1,,remax,143032066-62
120146,2026-09-02,sale,terreno,"Luque, Central",,Central,Luque,,,,165000,USD,165000,160000,USD,160000,5953.435,,-3.03,0,1,1,1,1,,remax,143063204-36
97449,2026-09-03,rent,departamento,Asunción,Mburucuyá,Asunción,,83,built,3,6250000,PYG,1044.63,6250000,PYG,1044.63,5982.995,13,0,1,0,1,1,1,,remax,143063059-121
97608,2026-09-03,sale,terreno,"Ciudad del Este, Alto Paraná",,Alto Paraná,Ciudad del Este,100,built,,600000000,PYG,100284.22,600000000,PYG,100284.22,5982.995,1003,0,1,0,1,1,1,,remax,143099002-45
107625,2026-09-03,sale,terreno,"Ciudad del Este, Alto Paraná",,Alto Paraná,Ciudad del Este,,,,300000000,PYG,50142.11,290000000,PYG,48470.71,5982.995,,-3.333,0,1,1,1,1,,remax,143050217-1
108227,2026-09-03,rent,casa,"Cambyretá, Itapúa",,Itapúa,Cambyretá,319,built,4,1700,USD,1700,10159200,PYG,1698.01,5982.995,5,-0.117,0,0,1,1,0,cross-currency,remax,143011097-49
109574,2026-09-03,rent,departamento,Asunción,Herrera,Asunción,,65,land,2,3000000,PYG,501.42,3000000,PYG,501.42,5982.995,8,0,1,0,1,1,1,,remax,143061068-53
115733,2026-09-03,sale,terreno,"Lambaré, Central",,Central,Lambaré,,,,350000000,PYG,58499.13,340000000,PYG,56827.73,5982.995,,-2.857,0,1,1,1,1,,remax,143098122-75
136828,2026-09-03,rent,departamento,Asunción,Ycuá Satí,Asunción,,47,land,1,3750000,PYG,626.78,3750000,PYG,626.78,5982.995,13,0,1,0,1,1,1,,remax,143056032-521
144743,2026-09-03,sale,departamento,"Luque, Central",,Central,Luque,45,land,2,90554,USD,90554,543233446,PYG,90796.24,5982.995,2013,0.268,0,0,1,1,0,cross-currency,remax,143098023-48
145605,2026-09-03,sale,departamento,Asunción,Mburucuyá,Asunción,,64,land,2,79000,USD,79000,81310,USD,81310,5982.995,1270,2.924,0,0,1,1,1,,remax,143098052-35
146061,2026-09-03,rent,otro,"Villa Elisa, Central",,Central,Villa Elisa,,,,15000000,PYG,2507.11,15000000,PYG,2507.11,5982.995,,0,1,0,1,1,1,,remax,143036165-12
202755,2026-09-03,sale,terreno,"Ciudad del Este, Alto Paraná",,Alto Paraná,Ciudad del Este,,,,300000000,PYG,50142.11,290000000,PYG,48470.71,5982.995,,-3.333,0,1,1,1,1,,remax,143107020-1
206579,2026-09-03,rent,casa,"Hernandarias, Alto Paraná",,Alto Paraná,Hernandarias,130,built,1,2000000,PYG,334.28,2000000,PYG,334.28,5982.995,3,0,1,0,1,1,1,,remax,143107020-22
256200,2026-09-03,rent,departamento,"Villa Elisa, Central",,Central,Villa Elisa,5000,land,2,2200000,PYG,367.71,2200000,PYG,367.71,5982.995,0,0,1,0,1,1,1,,remax,143094012-85
360525,2026-09-03,rent,duplex,"Fernando de la Mora, Central",,Central,Fernando de la Mora,112,land,3,6500000,PYG,1086.41,6500000,PYG,1086.41,5982.995,10,0,1,0,1,1,1,,remax,143001129-49
377366,2026-09-03,sale,terreno,"Ciudad del Este, Alto Paraná",,Alto Paraná,Ciudad del Este,100,built,,600000000,PYG,100284.22,600000000,PYG,100284.22,5982.995,1003,0,1,0,1,1,1,,remax,143099001-28
107611,2026-09-04,sale,terreno,"Cambyretá, Itapúa",,Itapúa,Cambyretá,40005,land,,260000000,PYG,43643.02,260000000,PYG,43643.02,5957.425,1,0,1,0,1,1,1,,remax,143011030-76
108211,2026-09-04,rent,casa,"Santa Rita, Alto Paraná",,Alto Paraná,,75,built,,3000000,PYG,503.57,3000000,PYG,503.57,5957.425,7,0,1,0,1,1,1,,remax,143065026-269
110934,2026-09-04,rent,departamento,"Ciudad del Este, Alto Paraná",,Alto Paraná,Ciudad del Este,360,land,2,3000000,PYG,503.57,3000000,PYG,503.57,5957.425,1,0,1,0,1,1,1,,remax,143050055-150
128390,2026-09-04,sale,terreno,"Villa Elisa, Central",,Central,Villa Elisa,,,,400000000,PYG,67143.1,400000000,PYG,67143.1,5957.425,,0,1,0,1,1,1,,remax,143080161-46
135516,2026-09-04,rent,casa,"Santa Rita, Alto Paraná",,Alto Paraná,,500,built,3,2500,USD,2500,14810000,PYG,2485.97,5957.425,5,-0.561,0,0,1,1,0,cross-currency,remax,143065026-271
138567,2026-09-04,sale,casa,Asunción,Herrera,Asunción,,210,built,3,195000,USD,195000,1132780000,PYG,190145.91,5957.425,905,-2.489,0,0,2,1,0,cross-currency,remax,143063152-23
168381,2026-09-04,rent,departamento,Asunción,Recoleta,Asunción,,47,land,1,3800000,PYG,637.86,3750000,PYG,629.47,5957.425,13,-1.315,0,1,1,1,1,,remax,143056032-520
187932,2026-09-04,sale,terreno,Asunción,Herrera,Asunción,,210,built,3,195000,USD,195000,1132780000,PYG,190145.91,5957.425,905,-2.489,0,0,2,0,0,cross-currency,remax,143063152-24
282290,2026-09-04,sale,terreno,"Itauguá, Central",,Central,Itauguá,,,,85000000,PYG,14267.91,60000000,PYG,10071.47,5957.425,,-29.412,0,1,1,1,1,,remax,143028069-28
344814,2026-09-04,sale,local,Asunción,Recoleta,Asunción,,,,,320000,USD,320000,1955536000,PYG,328251.89,5957.425,,2.579,0,0,1,1,0,cross-currency,remax,143063136-328
377427,2026-09-04,rent,otro,"Ciudad del Este, Alto Paraná",,Alto Paraná,Ciudad del Este,,,,8500,USD,8500,50678530,PYG,8506.78,5957.425,,0.08,0,0,1,1,0,cross-currency,remax,143107012-16
129724,2026-09-05,rent,departamento,"Lambaré, Central",,Central,Lambaré,50,built,1,1500000,PYG,251.79,1500000,PYG,251.79,5957.425,5,0,1,0,1,1,1,,remax,143026121-11
136124,2026-09-05,rent,casa,"Filadelfia, Boquerón",,Boquerón,,140,built,4,4000000,PYG,671.43,4000000,PYG,671.43,5957.425,5,0,1,0,1,1,1,,remax,143016008-536
136261,2026-09-05,rent,duplex,"San Lorenzo, Central",,Central,San Lorenzo,120,built,3,4500000,PYG,755.36,4000000,PYG,671.43,5957.425,6,-11.111,0,1,1,1,1,,remax,143068046-70
146234,2026-09-05,rent,otro,"Capiatá, Central",,Central,Capiatá,300,built,2,8800000,PYG,1477.15,8000000,PYG,1342.86,5957.425,4,-9.091,0,1,1,1,1,,remax,143108029-2
135520,2026-09-07,rent,departamento,Asunción,Ciudad Nueva,Asunción,,38,built,,3000000,PYG,506.85,3000000,PYG,506.85,5918.9,13,0,1,0,1,1,1,,remax,143063147-186
136089,2026-09-07,sale,casa,"Cambyretá, Itapúa",,Itapúa,Cambyretá,159,built,3,800000000,PYG,135160.25,800000000,PYG,135160.25,5918.9,852,0,1,0,1,1,1,,remax,143011030-247
136416,2026-09-07,rent,departamento,"Cambyretá, Itapúa",,Itapúa,Cambyretá,1,land,2,2500000,PYG,422.38,2500000,PYG,422.38,5918.9,422,0,1,0,1,1,1,,remax,143011007-2253
137084,2026-09-07,rent,casa,"Mariano Roque Alonso, Central",,Central,Mariano Roque Alonso,680,built,,2500,USD,2500,14500000,PYG,2449.78,5918.9,4,-2.009,0,0,1,1,0,cross-currency,remax,143063090-79
137292,2026-09-07,sale,local,"Lambaré, Central",,Central,Lambaré,90,built,,365000000,PYG,61666.86,343000000,PYG,57949.96,5918.9,644,-6.027,0,1,1,1,1,,remax,143048005-281
138987,2026-09-07,sale,departamento,"Luque, Central",,Central,Luque,56,land,2,97700,USD,97700,582487400,PYG,98411.43,5918.9,1757,0.728,0,0,1,1,0,cross-currency,remax,143096010-44
145594,2026-09-07,sale,terreno,"Ñemby, Central",,Central,Ñemby,,,,220000000,PYG,37169.07,210000000,PYG,35479.57,5918.9,,-4.545,0,1,1,1,1,,remax,143036165-9
145691,2026-09-07,rent,local,Asunción,General Díaz,Asunción,,20,built,,1400000,PYG,236.53,1400000,PYG,236.53,5918.9,12,0,1,0,1,1,1,,remax,143061091-9
145861,2026-09-07,sale,terreno,"Cambyretá, Itapúa",,Itapúa,Cambyretá,623,land,,45000,USD,45000,266445000,PYG,45015.97,5918.9,72,0.035,0,0,1,1,0,cross-currency,remax,143011109-16
146210,2026-09-07,rent,duplex,"Luque, Central",,Central,Luque,160,built,3,3500000,PYG,591.33,3200000,PYG,540.64,5918.9,3,-8.572,0,1,1,1,1,,remax,143072141-16
147886,2026-09-07,sale,casa,"Lambaré, Central",,Central,Lambaré,133,built,3,420000000,PYG,70959.13,420000000,PYG,70959.13,5918.9,534,0,1,0,1,1,1,,remax,143068063-141
189288,2026-09-07,sale,otro,"Paraguarí, Paraguarí",,Paraguarí,,600,built,10,1600000000,PYG,270320.5,1569605268,PYG,265185.3,5918.9,442,-1.9,0,1,1,1,1,,remax,143063136-251
216405,2026-09-07,rent,otro,"Colonia Fernheim, Boquerón",,Boquerón,,350,built,3,1800000,PYG,304.11,1800000,PYG,304.11,5918.9,1,0,1,0,1,1,1,,remax,143016041-6
258260,2026-09-07,rent,oficina,Asunción,Catedral,Asunción,,109,built,,2300000,PYG,388.59,2300000,PYG,388.59,5918.9,4,0,1,0,1,1,1,,remax,143098097-1
271725,2026-09-07,rent,casa,Asunción,Madame Lynch,Asunción,,353,built,5,3000,USD,3000,17849130,PYG,3015.62,5918.9,9,0.521,0,0,1,1,0,cross-currency,remax,143098027-144
282182,2026-09-07,rent,casa,Asunción,Carmelitas,Asunción,,275,built,7,9000000,PYG,1520.55,9000000,PYG,1520.55,5918.9,6,0,1,0,1,1,1,,remax,143025154-133
145898,2026-09-08,rent,casa,"Fernando de la Mora, Central",,Central,Fernando de la Mora,190,built,4,5200000,PYG,881.05,5000000,PYG,847.16,5902.075,4,-3.847,0,1,1,1,1,,remax,143072093-27
146863,2026-09-08,sale,departamento,"Encarnación, Itapúa",,Itapúa,Encarnación,49,land,1,73500,USD,73500,433576500,PYG,73461.71,5902.075,1499,-0.052,0,0,1,1,0,cross-currency,remax,143011007-2270
147782,2026-09-08,rent,local,"Fernando de la Mora, Central",,Central,Fernando de la Mora,,,,3100000,PYG,525.24,3100000,PYG,525.24,5902.075,,0,1,0,1,1,1,,remax,143061046-104
172482,2026-09-08,rent,departamento,"Mariano Roque Alonso, Central",,Central,Mariano Roque Alonso,48,built,,300,USD,300,1550000,PYG,262.62,5902.075,5,-12.46,0,0,1,1,0,cross-currency,remax,143109001-30
187839,2026-09-08,rent,casa,"Limpio, Central",,Central,Limpio,90,built,2,3000000,PYG,508.3,3000000,PYG,508.3,5902.075,6,0,1,0,1,1,1,,remax,143025241-46
206778,2026-09-08,sale,terreno,"Atyra, Cordillera",,Cordillera,,5304,land,,300000000,PYG,50829.58,85000000,PYG,14401.71,5902.075,3,-71.667,0,1,1,1,0,outside 0.4 to 1.6 of the ask,remax,143092070-71
218592,2026-09-08,sale,departamento,"Ciudad del Este, Alto Paraná",,Alto Paraná,Ciudad del Este,32,built,1,69832,USD,69832,411475260,PYG,69717.05,5902.075,2213,-0.165,0,0,1,1,0,cross-currency,remax,143099027-79
284735,2026-09-08,rent,casa,"Altos, Cordillera",,Cordillera,Altos,360,built,3,10000000,PYG,1694.32,10000000,PYG,1694.32,5902.075,5,0,1,0,1,1,1,,remax,143098061-67
170200,2026-09-09,sale,departamento,Asunción,Villa Morra,Asunción,,38,land,1,95000,USD,95000,547400000,PYG,92937.97,5889.95,2465,-2.171,0,0,1,1,0,cross-currency,remax,143098009-733
171517,2026-09-09,rent,terreno,"Fernando de la Mora, Central",,Central,Fernando de la Mora,2100,land,,8000000,PYG,1358.25,8000000,PYG,1358.25,5889.95,1,0,1,0,1,1,1,,remax,143025234-25
172442,2026-09-09,rent,deposito,"Santa Rita, Alto Paraná",,Alto Paraná,,,,,6960000,PYG,1181.67,6960000,PYG,1181.67,5889.95,,0,1,0,1,1,1,,remax,143065043-8
172444,2026-09-09,sale,casa,"Limpio, Central",,Central,Limpio,100,built,2,380000000,PYG,64516.68,3500000000,PYG,594232.55,5889.95,5942,821.053,0,0,1,1,0,outside 0.4 to 1.6 of the ask,remax,143025144-71
172537,2026-09-09,sale,terreno,"Luque, Central",,Central,Luque,807,land,,300000,USD,300000,1643985000,PYG,279116.97,5889.95,346,-6.961,0,0,1,1,0,cross-currency,remax,143098009-611
185141,2026-09-09,rent,departamento,"Mariano Roque Alonso, Central",,Central,Mariano Roque Alonso,360,land,2,3300000,PYG,560.28,3300000,PYG,560.28,5889.95,2,0,1,0,1,1,1,,remax,143025149-276
206219,2026-09-09,sale,casa,"Altos, Cordillera",,Cordillera,Altos,200,built,4,1050000000,PYG,178269.76,1050000000,PYG,178269.76,5889.95,891,0,1,0,1,1,1,,remax,143063199-64
362281,2026-09-09,sale,duplex,"Capiatá, Central",,Central,Capiatá,110,built,3,430000000,PYG,73005.71,430000000,PYG,73005.71,5889.95,664,0,1,0,1,1,1,,remax,143092081-25
192462,2026-09-10,sale,terreno,"Ciudad del Este, Alto Paraná",,Alto Paraná,Ciudad del Este,,,,106000,USD,106000,592800000,PYG,100103.68,5921.86,,-5.563,0,0,1,1,0,cross-currency,remax,143099004-65
204608,2026-09-10,sale,terreno,"Filadelfia, Boquerón",,Boquerón,,435,land,,85000000,PYG,14353.6,83000000,PYG,14015.87,5921.86,32,-2.353,0,1,1,1,1,,remax,143016044-12
204697,2026-09-10,sale,terreno,"Minga Guazú, Alto Paraná",,Alto Paraná,Minga Guazú,5000,land,,225000000,PYG,37994.82,225000000,PYG,37994.82,5921.86,8,0,1,0,1,1,1,,remax,143050095-30
205925,2026-09-10,rent,casa,Asunción,Ciudad Nueva,Asunción,,115,built,3,6000000,PYG,1013.2,6000000,PYG,1013.2,5921.86,9,0,1,0,1,1,1,,remax,143037152-4
207273,2026-09-10,rent,otro,Asunción,San Cristóbal,Asunción,,453,built,,15000000,PYG,2532.99,13000000,PYG,2195.26,5921.86,5,-13.333,0,1,1,1,1,,remax,143061072-50
215758,2026-09-10,sale,terreno,"Ypacaraí, Central",,Central,Ypacaraí,13,built,,200000000,PYG,33773.17,200000000,PYG,33773.17,5921.86,2598,0,1,0,1,1,1,,remax,143063199-36
216039,2026-09-10,rent,departamento,Asunción,San Roque,Asunción,,220,built,2,3000000,PYG,506.6,3000000,PYG,506.6,5921.86,2,0,1,0,1,1,1,,remax,143094057-27
217414,2026-09-10,rent,casa,Asunción,San Pablo,Asunción,,120,built,5,5500000,PYG,928.76,5500000,PYG,928.76,5921.86,8,0,1,0,1,1,1,,remax,143098067-38
217806,2026-09-10,sale,terreno,"Santa Rita, Alto Paraná",,Alto Paraná,,365,land,,26000,USD,26000,152100000,PYG,25684.5,5921.86,70,-1.213,0,0,1,1,0,cross-currency,remax,143065026-196
218973,2026-09-10,sale,casa,"Hernandarias, Alto Paraná",,Alto Paraná,Hernandarias,120,built,2,420000000,PYG,70923.66,390000000,PYG,65857.69,5921.86,549,-7.143,0,1,1,1,1,,remax,143050081-124
228938,2026-09-10,rent,departamento,Asunción,Los Laureles,Asunción,,131,built,2,8000000,PYG,1350.93,8000000,PYG,1350.93,5921.86,10,0,1,0,1,1,1,,remax,143094028-58
258193,2026-09-10,rent,casa,"Itauguá, Central",,Central,Itauguá,120,built,2,3430000,PYG,579.21,3430000,PYG,579.21,5921.86,5,0,1,0,1,1,1,,remax,143025091-134
259100,2026-09-10,rent,casa,Asunción,San Cristóbal,Asunción,,120,built,2,4400000,PYG,743.01,4000000,PYG,675.46,5921.86,6,-9.091,0,1,1,1,1,,remax,143026176-89
217213,2026-09-11,rent,duplex,"San Lorenzo, Central",,Central,San Lorenzo,170,built,3,5500000,PYG,914.43,5500000,PYG,914.43,6014.67,5,0,1,0,1,1,1,,remax,143063075-66
218328,2026-09-11,rent,oficina,Asunción,Salvador del Mundo,Asunción,,,,,1800,USD,1800,12054000,PYG,2004.1,6014.67,,11.339,0,0,1,1,0,cross-currency,remax,143063049-52
218683,2026-09-11,rent,local,"Ciudad del Este, Alto Paraná",,Alto Paraná,Ciudad del Este,,,,4500000,PYG,748.17,4500000,PYG,748.17,6014.67,,0,1,0,1,1,1,,remax,143050177-25
219933,2026-09-11,rent,casa,"Santa Rita, Alto Paraná",,Alto Paraná,,103,built,1,3100000,PYG,515.41,3100000,PYG,515.41,6014.67,5,0,1,0,1,1,1,,remax,143065021-210
220522,2026-09-11,rent,otro,Asunción,San Roque,Asunción,,,,,2300000,PYG,382.4,2300000,PYG,382.4,6014.67,,0,1,0,1,1,1,,remax,143068074-51
245705,2026-09-11,sale,terreno,"Pedro Juan Caballero, Amambay",,Amambay,,275,built,6,350000,USD,350000,1680562800,PYG,279410.64,6014.67,1016,-20.168,0,0,1,1,0,cross-currency,remax,143096015-45
246331,2026-09-11,rent,casa,Asunción,San Vicente,Asunción,,40,built,1,1650000,PYG,274.33,1650000,PYG,274.33,6014.67,7,0,1,0,1,1,1,,remax,143025175-36
257290,2026-09-11,rent,casa,Asunción,San Cristóbal,Asunción,,82,built,1,3300000,PYG,548.66,3300000,PYG,548.66,6014.67,7,0,1,0,1,1,1,,remax,143026176-92
269932,2026-09-11,rent,departamento,"Fernando de la Mora, Central",,Central,Fernando de la Mora,57,land,1,3500000,PYG,581.91,3500000,PYG,581.91,6014.67,10,0,1,0,1,1,1,,remax,143046081-6
282214,2026-09-11,rent,casa,"Capiatá, Central",,Central,Capiatá,120,built,2,1500000,PYG,249.39,1500000,PYG,249.39,6014.67,2,0,1,0,1,1,1,,remax,143072073-153
283080,2026-09-11,rent,oficina,Asunción,Las Lomas (Carmelitas),Asunción,,225,built,,14500000,PYG,2410.77,14500000,PYG,2410.77,6014.67,11,0,1,0,1,1,1,,remax,143098122-220
364292,2026-09-11,sale,terreno,Asunción,Santa María,Asunción,,,,,550000000,PYG,91443.09,500000000,PYG,83130.08,6014.67,,-9.091,0,1,1,1,1,,remax,143098070-14
286254,2026-09-12,rent,departamento,"Luque, Central",,Central,Luque,28,land,1,2250000,PYG,374.09,2250000,PYG,374.09,6014.67,13,0,1,0,1,1,1,,remax,143056031-804
310739,2026-09-13,sale,departamento,Asunción,Dr. Francia,Asunción,,30,land,1,46700,USD,46700,276464000,PYG,45964.95,6014.67,1532,-1.574,0,0,1,1,0,cross-currency,remax,143098009-765
252530,2026-09-14,sale,terreno,"Filadelfia, Boquerón",,Boquerón,,,,,367000000,PYG,61654.46,315000000,PYG,52918.67,5952.53,,-14.169,0,1,1,1,1,,remax,143016030-45
255641,2026-09-14,rent,deposito,"Filadelfia, Boquerón",,Boquerón,,252,built,,3500000,PYG,587.99,3500000,PYG,587.99,5952.53,2,0,1,0,1,1,1,,remax,143016034-29
255906,2026-09-14,rent,duplex,"Cambyretá, Itapúa",,Itapúa,Cambyretá,126,land,2,690,USD,690,4125510,PYG,693.07,5952.53,6,0.445,0,0,1,1,0,cross-currency,remax,143011091-75
256806,2026-09-14,sale,terreno,"Ciudad del Este, Alto Paraná",,Alto Paraná,Ciudad del Este,,,,200000,USD,200000,1071000000,PYG,179923.49,5952.53,,-10.038,0,0,1,1,0,cross-currency,remax,143099027-24
257516,2026-09-14,sale,departamento,"Encarnación, Itapúa",,Itapúa,Encarnación,41,built,1,79000,USD,79000,472341000,PYG,79351.3,5952.53,1959,0.445,0,0,1,1,0,cross-currency,remax,143011091-63
259312,2026-09-14,sale,terreno,"San Bernardino, Cordillera",,Cordillera,San Bernardino,,,,200000000,PYG,33599.16,195000000,PYG,32759.18,5952.53,,-2.5,0,1,1,1,1,,remax,143098058-66
269123,2026-09-14,rent,departamento,Asunción,Villa Morra,Asunción,,57,land,2,3800000,PYG,638.38,3800000,PYG,638.38,5952.53,11,0,1,0,1,1,1,,remax,143054116-70
271376,2026-09-14,rent,duplex,Asunción,Herrera,Asunción,,168,land,3,7500000,PYG,1259.97,7500000,PYG,1259.97,5952.53,7,0,1,0,1,1,1,,remax,143063068-107
299651,2026-09-14,sale,departamento,"Luque, Central",,Central,Luque,91,built,2,147942,USD,147942,887652000,PYG,149121.8,5952.53,1639,0.797,0,0,1,1,0,cross-currency,remax,143063147-189
347815,2026-09-14,rent,departamento,"Limpio, Central",,Central,Limpio,75,land,2,1500000,PYG,251.99,1500000,PYG,251.99,5952.53,3,0,1,0,1,1,1,,remax,143109008-10
354125,2026-09-14,sale,terreno,"San Bernardino, Cordillera",,Cordillera,San Bernardino,,,,375000000,PYG,62998.42,350000000,PYG,58798.53,5952.53,,-6.667,0,1,1,1,1,,remax,143025235-7
420808,2026-09-14,sale,departamento,Asunción,Las Lomas (Carmelitas),Asunción,,28,built,,68200,USD,68200,405790000,PYG,68171.01,5952.53,2435,-0.043,0,0,1,1,0,cross-currency,remax,143098031-94
270312,2026-09-15,rent,departamento,"Mariano Roque Alonso, Central",,Central,Mariano Roque Alonso,18,land,1,3000000,PYG,507.02,2950000,PYG,498.57,5916.935,28,-1.667,0,1,1,1,1,,remax,143068046-73
270729,2026-09-15,rent,duplex,"Luque, Central",,Central,Luque,100,built,3,5000000,PYG,845.03,5000000,PYG,845.03,5916.935,8,0,1,0,1,1,1,,remax,143092053-41
272448,2026-09-15,sale,departamento,Asunción,Villa Morra,Asunción,,360,land,1,62800,USD,62800,373845000,PYG,63182.2,5916.935,176,0.609,0,0,1,1,0,cross-currency,remax,143056070-19
272585,2026-09-15,rent,departamento,"Mariano Roque Alonso, Central",,Central,Mariano Roque Alonso,360,land,3,7000000,PYG,1183.04,7000000,PYG,1183.04,5916.935,3,0,1,0,1,1,1,,remax,143025149-274
276358,2026-09-15,sale,terreno,"Mariano Roque Alonso, Central",,Central,Mariano Roque Alonso,360,land,,380000000,PYG,64222.44,310000000,PYG,52391.99,5916.935,146,-18.421,0,1,1,1,1,,remax,143072093-15
282213,2026-09-15,rent,departamento,Asunción,Recoleta,Asunción,,49,land,1,3750000,PYG,633.77,3750000,PYG,633.77,5916.935,13,0,1,0,1,1,1,,remax,143096014-69
282226,2026-09-15,sale,casa,Asunción,Catedral,Asunción,,113,built,3,400000000,PYG,67602.57,385000000,PYG,65067.47,5916.935,576,-3.75,0,1,1,1,1,,remax,143068074-53
282476,2026-09-15,rent,duplex,"Lambaré, Central",,Central,Lambaré,89,land,3,2800000,PYG,473.22,2800000,PYG,473.22,5916.935,5,0,1,0,1,1,1,,remax,143061015-155
285398,2026-09-15,sale,duplex,"Ciudad del Este, Alto Paraná",,Alto Paraná,Ciudad del Este,130,built,2,145000,USD,145000,8600000000,PYG,1453455.21,5916.935,11208,902.383,0,0,1,1,0,cross-currency,remax,143050081-95
285416,2026-09-15,sale,terreno,"Mariano Roque Alonso, Central",,Central,Mariano Roque Alonso,,,,265000000,PYG,44786.7,265000000,PYG,44786.7,5916.935,,0,1,0,1,1,1,,remax,143020119-29
311719,2026-09-15,sale,departamento,Asunción,Mburucuyá,Asunción,,33,land,1,86500,USD,86500,512080000,PYG,86544.81,5916.935,2615,0.052,0,0,1,1,0,cross-currency,remax,143098011-348
312065,2026-09-15,sale,casa,"Fernando de la Mora, Central",,Central,Fernando de la Mora,420,built,4,320000,USD,320000,1680000000,PYG,283930.79,5916.935,676,-11.272,0,0,1,1,0,cross-currency,remax,143019092-20
334356,2026-09-15,rent,casa,"Luque, Central",,Central,Luque,183,built,3,5000000,PYG,845.03,5000000,PYG,845.03,5916.935,5,0,1,0,1,1,1,,remax,143025091-136
282105,2026-09-16,sale,terreno,"Ciudad del Este, Alto Paraná",,Alto Paraná,Ciudad del Este,,,,358500000,PYG,60605.34,358500000,PYG,60605.34,5915.32,,0,1,0,1,1,1,,remax,143048005-312
284026,2026-09-16,rent,casa,"Ciudad del Este, Alto Paraná",,Alto Paraná,Ciudad del Este,80,built,2,3500000,PYG,591.68,3000000,PYG,507.16,5915.32,6,-14.285,0,1,1,1,1,,remax,143050128-67
284243,2026-09-16,sale,casa,Asunción,San Vicente,Asunción,,186,built,3,765000000,PYG,129325.21,750000000,PYG,126789.42,5915.32,682,-1.961,0,1,1,1,1,,remax,143026188-97
284412,2026-09-16,sale,casa,"Lambaré, Central",,Central,Lambaré,174,built,4,990000000,PYG,167362.04,850000000,PYG,143694.68,5915.32,826,-14.141,0,1,1,1,1,,remax,143026188-103
284449,2026-09-16,rent,departamento,Asunción,Loma Pytá,Asunción,,30,land,1,2700000,PYG,456.44,2500000,PYG,422.63,5915.32,14,-7.407,0,1,1,1,1,,remax,143072083-42
284718,2026-09-16,rent,departamento,Asunción,Los Laureles,Asunción,,450,land,2,5000000,PYG,845.26,5000000,PYG,845.26,5915.32,2,0,1,0,1,1,1,,remax,143092075-21
286030,2026-09-16,sale,terreno,"Filadelfia, Boquerón",,Boquerón,,,,,115000000,PYG,19441.04,110500000,PYG,18680.31,5915.32,,-3.913,0,1,1,1,1,,remax,143016023-278
286324,2026-09-16,rent,casa,Asunción,Mariscal Estigarribia,Asunción,,270,built,4,8300000,PYG,1403.14,8000000,PYG,1352.42,5915.32,5,-3.615,0,1,1,1,1,,remax,143100035-39
295385,2026-09-16,sale,departamento,"Fernando de la Mora, Central",,Central,Fernando de la Mora,31,land,1,220000000,PYG,37191.56,215000000,PYG,36346.3,5915.32,1180,-2.273,0,1,1,1,1,,remax,143037130-18
297234,2026-09-16,rent,deposito,"Limpio, Central",,Central,Limpio,360,built,,8000000,PYG,1352.42,7500000,PYG,1267.89,5915.32,4,-6.25,0,1,1,1,1,,remax,143025149-251
297849,2026-09-16,rent,oficina,Asunción,Recoleta,Asunción,,,,,3460,USD,3460,3410,USD,3410,5915.32,,-1.445,0,1,1,1,1,,remax,143046008-40
298462,2026-09-16,rent,casa,Asunción,Pinoza,Asunción,,200,built,4,3500000,PYG,591.68,3500000,PYG,591.68,5915.32,3,0,1,0,1,1,1,,remax,143028058-20
295742,2026-09-17,rent,deposito,"Lambaré, Central",,Central,Lambaré,,,,12000000,PYG,2024.14,12000000,PYG,2024.14,5928.45,,0,1,0,1,1,1,,remax,143026204-32
296918,2026-09-17,sale,terreno,"Luque, Central",,Central,Luque,389,land,,1000000000,PYG,168678.15,960000000,PYG,161931.03,5928.45,416,-4,0,1,1,1,1,,remax,143084041-63
298929,2026-09-17,sale,terreno,Asunción,Mburucuyá,Asunción,,660,land,,380000,USD,380000,2045850000,PYG,345090.2,5928.45,523,-9.187,0,0,1,1,0,cross-currency,remax,143098054-79
310524,2026-09-17,rent,casa,"Hernandarias, Alto Paraná",,Alto Paraná,Hernandarias,110,built,2,3000000,PYG,506.03,3000000,PYG,506.03,5928.45,5,0,1,0,1,1,1,,remax,143050150-58
311298,2026-09-17,sale,terreno,"Luque, Central",,Central,Luque,360,land,,125000000,PYG,21084.77,125000000,PYG,21084.77,5928.45,59,0,1,0,1,1,1,,remax,143096013-22
313413,2026-09-17,rent,departamento,Asunción,Ytay,Asunción,,65,land,2,6000000,PYG,1012.07,6000000,PYG,1012.07,5928.45,16,0,1,0,1,1,1,,remax,114006036-25
420166,2026-09-17,sale,terreno,"Ciudad del Este, Alto Paraná",,Alto Paraná,Ciudad del Este,360,land,,145000000,PYG,24458.33,133000000,PYG,22434.19,5928.45,62,-8.276,0,1,1,1,1,,remax,143050187-1
308549,2026-09-18,sale,terreno,Asunción,Ycuá Satí,Asunción,,,,,560000,USD,560000,495000,USD,495000,5951.61,,-11.607,0,1,2,0,0,second record of one deal,remax,143094053-4
310310,2026-09-18,sale,local,Asunción,La Encarnación,Asunción,,,,,29000,USD,29000,172550000,PYG,28992.16,5951.61,,-0.027,0,0,1,1,0,cross-currency,remax,143036045-234
310459,2026-09-18,sale,departamento,"Fernando de la Mora, Central",,Central,Fernando de la Mora,80,built,2,65000,USD,65000,380550000,PYG,63940.68,5951.61,799,-1.63,0,0,1,1,0,cross-currency,remax,143063091-111
311192,2026-09-18,sale,casa,Asunción,Ycuá Satí,Asunción,,630,built,6,560000,USD,560000,495000,USD,495000,5951.61,786,-11.607,0,1,2,1,1,,remax,143094053-3
311430,2026-09-18,rent,local,"Luque, Central",,Central,Luque,44,built,,4480000,PYG,752.74,4000000,PYG,672.09,5951.61,15,-10.714,0,1,1,1,1,,remax,143084038-104
313312,2026-09-18,sale,terreno,"Lambaré, Central",,Central,Lambaré,383,land,,475000000,PYG,79810.34,400000000,PYG,67208.7,5951.61,175,-15.789,0,1,1,1,1,,remax,143026171-46
313603,2026-09-18,rent,departamento,Asunción,Obrero,Asunción,,40,built,1,2700000,PYG,453.66,2700000,PYG,453.66,5951.61,11,0,1,0,1,1,1,,remax,143036096-70
323691,2026-09-18,sale,casa,"Limpio, Central",,Central,Limpio,72,built,3,230000000,PYG,38645.01,220000000,PYG,36964.79,5951.61,513,-4.348,0,1,1,1,1,,remax,143072083-10
332723,2026-09-18,sale,terreno,"Ciudad del Este, Alto Paraná",,Alto Paraná,Ciudad del Este,,,,250000000,PYG,42005.44,220000000,PYG,36964.79,5951.61,,-12,0,1,1,1,1,,remax,143050132-35
345458,2026-09-18,rent,casa,Asunción,San Roque,Asunción,,390,built,3,3000000,PYG,504.07,3000000,PYG,504.07,5951.61,1,0,1,0,1,1,1,,remax,143001140-144
345501,2026-09-18,sale,terreno,"Mariano Roque Alonso, Central",,Central,Mariano Roque Alonso,,,,960000000,PYG,161300.89,785000000,PYG,131897.08,5951.61,,-18.229,0,1,1,1,1,,remax,143061075-30
360961,2026-09-18,rent,departamento,Asunción,Ycuá Satí,Asunción,,40,built,,4600000,PYG,772.9,4200000,PYG,705.69,5951.61,18,-8.696,0,1,1,1,1,,remax,143094007-99
367931,2026-09-18,sale,terreno,"Limpio, Central",,Central,Limpio,1800,land,,550000000,PYG,92411.97,530000000,PYG,89051.53,5951.61,49,-3.636,0,1,1,1,1,,remax,143025157-33
330811,2026-09-19,rent,casa,Asunción,Santa Librada,Asunción,,210,built,4,5500000,PYG,924.12,4500000,PYG,756.1,5951.61,4,-18.182,0,1,1,1,1,,remax,143026188-104
345967,2026-09-19,rent,otro,"Itá, Central",,Central,Itá,,,7,10000000,PYG,1680.22,13500000,PYG,2268.29,5951.61,,35,0,0,1,1,1,,remax,143036160-3
359607,2026-09-19,sale,casa,"Limpio, Central",,Central,Limpio,132,built,2,380000000,PYG,63848.27,370000000,PYG,62168.05,5951.61,471,-2.632,0,1,1,1,1,,remax,143036160-15
359551,2026-09-21,sale,terreno,"Ciudad del Este, Alto Paraná",,Alto Paraná,Ciudad del Este,,,,200000000,PYG,33611.72,200000000,PYG,33611.72,5950.305,,0,1,0,1,1,1,,remax,143050055-137
359867,2026-09-21,rent,local,"San Lorenzo, Central",,Central,San Lorenzo,,,,7500000,PYG,1260.44,7500000,PYG,1260.44,5950.305,,0,1,0,1,1,1,,remax,143063198-10
360386,2026-09-21,rent,departamento,"Encarnación, Itapúa",,Itapúa,Encarnación,1,land,3,2700000,PYG,453.76,2700000,PYG,453.76,5950.305,454,0,1,0,1,1,1,,remax,143011007-2263
361094,2026-09-21,rent,departamento,"San Lorenzo, Central",,Central,San Lorenzo,196,land,3,2500000,PYG,420.15,2200000,PYG,369.73,5950.305,2,-12,0,1,1,1,1,,remax,114006077-37
362477,2026-09-21,rent,casa,"Cambyretá, Itapúa",,Itapúa,Cambyretá,1,built,2,6000000,PYG,1008.35,6000000,PYG,1008.35,5950.305,1008,0,1,0,1,1,1,,remax,143011007-2272
363764,2026-09-21,rent,casa,"Encarnación, Itapúa",,Itapúa,Encarnación,1,built,4,3500000,PYG,588.21,3500000,PYG,588.21,5950.305,588,0,1,0,1,1,1,,remax,143011007-2268
363776,2026-09-21,rent,departamento,"Encarnación, Itapúa",,Itapúa,Encarnación,1,land,2,1200,USD,1200,7137600,PYG,1199.54,5950.305,1200,-0.038,0,0,1,1,0,cross-currency,remax,143011007-2256
371786,2026-09-21,sale,terreno,"Lambaré, Central",,Central,Lambaré,615,land,,450000000,PYG,75626.38,430000000,PYG,72265.2,5950.305,118,-4.444,0,1,1,1,1,,remax,143036136-29
386675,2026-09-21,sale,departamento,Asunción,Mburicaó,Asunción,,314,land,2,132821,USD,132821,132821,USD,132821,5950.305,422,0,1,0,1,1,1,,remax,143063102-378
366915,2026-09-22,sale,departamento,Asunción,Ciudad Nueva,Asunción,,99,built,2,310000000,PYG,52303.42,288000000,PYG,48591.56,5926.955,493,-7.097,0,1,1,1,1,,remax,143036021-142
373861,2026-09-22,rent,casa,"Luque, Central",,Central,Luque,336,built,4,4000000,PYG,674.88,4000000,PYG,674.88,5926.955,2,0,1,0,1,1,1,,remax,143061080-86
373921,2026-09-22,rent,oficina,"Ciudad del Este, Alto Paraná",,Alto Paraná,Ciudad del Este,120,built,,3000000,PYG,506.16,3000000,PYG,506.16,5926.955,4,0,1,0,1,1,1,,remax,143050055-163
374275,2026-09-22,rent,departamento,"Luque, Central",,Central,Luque,60,built,2,3900000,PYG,658.01,3800000,PYG,641.14,5926.955,11,-2.564,0,1,1,1,1,,remax,143063190-427
375071,2026-09-22,sale,terreno,"Cambyretá, Itapúa",,Itapúa,Cambyretá,30,built,,75000000,PYG,12654.05,75000000,PYG,12654.05,5926.955,422,0,1,0,1,1,1,,remax,143011097-35
376399,2026-09-22,rent,casa,"Limpio, Central",,Central,Limpio,120,built,2,3200000,PYG,539.91,3200000,PYG,539.91,5926.955,4,0,1,0,1,1,1,,remax,143025241-48
376619,2026-09-22,sale,duplex,"Luque, Central",,Central,Luque,180,land,3,550000000,PYG,92796.39,512000000,PYG,86385,5926.955,480,-6.909,0,1,1,1,1,,remax,143063226-15
377449,2026-09-22,rent,departamento,"Encarnación, Itapúa",,Itapúa,Encarnación,80,land,3,1700000,PYG,286.83,1700000,PYG,286.83,5926.955,4,0,1,0,1,1,1,,remax,143032035-312
377493,2026-09-22,sale,terreno,"Capitán Miranda, Itapúa",,Itapúa,Capitán Miranda,1550,land,,130000000,PYG,21933.69,130000000,PYG,21933.69,5926.955,14,0,1,0,1,1,1,,remax,143011007-2234
428281,2026-09-22,sale,rural,"Campo Aceval, Presidente Hayes",,Presidente Hayes,,669,land,,870000,USD,870000,4744000000,PYG,800411,5926.955,1196,-7.999,0,0,1,1,0,cross-currency,remax,143096010-35
392298,2026-09-23,rent,departamento,"Fernando de la Mora, Central",,Central,Fernando de la Mora,47,built,2,1900000,PYG,320.61,1900000,PYG,320.61,5926.265,7,0,1,0,1,1,1,,remax,143100046-21
411213,2026-09-23,sale,terreno,"San Lorenzo, Central",,Central,San Lorenzo,398,land,,450000000,PYG,75933.16,400000000,PYG,67496.14,5926.265,170,-11.111,0,1,1,1,1,,remax,143021053-2
426650,2026-09-23,rent,departamento,Asunción,Carmelitas,Asunción,,66,built,1,1300,USD,1300,7400000,PYG,1248.68,5926.265,19,-3.948,0,0,1,1,0,cross-currency,remax,143098011-346
430557,2026-09-23,sale,departamento,Asunción,Sajonia,Asunción,,96,land,2,200000000,PYG,33748.07,180000000,PYG,30373.26,5926.265,316,-10,0,1,1,1,1,,remax,143025234-23
135363,2026-09-25,rent,departamento,Asunción,Ycuá Satí,Asunción,,29,land,1,3900000,PYG,658.09,3800000,PYG,641.21,5926.265,22,-2.565,0,1,1,1,0,dated after the build,remax,143056032-510
272869,2026-10-01,rent,local,Asunción,Villa Morra,Asunción,,120,land,,1200,USD,1200,7440000,PYG,1255.43,5926.265,10,4.619,0,0,1,1,0,dated after the build,remax,143054116-66
