market_id,market,level,metric,property_kind,operation,value,p25,p75,n,basis
py,Paraguay,country,asking_listed_active,,,59276,,,59276,"status active on stock sources (remax uprop psir cb prestige infocasas), seen or not"
py,Paraguay,country,asking_active_listings,terreno,sale,7405,,,7405,"status active and seen on or after 2026-10-02 (remax), 2026-10-02 (uprop), 2026-10-02 (psir), 2026-10-02 (cb), 2026-10-02 (prestige), 2026-09-25 (infocasas)"
py,Paraguay,country,asking_active_listings,oficina,sale,90,,,90,"status active and seen on or after 2026-10-02 (remax), 2026-10-02 (uprop), 2026-10-02 (psir), 2026-10-02 (cb), 2026-10-02 (prestige), 2026-09-25 (infocasas)"
py,Paraguay,country,asking_active_listings,casa,sale,7907,,,7907,"status active and seen on or after 2026-10-02 (remax), 2026-10-02 (uprop), 2026-10-02 (psir), 2026-10-02 (cb), 2026-10-02 (prestige), 2026-09-25 (infocasas)"
py,Paraguay,country,asking_active_listings,rural,sale,138,,,138,"status active and seen on or after 2026-10-02 (remax), 2026-10-02 (uprop), 2026-10-02 (psir), 2026-10-02 (cb), 2026-10-02 (prestige), 2026-09-25 (infocasas)"
py,Paraguay,country,asking_active_listings,duplex,sale,261,,,261,"status active and seen on or after 2026-10-02 (remax), 2026-10-02 (uprop), 2026-10-02 (psir), 2026-10-02 (cb), 2026-10-02 (prestige), 2026-09-25 (infocasas)"
py,Paraguay,country,asking_active_listings,local,sale,352,,,352,"status active and seen on or after 2026-10-02 (remax), 2026-10-02 (uprop), 2026-10-02 (psir), 2026-10-02 (cb), 2026-10-02 (prestige), 2026-09-25 (infocasas)"
py,Paraguay,country,asking_active_listings,otro,sale,400,,,400,"status active and seen on or after 2026-10-02 (remax), 2026-10-02 (uprop), 2026-10-02 (psir), 2026-10-02 (cb), 2026-10-02 (prestige), 2026-09-25 (infocasas)"
py,Paraguay,country,asking_active_listings,edificio,sale,108,,,108,"status active and seen on or after 2026-10-02 (remax), 2026-10-02 (uprop), 2026-10-02 (psir), 2026-10-02 (cb), 2026-10-02 (prestige), 2026-09-25 (infocasas)"
py,Paraguay,country,asking_active_listings,deposito,sale,117,,,117,"status active and seen on or after 2026-10-02 (remax), 2026-10-02 (uprop), 2026-10-02 (psir), 2026-10-02 (cb), 2026-10-02 (prestige), 2026-09-25 (infocasas)"
py,Paraguay,country,asking_active_listings,quinta,sale,71,,,71,"status active and seen on or after 2026-10-02 (remax), 2026-10-02 (uprop), 2026-10-02 (psir), 2026-10-02 (cb), 2026-10-02 (prestige), 2026-09-25 (infocasas)"
py,Paraguay,country,asking_active_listings,departamento,sale,5146,,,5146,"status active and seen on or after 2026-10-02 (remax), 2026-10-02 (uprop), 2026-10-02 (psir), 2026-10-02 (cb), 2026-10-02 (prestige), 2026-09-25 (infocasas)"
py,Paraguay,country,asking_active_listings,duplex,rent,33,,,33,"status active and seen on or after 2026-10-02 (remax), 2026-10-02 (uprop), 2026-10-02 (psir), 2026-10-02 (cb), 2026-10-02 (prestige), 2026-09-25 (infocasas)"
py,Paraguay,country,asking_active_listings,otro,rent,90,,,90,"status active and seen on or after 2026-10-02 (remax), 2026-10-02 (uprop), 2026-10-02 (psir), 2026-10-02 (cb), 2026-10-02 (prestige), 2026-09-25 (infocasas)"
py,Paraguay,country,asking_active_listings,quinta,rent,1,,,1,"status active and seen on or after 2026-10-02 (remax), 2026-10-02 (uprop), 2026-10-02 (psir), 2026-10-02 (cb), 2026-10-02 (prestige), 2026-09-25 (infocasas)"
py,Paraguay,country,asking_active_listings,casa,rent,1584,,,1584,"status active and seen on or after 2026-10-02 (remax), 2026-10-02 (uprop), 2026-10-02 (psir), 2026-10-02 (cb), 2026-10-02 (prestige), 2026-09-25 (infocasas)"
py,Paraguay,country,asking_active_listings,deposito,rent,55,,,55,"status active and seen on or after 2026-10-02 (remax), 2026-10-02 (uprop), 2026-10-02 (psir), 2026-10-02 (cb), 2026-10-02 (prestige), 2026-09-25 (infocasas)"
py,Paraguay,country,asking_active_listings,terreno,rent,70,,,70,"status active and seen on or after 2026-10-02 (remax), 2026-10-02 (uprop), 2026-10-02 (psir), 2026-10-02 (cb), 2026-10-02 (prestige), 2026-09-25 (infocasas)"
py,Paraguay,country,asking_active_listings,rural,rent,4,,,4,"status active and seen on or after 2026-10-02 (remax), 2026-10-02 (uprop), 2026-10-02 (psir), 2026-10-02 (cb), 2026-10-02 (prestige), 2026-09-25 (infocasas)"
py,Paraguay,country,asking_active_listings,edificio,rent,9,,,9,"status active and seen on or after 2026-10-02 (remax), 2026-10-02 (uprop), 2026-10-02 (psir), 2026-10-02 (cb), 2026-10-02 (prestige), 2026-09-25 (infocasas)"
py,Paraguay,country,asking_active_listings,oficina,rent,110,,,110,"status active and seen on or after 2026-10-02 (remax), 2026-10-02 (uprop), 2026-10-02 (psir), 2026-10-02 (cb), 2026-10-02 (prestige), 2026-09-25 (infocasas)"
py,Paraguay,country,asking_active_listings,departamento,rent,2795,,,2795,"status active and seen on or after 2026-10-02 (remax), 2026-10-02 (uprop), 2026-10-02 (psir), 2026-10-02 (cb), 2026-10-02 (prestige), 2026-09-25 (infocasas)"
py,Paraguay,country,asking_active_listings,local,rent,315,,,315,"status active and seen on or after 2026-10-02 (remax), 2026-10-02 (uprop), 2026-10-02 (psir), 2026-10-02 (cb), 2026-10-02 (prestige), 2026-09-25 (infocasas)"
py,Paraguay,country,asking_price_usd,casa,sale,159510,87904,300000,7905,"median ask, USD at SET mid 2026-10-08, sources with 90%+ asks: remax infocasas uprop cb psir prestige"
py,Paraguay,country,asking_price_usd,terreno,sale,66807,29711,149436,7405,"median ask, USD at SET mid 2026-10-08, sources with 90%+ asks: remax infocasas uprop cb psir prestige"
py,Paraguay,country,asking_price_usd,departamento,sale,105000,72000,152242,5146,"median ask, USD at SET mid 2026-10-08, sources with 90%+ asks: remax infocasas uprop cb psir prestige"
py,Paraguay,country,asking_price_usd,otro,sale,158226,92111,354799,400,"median ask, USD at SET mid 2026-10-08, sources with 90%+ asks: remax infocasas uprop cb psir prestige"
py,Paraguay,country,asking_price_usd,local,sale,226775,130732,450000,352,"median ask, USD at SET mid 2026-10-08, sources with 90%+ asks: remax infocasas uprop cb psir prestige"
py,Paraguay,country,asking_price_usd,duplex,sale,124823,96694,158226,261,"median ask, USD at SET mid 2026-10-08, sources with 90%+ asks: remax infocasas uprop cb psir prestige"
py,Paraguay,country,asking_price_usd,rural,sale,717500,210968,2200000,138,"median ask, USD at SET mid 2026-10-08, sources with 90%+ asks: remax infocasas uprop cb psir prestige"
py,Paraguay,country,asking_price_usd,deposito,sale,200000,135371,350000,117,"median ask, USD at SET mid 2026-10-08, sources with 90%+ asks: remax infocasas uprop cb psir prestige"
py,Paraguay,country,asking_price_usd,edificio,sale,340000,182500,625000,107,"median ask, USD at SET mid 2026-10-08, sources with 90%+ asks: remax infocasas uprop cb psir prestige"
py,Paraguay,country,asking_price_usd,oficina,sale,230000,110000,509840,89,"median ask, USD at SET mid 2026-10-08, sources with 90%+ asks: remax infocasas uprop cb psir prestige"
py,Paraguay,country,asking_price_usd,quinta,sale,149436,83948,261250,71,"median ask, USD at SET mid 2026-10-08, sources with 90%+ asks: remax infocasas uprop cb psir prestige"
py,Paraguay,country,asking_usd_per_m2_built,casa,sale,849,586,1153,6383,"built basis, 40-800 m2, 30k-2M USD, sources with 90%+ asks: remax infocasas uprop cb psir prestige"
py,Paraguay,country,asking_usd_per_m2_built,departamento,sale,1745,1413,2099,2503,"built basis, 40-800 m2, 30k-2M USD, sources with 90%+ asks: remax infocasas uprop cb psir prestige"
py,Paraguay,country,asking_usd_per_m2_built,duplex,sale,921,768,1134,195,"built basis, 40-800 m2, 30k-2M USD, sources with 90%+ asks: remax infocasas uprop cb psir prestige"
py,Paraguay,country,asking_usd_per_m2_built,local,sale,845,563,1386,171,"built basis, 40-800 m2, 30k-2M USD, sources with 90%+ asks: remax infocasas uprop cb psir prestige"
py,Paraguay,country,asking_usd_per_m2_built,oficina,sale,1708,940,2257,50,"built basis, 40-800 m2, 30k-2M USD, sources with 90%+ asks: remax infocasas uprop cb psir prestige"
py,Paraguay,country,asking_rent_usd_month,departamento,rent,967,703,1266,2735,"median monthly ask, USD at SET mid 2026-10-08, 50-15000 USD band, sources with 90%+ asks: remax infocasas uprop cb psir prestige"
py,Paraguay,country,asking_rent_usd_month,casa,rent,2110,1195,3165,1561,"median monthly ask, USD at SET mid 2026-10-08, 50-15000 USD band, sources with 90%+ asks: remax infocasas uprop cb psir prestige"
py,Paraguay,country,asking_rent_usd_month,local,rent,791,440,1800,309,"median monthly ask, USD at SET mid 2026-10-08, 50-15000 USD band, sources with 90%+ asks: remax infocasas uprop cb psir prestige"
py,Paraguay,country,asking_rent_usd_month,oficina,rent,800,387,2076,110,"median monthly ask, USD at SET mid 2026-10-08, 50-15000 USD band, sources with 90%+ asks: remax infocasas uprop cb psir prestige"
py,Paraguay,country,asking_rent_usd_month,otro,rent,440,264,870,90,"median monthly ask, USD at SET mid 2026-10-08, 50-15000 USD band, sources with 90%+ asks: remax infocasas uprop cb psir prestige"
py,Paraguay,country,asking_rent_usd_month,terreno,rent,700,404,1231,69,"median monthly ask, USD at SET mid 2026-10-08, 50-15000 USD band, sources with 90%+ asks: remax infocasas uprop cb psir prestige"
py,Paraguay,country,asking_rent_usd_month,deposito,rent,897,615,1800,54,"median monthly ask, USD at SET mid 2026-10-08, 50-15000 USD band, sources with 90%+ asks: remax infocasas uprop cb psir prestige"
py,Paraguay,country,asking_rent_usd_month,duplex,rent,879,703,1200,33,"median monthly ask, USD at SET mid 2026-10-08, 50-15000 USD band, sources with 90%+ asks: remax infocasas uprop cb psir prestige"
py,Paraguay,country,asking_rent_usd_month,edificio,rent,,,,9,"suppressed, n below 20"
py,Paraguay,country,asking_rent_usd_month,rural,rent,,,,3,"suppressed, n below 20"
py,Paraguay,country,asking_rent_usd_month,quinta,rent,,,,1,"suppressed, n below 20"
py,Paraguay,country,asking_staleness_days,terreno,sale,241,,557,4341,"days since source publish date, sources: remax prestige"
py,Paraguay,country,asking_staleness_days,casa,sale,204,,472,2306,"days since source publish date, sources: remax prestige"
py,Paraguay,country,asking_staleness_days,departamento,sale,225,,499,1730,"days since source publish date, sources: remax prestige"
py,Paraguay,country,asking_staleness_days,otro,sale,211,,443,367,"days since source publish date, sources: remax prestige"
py,Paraguay,country,asking_staleness_days,duplex,sale,233,,466,260,"days since source publish date, sources: remax prestige"
py,Paraguay,country,asking_staleness_days,local,sale,247,,522,161,"days since source publish date, sources: remax prestige"
py,Paraguay,country,asking_staleness_days,deposito,sale,344,,671,117,"days since source publish date, sources: remax prestige"
py,Paraguay,country,asking_staleness_days,edificio,sale,423,,720,103,"days since source publish date, sources: remax prestige"
py,Paraguay,country,asking_staleness_days,oficina,sale,333,,751,85,"days since source publish date, sources: remax prestige"
py,Paraguay,country,asking_staleness_days,quinta,sale,234,,467,69,"days since source publish date, sources: remax prestige"
py,Paraguay,country,asking_staleness_days,rural,sale,623,,1123,64,"days since source publish date, sources: remax prestige"
py,Paraguay,country,asking_flow_30d_cuts,,all,488,,,488,events 2026-09-10 to 2026-10-09
py,Paraguay,country,asking_flow_30d_increases,,all,232,,,232,events 2026-09-10 to 2026-10-09
py,Paraguay,country,asking_flow_30d_new,,all,2641,,,2641,events 2026-09-10 to 2026-10-09
py,Paraguay,country,asking_flow_30d_delisted,,all,625,,,625,events 2026-09-10 to 2026-10-09
py,Paraguay,country,asking_flow_30d_went_sold,,all,225,,,225,events 2026-09-10 to 2026-10-09
py,Paraguay,country,asking_flow_30d_went_rented,,all,211,,,211,events 2026-09-10 to 2026-10-09
py,Paraguay,country,asking_flow_30d_cuts,,sale,372,,,372,events 2026-09-10 to 2026-10-09
py,Paraguay,country,asking_flow_30d_increases,,sale,202,,,202,events 2026-09-10 to 2026-10-09
py,Paraguay,country,asking_flow_30d_new,,sale,1760,,,1760,events 2026-09-10 to 2026-10-09
py,Paraguay,country,asking_flow_30d_delisted,,sale,548,,,548,events 2026-09-10 to 2026-10-09
py,Paraguay,country,asking_flow_30d_went_sold,,sale,225,,,225,events 2026-09-10 to 2026-10-09
py,Paraguay,country,asking_flow_30d_went_rented,,sale,0,,,0,events 2026-09-10 to 2026-10-09
py,Paraguay,country,asking_flow_30d_cuts,,rent,116,,,116,events 2026-09-10 to 2026-10-09
py,Paraguay,country,asking_flow_30d_increases,,rent,30,,,30,events 2026-09-10 to 2026-10-09
py,Paraguay,country,asking_flow_30d_new,,rent,881,,,881,events 2026-09-10 to 2026-10-09
py,Paraguay,country,asking_flow_30d_delisted,,rent,76,,,76,events 2026-09-10 to 2026-10-09
py,Paraguay,country,asking_flow_30d_went_sold,,rent,0,,,0,events 2026-09-10 to 2026-10-09
py,Paraguay,country,asking_flow_30d_went_rented,,rent,211,,,211,events 2026-09-10 to 2026-10-09
py,Paraguay,country,reo_parcels_active,,sale,406,,,406,bank REO lists
py,Paraguay,country,reo_parcels_priced,,sale,301,,,301,bank REO lists
py,Paraguay,country,closed_ask_to_close_pct,all,sale,-3,-8.5,0,1304,"same-currency broker-reported closes 2024-02-23 to 2026-10-08, terminal-ask basis"
py,Paraguay,country,closed_at_ask_share_pct,all,sale,39.3,,,1304,512 of 1304 report a price identical to the last ask
py,Paraguay,country,closed_below_ask_median_pct,all,sale,-7.5,,,765,median spread of closes below the last ask
py,Paraguay,country,closed_ask_to_close_pct,terreno,sale,-4,-10,0,607,"same-currency broker-reported closes 2024-02-23 to 2026-10-08, terminal-ask basis"
py,Paraguay,country,closed_at_ask_share_pct,terreno,sale,38.9,,,607,236 of 607 report a price identical to the last ask
py,Paraguay,country,closed_below_ask_median_pct,terreno,sale,-8.5,,,364,median spread of closes below the last ask
py,Paraguay,country,closed_ask_to_close_pct,casa,sale,-3.3,-8.2,0,375,"same-currency broker-reported closes 2024-05-30 to 2026-10-08, terminal-ask basis"
py,Paraguay,country,closed_at_ask_share_pct,casa,sale,37.3,,,375,140 of 375 report a price identical to the last ask
py,Paraguay,country,closed_below_ask_median_pct,casa,sale,-7.3,,,226,median spread of closes below the last ask
py,Paraguay,country,closed_ask_to_close_pct,departamento,sale,0,-4.9,0,174,"same-currency broker-reported closes 2024-04-12 to 2026-10-07, terminal-ask basis"
py,Paraguay,country,closed_at_ask_share_pct,departamento,sale,50,,,174,87 of 174 report a price identical to the last ask
py,Paraguay,country,closed_below_ask_median_pct,departamento,sale,-5.1,,,81,median spread of closes below the last ask
py,Paraguay,country,closed_ask_to_close_pct,duplex,sale,-1.8,-5.2,0,79,"same-currency broker-reported closes 2024-03-04 to 2026-10-06, terminal-ask basis"
py,Paraguay,country,closed_at_ask_share_pct,duplex,sale,32.9,,,79,26 of 79 report a price identical to the last ask
py,Paraguay,country,closed_below_ask_median_pct,duplex,sale,-4.4,,,50,median spread of closes below the last ask
py,Paraguay,country,closed_ask_to_close_pct,all,rent,0,0,0,2364,"same-currency broker-reported closes 2023-06-27 to 2026-10-09, terminal-ask basis"
py,Paraguay,country,closed_at_ask_share_pct,all,rent,74.3,,,2364,1757 of 2364 report a price identical to the last ask
py,Paraguay,country,closed_below_ask_median_pct,all,rent,-9.1,,,553,median spread of closes below the last ask
py,Paraguay,country,closed_ask_to_close_pct,departamento,rent,0,0,0,1025,"same-currency broker-reported closes 2023-06-27 to 2026-10-09, terminal-ask basis"
py,Paraguay,country,closed_at_ask_share_pct,departamento,rent,77.7,,,1025,796 of 1025 report a price identical to the last ask
py,Paraguay,country,closed_below_ask_median_pct,departamento,rent,-6.7,,,208,median spread of closes below the last ask
py,Paraguay,country,closed_ask_to_close_pct,casa,rent,0,0,0,531,"same-currency broker-reported closes 2024-02-06 to 2026-10-05, terminal-ask basis"
py,Paraguay,country,closed_at_ask_share_pct,casa,rent,75.9,,,531,403 of 531 report a price identical to the last ask
py,Paraguay,country,closed_below_ask_median_pct,casa,rent,-10.3,,,115,median spread of closes below the last ask
py,Paraguay,country,closed_ask_to_close_pct,local,rent,0,-8.3,0,259,"same-currency broker-reported closes 2024-04-26 to 2026-10-06, terminal-ask basis"
py,Paraguay,country,closed_at_ask_share_pct,local,rent,62.9,,,259,163 of 259 report a price identical to the last ask
py,Paraguay,country,closed_below_ask_median_pct,local,rent,-14.1,,,90,median spread of closes below the last ask
py,Paraguay,country,closed_ask_to_close_pct,duplex,rent,0,0,0,223,"same-currency broker-reported closes 2024-02-22 to 2026-10-02, terminal-ask basis"
py,Paraguay,country,closed_at_ask_share_pct,duplex,rent,75.8,,,223,169 of 223 report a price identical to the last ask
py,Paraguay,country,closed_below_ask_median_pct,duplex,rent,-8.3,,,49,median spread of closes below the last ask
py,Paraguay,country,closed_ask_to_close_pct,otro,rent,0,0,0,103,"same-currency broker-reported closes 2024-08-24 to 2026-10-06, terminal-ask basis"
py,Paraguay,country,closed_at_ask_share_pct,otro,rent,78.6,,,103,81 of 103 report a price identical to the last ask
py,Paraguay,country,closed_below_ask_median_pct,otro,rent,,,,19,"suppressed, fewer than 30 closes below ask"
py,Paraguay,country,closed_ask_to_close_pct,oficina,rent,0,-3.2,0,97,"same-currency broker-reported closes 2025-05-29 to 2026-10-05, terminal-ask basis"
py,Paraguay,country,closed_at_ask_share_pct,oficina,rent,66,,,97,64 of 97 report a price identical to the last ask
py,Paraguay,country,closed_below_ask_median_pct,oficina,rent,,,,29,"suppressed, fewer than 30 closes below ask"
py,Paraguay,country,closed_ask_to_close_pct,deposito,rent,0,-7.5,0,93,"same-currency broker-reported closes 2024-05-01 to 2026-10-07, terminal-ask basis"
py,Paraguay,country,closed_at_ask_share_pct,deposito,rent,61.3,,,93,57 of 93 report a price identical to the last ask
py,Paraguay,country,closed_below_ask_median_pct,deposito,rent,-12.5,,,34,median spread of closes below the last ask
d:asuncion,Asunción,department,asking_listed_active,,,33450,,,33450,"status active on stock sources (remax uprop psir cb prestige infocasas), seen or not"
d:asuncion,Asunción,department,asking_active_listings,casa,sale,3252,,,3252,"status active and seen on or after 2026-10-02 (remax), 2026-10-02 (uprop), 2026-10-02 (psir), 2026-10-02 (cb), 2026-10-02 (prestige), 2026-09-25 (infocasas)"
d:asuncion,Asunción,department,asking_active_listings,deposito,sale,22,,,22,"status active and seen on or after 2026-10-02 (remax), 2026-10-02 (uprop), 2026-10-02 (psir), 2026-10-02 (cb), 2026-10-02 (prestige), 2026-09-25 (infocasas)"
d:asuncion,Asunción,department,asking_active_listings,edificio,sale,43,,,43,"status active and seen on or after 2026-10-02 (remax), 2026-10-02 (uprop), 2026-10-02 (psir), 2026-10-02 (cb), 2026-10-02 (prestige), 2026-09-25 (infocasas)"
d:asuncion,Asunción,department,asking_active_listings,terreno,sale,816,,,816,"status active and seen on or after 2026-10-02 (remax), 2026-10-02 (uprop), 2026-10-02 (psir), 2026-10-02 (cb), 2026-10-02 (prestige), 2026-09-25 (infocasas)"
d:asuncion,Asunción,department,asking_active_listings,duplex,sale,34,,,34,"status active and seen on or after 2026-10-02 (remax), 2026-10-02 (uprop), 2026-10-02 (psir), 2026-10-02 (cb), 2026-10-02 (prestige), 2026-09-25 (infocasas)"
d:asuncion,Asunción,department,asking_active_listings,oficina,sale,87,,,87,"status active and seen on or after 2026-10-02 (remax), 2026-10-02 (uprop), 2026-10-02 (psir), 2026-10-02 (cb), 2026-10-02 (prestige), 2026-09-25 (infocasas)"
d:asuncion,Asunción,department,asking_active_listings,rural,sale,11,,,11,"status active and seen on or after 2026-10-02 (remax), 2026-10-02 (uprop), 2026-10-02 (psir), 2026-10-02 (cb), 2026-10-02 (prestige), 2026-09-25 (infocasas)"
d:asuncion,Asunción,department,asking_active_listings,quinta,sale,1,,,1,"status active and seen on or after 2026-10-02 (remax), 2026-10-02 (uprop), 2026-10-02 (psir), 2026-10-02 (cb), 2026-10-02 (prestige), 2026-09-25 (infocasas)"
d:asuncion,Asunción,department,asking_active_listings,departamento,sale,4075,,,4075,"status active and seen on or after 2026-10-02 (remax), 2026-10-02 (uprop), 2026-10-02 (psir), 2026-10-02 (cb), 2026-10-02 (prestige), 2026-09-25 (infocasas)"
d:asuncion,Asunción,department,asking_active_listings,otro,sale,76,,,76,"status active and seen on or after 2026-10-02 (remax), 2026-10-02 (uprop), 2026-10-02 (psir), 2026-10-02 (cb), 2026-10-02 (prestige), 2026-09-25 (infocasas)"
d:asuncion,Asunción,department,asking_active_listings,local,sale,170,,,170,"status active and seen on or after 2026-10-02 (remax), 2026-10-02 (uprop), 2026-10-02 (psir), 2026-10-02 (cb), 2026-10-02 (prestige), 2026-09-25 (infocasas)"
d:asuncion,Asunción,department,asking_active_listings,local,rent,122,,,122,"status active and seen on or after 2026-10-02 (remax), 2026-10-02 (uprop), 2026-10-02 (psir), 2026-10-02 (cb), 2026-10-02 (prestige), 2026-09-25 (infocasas)"
d:asuncion,Asunción,department,asking_active_listings,deposito,rent,6,,,6,"status active and seen on or after 2026-10-02 (remax), 2026-10-02 (uprop), 2026-10-02 (psir), 2026-10-02 (cb), 2026-10-02 (prestige), 2026-09-25 (infocasas)"
d:asuncion,Asunción,department,asking_active_listings,otro,rent,17,,,17,"status active and seen on or after 2026-10-02 (remax), 2026-10-02 (uprop), 2026-10-02 (psir), 2026-10-02 (cb), 2026-10-02 (prestige), 2026-09-25 (infocasas)"
d:asuncion,Asunción,department,asking_active_listings,terreno,rent,9,,,9,"status active and seen on or after 2026-10-02 (remax), 2026-10-02 (uprop), 2026-10-02 (psir), 2026-10-02 (cb), 2026-10-02 (prestige), 2026-09-25 (infocasas)"
d:asuncion,Asunción,department,asking_active_listings,oficina,rent,64,,,64,"status active and seen on or after 2026-10-02 (remax), 2026-10-02 (uprop), 2026-10-02 (psir), 2026-10-02 (cb), 2026-10-02 (prestige), 2026-09-25 (infocasas)"
d:asuncion,Asunción,department,asking_active_listings,duplex,rent,6,,,6,"status active and seen on or after 2026-10-02 (remax), 2026-10-02 (uprop), 2026-10-02 (psir), 2026-10-02 (cb), 2026-10-02 (prestige), 2026-09-25 (infocasas)"
d:asuncion,Asunción,department,asking_active_listings,edificio,rent,4,,,4,"status active and seen on or after 2026-10-02 (remax), 2026-10-02 (uprop), 2026-10-02 (psir), 2026-10-02 (cb), 2026-10-02 (prestige), 2026-09-25 (infocasas)"
d:asuncion,Asunción,department,asking_active_listings,casa,rent,1335,,,1335,"status active and seen on or after 2026-10-02 (remax), 2026-10-02 (uprop), 2026-10-02 (psir), 2026-10-02 (cb), 2026-10-02 (prestige), 2026-09-25 (infocasas)"
d:asuncion,Asunción,department,asking_active_listings,departamento,rent,2446,,,2446,"status active and seen on or after 2026-10-02 (remax), 2026-10-02 (uprop), 2026-10-02 (psir), 2026-10-02 (cb), 2026-10-02 (prestige), 2026-09-25 (infocasas)"
d:asuncion,Asunción,department,asking_price_usd,departamento,sale,112728,78844,164733,4075,"median ask, USD at SET mid 2026-10-08, sources with 90%+ asks: remax infocasas uprop cb psir prestige"
d:asuncion,Asunción,department,asking_price_usd,casa,sale,285000,170533,490000,3251,"median ask, USD at SET mid 2026-10-08, sources with 90%+ asks: remax infocasas uprop cb psir prestige"
d:asuncion,Asunción,department,asking_price_usd,terreno,sale,210968,109750,450000,816,"median ask, USD at SET mid 2026-10-08, sources with 90%+ asks: remax infocasas uprop cb psir prestige"
d:asuncion,Asunción,department,asking_price_usd,local,sale,293750,147599,625000,170,"median ask, USD at SET mid 2026-10-08, sources with 90%+ asks: remax infocasas uprop cb psir prestige"
d:asuncion,Asunción,department,asking_price_usd,oficina,sale,230000,112300,536210,86,"median ask, USD at SET mid 2026-10-08, sources with 90%+ asks: remax infocasas uprop cb psir prestige"
d:asuncion,Asunción,department,asking_price_usd,otro,sale,185197,104000,280000,76,"median ask, USD at SET mid 2026-10-08, sources with 90%+ asks: remax infocasas uprop cb psir prestige"
d:asuncion,Asunción,department,asking_price_usd,edificio,sale,337500,200000,710000,42,"median ask, USD at SET mid 2026-10-08, sources with 90%+ asks: remax infocasas uprop cb psir prestige"
d:asuncion,Asunción,department,asking_price_usd,duplex,sale,194194,141525,246250,34,"median ask, USD at SET mid 2026-10-08, sources with 90%+ asks: remax infocasas uprop cb psir prestige"
d:asuncion,Asunción,department,asking_price_usd,deposito,sale,261250,181250,368069,22,"median ask, USD at SET mid 2026-10-08, sources with 90%+ asks: remax infocasas uprop cb psir prestige"
d:asuncion,Asunción,department,asking_price_usd,rural,sale,,,,11,"suppressed, n below 20"
d:asuncion,Asunción,department,asking_price_usd,quinta,sale,,,,1,"suppressed, n below 20"
d:asuncion,Asunción,department,asking_usd_per_m2_built,casa,sale,1003,707,1397,2654,"built basis, 40-800 m2, 30k-2M USD, sources with 90%+ asks: remax infocasas uprop cb psir prestige"
d:asuncion,Asunción,department,asking_usd_per_m2_built,departamento,sale,1794,1492,2145,2183,"built basis, 40-800 m2, 30k-2M USD, sources with 90%+ asks: remax infocasas uprop cb psir prestige"
d:asuncion,Asunción,department,asking_usd_per_m2_built,local,sale,968,700,1800,81,"built basis, 40-800 m2, 30k-2M USD, sources with 90%+ asks: remax infocasas uprop cb psir prestige"
d:asuncion,Asunción,department,asking_usd_per_m2_built,oficina,sale,1717,955,2246,47,"built basis, 40-800 m2, 30k-2M USD, sources with 90%+ asks: remax infocasas uprop cb psir prestige"
d:asuncion,Asunción,department,asking_usd_per_m2_built,duplex,sale,1090,870,1340,28,"built basis, 40-800 m2, 30k-2M USD, sources with 90%+ asks: remax infocasas uprop cb psir prestige"
d:asuncion,Asunción,department,asking_rent_usd_month,departamento,rent,1000,791,1300,2429,"median monthly ask, USD at SET mid 2026-10-08, 50-15000 USD band, sources with 90%+ asks: remax infocasas uprop cb psir prestige"
d:asuncion,Asunción,department,asking_rent_usd_month,casa,rent,2300,1406,3300,1326,"median monthly ask, USD at SET mid 2026-10-08, 50-15000 USD band, sources with 90%+ asks: remax infocasas uprop cb psir prestige"
d:asuncion,Asunción,department,asking_rent_usd_month,local,rent,1692,703,2886,119,"median monthly ask, USD at SET mid 2026-10-08, 50-15000 USD band, sources with 90%+ asks: remax infocasas uprop cb psir prestige"
d:asuncion,Asunción,department,asking_rent_usd_month,oficina,rent,826,385,1496,64,"median monthly ask, USD at SET mid 2026-10-08, 50-15000 USD band, sources with 90%+ asks: remax infocasas uprop cb psir prestige"
d:asuncion,Asunción,department,asking_rent_usd_month,otro,rent,,,,17,"suppressed, n below 20"
d:asuncion,Asunción,department,asking_rent_usd_month,terreno,rent,,,,9,"suppressed, n below 20"
d:asuncion,Asunción,department,asking_rent_usd_month,deposito,rent,,,,6,"suppressed, n below 20"
d:asuncion,Asunción,department,asking_rent_usd_month,duplex,rent,,,,6,"suppressed, n below 20"
d:asuncion,Asunción,department,asking_rent_usd_month,edificio,rent,,,,4,"suppressed, n below 20"
d:asuncion,Asunción,department,asking_staleness_days,departamento,sale,219,,463,1166,"days since source publish date, sources: remax prestige"
d:asuncion,Asunción,department,asking_staleness_days,casa,sale,190,,474,342,"days since source publish date, sources: remax prestige"
d:asuncion,Asunción,department,asking_staleness_days,terreno,sale,247,,525,307,"days since source publish date, sources: remax prestige"
d:asuncion,Asunción,department,asking_staleness_days,oficina,sale,317,,751,82,"days since source publish date, sources: remax prestige"
d:asuncion,Asunción,department,asking_staleness_days,otro,sale,144,,524,59,"days since source publish date, sources: remax prestige"
d:asuncion,Asunción,department,asking_staleness_days,local,sale,233,,515,55,"days since source publish date, sources: remax prestige"
d:asuncion,Asunción,department,asking_staleness_days,edificio,sale,475,,772,40,"days since source publish date, sources: remax prestige"
d:asuncion,Asunción,department,asking_staleness_days,duplex,sale,192,,439,34,"days since source publish date, sources: remax prestige"
d:asuncion,Asunción,department,asking_staleness_days,deposito,sale,243,,461,22,"days since source publish date, sources: remax prestige"
d:asuncion,Asunción,department,asking_staleness_days,quinta,sale,,,,1,"suppressed, n below 20"
d:asuncion,Asunción,department,asking_flow_30d_cuts,,all,170,,,170,events 2026-09-10 to 2026-10-09
d:asuncion,Asunción,department,asking_flow_30d_increases,,all,108,,,108,events 2026-09-10 to 2026-10-09
d:asuncion,Asunción,department,asking_flow_30d_new,,all,1330,,,1330,events 2026-09-10 to 2026-10-09
d:asuncion,Asunción,department,asking_flow_30d_delisted,,all,156,,,156,events 2026-09-10 to 2026-10-09
d:asuncion,Asunción,department,asking_flow_30d_went_sold,,all,88,,,88,events 2026-09-10 to 2026-10-09
d:asuncion,Asunción,department,asking_flow_30d_went_rented,,all,80,,,80,events 2026-09-10 to 2026-10-09
d:asuncion,Asunción,department,asking_flow_30d_cuts,,sale,107,,,107,events 2026-09-10 to 2026-10-09
d:asuncion,Asunción,department,asking_flow_30d_increases,,sale,92,,,92,events 2026-09-10 to 2026-10-09
d:asuncion,Asunción,department,asking_flow_30d_new,,sale,656,,,656,events 2026-09-10 to 2026-10-09
d:asuncion,Asunción,department,asking_flow_30d_delisted,,sale,132,,,132,events 2026-09-10 to 2026-10-09
d:asuncion,Asunción,department,asking_flow_30d_went_sold,,sale,88,,,88,events 2026-09-10 to 2026-10-09
d:asuncion,Asunción,department,asking_flow_30d_went_rented,,sale,0,,,0,events 2026-09-10 to 2026-10-09
d:asuncion,Asunción,department,asking_flow_30d_cuts,,rent,63,,,63,events 2026-09-10 to 2026-10-09
d:asuncion,Asunción,department,asking_flow_30d_increases,,rent,16,,,16,events 2026-09-10 to 2026-10-09
d:asuncion,Asunción,department,asking_flow_30d_new,,rent,674,,,674,events 2026-09-10 to 2026-10-09
d:asuncion,Asunción,department,asking_flow_30d_delisted,,rent,24,,,24,events 2026-09-10 to 2026-10-09
d:asuncion,Asunción,department,asking_flow_30d_went_sold,,rent,0,,,0,events 2026-09-10 to 2026-10-09
d:asuncion,Asunción,department,asking_flow_30d_went_rented,,rent,80,,,80,events 2026-09-10 to 2026-10-09
d:asuncion,Asunción,department,reo_parcels_active,,sale,37,,,37,bank REO lists
d:asuncion,Asunción,department,reo_parcels_priced,,sale,23,,,23,bank REO lists
d:asuncion,Asunción,department,closed_ask_to_close_pct,all,sale,-2.7,-7.9,0,251,"same-currency broker-reported closes 2024-04-12 to 2026-10-01, terminal-ask basis"
d:asuncion,Asunción,department,closed_at_ask_share_pct,all,sale,39.8,,,251,100 of 251 report a price identical to the last ask
d:asuncion,Asunción,department,closed_below_ask_median_pct,all,sale,-7.3,,,144,median spread of closes below the last ask
d:asuncion,Asunción,department,closed_ask_to_close_pct,departamento,sale,0,-5.4,0,130,"same-currency broker-reported closes 2024-04-12 to 2026-09-29, terminal-ask basis"
d:asuncion,Asunción,department,closed_at_ask_share_pct,departamento,sale,48.5,,,130,63 of 130 report a price identical to the last ask
d:asuncion,Asunción,department,closed_below_ask_median_pct,departamento,sale,-6.6,,,61,median spread of closes below the last ask
d:asuncion,Asunción,department,closed_ask_to_close_pct,casa,sale,-6.1,-11.1,0,66,"same-currency broker-reported closes 2024-10-01 to 2026-09-18, terminal-ask basis"
d:asuncion,Asunción,department,closed_at_ask_share_pct,casa,sale,27.3,,,66,18 of 66 report a price identical to the last ask
d:asuncion,Asunción,department,closed_below_ask_median_pct,casa,sale,-7.8,,,47,median spread of closes below the last ask
d:asuncion,Asunción,department,closed_ask_to_close_pct,terreno,sale,-4.8,-10.8,0,41,"same-currency broker-reported closes 2024-10-24 to 2026-09-29, terminal-ask basis"
d:asuncion,Asunción,department,closed_at_ask_share_pct,terreno,sale,31.7,,,41,13 of 41 report a price identical to the last ask
d:asuncion,Asunción,department,closed_below_ask_median_pct,terreno,sale,,,,28,"suppressed, fewer than 30 closes below ask"
d:asuncion,Asunción,department,closed_ask_to_close_pct,all,rent,0,-2.8,0,854,"same-currency broker-reported closes 2023-06-27 to 2026-10-09, terminal-ask basis"
d:asuncion,Asunción,department,closed_at_ask_share_pct,all,rent,69.3,,,854,592 of 854 report a price identical to the last ask
d:asuncion,Asunción,department,closed_below_ask_median_pct,all,rent,-7.7,,,240,median spread of closes below the last ask
d:asuncion,Asunción,department,closed_ask_to_close_pct,departamento,rent,0,0,0,531,"same-currency broker-reported closes 2023-06-27 to 2026-10-09, terminal-ask basis"
d:asuncion,Asunción,department,closed_at_ask_share_pct,departamento,rent,73.8,,,531,392 of 531 report a price identical to the last ask
d:asuncion,Asunción,department,closed_below_ask_median_pct,departamento,rent,-5.5,,,132,median spread of closes below the last ask
d:asuncion,Asunción,department,closed_ask_to_close_pct,casa,rent,0,-5,0,105,"same-currency broker-reported closes 2024-04-26 to 2026-10-05, terminal-ask basis"
d:asuncion,Asunción,department,closed_at_ask_share_pct,casa,rent,64.8,,,105,68 of 105 report a price identical to the last ask
d:asuncion,Asunción,department,closed_below_ask_median_pct,casa,rent,-9.1,,,31,median spread of closes below the last ask
d:asuncion,Asunción,department,closed_ask_to_close_pct,local,rent,0,-11.2,0,75,"same-currency broker-reported closes 2024-04-26 to 2026-10-06, terminal-ask basis"
d:asuncion,Asunción,department,closed_at_ask_share_pct,local,rent,53.3,,,75,40 of 75 report a price identical to the last ask
d:asuncion,Asunción,department,closed_below_ask_median_pct,local,rent,-13.3,,,33,median spread of closes below the last ask
d:asuncion,Asunción,department,closed_ask_to_close_pct,oficina,rent,0,-6.7,0,58,"same-currency broker-reported closes 2025-05-29 to 2026-10-02, terminal-ask basis"
d:asuncion,Asunción,department,closed_at_ask_share_pct,oficina,rent,58.6,,,58,34 of 58 report a price identical to the last ask
d:asuncion,Asunción,department,closed_below_ask_median_pct,oficina,rent,,,,21,"suppressed, fewer than 30 closes below ask"
d:asuncion,Asunción,department,closed_ask_to_close_pct,duplex,rent,0,0,0,40,"same-currency broker-reported closes 2024-02-22 to 2026-09-14, terminal-ask basis"
d:asuncion,Asunción,department,closed_at_ask_share_pct,duplex,rent,72.5,,,40,29 of 40 report a price identical to the last ask
d:asuncion,Asunción,department,closed_below_ask_median_pct,duplex,rent,,,,9,"suppressed, fewer than 30 closes below ask"
d:central,Central,department,asking_listed_active,,,20468,,,20468,"status active on stock sources (remax uprop psir cb prestige infocasas), seen or not"
d:central,Central,department,asking_active_listings,duplex,sale,187,,,187,"status active and seen on or after 2026-10-02 (remax), 2026-10-02 (uprop), 2026-10-02 (psir), 2026-10-02 (cb), 2026-10-02 (prestige), 2026-09-25 (infocasas)"
d:central,Central,department,asking_active_listings,rural,sale,11,,,11,"status active and seen on or after 2026-10-02 (remax), 2026-10-02 (uprop), 2026-10-02 (psir), 2026-10-02 (cb), 2026-10-02 (prestige), 2026-09-25 (infocasas)"
d:central,Central,department,asking_active_listings,casa,sale,3759,,,3759,"status active and seen on or after 2026-10-02 (remax), 2026-10-02 (uprop), 2026-10-02 (psir), 2026-10-02 (cb), 2026-10-02 (prestige), 2026-09-25 (infocasas)"
d:central,Central,department,asking_active_listings,departamento,sale,767,,,767,"status active and seen on or after 2026-10-02 (remax), 2026-10-02 (uprop), 2026-10-02 (psir), 2026-10-02 (cb), 2026-10-02 (prestige), 2026-09-25 (infocasas)"
d:central,Central,department,asking_active_listings,otro,sale,110,,,110,"status active and seen on or after 2026-10-02 (remax), 2026-10-02 (uprop), 2026-10-02 (psir), 2026-10-02 (cb), 2026-10-02 (prestige), 2026-09-25 (infocasas)"
d:central,Central,department,asking_active_listings,terreno,sale,3972,,,3972,"status active and seen on or after 2026-10-02 (remax), 2026-10-02 (uprop), 2026-10-02 (psir), 2026-10-02 (cb), 2026-10-02 (prestige), 2026-09-25 (infocasas)"
d:central,Central,department,asking_active_listings,local,sale,111,,,111,"status active and seen on or after 2026-10-02 (remax), 2026-10-02 (uprop), 2026-10-02 (psir), 2026-10-02 (cb), 2026-10-02 (prestige), 2026-09-25 (infocasas)"
d:central,Central,department,asking_active_listings,quinta,sale,28,,,28,"status active and seen on or after 2026-10-02 (remax), 2026-10-02 (uprop), 2026-10-02 (psir), 2026-10-02 (cb), 2026-10-02 (prestige), 2026-09-25 (infocasas)"
d:central,Central,department,asking_active_listings,edificio,sale,28,,,28,"status active and seen on or after 2026-10-02 (remax), 2026-10-02 (uprop), 2026-10-02 (psir), 2026-10-02 (cb), 2026-10-02 (prestige), 2026-09-25 (infocasas)"
d:central,Central,department,asking_active_listings,deposito,sale,63,,,63,"status active and seen on or after 2026-10-02 (remax), 2026-10-02 (uprop), 2026-10-02 (psir), 2026-10-02 (cb), 2026-10-02 (prestige), 2026-09-25 (infocasas)"
d:central,Central,department,asking_active_listings,otro,rent,39,,,39,"status active and seen on or after 2026-10-02 (remax), 2026-10-02 (uprop), 2026-10-02 (psir), 2026-10-02 (cb), 2026-10-02 (prestige), 2026-09-25 (infocasas)"
d:central,Central,department,asking_active_listings,local,rent,153,,,153,"status active and seen on or after 2026-10-02 (remax), 2026-10-02 (uprop), 2026-10-02 (psir), 2026-10-02 (cb), 2026-10-02 (prestige), 2026-09-25 (infocasas)"
d:central,Central,department,asking_active_listings,oficina,rent,11,,,11,"status active and seen on or after 2026-10-02 (remax), 2026-10-02 (uprop), 2026-10-02 (psir), 2026-10-02 (cb), 2026-10-02 (prestige), 2026-09-25 (infocasas)"
d:central,Central,department,asking_active_listings,edificio,rent,1,,,1,"status active and seen on or after 2026-10-02 (remax), 2026-10-02 (uprop), 2026-10-02 (psir), 2026-10-02 (cb), 2026-10-02 (prestige), 2026-09-25 (infocasas)"
d:central,Central,department,asking_active_listings,terreno,rent,36,,,36,"status active and seen on or after 2026-10-02 (remax), 2026-10-02 (uprop), 2026-10-02 (psir), 2026-10-02 (cb), 2026-10-02 (prestige), 2026-09-25 (infocasas)"
d:central,Central,department,asking_active_listings,duplex,rent,19,,,19,"status active and seen on or after 2026-10-02 (remax), 2026-10-02 (uprop), 2026-10-02 (psir), 2026-10-02 (cb), 2026-10-02 (prestige), 2026-09-25 (infocasas)"
d:central,Central,department,asking_active_listings,departamento,rent,285,,,285,"status active and seen on or after 2026-10-02 (remax), 2026-10-02 (uprop), 2026-10-02 (psir), 2026-10-02 (cb), 2026-10-02 (prestige), 2026-09-25 (infocasas)"
d:central,Central,department,asking_active_listings,deposito,rent,30,,,30,"status active and seen on or after 2026-10-02 (remax), 2026-10-02 (uprop), 2026-10-02 (psir), 2026-10-02 (cb), 2026-10-02 (prestige), 2026-09-25 (infocasas)"
d:central,Central,department,asking_active_listings,rural,rent,1,,,1,"status active and seen on or after 2026-10-02 (remax), 2026-10-02 (uprop), 2026-10-02 (psir), 2026-10-02 (cb), 2026-10-02 (prestige), 2026-09-25 (infocasas)"
d:central,Central,department,asking_active_listings,casa,rent,150,,,150,"status active and seen on or after 2026-10-02 (remax), 2026-10-02 (uprop), 2026-10-02 (psir), 2026-10-02 (cb), 2026-10-02 (prestige), 2026-09-25 (infocasas)"
d:central,Central,department,asking_price_usd,terreno,sale,64700,32524,138888,3972,"median ask, USD at SET mid 2026-10-08, sources with 90%+ asks: remax infocasas uprop cb psir prestige"
d:central,Central,department,asking_price_usd,casa,sale,105484,68565,167017,3759,"median ask, USD at SET mid 2026-10-08, sources with 90%+ asks: remax infocasas uprop cb psir prestige"
d:central,Central,department,asking_price_usd,departamento,sale,77355,53052,96694,767,"median ask, USD at SET mid 2026-10-08, sources with 90%+ asks: remax infocasas uprop cb psir prestige"
d:central,Central,department,asking_price_usd,duplex,sale,120076,89239,149436,187,"median ask, USD at SET mid 2026-10-08, sources with 90%+ asks: remax infocasas uprop cb psir prestige"
d:central,Central,department,asking_price_usd,local,sale,188114,114275,350807,111,"median ask, USD at SET mid 2026-10-08, sources with 90%+ asks: remax infocasas uprop cb psir prestige"
d:central,Central,department,asking_price_usd,otro,sale,158226,91321,448248,110,"median ask, USD at SET mid 2026-10-08, sources with 90%+ asks: remax infocasas uprop cb psir prestige"
d:central,Central,department,asking_price_usd,deposito,sale,200000,130928,363597,63,"median ask, USD at SET mid 2026-10-08, sources with 90%+ asks: remax infocasas uprop cb psir prestige"
d:central,Central,department,asking_price_usd,edificio,sale,295041,164819,428953,28,"median ask, USD at SET mid 2026-10-08, sources with 90%+ asks: remax infocasas uprop cb psir prestige"
d:central,Central,department,asking_price_usd,quinta,sale,86145,62851,167763,28,"median ask, USD at SET mid 2026-10-08, sources with 90%+ asks: remax infocasas uprop cb psir prestige"
d:central,Central,department,asking_price_usd,rural,sale,,,,11,"suppressed, n below 20"
d:central,Central,department,asking_usd_per_m2_built,casa,sale,759,535,996,2986,"built basis, 40-800 m2, 30k-2M USD, sources with 90%+ asks: remax infocasas uprop cb psir prestige"
d:central,Central,department,asking_usd_per_m2_built,departamento,sale,1292,1104,1489,234,"built basis, 40-800 m2, 30k-2M USD, sources with 90%+ asks: remax infocasas uprop cb psir prestige"
d:central,Central,department,asking_usd_per_m2_built,duplex,sale,921,774,1116,133,"built basis, 40-800 m2, 30k-2M USD, sources with 90%+ asks: remax infocasas uprop cb psir prestige"
d:central,Central,department,asking_usd_per_m2_built,local,sale,792,466,1121,58,"built basis, 40-800 m2, 30k-2M USD, sources with 90%+ asks: remax infocasas uprop cb psir prestige"
d:central,Central,department,asking_rent_usd_month,departamento,rent,615,415,721,242,"median monthly ask, USD at SET mid 2026-10-08, 50-15000 USD band, sources with 90%+ asks: remax infocasas uprop cb psir prestige"
d:central,Central,department,asking_rent_usd_month,local,rent,598,352,1134,150,"median monthly ask, USD at SET mid 2026-10-08, 50-15000 USD band, sources with 90%+ asks: remax infocasas uprop cb psir prestige"
d:central,Central,department,asking_rent_usd_month,casa,rent,703,501,1231,139,"median monthly ask, USD at SET mid 2026-10-08, 50-15000 USD band, sources with 90%+ asks: remax infocasas uprop cb psir prestige"
d:central,Central,department,asking_rent_usd_month,otro,rent,316,211,580,39,"median monthly ask, USD at SET mid 2026-10-08, 50-15000 USD band, sources with 90%+ asks: remax infocasas uprop cb psir prestige"
d:central,Central,department,asking_rent_usd_month,terreno,rent,879,589,1363,35,"median monthly ask, USD at SET mid 2026-10-08, 50-15000 USD band, sources with 90%+ asks: remax infocasas uprop cb psir prestige"
d:central,Central,department,asking_rent_usd_month,deposito,rent,879,176,3516,29,"median monthly ask, USD at SET mid 2026-10-08, 50-15000 USD band, sources with 90%+ asks: remax infocasas uprop cb psir prestige"
d:central,Central,department,asking_rent_usd_month,duplex,rent,,,,19,"suppressed, n below 20"
d:central,Central,department,asking_rent_usd_month,oficina,rent,,,,11,"suppressed, n below 20"
d:central,Central,department,asking_rent_usd_month,edificio,rent,,,,1,"suppressed, n below 20"
d:central,Central,department,asking_staleness_days,terreno,sale,214,,507,1724,"days since source publish date, sources: remax prestige"
d:central,Central,department,asking_staleness_days,casa,sale,191,,435,1260,"days since source publish date, sources: remax prestige"
d:central,Central,department,asking_staleness_days,departamento,sale,225,,681,321,"days since source publish date, sources: remax prestige"
d:central,Central,department,asking_staleness_days,duplex,sale,245,,482,187,"days since source publish date, sources: remax prestige"
d:central,Central,department,asking_staleness_days,otro,sale,167,,367,107,"days since source publish date, sources: remax prestige"
d:central,Central,department,asking_staleness_days,deposito,sale,407,,853,63,"days since source publish date, sources: remax prestige"
d:central,Central,department,asking_staleness_days,local,sale,277,,451,53,"days since source publish date, sources: remax prestige"
d:central,Central,department,asking_staleness_days,edificio,sale,323,,806,27,"days since source publish date, sources: remax prestige"
d:central,Central,department,asking_staleness_days,quinta,sale,234,,467,27,"days since source publish date, sources: remax prestige"
d:central,Central,department,asking_staleness_days,rural,sale,,,,2,"suppressed, n below 20"
d:central,Central,department,asking_flow_30d_cuts,,all,202,,,202,events 2026-09-10 to 2026-10-09
d:central,Central,department,asking_flow_30d_increases,,all,58,,,58,events 2026-09-10 to 2026-10-09
d:central,Central,department,asking_flow_30d_new,,all,886,,,886,events 2026-09-10 to 2026-10-09
d:central,Central,department,asking_flow_30d_delisted,,all,271,,,271,events 2026-09-10 to 2026-10-09
d:central,Central,department,asking_flow_30d_went_sold,,all,82,,,82,events 2026-09-10 to 2026-10-09
d:central,Central,department,asking_flow_30d_went_rented,,all,83,,,83,events 2026-09-10 to 2026-10-09
d:central,Central,department,asking_flow_30d_cuts,,sale,164,,,164,events 2026-09-10 to 2026-10-09
d:central,Central,department,asking_flow_30d_increases,,sale,51,,,51,events 2026-09-10 to 2026-10-09
d:central,Central,department,asking_flow_30d_new,,sale,765,,,765,events 2026-09-10 to 2026-10-09
d:central,Central,department,asking_flow_30d_delisted,,sale,235,,,235,events 2026-09-10 to 2026-10-09
d:central,Central,department,asking_flow_30d_went_sold,,sale,82,,,82,events 2026-09-10 to 2026-10-09
d:central,Central,department,asking_flow_30d_went_rented,,sale,0,,,0,events 2026-09-10 to 2026-10-09
d:central,Central,department,asking_flow_30d_cuts,,rent,38,,,38,events 2026-09-10 to 2026-10-09
d:central,Central,department,asking_flow_30d_increases,,rent,7,,,7,events 2026-09-10 to 2026-10-09
d:central,Central,department,asking_flow_30d_new,,rent,121,,,121,events 2026-09-10 to 2026-10-09
d:central,Central,department,asking_flow_30d_delisted,,rent,35,,,35,events 2026-09-10 to 2026-10-09
d:central,Central,department,asking_flow_30d_went_sold,,rent,0,,,0,events 2026-09-10 to 2026-10-09
d:central,Central,department,asking_flow_30d_went_rented,,rent,83,,,83,events 2026-09-10 to 2026-10-09
d:central,Central,department,reo_parcels_active,,sale,76,,,76,bank REO lists
d:central,Central,department,reo_parcels_priced,,sale,61,,,61,bank REO lists
d:central,Central,department,closed_ask_to_close_pct,all,sale,-3.4,-8.9,0,682,"same-currency broker-reported closes 2024-03-02 to 2026-10-07, terminal-ask basis"
d:central,Central,department,closed_at_ask_share_pct,all,sale,35.9,,,682,245 of 682 report a price identical to the last ask
d:central,Central,department,closed_below_ask_median_pct,all,sale,-7.4,,,425,median spread of closes below the last ask
d:central,Central,department,closed_ask_to_close_pct,terreno,sale,-4.7,-10.5,0,336,"same-currency broker-reported closes 2024-03-02 to 2026-10-02, terminal-ask basis"
d:central,Central,department,closed_at_ask_share_pct,terreno,sale,35.1,,,336,118 of 336 report a price identical to the last ask
d:central,Central,department,closed_below_ask_median_pct,terreno,sale,-9.1,,,215,median spread of closes below the last ask
d:central,Central,department,closed_ask_to_close_pct,casa,sale,-3.3,-8.2,0,217,"same-currency broker-reported closes 2024-05-30 to 2026-10-06, terminal-ask basis"
d:central,Central,department,closed_at_ask_share_pct,casa,sale,36.4,,,217,79 of 217 report a price identical to the last ask
d:central,Central,department,closed_below_ask_median_pct,casa,sale,-6.8,,,133,median spread of closes below the last ask
d:central,Central,department,closed_ask_to_close_pct,duplex,sale,-1.8,-4.6,0,68,"same-currency broker-reported closes 2024-03-04 to 2026-10-06, terminal-ask basis"
d:central,Central,department,closed_at_ask_share_pct,duplex,sale,33.8,,,68,23 of 68 report a price identical to the last ask
d:central,Central,department,closed_below_ask_median_pct,duplex,sale,-3.4,,,43,median spread of closes below the last ask
d:central,Central,department,closed_ask_to_close_pct,departamento,sale,-0.2,-3,0,33,"same-currency broker-reported closes 2024-08-23 to 2026-10-07, terminal-ask basis"
d:central,Central,department,closed_at_ask_share_pct,departamento,sale,48.5,,,33,16 of 33 report a price identical to the last ask
d:central,Central,department,closed_below_ask_median_pct,departamento,sale,,,,17,"suppressed, fewer than 30 closes below ask"
d:central,Central,department,closed_ask_to_close_pct,all,rent,0,-1.7,0,977,"same-currency broker-reported closes 2024-03-04 to 2026-10-08, terminal-ask basis"
d:central,Central,department,closed_at_ask_share_pct,all,rent,72.3,,,977,706 of 977 report a price identical to the last ask
d:central,Central,department,closed_below_ask_median_pct,all,rent,-9.3,,,246,median spread of closes below the last ask
d:central,Central,department,closed_ask_to_close_pct,departamento,rent,0,0,0,353,"same-currency broker-reported closes 2024-04-11 to 2026-10-07, terminal-ask basis"
d:central,Central,department,closed_at_ask_share_pct,departamento,rent,77.3,,,353,273 of 353 report a price identical to the last ask
d:central,Central,department,closed_below_ask_median_pct,departamento,rent,-7.7,,,67,median spread of closes below the last ask
d:central,Central,department,closed_ask_to_close_pct,casa,rent,0,0,0,242,"same-currency broker-reported closes 2024-03-28 to 2026-10-05, terminal-ask basis"
d:central,Central,department,closed_at_ask_share_pct,casa,rent,76,,,242,184 of 242 report a price identical to the last ask
d:central,Central,department,closed_below_ask_median_pct,casa,rent,-10,,,55,median spread of closes below the last ask
d:central,Central,department,closed_ask_to_close_pct,duplex,rent,0,0,0,153,"same-currency broker-reported closes 2024-03-04 to 2026-10-02, terminal-ask basis"
d:central,Central,department,closed_at_ask_share_pct,duplex,rent,75.2,,,153,115 of 153 report a price identical to the last ask
d:central,Central,department,closed_below_ask_median_pct,duplex,rent,-9.1,,,35,median spread of closes below the last ask
d:central,Central,department,closed_ask_to_close_pct,local,rent,0,-9.3,0,127,"same-currency broker-reported closes 2024-07-03 to 2026-09-30, terminal-ask basis"
d:central,Central,department,closed_at_ask_share_pct,local,rent,59.1,,,127,75 of 127 report a price identical to the last ask
d:central,Central,department,closed_below_ask_median_pct,local,rent,-13.5,,,48,median spread of closes below the last ask
d:central,Central,department,closed_ask_to_close_pct,deposito,rent,0,-9.3,0,55,"same-currency broker-reported closes 2024-05-01 to 2026-10-07, terminal-ask basis"
d:central,Central,department,closed_at_ask_share_pct,deposito,rent,50.9,,,55,28 of 55 report a price identical to the last ask
d:central,Central,department,closed_below_ask_median_pct,deposito,rent,,,,26,"suppressed, fewer than 30 closes below ask"
d:central,Central,department,closed_ask_to_close_pct,otro,rent,0,-1.9,0,31,"same-currency broker-reported closes 2025-09-08 to 2026-10-06, terminal-ask basis"
d:central,Central,department,closed_at_ask_share_pct,otro,rent,71,,,31,22 of 31 report a price identical to the last ask
d:central,Central,department,closed_below_ask_median_pct,otro,rent,,,,8,"suppressed, fewer than 30 closes below ask"
c:central:luque,Luque,city,asking_listed_active,,,4147,,,4147,"status active on stock sources (remax uprop psir cb prestige infocasas), seen or not"
c:central:luque,Luque,city,asking_active_listings,duplex,sale,68,,,68,"status active and seen on or after 2026-10-02 (remax), 2026-10-02 (uprop), 2026-10-02 (psir), 2026-10-02 (cb), 2026-10-02 (prestige), 2026-09-25 (infocasas)"
c:central:luque,Luque,city,asking_active_listings,quinta,sale,1,,,1,"status active and seen on or after 2026-10-02 (remax), 2026-10-02 (uprop), 2026-10-02 (psir), 2026-10-02 (cb), 2026-10-02 (prestige), 2026-09-25 (infocasas)"
c:central:luque,Luque,city,asking_active_listings,rural,sale,3,,,3,"status active and seen on or after 2026-10-02 (remax), 2026-10-02 (uprop), 2026-10-02 (psir), 2026-10-02 (cb), 2026-10-02 (prestige), 2026-09-25 (infocasas)"
c:central:luque,Luque,city,asking_active_listings,departamento,sale,301,,,301,"status active and seen on or after 2026-10-02 (remax), 2026-10-02 (uprop), 2026-10-02 (psir), 2026-10-02 (cb), 2026-10-02 (prestige), 2026-09-25 (infocasas)"
c:central:luque,Luque,city,asking_active_listings,deposito,sale,5,,,5,"status active and seen on or after 2026-10-02 (remax), 2026-10-02 (uprop), 2026-10-02 (psir), 2026-10-02 (cb), 2026-10-02 (prestige), 2026-09-25 (infocasas)"
c:central:luque,Luque,city,asking_active_listings,otro,sale,30,,,30,"status active and seen on or after 2026-10-02 (remax), 2026-10-02 (uprop), 2026-10-02 (psir), 2026-10-02 (cb), 2026-10-02 (prestige), 2026-09-25 (infocasas)"
c:central:luque,Luque,city,asking_active_listings,casa,sale,801,,,801,"status active and seen on or after 2026-10-02 (remax), 2026-10-02 (uprop), 2026-10-02 (psir), 2026-10-02 (cb), 2026-10-02 (prestige), 2026-09-25 (infocasas)"
c:central:luque,Luque,city,asking_active_listings,terreno,sale,655,,,655,"status active and seen on or after 2026-10-02 (remax), 2026-10-02 (uprop), 2026-10-02 (psir), 2026-10-02 (cb), 2026-10-02 (prestige), 2026-09-25 (infocasas)"
c:central:luque,Luque,city,asking_active_listings,edificio,sale,1,,,1,"status active and seen on or after 2026-10-02 (remax), 2026-10-02 (uprop), 2026-10-02 (psir), 2026-10-02 (cb), 2026-10-02 (prestige), 2026-09-25 (infocasas)"
c:central:luque,Luque,city,asking_active_listings,local,sale,12,,,12,"status active and seen on or after 2026-10-02 (remax), 2026-10-02 (uprop), 2026-10-02 (psir), 2026-10-02 (cb), 2026-10-02 (prestige), 2026-09-25 (infocasas)"
c:central:luque,Luque,city,asking_active_listings,departamento,rent,79,,,79,"status active and seen on or after 2026-10-02 (remax), 2026-10-02 (uprop), 2026-10-02 (psir), 2026-10-02 (cb), 2026-10-02 (prestige), 2026-09-25 (infocasas)"
c:central:luque,Luque,city,asking_active_listings,terreno,rent,7,,,7,"status active and seen on or after 2026-10-02 (remax), 2026-10-02 (uprop), 2026-10-02 (psir), 2026-10-02 (cb), 2026-10-02 (prestige), 2026-09-25 (infocasas)"
c:central:luque,Luque,city,asking_active_listings,deposito,rent,3,,,3,"status active and seen on or after 2026-10-02 (remax), 2026-10-02 (uprop), 2026-10-02 (psir), 2026-10-02 (cb), 2026-10-02 (prestige), 2026-09-25 (infocasas)"
c:central:luque,Luque,city,asking_active_listings,duplex,rent,4,,,4,"status active and seen on or after 2026-10-02 (remax), 2026-10-02 (uprop), 2026-10-02 (psir), 2026-10-02 (cb), 2026-10-02 (prestige), 2026-09-25 (infocasas)"
c:central:luque,Luque,city,asking_active_listings,otro,rent,5,,,5,"status active and seen on or after 2026-10-02 (remax), 2026-10-02 (uprop), 2026-10-02 (psir), 2026-10-02 (cb), 2026-10-02 (prestige), 2026-09-25 (infocasas)"
c:central:luque,Luque,city,asking_active_listings,local,rent,14,,,14,"status active and seen on or after 2026-10-02 (remax), 2026-10-02 (uprop), 2026-10-02 (psir), 2026-10-02 (cb), 2026-10-02 (prestige), 2026-09-25 (infocasas)"
c:central:luque,Luque,city,asking_active_listings,casa,rent,41,,,41,"status active and seen on or after 2026-10-02 (remax), 2026-10-02 (uprop), 2026-10-02 (psir), 2026-10-02 (cb), 2026-10-02 (prestige), 2026-09-25 (infocasas)"
c:central:luque,Luque,city,asking_active_listings,oficina,rent,2,,,2,"status active and seen on or after 2026-10-02 (remax), 2026-10-02 (uprop), 2026-10-02 (psir), 2026-10-02 (cb), 2026-10-02 (prestige), 2026-09-25 (infocasas)"
c:central:luque,Luque,city,asking_price_usd,casa,sale,114275,73839,170000,801,"median ask, USD at SET mid 2026-10-08, sources with 90%+ asks: remax infocasas uprop cb psir prestige"
c:central:luque,Luque,city,asking_price_usd,terreno,sale,79113,43952,176904,655,"median ask, USD at SET mid 2026-10-08, sources with 90%+ asks: remax infocasas uprop cb psir prestige"
c:central:luque,Luque,city,asking_price_usd,departamento,sale,82000,60000,96694,301,"median ask, USD at SET mid 2026-10-08, sources with 90%+ asks: remax infocasas uprop cb psir prestige"
c:central:luque,Luque,city,asking_price_usd,duplex,sale,131855,97353,160000,68,"median ask, USD at SET mid 2026-10-08, sources with 90%+ asks: remax infocasas uprop cb psir prestige"
c:central:luque,Luque,city,asking_price_usd,otro,sale,95251,71821,206073,30,"median ask, USD at SET mid 2026-10-08, sources with 90%+ asks: remax infocasas uprop cb psir prestige"
c:central:luque,Luque,city,asking_price_usd,local,sale,,,,12,"suppressed, n below 20"
c:central:luque,Luque,city,asking_price_usd,deposito,sale,,,,5,"suppressed, n below 20"
c:central:luque,Luque,city,asking_price_usd,rural,sale,,,,3,"suppressed, n below 20"
c:central:luque,Luque,city,asking_price_usd,edificio,sale,,,,1,"suppressed, n below 20"
c:central:luque,Luque,city,asking_price_usd,quinta,sale,,,,1,"suppressed, n below 20"
c:central:luque,Luque,city,asking_usd_per_m2_built,casa,sale,929,723,1099,596,"built basis, 40-800 m2, 30k-2M USD, sources with 90%+ asks: remax infocasas uprop cb psir prestige"
c:central:luque,Luque,city,asking_usd_per_m2_built,departamento,sale,1319,1199,1815,72,"built basis, 40-800 m2, 30k-2M USD, sources with 90%+ asks: remax infocasas uprop cb psir prestige"
c:central:luque,Luque,city,asking_usd_per_m2_built,duplex,sale,984,824,1121,56,"built basis, 40-800 m2, 30k-2M USD, sources with 90%+ asks: remax infocasas uprop cb psir prestige"
c:central:luque,Luque,city,asking_usd_per_m2_built,local,sale,,,,4,"suppressed, n below 20"
c:central:luque,Luque,city,asking_rent_usd_month,departamento,rent,668,589,791,74,"median monthly ask, USD at SET mid 2026-10-08, 50-15000 USD band, sources with 90%+ asks: remax infocasas uprop cb psir prestige"
c:central:luque,Luque,city,asking_rent_usd_month,casa,rent,703,527,1231,39,"median monthly ask, USD at SET mid 2026-10-08, 50-15000 USD band, sources with 90%+ asks: remax infocasas uprop cb psir prestige"
c:central:luque,Luque,city,asking_rent_usd_month,local,rent,,,,14,"suppressed, n below 20"
c:central:luque,Luque,city,asking_rent_usd_month,terreno,rent,,,,7,"suppressed, n below 20"
c:central:luque,Luque,city,asking_rent_usd_month,otro,rent,,,,5,"suppressed, n below 20"
c:central:luque,Luque,city,asking_rent_usd_month,duplex,rent,,,,4,"suppressed, n below 20"
c:central:luque,Luque,city,asking_rent_usd_month,deposito,rent,,,,3,"suppressed, n below 20"
c:central:luque,Luque,city,asking_rent_usd_month,oficina,rent,,,,2,"suppressed, n below 20"
c:central:luque,Luque,city,asking_staleness_days,terreno,sale,193,,505,305,"days since source publish date, sources: remax prestige"
c:central:luque,Luque,city,asking_staleness_days,casa,sale,194,,495,292,"days since source publish date, sources: remax prestige"
c:central:luque,Luque,city,asking_staleness_days,departamento,sale,193,,611,116,"days since source publish date, sources: remax prestige"
c:central:luque,Luque,city,asking_staleness_days,duplex,sale,241,,474,68,"days since source publish date, sources: remax prestige"
c:central:luque,Luque,city,asking_staleness_days,otro,sale,127,,324,29,"days since source publish date, sources: remax prestige"
c:central:luque,Luque,city,asking_staleness_days,deposito,sale,,,,5,"suppressed, n below 20"
c:central:luque,Luque,city,asking_staleness_days,local,sale,,,,4,"suppressed, n below 20"
c:central:luque,Luque,city,asking_staleness_days,edificio,sale,,,,1,"suppressed, n below 20"
c:central:luque,Luque,city,asking_staleness_days,quinta,sale,,,,1,"suppressed, n below 20"
c:central:luque,Luque,city,asking_flow_30d_cuts,,all,39,,,39,events 2026-09-10 to 2026-10-09
c:central:luque,Luque,city,asking_flow_30d_increases,,all,26,,,26,events 2026-09-10 to 2026-10-09
c:central:luque,Luque,city,asking_flow_30d_new,,all,171,,,171,events 2026-09-10 to 2026-10-09
c:central:luque,Luque,city,asking_flow_30d_delisted,,all,66,,,66,events 2026-09-10 to 2026-10-09
c:central:luque,Luque,city,asking_flow_30d_went_sold,,all,24,,,24,events 2026-09-10 to 2026-10-09
c:central:luque,Luque,city,asking_flow_30d_went_rented,,all,14,,,14,events 2026-09-10 to 2026-10-09
c:central:luque,Luque,city,asking_flow_30d_cuts,,sale,30,,,30,events 2026-09-10 to 2026-10-09
c:central:luque,Luque,city,asking_flow_30d_increases,,sale,23,,,23,events 2026-09-10 to 2026-10-09
c:central:luque,Luque,city,asking_flow_30d_new,,sale,144,,,144,events 2026-09-10 to 2026-10-09
c:central:luque,Luque,city,asking_flow_30d_delisted,,sale,59,,,59,events 2026-09-10 to 2026-10-09
c:central:luque,Luque,city,asking_flow_30d_went_sold,,sale,24,,,24,events 2026-09-10 to 2026-10-09
c:central:luque,Luque,city,asking_flow_30d_went_rented,,sale,0,,,0,events 2026-09-10 to 2026-10-09
c:central:luque,Luque,city,asking_flow_30d_cuts,,rent,9,,,9,events 2026-09-10 to 2026-10-09
c:central:luque,Luque,city,asking_flow_30d_increases,,rent,3,,,3,events 2026-09-10 to 2026-10-09
c:central:luque,Luque,city,asking_flow_30d_new,,rent,27,,,27,events 2026-09-10 to 2026-10-09
c:central:luque,Luque,city,asking_flow_30d_delisted,,rent,6,,,6,events 2026-09-10 to 2026-10-09
c:central:luque,Luque,city,asking_flow_30d_went_sold,,rent,0,,,0,events 2026-09-10 to 2026-10-09
c:central:luque,Luque,city,asking_flow_30d_went_rented,,rent,14,,,14,events 2026-09-10 to 2026-10-09
c:central:luque,Luque,city,reo_parcels_active,,sale,13,,,13,bank REO lists
c:central:luque,Luque,city,reo_parcels_priced,,sale,7,,,7,bank REO lists
c:central:luque,Luque,city,closed_ask_to_close_pct,all,sale,-2.9,-7.7,0,157,"same-currency broker-reported closes 2024-06-26 to 2026-10-03, terminal-ask basis"
c:central:luque,Luque,city,closed_at_ask_share_pct,all,sale,36.9,,,157,58 of 157 report a price identical to the last ask
c:central:luque,Luque,city,closed_below_ask_median_pct,all,sale,-6.7,,,91,median spread of closes below the last ask
c:central:luque,Luque,city,closed_ask_to_close_pct,terreno,sale,-4.2,-8.4,0,76,"same-currency broker-reported closes 2025-07-24 to 2026-09-23, terminal-ask basis"
c:central:luque,Luque,city,closed_at_ask_share_pct,terreno,sale,35.5,,,76,27 of 76 report a price identical to the last ask
c:central:luque,Luque,city,closed_below_ask_median_pct,terreno,sale,-8,,,47,median spread of closes below the last ask
c:central:luque,Luque,city,closed_ask_to_close_pct,casa,sale,-0.3,-6.2,0,42,"same-currency broker-reported closes 2025-01-08 to 2026-10-03, terminal-ask basis"
c:central:luque,Luque,city,closed_at_ask_share_pct,casa,sale,45.2,,,42,19 of 42 report a price identical to the last ask
c:central:luque,Luque,city,closed_below_ask_median_pct,casa,sale,,,,21,"suppressed, fewer than 30 closes below ask"
c:central:luque,Luque,city,closed_ask_to_close_pct,all,rent,0,-1.3,0,219,"same-currency broker-reported closes 2024-03-04 to 2026-10-07, terminal-ask basis"
c:central:luque,Luque,city,closed_at_ask_share_pct,all,rent,71.7,,,219,157 of 219 report a price identical to the last ask
c:central:luque,Luque,city,closed_below_ask_median_pct,all,rent,-7.5,,,55,median spread of closes below the last ask
c:central:luque,Luque,city,closed_ask_to_close_pct,departamento,rent,0,0,0,103,"same-currency broker-reported closes 2024-07-19 to 2026-10-07, terminal-ask basis"
c:central:luque,Luque,city,closed_at_ask_share_pct,departamento,rent,76.7,,,103,79 of 103 report a price identical to the last ask
c:central:luque,Luque,city,closed_below_ask_median_pct,departamento,rent,,,,18,"suppressed, fewer than 30 closes below ask"
c:central:luque,Luque,city,closed_ask_to_close_pct,casa,rent,0,-4.3,0,49,"same-currency broker-reported closes 2024-11-26 to 2026-10-01, terminal-ask basis"
c:central:luque,Luque,city,closed_at_ask_share_pct,casa,rent,71.4,,,49,35 of 49 report a price identical to the last ask
c:central:luque,Luque,city,closed_below_ask_median_pct,casa,rent,,,,14,"suppressed, fewer than 30 closes below ask"
c:central:luque,Luque,city,closed_ask_to_close_pct,duplex,rent,0,-5,0,37,"same-currency broker-reported closes 2024-03-04 to 2026-09-15, terminal-ask basis"
c:central:luque,Luque,city,closed_at_ask_share_pct,duplex,rent,64.9,,,37,24 of 37 report a price identical to the last ask
c:central:luque,Luque,city,closed_below_ask_median_pct,duplex,rent,,,,12,"suppressed, fewer than 30 closes below ask"
c:central:san-lorenzo,San Lorenzo,city,asking_listed_active,,,2235,,,2235,"status active on stock sources (remax uprop psir cb prestige infocasas), seen or not"
c:central:san-lorenzo,San Lorenzo,city,asking_active_listings,edificio,sale,5,,,5,"status active and seen on or after 2026-10-02 (remax), 2026-10-02 (uprop), 2026-10-02 (psir), 2026-10-02 (cb), 2026-10-02 (prestige), 2026-09-25 (infocasas)"
c:central:san-lorenzo,San Lorenzo,city,asking_active_listings,otro,sale,14,,,14,"status active and seen on or after 2026-10-02 (remax), 2026-10-02 (uprop), 2026-10-02 (psir), 2026-10-02 (cb), 2026-10-02 (prestige), 2026-09-25 (infocasas)"
c:central:san-lorenzo,San Lorenzo,city,asking_active_listings,departamento,sale,59,,,59,"status active and seen on or after 2026-10-02 (remax), 2026-10-02 (uprop), 2026-10-02 (psir), 2026-10-02 (cb), 2026-10-02 (prestige), 2026-09-25 (infocasas)"
c:central:san-lorenzo,San Lorenzo,city,asking_active_listings,deposito,sale,18,,,18,"status active and seen on or after 2026-10-02 (remax), 2026-10-02 (uprop), 2026-10-02 (psir), 2026-10-02 (cb), 2026-10-02 (prestige), 2026-09-25 (infocasas)"
c:central:san-lorenzo,San Lorenzo,city,asking_active_listings,casa,sale,366,,,366,"status active and seen on or after 2026-10-02 (remax), 2026-10-02 (uprop), 2026-10-02 (psir), 2026-10-02 (cb), 2026-10-02 (prestige), 2026-09-25 (infocasas)"
c:central:san-lorenzo,San Lorenzo,city,asking_active_listings,local,sale,25,,,25,"status active and seen on or after 2026-10-02 (remax), 2026-10-02 (uprop), 2026-10-02 (psir), 2026-10-02 (cb), 2026-10-02 (prestige), 2026-09-25 (infocasas)"
c:central:san-lorenzo,San Lorenzo,city,asking_active_listings,terreno,sale,262,,,262,"status active and seen on or after 2026-10-02 (remax), 2026-10-02 (uprop), 2026-10-02 (psir), 2026-10-02 (cb), 2026-10-02 (prestige), 2026-09-25 (infocasas)"
c:central:san-lorenzo,San Lorenzo,city,asking_active_listings,duplex,sale,32,,,32,"status active and seen on or after 2026-10-02 (remax), 2026-10-02 (uprop), 2026-10-02 (psir), 2026-10-02 (cb), 2026-10-02 (prestige), 2026-09-25 (infocasas)"
c:central:san-lorenzo,San Lorenzo,city,asking_active_listings,departamento,rent,57,,,57,"status active and seen on or after 2026-10-02 (remax), 2026-10-02 (uprop), 2026-10-02 (psir), 2026-10-02 (cb), 2026-10-02 (prestige), 2026-09-25 (infocasas)"
c:central:san-lorenzo,San Lorenzo,city,asking_active_listings,oficina,rent,4,,,4,"status active and seen on or after 2026-10-02 (remax), 2026-10-02 (uprop), 2026-10-02 (psir), 2026-10-02 (cb), 2026-10-02 (prestige), 2026-09-25 (infocasas)"
c:central:san-lorenzo,San Lorenzo,city,asking_active_listings,casa,rent,10,,,10,"status active and seen on or after 2026-10-02 (remax), 2026-10-02 (uprop), 2026-10-02 (psir), 2026-10-02 (cb), 2026-10-02 (prestige), 2026-09-25 (infocasas)"
c:central:san-lorenzo,San Lorenzo,city,asking_active_listings,local,rent,50,,,50,"status active and seen on or after 2026-10-02 (remax), 2026-10-02 (uprop), 2026-10-02 (psir), 2026-10-02 (cb), 2026-10-02 (prestige), 2026-09-25 (infocasas)"
c:central:san-lorenzo,San Lorenzo,city,asking_active_listings,duplex,rent,6,,,6,"status active and seen on or after 2026-10-02 (remax), 2026-10-02 (uprop), 2026-10-02 (psir), 2026-10-02 (cb), 2026-10-02 (prestige), 2026-09-25 (infocasas)"
c:central:san-lorenzo,San Lorenzo,city,asking_active_listings,otro,rent,11,,,11,"status active and seen on or after 2026-10-02 (remax), 2026-10-02 (uprop), 2026-10-02 (psir), 2026-10-02 (cb), 2026-10-02 (prestige), 2026-09-25 (infocasas)"
c:central:san-lorenzo,San Lorenzo,city,asking_active_listings,deposito,rent,14,,,14,"status active and seen on or after 2026-10-02 (remax), 2026-10-02 (uprop), 2026-10-02 (psir), 2026-10-02 (cb), 2026-10-02 (prestige), 2026-09-25 (infocasas)"
c:central:san-lorenzo,San Lorenzo,city,asking_active_listings,terreno,rent,8,,,8,"status active and seen on or after 2026-10-02 (remax), 2026-10-02 (uprop), 2026-10-02 (psir), 2026-10-02 (cb), 2026-10-02 (prestige), 2026-09-25 (infocasas)"
c:central:san-lorenzo,San Lorenzo,city,asking_price_usd,casa,sale,124383,87904,166797,366,"median ask, USD at SET mid 2026-10-08, sources with 90%+ asks: remax infocasas uprop cb psir prestige"
c:central:san-lorenzo,San Lorenzo,city,asking_price_usd,terreno,sale,87904,53621,140646,262,"median ask, USD at SET mid 2026-10-08, sources with 90%+ asks: remax infocasas uprop cb psir prestige"
c:central:san-lorenzo,San Lorenzo,city,asking_price_usd,departamento,sale,52735,33500,93944,59,"median ask, USD at SET mid 2026-10-08, sources with 90%+ asks: remax infocasas uprop cb psir prestige"
c:central:san-lorenzo,San Lorenzo,city,asking_price_usd,duplex,sale,125702,100650,149436,32,"median ask, USD at SET mid 2026-10-08, sources with 90%+ asks: remax infocasas uprop cb psir prestige"
c:central:san-lorenzo,San Lorenzo,city,asking_price_usd,local,sale,234000,98891,425000,25,"median ask, USD at SET mid 2026-10-08, sources with 90%+ asks: remax infocasas uprop cb psir prestige"
c:central:san-lorenzo,San Lorenzo,city,asking_price_usd,deposito,sale,,,,18,"suppressed, n below 20"
c:central:san-lorenzo,San Lorenzo,city,asking_price_usd,otro,sale,,,,14,"suppressed, n below 20"
c:central:san-lorenzo,San Lorenzo,city,asking_price_usd,edificio,sale,,,,5,"suppressed, n below 20"
c:central:san-lorenzo,San Lorenzo,city,asking_usd_per_m2_built,casa,sale,799,528,1048,272,"built basis, 40-800 m2, 30k-2M USD, sources with 90%+ asks: remax infocasas uprop cb psir prestige"
c:central:san-lorenzo,San Lorenzo,city,asking_usd_per_m2_built,departamento,sale,,,,19,"suppressed, n below 20"
c:central:san-lorenzo,San Lorenzo,city,asking_usd_per_m2_built,duplex,sale,,,,16,"suppressed, n below 20"
c:central:san-lorenzo,San Lorenzo,city,asking_usd_per_m2_built,local,sale,,,,12,"suppressed, n below 20"
c:central:san-lorenzo,San Lorenzo,city,asking_rent_usd_month,departamento,rent,352,352,440,54,"median monthly ask, USD at SET mid 2026-10-08, 50-15000 USD band, sources with 90%+ asks: remax infocasas uprop cb psir prestige"
c:central:san-lorenzo,San Lorenzo,city,asking_rent_usd_month,local,rent,352,316,655,50,"median monthly ask, USD at SET mid 2026-10-08, 50-15000 USD band, sources with 90%+ asks: remax infocasas uprop cb psir prestige"
c:central:san-lorenzo,San Lorenzo,city,asking_rent_usd_month,deposito,rent,,,,14,"suppressed, n below 20"
c:central:san-lorenzo,San Lorenzo,city,asking_rent_usd_month,otro,rent,,,,11,"suppressed, n below 20"
c:central:san-lorenzo,San Lorenzo,city,asking_rent_usd_month,casa,rent,,,,10,"suppressed, n below 20"
c:central:san-lorenzo,San Lorenzo,city,asking_rent_usd_month,terreno,rent,,,,8,"suppressed, n below 20"
c:central:san-lorenzo,San Lorenzo,city,asking_rent_usd_month,duplex,rent,,,,6,"suppressed, n below 20"
c:central:san-lorenzo,San Lorenzo,city,asking_rent_usd_month,oficina,rent,,,,4,"suppressed, n below 20"
c:central:san-lorenzo,San Lorenzo,city,asking_staleness_days,casa,sale,213,,459,157,"days since source publish date, sources: remax prestige"
c:central:san-lorenzo,San Lorenzo,city,asking_staleness_days,terreno,sale,195,,441,139,"days since source publish date, sources: remax prestige"
c:central:san-lorenzo,San Lorenzo,city,asking_staleness_days,duplex,sale,246,,320,32,"days since source publish date, sources: remax prestige"
c:central:san-lorenzo,San Lorenzo,city,asking_staleness_days,departamento,sale,173,,637,20,"days since source publish date, sources: remax prestige"
c:central:san-lorenzo,San Lorenzo,city,asking_staleness_days,deposito,sale,,,,18,"suppressed, n below 20"
c:central:san-lorenzo,San Lorenzo,city,asking_staleness_days,local,sale,,,,14,"suppressed, n below 20"
c:central:san-lorenzo,San Lorenzo,city,asking_staleness_days,otro,sale,,,,14,"suppressed, n below 20"
c:central:san-lorenzo,San Lorenzo,city,asking_staleness_days,edificio,sale,,,,5,"suppressed, n below 20"
c:central:san-lorenzo,San Lorenzo,city,asking_flow_30d_cuts,,all,23,,,23,events 2026-09-10 to 2026-10-09
c:central:san-lorenzo,San Lorenzo,city,asking_flow_30d_increases,,all,5,,,5,events 2026-09-10 to 2026-10-09
c:central:san-lorenzo,San Lorenzo,city,asking_flow_30d_new,,all,95,,,95,events 2026-09-10 to 2026-10-09
c:central:san-lorenzo,San Lorenzo,city,asking_flow_30d_delisted,,all,38,,,38,events 2026-09-10 to 2026-10-09
c:central:san-lorenzo,San Lorenzo,city,asking_flow_30d_went_sold,,all,6,,,6,events 2026-09-10 to 2026-10-09
c:central:san-lorenzo,San Lorenzo,city,asking_flow_30d_went_rented,,all,9,,,9,events 2026-09-10 to 2026-10-09
c:central:san-lorenzo,San Lorenzo,city,asking_flow_30d_cuts,,sale,11,,,11,events 2026-09-10 to 2026-10-09
c:central:san-lorenzo,San Lorenzo,city,asking_flow_30d_increases,,sale,5,,,5,events 2026-09-10 to 2026-10-09
c:central:san-lorenzo,San Lorenzo,city,asking_flow_30d_new,,sale,68,,,68,events 2026-09-10 to 2026-10-09
c:central:san-lorenzo,San Lorenzo,city,asking_flow_30d_delisted,,sale,29,,,29,events 2026-09-10 to 2026-10-09
c:central:san-lorenzo,San Lorenzo,city,asking_flow_30d_went_sold,,sale,6,,,6,events 2026-09-10 to 2026-10-09
c:central:san-lorenzo,San Lorenzo,city,asking_flow_30d_went_rented,,sale,0,,,0,events 2026-09-10 to 2026-10-09
c:central:san-lorenzo,San Lorenzo,city,asking_flow_30d_cuts,,rent,12,,,12,events 2026-09-10 to 2026-10-09
c:central:san-lorenzo,San Lorenzo,city,asking_flow_30d_increases,,rent,0,,,0,events 2026-09-10 to 2026-10-09
c:central:san-lorenzo,San Lorenzo,city,asking_flow_30d_new,,rent,27,,,27,events 2026-09-10 to 2026-10-09
c:central:san-lorenzo,San Lorenzo,city,asking_flow_30d_delisted,,rent,9,,,9,events 2026-09-10 to 2026-10-09
c:central:san-lorenzo,San Lorenzo,city,asking_flow_30d_went_sold,,rent,0,,,0,events 2026-09-10 to 2026-10-09
c:central:san-lorenzo,San Lorenzo,city,asking_flow_30d_went_rented,,rent,9,,,9,events 2026-09-10 to 2026-10-09
c:central:san-lorenzo,San Lorenzo,city,reo_parcels_active,,sale,10,,,10,bank REO lists
c:central:san-lorenzo,San Lorenzo,city,reo_parcels_priced,,sale,8,,,8,bank REO lists
c:central:san-lorenzo,San Lorenzo,city,closed_ask_to_close_pct,all,sale,-4,-9.6,0,89,"same-currency broker-reported closes 2024-08-01 to 2026-09-24, terminal-ask basis"
c:central:san-lorenzo,San Lorenzo,city,closed_at_ask_share_pct,all,sale,37.1,,,89,33 of 89 report a price identical to the last ask
c:central:san-lorenzo,San Lorenzo,city,closed_below_ask_median_pct,all,sale,-7.9,,,56,median spread of closes below the last ask
c:central:san-lorenzo,San Lorenzo,city,closed_ask_to_close_pct,terreno,sale,-2.9,-10,0,42,"same-currency broker-reported closes 2024-08-01 to 2026-09-24, terminal-ask basis"
c:central:san-lorenzo,San Lorenzo,city,closed_at_ask_share_pct,terreno,sale,45.2,,,42,19 of 42 report a price identical to the last ask
c:central:san-lorenzo,San Lorenzo,city,closed_below_ask_median_pct,terreno,sale,,,,23,"suppressed, fewer than 30 closes below ask"
c:central:san-lorenzo,San Lorenzo,city,closed_ask_to_close_pct,all,rent,0,-5.5,0,152,"same-currency broker-reported closes 2024-03-28 to 2026-10-02, terminal-ask basis"
c:central:san-lorenzo,San Lorenzo,city,closed_at_ask_share_pct,all,rent,67.1,,,152,102 of 152 report a price identical to the last ask
c:central:san-lorenzo,San Lorenzo,city,closed_below_ask_median_pct,all,rent,-10.4,,,46,median spread of closes below the last ask
c:central:san-lorenzo,San Lorenzo,city,closed_ask_to_close_pct,departamento,rent,0,0,0,52,"same-currency broker-reported closes 2024-06-03 to 2026-09-21, terminal-ask basis"
c:central:san-lorenzo,San Lorenzo,city,closed_at_ask_share_pct,departamento,rent,75,,,52,39 of 52 report a price identical to the last ask
c:central:san-lorenzo,San Lorenzo,city,closed_below_ask_median_pct,departamento,rent,,,,12,"suppressed, fewer than 30 closes below ask"
c:central:san-lorenzo,San Lorenzo,city,closed_ask_to_close_pct,casa,rent,0,0,0,32,"same-currency broker-reported closes 2024-03-28 to 2026-10-02, terminal-ask basis"
c:central:san-lorenzo,San Lorenzo,city,closed_at_ask_share_pct,casa,rent,75,,,32,24 of 32 report a price identical to the last ask
c:central:san-lorenzo,San Lorenzo,city,closed_below_ask_median_pct,casa,rent,,,,7,"suppressed, fewer than 30 closes below ask"
c:central:lambare,Lambaré,city,asking_listed_active,,,1967,,,1967,"status active on stock sources (remax uprop psir cb prestige infocasas), seen or not"
c:central:lambare,Lambaré,city,asking_active_listings,terreno,sale,241,,,241,"status active and seen on or after 2026-10-02 (remax), 2026-10-02 (uprop), 2026-10-02 (psir), 2026-10-02 (cb), 2026-10-02 (prestige), 2026-09-25 (infocasas)"
c:central:lambare,Lambaré,city,asking_active_listings,casa,sale,352,,,352,"status active and seen on or after 2026-10-02 (remax), 2026-10-02 (uprop), 2026-10-02 (psir), 2026-10-02 (cb), 2026-10-02 (prestige), 2026-09-25 (infocasas)"
c:central:lambare,Lambaré,city,asking_active_listings,departamento,sale,81,,,81,"status active and seen on or after 2026-10-02 (remax), 2026-10-02 (uprop), 2026-10-02 (psir), 2026-10-02 (cb), 2026-10-02 (prestige), 2026-09-25 (infocasas)"
c:central:lambare,Lambaré,city,asking_active_listings,local,sale,10,,,10,"status active and seen on or after 2026-10-02 (remax), 2026-10-02 (uprop), 2026-10-02 (psir), 2026-10-02 (cb), 2026-10-02 (prestige), 2026-09-25 (infocasas)"
c:central:lambare,Lambaré,city,asking_active_listings,deposito,sale,10,,,10,"status active and seen on or after 2026-10-02 (remax), 2026-10-02 (uprop), 2026-10-02 (psir), 2026-10-02 (cb), 2026-10-02 (prestige), 2026-09-25 (infocasas)"
c:central:lambare,Lambaré,city,asking_active_listings,edificio,sale,3,,,3,"status active and seen on or after 2026-10-02 (remax), 2026-10-02 (uprop), 2026-10-02 (psir), 2026-10-02 (cb), 2026-10-02 (prestige), 2026-09-25 (infocasas)"
c:central:lambare,Lambaré,city,asking_active_listings,otro,sale,6,,,6,"status active and seen on or after 2026-10-02 (remax), 2026-10-02 (uprop), 2026-10-02 (psir), 2026-10-02 (cb), 2026-10-02 (prestige), 2026-09-25 (infocasas)"
c:central:lambare,Lambaré,city,asking_active_listings,duplex,sale,29,,,29,"status active and seen on or after 2026-10-02 (remax), 2026-10-02 (uprop), 2026-10-02 (psir), 2026-10-02 (cb), 2026-10-02 (prestige), 2026-09-25 (infocasas)"
c:central:lambare,Lambaré,city,asking_active_listings,duplex,rent,1,,,1,"status active and seen on or after 2026-10-02 (remax), 2026-10-02 (uprop), 2026-10-02 (psir), 2026-10-02 (cb), 2026-10-02 (prestige), 2026-09-25 (infocasas)"
c:central:lambare,Lambaré,city,asking_active_listings,local,rent,9,,,9,"status active and seen on or after 2026-10-02 (remax), 2026-10-02 (uprop), 2026-10-02 (psir), 2026-10-02 (cb), 2026-10-02 (prestige), 2026-09-25 (infocasas)"
c:central:lambare,Lambaré,city,asking_active_listings,oficina,rent,1,,,1,"status active and seen on or after 2026-10-02 (remax), 2026-10-02 (uprop), 2026-10-02 (psir), 2026-10-02 (cb), 2026-10-02 (prestige), 2026-09-25 (infocasas)"
c:central:lambare,Lambaré,city,asking_active_listings,departamento,rent,45,,,45,"status active and seen on or after 2026-10-02 (remax), 2026-10-02 (uprop), 2026-10-02 (psir), 2026-10-02 (cb), 2026-10-02 (prestige), 2026-09-25 (infocasas)"
c:central:lambare,Lambaré,city,asking_active_listings,terreno,rent,5,,,5,"status active and seen on or after 2026-10-02 (remax), 2026-10-02 (uprop), 2026-10-02 (psir), 2026-10-02 (cb), 2026-10-02 (prestige), 2026-09-25 (infocasas)"
c:central:lambare,Lambaré,city,asking_active_listings,casa,rent,21,,,21,"status active and seen on or after 2026-10-02 (remax), 2026-10-02 (uprop), 2026-10-02 (psir), 2026-10-02 (cb), 2026-10-02 (prestige), 2026-09-25 (infocasas)"
c:central:lambare,Lambaré,city,asking_active_listings,deposito,rent,1,,,1,"status active and seen on or after 2026-10-02 (remax), 2026-10-02 (uprop), 2026-10-02 (psir), 2026-10-02 (cb), 2026-10-02 (prestige), 2026-09-25 (infocasas)"
c:central:lambare,Lambaré,city,asking_active_listings,otro,rent,1,,,1,"status active and seen on or after 2026-10-02 (remax), 2026-10-02 (uprop), 2026-10-02 (psir), 2026-10-02 (cb), 2026-10-02 (prestige), 2026-09-25 (infocasas)"
c:central:lambare,Lambaré,city,asking_price_usd,casa,sale,166138,120000,250000,352,"median ask, USD at SET mid 2026-10-08, sources with 90%+ asks: remax infocasas uprop cb psir prestige"
c:central:lambare,Lambaré,city,asking_price_usd,terreno,sale,96694,70147,149436,241,"median ask, USD at SET mid 2026-10-08, sources with 90%+ asks: remax infocasas uprop cb psir prestige"
c:central:lambare,Lambaré,city,asking_price_usd,departamento,sale,87904,79113,149837,81,"median ask, USD at SET mid 2026-10-08, sources with 90%+ asks: remax infocasas uprop cb psir prestige"
c:central:lambare,Lambaré,city,asking_price_usd,duplex,sale,123065,109000,151194,29,"median ask, USD at SET mid 2026-10-08, sources with 90%+ asks: remax infocasas uprop cb psir prestige"
c:central:lambare,Lambaré,city,asking_price_usd,deposito,sale,,,,10,"suppressed, n below 20"
c:central:lambare,Lambaré,city,asking_price_usd,local,sale,,,,10,"suppressed, n below 20"
c:central:lambare,Lambaré,city,asking_price_usd,otro,sale,,,,6,"suppressed, n below 20"
c:central:lambare,Lambaré,city,asking_price_usd,edificio,sale,,,,3,"suppressed, n below 20"
c:central:lambare,Lambaré,city,asking_usd_per_m2_built,casa,sale,781,610,977,267,"built basis, 40-800 m2, 30k-2M USD, sources with 90%+ asks: remax infocasas uprop cb psir prestige"
c:central:lambare,Lambaré,city,asking_usd_per_m2_built,departamento,sale,1257,1051,1353,36,"built basis, 40-800 m2, 30k-2M USD, sources with 90%+ asks: remax infocasas uprop cb psir prestige"
c:central:lambare,Lambaré,city,asking_usd_per_m2_built,duplex,sale,,,,18,"suppressed, n below 20"
c:central:lambare,Lambaré,city,asking_usd_per_m2_built,local,sale,,,,4,"suppressed, n below 20"
c:central:lambare,Lambaré,city,asking_rent_usd_month,departamento,rent,615,475,791,42,"median monthly ask, USD at SET mid 2026-10-08, 50-15000 USD band, sources with 90%+ asks: remax infocasas uprop cb psir prestige"
c:central:lambare,Lambaré,city,asking_rent_usd_month,casa,rent,905,721,1165,20,"median monthly ask, USD at SET mid 2026-10-08, 50-15000 USD band, sources with 90%+ asks: remax infocasas uprop cb psir prestige"
c:central:lambare,Lambaré,city,asking_rent_usd_month,local,rent,,,,8,"suppressed, n below 20"
c:central:lambare,Lambaré,city,asking_rent_usd_month,terreno,rent,,,,4,"suppressed, n below 20"
c:central:lambare,Lambaré,city,asking_rent_usd_month,deposito,rent,,,,1,"suppressed, n below 20"
c:central:lambare,Lambaré,city,asking_rent_usd_month,duplex,rent,,,,1,"suppressed, n below 20"
c:central:lambare,Lambaré,city,asking_rent_usd_month,oficina,rent,,,,1,"suppressed, n below 20"
c:central:lambare,Lambaré,city,asking_rent_usd_month,otro,rent,,,,1,"suppressed, n below 20"
c:central:lambare,Lambaré,city,asking_staleness_days,casa,sale,201,,416,108,"days since source publish date, sources: remax prestige"
c:central:lambare,Lambaré,city,asking_staleness_days,terreno,sale,323,,591,101,"days since source publish date, sources: remax prestige"
c:central:lambare,Lambaré,city,asking_staleness_days,duplex,sale,213,,472,29,"days since source publish date, sources: remax prestige"
c:central:lambare,Lambaré,city,asking_staleness_days,departamento,sale,,,,18,"suppressed, n below 20"
c:central:lambare,Lambaré,city,asking_staleness_days,deposito,sale,,,,10,"suppressed, n below 20"
c:central:lambare,Lambaré,city,asking_staleness_days,otro,sale,,,,6,"suppressed, n below 20"
c:central:lambare,Lambaré,city,asking_staleness_days,local,sale,,,,4,"suppressed, n below 20"
c:central:lambare,Lambaré,city,asking_staleness_days,edificio,sale,,,,3,"suppressed, n below 20"
c:central:lambare,Lambaré,city,asking_flow_30d_cuts,,all,20,,,20,events 2026-09-10 to 2026-10-09
c:central:lambare,Lambaré,city,asking_flow_30d_increases,,all,4,,,4,events 2026-09-10 to 2026-10-09
c:central:lambare,Lambaré,city,asking_flow_30d_new,,all,49,,,49,events 2026-09-10 to 2026-10-09
c:central:lambare,Lambaré,city,asking_flow_30d_delisted,,all,8,,,8,events 2026-09-10 to 2026-10-09
c:central:lambare,Lambaré,city,asking_flow_30d_went_sold,,all,9,,,9,events 2026-09-10 to 2026-10-09
c:central:lambare,Lambaré,city,asking_flow_30d_went_rented,,all,10,,,10,events 2026-09-10 to 2026-10-09
c:central:lambare,Lambaré,city,asking_flow_30d_cuts,,sale,15,,,15,events 2026-09-10 to 2026-10-09
c:central:lambare,Lambaré,city,asking_flow_30d_increases,,sale,4,,,4,events 2026-09-10 to 2026-10-09
c:central:lambare,Lambaré,city,asking_flow_30d_new,,sale,41,,,41,events 2026-09-10 to 2026-10-09
c:central:lambare,Lambaré,city,asking_flow_30d_delisted,,sale,7,,,7,events 2026-09-10 to 2026-10-09
c:central:lambare,Lambaré,city,asking_flow_30d_went_sold,,sale,9,,,9,events 2026-09-10 to 2026-10-09
c:central:lambare,Lambaré,city,asking_flow_30d_went_rented,,sale,0,,,0,events 2026-09-10 to 2026-10-09
c:central:lambare,Lambaré,city,asking_flow_30d_cuts,,rent,5,,,5,events 2026-09-10 to 2026-10-09
c:central:lambare,Lambaré,city,asking_flow_30d_increases,,rent,0,,,0,events 2026-09-10 to 2026-10-09
c:central:lambare,Lambaré,city,asking_flow_30d_new,,rent,8,,,8,events 2026-09-10 to 2026-10-09
c:central:lambare,Lambaré,city,asking_flow_30d_delisted,,rent,1,,,1,events 2026-09-10 to 2026-10-09
c:central:lambare,Lambaré,city,asking_flow_30d_went_sold,,rent,0,,,0,events 2026-09-10 to 2026-10-09
c:central:lambare,Lambaré,city,asking_flow_30d_went_rented,,rent,10,,,10,events 2026-09-10 to 2026-10-09
c:central:lambare,Lambaré,city,reo_parcels_active,,sale,9,,,9,bank REO lists
c:central:lambare,Lambaré,city,reo_parcels_priced,,sale,7,,,7,bank REO lists
c:central:lambare,Lambaré,city,closed_ask_to_close_pct,all,sale,-4.4,-8.6,0,87,"same-currency broker-reported closes 2024-07-29 to 2026-10-06, terminal-ask basis"
c:central:lambare,Lambaré,city,closed_at_ask_share_pct,all,sale,27.6,,,87,24 of 87 report a price identical to the last ask
c:central:lambare,Lambaré,city,closed_below_ask_median_pct,all,sale,-6.2,,,63,median spread of closes below the last ask
c:central:lambare,Lambaré,city,closed_ask_to_close_pct,casa,sale,-4.4,-8.2,0,39,"same-currency broker-reported closes 2024-08-22 to 2026-09-29, terminal-ask basis"
c:central:lambare,Lambaré,city,closed_at_ask_share_pct,casa,sale,30.8,,,39,12 of 39 report a price identical to the last ask
c:central:lambare,Lambaré,city,closed_below_ask_median_pct,casa,sale,,,,27,"suppressed, fewer than 30 closes below ask"
c:central:lambare,Lambaré,city,closed_ask_to_close_pct,terreno,sale,-6.9,-9.5,-0.7,30,"same-currency broker-reported closes 2024-09-25 to 2026-10-02, terminal-ask basis"
c:central:lambare,Lambaré,city,closed_at_ask_share_pct,terreno,sale,26.7,,,30,8 of 30 report a price identical to the last ask
c:central:lambare,Lambaré,city,closed_below_ask_median_pct,terreno,sale,,,,22,"suppressed, fewer than 30 closes below ask"
c:central:lambare,Lambaré,city,closed_ask_to_close_pct,all,rent,0,0,0,137,"same-currency broker-reported closes 2024-05-01 to 2026-10-07, terminal-ask basis"
c:central:lambare,Lambaré,city,closed_at_ask_share_pct,all,rent,74.5,,,137,102 of 137 report a price identical to the last ask
c:central:lambare,Lambaré,city,closed_below_ask_median_pct,all,rent,-11.3,,,32,median spread of closes below the last ask
c:central:lambare,Lambaré,city,closed_ask_to_close_pct,casa,rent,0,-1.2,0,44,"same-currency broker-reported closes 2024-07-04 to 2026-10-01, terminal-ask basis"
c:central:lambare,Lambaré,city,closed_at_ask_share_pct,casa,rent,72.7,,,44,32 of 44 report a price identical to the last ask
c:central:lambare,Lambaré,city,closed_below_ask_median_pct,casa,rent,,,,11,"suppressed, fewer than 30 closes below ask"
c:central:lambare,Lambaré,city,closed_ask_to_close_pct,duplex,rent,0,0,0,36,"same-currency broker-reported closes 2024-07-27 to 2026-10-02, terminal-ask basis"
c:central:lambare,Lambaré,city,closed_at_ask_share_pct,duplex,rent,86.1,,,36,31 of 36 report a price identical to the last ask
c:central:lambare,Lambaré,city,closed_below_ask_median_pct,duplex,rent,,,,4,"suppressed, fewer than 30 closes below ask"
c:central:lambare,Lambaré,city,closed_ask_to_close_pct,departamento,rent,0,0,0,32,"same-currency broker-reported closes 2024-09-09 to 2026-10-07, terminal-ask basis"
c:central:lambare,Lambaré,city,closed_at_ask_share_pct,departamento,rent,78.1,,,32,25 of 32 report a price identical to the last ask
c:central:lambare,Lambaré,city,closed_below_ask_median_pct,departamento,rent,,,,7,"suppressed, fewer than 30 closes below ask"
c:central:fernando-de-la-mora,Fernando de la Mora,city,asking_listed_active,,,1821,,,1821,"status active on stock sources (remax uprop psir cb prestige infocasas), seen or not"
c:central:fernando-de-la-mora,Fernando de la Mora,city,asking_active_listings,edificio,sale,6,,,6,"status active and seen on or after 2026-10-02 (remax), 2026-10-02 (uprop), 2026-10-02 (psir), 2026-10-02 (cb), 2026-10-02 (prestige), 2026-09-25 (infocasas)"
c:central:fernando-de-la-mora,Fernando de la Mora,city,asking_active_listings,local,sale,17,,,17,"status active and seen on or after 2026-10-02 (remax), 2026-10-02 (uprop), 2026-10-02 (psir), 2026-10-02 (cb), 2026-10-02 (prestige), 2026-09-25 (infocasas)"
c:central:fernando-de-la-mora,Fernando de la Mora,city,asking_active_listings,otro,sale,5,,,5,"status active and seen on or after 2026-10-02 (remax), 2026-10-02 (uprop), 2026-10-02 (psir), 2026-10-02 (cb), 2026-10-02 (prestige), 2026-09-25 (infocasas)"
c:central:fernando-de-la-mora,Fernando de la Mora,city,asking_active_listings,deposito,sale,8,,,8,"status active and seen on or after 2026-10-02 (remax), 2026-10-02 (uprop), 2026-10-02 (psir), 2026-10-02 (cb), 2026-10-02 (prestige), 2026-09-25 (infocasas)"
c:central:fernando-de-la-mora,Fernando de la Mora,city,asking_active_listings,departamento,sale,161,,,161,"status active and seen on or after 2026-10-02 (remax), 2026-10-02 (uprop), 2026-10-02 (psir), 2026-10-02 (cb), 2026-10-02 (prestige), 2026-09-25 (infocasas)"
c:central:fernando-de-la-mora,Fernando de la Mora,city,asking_active_listings,terreno,sale,189,,,189,"status active and seen on or after 2026-10-02 (remax), 2026-10-02 (uprop), 2026-10-02 (psir), 2026-10-02 (cb), 2026-10-02 (prestige), 2026-09-25 (infocasas)"
c:central:fernando-de-la-mora,Fernando de la Mora,city,asking_active_listings,casa,sale,280,,,280,"status active and seen on or after 2026-10-02 (remax), 2026-10-02 (uprop), 2026-10-02 (psir), 2026-10-02 (cb), 2026-10-02 (prestige), 2026-09-25 (infocasas)"
c:central:fernando-de-la-mora,Fernando de la Mora,city,asking_active_listings,duplex,sale,13,,,13,"status active and seen on or after 2026-10-02 (remax), 2026-10-02 (uprop), 2026-10-02 (psir), 2026-10-02 (cb), 2026-10-02 (prestige), 2026-09-25 (infocasas)"
c:central:fernando-de-la-mora,Fernando de la Mora,city,asking_active_listings,duplex,rent,5,,,5,"status active and seen on or after 2026-10-02 (remax), 2026-10-02 (uprop), 2026-10-02 (psir), 2026-10-02 (cb), 2026-10-02 (prestige), 2026-09-25 (infocasas)"
c:central:fernando-de-la-mora,Fernando de la Mora,city,asking_active_listings,departamento,rent,69,,,69,"status active and seen on or after 2026-10-02 (remax), 2026-10-02 (uprop), 2026-10-02 (psir), 2026-10-02 (cb), 2026-10-02 (prestige), 2026-09-25 (infocasas)"
c:central:fernando-de-la-mora,Fernando de la Mora,city,asking_active_listings,otro,rent,3,,,3,"status active and seen on or after 2026-10-02 (remax), 2026-10-02 (uprop), 2026-10-02 (psir), 2026-10-02 (cb), 2026-10-02 (prestige), 2026-09-25 (infocasas)"
c:central:fernando-de-la-mora,Fernando de la Mora,city,asking_active_listings,deposito,rent,3,,,3,"status active and seen on or after 2026-10-02 (remax), 2026-10-02 (uprop), 2026-10-02 (psir), 2026-10-02 (cb), 2026-10-02 (prestige), 2026-09-25 (infocasas)"
c:central:fernando-de-la-mora,Fernando de la Mora,city,asking_active_listings,local,rent,30,,,30,"status active and seen on or after 2026-10-02 (remax), 2026-10-02 (uprop), 2026-10-02 (psir), 2026-10-02 (cb), 2026-10-02 (prestige), 2026-09-25 (infocasas)"
c:central:fernando-de-la-mora,Fernando de la Mora,city,asking_active_listings,casa,rent,24,,,24,"status active and seen on or after 2026-10-02 (remax), 2026-10-02 (uprop), 2026-10-02 (psir), 2026-10-02 (cb), 2026-10-02 (prestige), 2026-09-25 (infocasas)"
c:central:fernando-de-la-mora,Fernando de la Mora,city,asking_active_listings,oficina,rent,2,,,2,"status active and seen on or after 2026-10-02 (remax), 2026-10-02 (uprop), 2026-10-02 (psir), 2026-10-02 (cb), 2026-10-02 (prestige), 2026-09-25 (infocasas)"
c:central:fernando-de-la-mora,Fernando de la Mora,city,asking_active_listings,terreno,rent,2,,,2,"status active and seen on or after 2026-10-02 (remax), 2026-10-02 (uprop), 2026-10-02 (psir), 2026-10-02 (cb), 2026-10-02 (prestige), 2026-09-25 (infocasas)"
c:central:fernando-de-la-mora,Fernando de la Mora,city,asking_price_usd,casa,sale,171148,131855,257689,280,"median ask, USD at SET mid 2026-10-08, sources with 90%+ asks: remax infocasas uprop cb psir prestige"
c:central:fernando-de-la-mora,Fernando de la Mora,city,asking_price_usd,terreno,sale,135371,103726,298872,189,"median ask, USD at SET mid 2026-10-08, sources with 90%+ asks: remax infocasas uprop cb psir prestige"
c:central:fernando-de-la-mora,Fernando de la Mora,city,asking_price_usd,departamento,sale,70810,47432,93497,161,"median ask, USD at SET mid 2026-10-08, sources with 90%+ asks: remax infocasas uprop cb psir prestige"
c:central:fernando-de-la-mora,Fernando de la Mora,city,asking_price_usd,local,sale,,,,17,"suppressed, n below 20"
c:central:fernando-de-la-mora,Fernando de la Mora,city,asking_price_usd,duplex,sale,,,,13,"suppressed, n below 20"
c:central:fernando-de-la-mora,Fernando de la Mora,city,asking_price_usd,deposito,sale,,,,8,"suppressed, n below 20"
c:central:fernando-de-la-mora,Fernando de la Mora,city,asking_price_usd,edificio,sale,,,,6,"suppressed, n below 20"
c:central:fernando-de-la-mora,Fernando de la Mora,city,asking_price_usd,otro,sale,,,,5,"suppressed, n below 20"
c:central:fernando-de-la-mora,Fernando de la Mora,city,asking_usd_per_m2_built,casa,sale,844,651,1100,215,"built basis, 40-800 m2, 30k-2M USD, sources with 90%+ asks: remax infocasas uprop cb psir prestige"
c:central:fernando-de-la-mora,Fernando de la Mora,city,asking_usd_per_m2_built,departamento,sale,1172,1005,1410,58,"built basis, 40-800 m2, 30k-2M USD, sources with 90%+ asks: remax infocasas uprop cb psir prestige"
c:central:fernando-de-la-mora,Fernando de la Mora,city,asking_usd_per_m2_built,duplex,sale,,,,9,"suppressed, n below 20"
c:central:fernando-de-la-mora,Fernando de la Mora,city,asking_usd_per_m2_built,local,sale,,,,7,"suppressed, n below 20"
c:central:fernando-de-la-mora,Fernando de la Mora,city,asking_rent_usd_month,departamento,rent,615,404,791,43,"median monthly ask, USD at SET mid 2026-10-08, 50-15000 USD band, sources with 90%+ asks: remax infocasas uprop cb psir prestige"
c:central:fernando-de-la-mora,Fernando de la Mora,city,asking_rent_usd_month,local,rent,642,453,1297,30,"median monthly ask, USD at SET mid 2026-10-08, 50-15000 USD band, sources with 90%+ asks: remax infocasas uprop cb psir prestige"
c:central:fernando-de-la-mora,Fernando de la Mora,city,asking_rent_usd_month,casa,rent,967,716,1231,22,"median monthly ask, USD at SET mid 2026-10-08, 50-15000 USD band, sources with 90%+ asks: remax infocasas uprop cb psir prestige"
c:central:fernando-de-la-mora,Fernando de la Mora,city,asking_rent_usd_month,duplex,rent,,,,5,"suppressed, n below 20"
c:central:fernando-de-la-mora,Fernando de la Mora,city,asking_rent_usd_month,deposito,rent,,,,3,"suppressed, n below 20"
c:central:fernando-de-la-mora,Fernando de la Mora,city,asking_rent_usd_month,otro,rent,,,,3,"suppressed, n below 20"
c:central:fernando-de-la-mora,Fernando de la Mora,city,asking_rent_usd_month,oficina,rent,,,,2,"suppressed, n below 20"
c:central:fernando-de-la-mora,Fernando de la Mora,city,asking_rent_usd_month,terreno,rent,,,,2,"suppressed, n below 20"
c:central:fernando-de-la-mora,Fernando de la Mora,city,asking_staleness_days,departamento,sale,314,,687,100,"days since source publish date, sources: remax prestige"
c:central:fernando-de-la-mora,Fernando de la Mora,city,asking_staleness_days,casa,sale,175,,429,89,"days since source publish date, sources: remax prestige"
c:central:fernando-de-la-mora,Fernando de la Mora,city,asking_staleness_days,terreno,sale,226,,482,71,"days since source publish date, sources: remax prestige"
c:central:fernando-de-la-mora,Fernando de la Mora,city,asking_staleness_days,duplex,sale,,,,13,"suppressed, n below 20"
c:central:fernando-de-la-mora,Fernando de la Mora,city,asking_staleness_days,deposito,sale,,,,8,"suppressed, n below 20"
c:central:fernando-de-la-mora,Fernando de la Mora,city,asking_staleness_days,edificio,sale,,,,6,"suppressed, n below 20"
c:central:fernando-de-la-mora,Fernando de la Mora,city,asking_staleness_days,local,sale,,,,5,"suppressed, n below 20"
c:central:fernando-de-la-mora,Fernando de la Mora,city,asking_staleness_days,otro,sale,,,,5,"suppressed, n below 20"
c:central:fernando-de-la-mora,Fernando de la Mora,city,asking_flow_30d_cuts,,all,13,,,13,events 2026-09-10 to 2026-10-09
c:central:fernando-de-la-mora,Fernando de la Mora,city,asking_flow_30d_increases,,all,2,,,2,events 2026-09-10 to 2026-10-09
c:central:fernando-de-la-mora,Fernando de la Mora,city,asking_flow_30d_new,,all,70,,,70,events 2026-09-10 to 2026-10-09
c:central:fernando-de-la-mora,Fernando de la Mora,city,asking_flow_30d_delisted,,all,15,,,15,events 2026-09-10 to 2026-10-09
c:central:fernando-de-la-mora,Fernando de la Mora,city,asking_flow_30d_went_sold,,all,12,,,12,events 2026-09-10 to 2026-10-09
c:central:fernando-de-la-mora,Fernando de la Mora,city,asking_flow_30d_went_rented,,all,19,,,19,events 2026-09-10 to 2026-10-09
c:central:fernando-de-la-mora,Fernando de la Mora,city,asking_flow_30d_cuts,,sale,10,,,10,events 2026-09-10 to 2026-10-09
c:central:fernando-de-la-mora,Fernando de la Mora,city,asking_flow_30d_increases,,sale,2,,,2,events 2026-09-10 to 2026-10-09
c:central:fernando-de-la-mora,Fernando de la Mora,city,asking_flow_30d_new,,sale,40,,,40,events 2026-09-10 to 2026-10-09
c:central:fernando-de-la-mora,Fernando de la Mora,city,asking_flow_30d_delisted,,sale,12,,,12,events 2026-09-10 to 2026-10-09
c:central:fernando-de-la-mora,Fernando de la Mora,city,asking_flow_30d_went_sold,,sale,12,,,12,events 2026-09-10 to 2026-10-09
c:central:fernando-de-la-mora,Fernando de la Mora,city,asking_flow_30d_went_rented,,sale,0,,,0,events 2026-09-10 to 2026-10-09
c:central:fernando-de-la-mora,Fernando de la Mora,city,asking_flow_30d_cuts,,rent,3,,,3,events 2026-09-10 to 2026-10-09
c:central:fernando-de-la-mora,Fernando de la Mora,city,asking_flow_30d_increases,,rent,0,,,0,events 2026-09-10 to 2026-10-09
c:central:fernando-de-la-mora,Fernando de la Mora,city,asking_flow_30d_new,,rent,30,,,30,events 2026-09-10 to 2026-10-09
c:central:fernando-de-la-mora,Fernando de la Mora,city,asking_flow_30d_delisted,,rent,3,,,3,events 2026-09-10 to 2026-10-09
c:central:fernando-de-la-mora,Fernando de la Mora,city,asking_flow_30d_went_sold,,rent,0,,,0,events 2026-09-10 to 2026-10-09
c:central:fernando-de-la-mora,Fernando de la Mora,city,asking_flow_30d_went_rented,,rent,19,,,19,events 2026-09-10 to 2026-10-09
c:central:fernando-de-la-mora,Fernando de la Mora,city,reo_parcels_active,,sale,2,,,2,bank REO lists
c:central:fernando-de-la-mora,Fernando de la Mora,city,reo_parcels_priced,,sale,1,,,1,bank REO lists
c:central:fernando-de-la-mora,Fernando de la Mora,city,closed_ask_to_close_pct,all,sale,-3.1,-7.4,0,59,"same-currency broker-reported closes 2024-03-04 to 2026-10-06, terminal-ask basis"
c:central:fernando-de-la-mora,Fernando de la Mora,city,closed_at_ask_share_pct,all,sale,32.2,,,59,19 of 59 report a price identical to the last ask
c:central:fernando-de-la-mora,Fernando de la Mora,city,closed_below_ask_median_pct,all,sale,-6,,,40,median spread of closes below the last ask
c:central:fernando-de-la-mora,Fernando de la Mora,city,closed_ask_to_close_pct,all,rent,0,0,0,189,"same-currency broker-reported closes 2024-04-11 to 2026-10-08, terminal-ask basis"
c:central:fernando-de-la-mora,Fernando de la Mora,city,closed_at_ask_share_pct,all,rent,74.1,,,189,140 of 189 report a price identical to the last ask
c:central:fernando-de-la-mora,Fernando de la Mora,city,closed_below_ask_median_pct,all,rent,-10,,,43,median spread of closes below the last ask
c:central:fernando-de-la-mora,Fernando de la Mora,city,closed_ask_to_close_pct,departamento,rent,0,0,0,84,"same-currency broker-reported closes 2024-04-11 to 2026-10-05, terminal-ask basis"
c:central:fernando-de-la-mora,Fernando de la Mora,city,closed_at_ask_share_pct,departamento,rent,78.6,,,84,66 of 84 report a price identical to the last ask
c:central:fernando-de-la-mora,Fernando de la Mora,city,closed_below_ask_median_pct,departamento,rent,,,,14,"suppressed, fewer than 30 closes below ask"
c:central:fernando-de-la-mora,Fernando de la Mora,city,closed_ask_to_close_pct,duplex,rent,0,-4.8,0,31,"same-currency broker-reported closes 2025-08-08 to 2026-09-03, terminal-ask basis"
c:central:fernando-de-la-mora,Fernando de la Mora,city,closed_at_ask_share_pct,duplex,rent,64.5,,,31,20 of 31 report a price identical to the last ask
c:central:fernando-de-la-mora,Fernando de la Mora,city,closed_below_ask_median_pct,duplex,rent,,,,10,"suppressed, fewer than 30 closes below ask"
c:central:fernando-de-la-mora,Fernando de la Mora,city,closed_ask_to_close_pct,local,rent,0,0,0,30,"same-currency broker-reported closes 2024-07-03 to 2026-09-30, terminal-ask basis"
c:central:fernando-de-la-mora,Fernando de la Mora,city,closed_at_ask_share_pct,local,rent,76.7,,,30,23 of 30 report a price identical to the last ask
c:central:fernando-de-la-mora,Fernando de la Mora,city,closed_below_ask_median_pct,local,rent,,,,6,"suppressed, fewer than 30 closes below ask"
c:central:capiata,Capiatá,city,asking_listed_active,,,1205,,,1205,"status active on stock sources (remax uprop psir cb prestige infocasas), seen or not"
c:central:capiata,Capiatá,city,asking_active_listings,terreno,sale,276,,,276,"status active and seen on or after 2026-10-02 (remax), 2026-10-02 (uprop), 2026-10-02 (psir), 2026-10-02 (cb), 2026-10-02 (prestige), 2026-09-25 (infocasas)"
c:central:capiata,Capiatá,city,asking_active_listings,otro,sale,6,,,6,"status active and seen on or after 2026-10-02 (remax), 2026-10-02 (uprop), 2026-10-02 (psir), 2026-10-02 (cb), 2026-10-02 (prestige), 2026-09-25 (infocasas)"
c:central:capiata,Capiatá,city,asking_active_listings,departamento,sale,6,,,6,"status active and seen on or after 2026-10-02 (remax), 2026-10-02 (uprop), 2026-10-02 (psir), 2026-10-02 (cb), 2026-10-02 (prestige), 2026-09-25 (infocasas)"
c:central:capiata,Capiatá,city,asking_active_listings,casa,sale,292,,,292,"status active and seen on or after 2026-10-02 (remax), 2026-10-02 (uprop), 2026-10-02 (psir), 2026-10-02 (cb), 2026-10-02 (prestige), 2026-09-25 (infocasas)"
c:central:capiata,Capiatá,city,asking_active_listings,quinta,sale,2,,,2,"status active and seen on or after 2026-10-02 (remax), 2026-10-02 (uprop), 2026-10-02 (psir), 2026-10-02 (cb), 2026-10-02 (prestige), 2026-09-25 (infocasas)"
c:central:capiata,Capiatá,city,asking_active_listings,edificio,sale,1,,,1,"status active and seen on or after 2026-10-02 (remax), 2026-10-02 (uprop), 2026-10-02 (psir), 2026-10-02 (cb), 2026-10-02 (prestige), 2026-09-25 (infocasas)"
c:central:capiata,Capiatá,city,asking_active_listings,duplex,sale,5,,,5,"status active and seen on or after 2026-10-02 (remax), 2026-10-02 (uprop), 2026-10-02 (psir), 2026-10-02 (cb), 2026-10-02 (prestige), 2026-09-25 (infocasas)"
c:central:capiata,Capiatá,city,asking_active_listings,local,sale,15,,,15,"status active and seen on or after 2026-10-02 (remax), 2026-10-02 (uprop), 2026-10-02 (psir), 2026-10-02 (cb), 2026-10-02 (prestige), 2026-09-25 (infocasas)"
c:central:capiata,Capiatá,city,asking_active_listings,deposito,sale,5,,,5,"status active and seen on or after 2026-10-02 (remax), 2026-10-02 (uprop), 2026-10-02 (psir), 2026-10-02 (cb), 2026-10-02 (prestige), 2026-09-25 (infocasas)"
c:central:capiata,Capiatá,city,asking_active_listings,departamento,rent,4,,,4,"status active and seen on or after 2026-10-02 (remax), 2026-10-02 (uprop), 2026-10-02 (psir), 2026-10-02 (cb), 2026-10-02 (prestige), 2026-09-25 (infocasas)"
c:central:capiata,Capiatá,city,asking_active_listings,duplex,rent,1,,,1,"status active and seen on or after 2026-10-02 (remax), 2026-10-02 (uprop), 2026-10-02 (psir), 2026-10-02 (cb), 2026-10-02 (prestige), 2026-09-25 (infocasas)"
c:central:capiata,Capiatá,city,asking_active_listings,local,rent,7,,,7,"status active and seen on or after 2026-10-02 (remax), 2026-10-02 (uprop), 2026-10-02 (psir), 2026-10-02 (cb), 2026-10-02 (prestige), 2026-09-25 (infocasas)"
c:central:capiata,Capiatá,city,asking_active_listings,terreno,rent,3,,,3,"status active and seen on or after 2026-10-02 (remax), 2026-10-02 (uprop), 2026-10-02 (psir), 2026-10-02 (cb), 2026-10-02 (prestige), 2026-09-25 (infocasas)"
c:central:capiata,Capiatá,city,asking_active_listings,deposito,rent,1,,,1,"status active and seen on or after 2026-10-02 (remax), 2026-10-02 (uprop), 2026-10-02 (psir), 2026-10-02 (cb), 2026-10-02 (prestige), 2026-09-25 (infocasas)"
c:central:capiata,Capiatá,city,asking_active_listings,otro,rent,1,,,1,"status active and seen on or after 2026-10-02 (remax), 2026-10-02 (uprop), 2026-10-02 (psir), 2026-10-02 (cb), 2026-10-02 (prestige), 2026-09-25 (infocasas)"
c:central:capiata,Capiatá,city,asking_active_listings,casa,rent,7,,,7,"status active and seen on or after 2026-10-02 (remax), 2026-10-02 (uprop), 2026-10-02 (psir), 2026-10-02 (cb), 2026-10-02 (prestige), 2026-09-25 (infocasas)"
c:central:capiata,Capiatá,city,asking_active_listings,oficina,rent,2,,,2,"status active and seen on or after 2026-10-02 (remax), 2026-10-02 (uprop), 2026-10-02 (psir), 2026-10-02 (cb), 2026-10-02 (prestige), 2026-09-25 (infocasas)"
c:central:capiata,Capiatá,city,asking_price_usd,casa,sale,63818,52742,87904,292,"median ask, USD at SET mid 2026-10-08, sources with 90%+ asks: remax infocasas uprop cb psir prestige"
c:central:capiata,Capiatá,city,asking_price_usd,terreno,sale,40436,23734,109570,276,"median ask, USD at SET mid 2026-10-08, sources with 90%+ asks: remax infocasas uprop cb psir prestige"
c:central:capiata,Capiatá,city,asking_price_usd,local,sale,,,,15,"suppressed, n below 20"
c:central:capiata,Capiatá,city,asking_price_usd,departamento,sale,,,,6,"suppressed, n below 20"
c:central:capiata,Capiatá,city,asking_price_usd,otro,sale,,,,6,"suppressed, n below 20"
c:central:capiata,Capiatá,city,asking_price_usd,deposito,sale,,,,5,"suppressed, n below 20"
c:central:capiata,Capiatá,city,asking_price_usd,duplex,sale,,,,5,"suppressed, n below 20"
c:central:capiata,Capiatá,city,asking_price_usd,quinta,sale,,,,2,"suppressed, n below 20"
c:central:capiata,Capiatá,city,asking_price_usd,edificio,sale,,,,1,"suppressed, n below 20"
c:central:capiata,Capiatá,city,asking_usd_per_m2_built,casa,sale,659,443,858,245,"built basis, 40-800 m2, 30k-2M USD, sources with 90%+ asks: remax infocasas uprop cb psir prestige"
c:central:capiata,Capiatá,city,asking_usd_per_m2_built,local,sale,,,,10,"suppressed, n below 20"
c:central:capiata,Capiatá,city,asking_usd_per_m2_built,duplex,sale,,,,4,"suppressed, n below 20"
c:central:capiata,Capiatá,city,asking_rent_usd_month,casa,rent,,,,7,"suppressed, n below 20"
c:central:capiata,Capiatá,city,asking_rent_usd_month,local,rent,,,,7,"suppressed, n below 20"
c:central:capiata,Capiatá,city,asking_rent_usd_month,departamento,rent,,,,4,"suppressed, n below 20"
c:central:capiata,Capiatá,city,asking_rent_usd_month,terreno,rent,,,,3,"suppressed, n below 20"
c:central:capiata,Capiatá,city,asking_rent_usd_month,oficina,rent,,,,2,"suppressed, n below 20"
c:central:capiata,Capiatá,city,asking_rent_usd_month,deposito,rent,,,,1,"suppressed, n below 20"
c:central:capiata,Capiatá,city,asking_rent_usd_month,duplex,rent,,,,1,"suppressed, n below 20"
c:central:capiata,Capiatá,city,asking_rent_usd_month,otro,rent,,,,1,"suppressed, n below 20"
c:central:capiata,Capiatá,city,asking_staleness_days,casa,sale,191,,402,129,"days since source publish date, sources: remax prestige"
c:central:capiata,Capiatá,city,asking_staleness_days,terreno,sale,164,,396,110,"days since source publish date, sources: remax prestige"
c:central:capiata,Capiatá,city,asking_staleness_days,local,sale,,,,8,"suppressed, n below 20"
c:central:capiata,Capiatá,city,asking_staleness_days,otro,sale,,,,6,"suppressed, n below 20"
c:central:capiata,Capiatá,city,asking_staleness_days,deposito,sale,,,,5,"suppressed, n below 20"
c:central:capiata,Capiatá,city,asking_staleness_days,duplex,sale,,,,5,"suppressed, n below 20"
c:central:capiata,Capiatá,city,asking_staleness_days,quinta,sale,,,,2,"suppressed, n below 20"
c:central:capiata,Capiatá,city,asking_staleness_days,edificio,sale,,,,1,"suppressed, n below 20"
c:central:capiata,Capiatá,city,asking_flow_30d_cuts,,all,15,,,15,events 2026-09-10 to 2026-10-09
c:central:capiata,Capiatá,city,asking_flow_30d_increases,,all,4,,,4,events 2026-09-10 to 2026-10-09
c:central:capiata,Capiatá,city,asking_flow_30d_new,,all,57,,,57,events 2026-09-10 to 2026-10-09
c:central:capiata,Capiatá,city,asking_flow_30d_delisted,,all,26,,,26,events 2026-09-10 to 2026-10-09
c:central:capiata,Capiatá,city,asking_flow_30d_went_sold,,all,6,,,6,events 2026-09-10 to 2026-10-09
c:central:capiata,Capiatá,city,asking_flow_30d_went_rented,,all,4,,,4,events 2026-09-10 to 2026-10-09
c:central:capiata,Capiatá,city,asking_flow_30d_cuts,,sale,13,,,13,events 2026-09-10 to 2026-10-09
c:central:capiata,Capiatá,city,asking_flow_30d_increases,,sale,4,,,4,events 2026-09-10 to 2026-10-09
c:central:capiata,Capiatá,city,asking_flow_30d_new,,sale,54,,,54,events 2026-09-10 to 2026-10-09
c:central:capiata,Capiatá,city,asking_flow_30d_delisted,,sale,25,,,25,events 2026-09-10 to 2026-10-09
c:central:capiata,Capiatá,city,asking_flow_30d_went_sold,,sale,6,,,6,events 2026-09-10 to 2026-10-09
c:central:capiata,Capiatá,city,asking_flow_30d_went_rented,,sale,0,,,0,events 2026-09-10 to 2026-10-09
c:central:capiata,Capiatá,city,asking_flow_30d_cuts,,rent,2,,,2,events 2026-09-10 to 2026-10-09
c:central:capiata,Capiatá,city,asking_flow_30d_increases,,rent,0,,,0,events 2026-09-10 to 2026-10-09
c:central:capiata,Capiatá,city,asking_flow_30d_new,,rent,3,,,3,events 2026-09-10 to 2026-10-09
c:central:capiata,Capiatá,city,asking_flow_30d_delisted,,rent,1,,,1,events 2026-09-10 to 2026-10-09
c:central:capiata,Capiatá,city,asking_flow_30d_went_sold,,rent,0,,,0,events 2026-09-10 to 2026-10-09
c:central:capiata,Capiatá,city,asking_flow_30d_went_rented,,rent,4,,,4,events 2026-09-10 to 2026-10-09
c:central:capiata,Capiatá,city,reo_parcels_active,,sale,7,,,7,bank REO lists
c:central:capiata,Capiatá,city,reo_parcels_priced,,sale,7,,,7,bank REO lists
c:central:capiata,Capiatá,city,closed_ask_to_close_pct,all,sale,-4.8,-10.7,0,51,"same-currency broker-reported closes 2024-11-29 to 2026-09-24, terminal-ask basis"
c:central:capiata,Capiatá,city,closed_at_ask_share_pct,all,sale,33.3,,,51,17 of 51 report a price identical to the last ask
c:central:capiata,Capiatá,city,closed_below_ask_median_pct,all,sale,-9.1,,,32,median spread of closes below the last ask
c:central:capiata,Capiatá,city,closed_ask_to_close_pct,all,rent,0,-9.1,0,38,"same-currency broker-reported closes 2024-07-03 to 2026-10-06, terminal-ask basis"
c:central:capiata,Capiatá,city,closed_at_ask_share_pct,all,rent,65.8,,,38,25 of 38 report a price identical to the last ask
c:central:capiata,Capiatá,city,closed_below_ask_median_pct,all,rent,,,,13,"suppressed, fewer than 30 closes below ask"
c:central:nemby,Ñemby,city,asking_listed_active,,,1211,,,1211,"status active on stock sources (remax uprop psir cb prestige infocasas), seen or not"
c:central:nemby,Ñemby,city,asking_active_listings,deposito,sale,2,,,2,"status active and seen on or after 2026-10-02 (remax), 2026-10-02 (uprop), 2026-10-02 (psir), 2026-10-02 (cb), 2026-10-02 (prestige), 2026-09-25 (infocasas)"
c:central:nemby,Ñemby,city,asking_active_listings,departamento,sale,11,,,11,"status active and seen on or after 2026-10-02 (remax), 2026-10-02 (uprop), 2026-10-02 (psir), 2026-10-02 (cb), 2026-10-02 (prestige), 2026-09-25 (infocasas)"
c:central:nemby,Ñemby,city,asking_active_listings,casa,sale,261,,,261,"status active and seen on or after 2026-10-02 (remax), 2026-10-02 (uprop), 2026-10-02 (psir), 2026-10-02 (cb), 2026-10-02 (prestige), 2026-09-25 (infocasas)"
c:central:nemby,Ñemby,city,asking_active_listings,quinta,sale,3,,,3,"status active and seen on or after 2026-10-02 (remax), 2026-10-02 (uprop), 2026-10-02 (psir), 2026-10-02 (cb), 2026-10-02 (prestige), 2026-09-25 (infocasas)"
c:central:nemby,Ñemby,city,asking_active_listings,duplex,sale,5,,,5,"status active and seen on or after 2026-10-02 (remax), 2026-10-02 (uprop), 2026-10-02 (psir), 2026-10-02 (cb), 2026-10-02 (prestige), 2026-09-25 (infocasas)"
c:central:nemby,Ñemby,city,asking_active_listings,local,sale,6,,,6,"status active and seen on or after 2026-10-02 (remax), 2026-10-02 (uprop), 2026-10-02 (psir), 2026-10-02 (cb), 2026-10-02 (prestige), 2026-09-25 (infocasas)"
c:central:nemby,Ñemby,city,asking_active_listings,otro,sale,4,,,4,"status active and seen on or after 2026-10-02 (remax), 2026-10-02 (uprop), 2026-10-02 (psir), 2026-10-02 (cb), 2026-10-02 (prestige), 2026-09-25 (infocasas)"
c:central:nemby,Ñemby,city,asking_active_listings,terreno,sale,216,,,216,"status active and seen on or after 2026-10-02 (remax), 2026-10-02 (uprop), 2026-10-02 (psir), 2026-10-02 (cb), 2026-10-02 (prestige), 2026-09-25 (infocasas)"
c:central:nemby,Ñemby,city,asking_active_listings,departamento,rent,3,,,3,"status active and seen on or after 2026-10-02 (remax), 2026-10-02 (uprop), 2026-10-02 (psir), 2026-10-02 (cb), 2026-10-02 (prestige), 2026-09-25 (infocasas)"
c:central:nemby,Ñemby,city,asking_active_listings,duplex,rent,1,,,1,"status active and seen on or after 2026-10-02 (remax), 2026-10-02 (uprop), 2026-10-02 (psir), 2026-10-02 (cb), 2026-10-02 (prestige), 2026-09-25 (infocasas)"
c:central:nemby,Ñemby,city,asking_active_listings,otro,rent,12,,,12,"status active and seen on or after 2026-10-02 (remax), 2026-10-02 (uprop), 2026-10-02 (psir), 2026-10-02 (cb), 2026-10-02 (prestige), 2026-09-25 (infocasas)"
c:central:nemby,Ñemby,city,asking_active_listings,casa,rent,6,,,6,"status active and seen on or after 2026-10-02 (remax), 2026-10-02 (uprop), 2026-10-02 (psir), 2026-10-02 (cb), 2026-10-02 (prestige), 2026-09-25 (infocasas)"
c:central:nemby,Ñemby,city,asking_active_listings,deposito,rent,2,,,2,"status active and seen on or after 2026-10-02 (remax), 2026-10-02 (uprop), 2026-10-02 (psir), 2026-10-02 (cb), 2026-10-02 (prestige), 2026-09-25 (infocasas)"
c:central:nemby,Ñemby,city,asking_active_listings,terreno,rent,2,,,2,"status active and seen on or after 2026-10-02 (remax), 2026-10-02 (uprop), 2026-10-02 (psir), 2026-10-02 (cb), 2026-10-02 (prestige), 2026-09-25 (infocasas)"
c:central:nemby,Ñemby,city,asking_active_listings,local,rent,10,,,10,"status active and seen on or after 2026-10-02 (remax), 2026-10-02 (uprop), 2026-10-02 (psir), 2026-10-02 (cb), 2026-10-02 (prestige), 2026-09-25 (infocasas)"
c:central:nemby,Ñemby,city,asking_price_usd,casa,sale,75597,63291,108000,261,"median ask, USD at SET mid 2026-10-08, sources with 90%+ asks: remax infocasas uprop cb psir prestige"
c:central:nemby,Ñemby,city,asking_price_usd,terreno,sale,56258,41095,123065,216,"median ask, USD at SET mid 2026-10-08, sources with 90%+ asks: remax infocasas uprop cb psir prestige"
c:central:nemby,Ñemby,city,asking_price_usd,departamento,sale,,,,11,"suppressed, n below 20"
c:central:nemby,Ñemby,city,asking_price_usd,local,sale,,,,6,"suppressed, n below 20"
c:central:nemby,Ñemby,city,asking_price_usd,duplex,sale,,,,5,"suppressed, n below 20"
c:central:nemby,Ñemby,city,asking_price_usd,otro,sale,,,,4,"suppressed, n below 20"
c:central:nemby,Ñemby,city,asking_price_usd,quinta,sale,,,,3,"suppressed, n below 20"
c:central:nemby,Ñemby,city,asking_price_usd,deposito,sale,,,,2,"suppressed, n below 20"
c:central:nemby,Ñemby,city,asking_usd_per_m2_built,casa,sale,668,430,886,233,"built basis, 40-800 m2, 30k-2M USD, sources with 90%+ asks: remax infocasas uprop cb psir prestige"
c:central:nemby,Ñemby,city,asking_usd_per_m2_built,duplex,sale,,,,5,"suppressed, n below 20"
c:central:nemby,Ñemby,city,asking_usd_per_m2_built,local,sale,,,,5,"suppressed, n below 20"
c:central:nemby,Ñemby,city,asking_usd_per_m2_built,departamento,sale,,,,2,"suppressed, n below 20"
c:central:nemby,Ñemby,city,asking_rent_usd_month,otro,rent,,,,12,"suppressed, n below 20"
c:central:nemby,Ñemby,city,asking_rent_usd_month,local,rent,,,,10,"suppressed, n below 20"
c:central:nemby,Ñemby,city,asking_rent_usd_month,casa,rent,,,,5,"suppressed, n below 20"
c:central:nemby,Ñemby,city,asking_rent_usd_month,departamento,rent,,,,3,"suppressed, n below 20"
c:central:nemby,Ñemby,city,asking_rent_usd_month,deposito,rent,,,,2,"suppressed, n below 20"
c:central:nemby,Ñemby,city,asking_rent_usd_month,terreno,rent,,,,2,"suppressed, n below 20"
c:central:nemby,Ñemby,city,asking_rent_usd_month,duplex,rent,,,,1,"suppressed, n below 20"
c:central:nemby,Ñemby,city,asking_staleness_days,casa,sale,184,,382,83,"days since source publish date, sources: remax prestige"
c:central:nemby,Ñemby,city,asking_staleness_days,terreno,sale,169,,449,83,"days since source publish date, sources: remax prestige"
c:central:nemby,Ñemby,city,asking_staleness_days,departamento,sale,,,,6,"suppressed, n below 20"
c:central:nemby,Ñemby,city,asking_staleness_days,duplex,sale,,,,5,"suppressed, n below 20"
c:central:nemby,Ñemby,city,asking_staleness_days,local,sale,,,,5,"suppressed, n below 20"
c:central:nemby,Ñemby,city,asking_staleness_days,otro,sale,,,,4,"suppressed, n below 20"
c:central:nemby,Ñemby,city,asking_staleness_days,quinta,sale,,,,3,"suppressed, n below 20"
c:central:nemby,Ñemby,city,asking_staleness_days,deposito,sale,,,,2,"suppressed, n below 20"
c:central:nemby,Ñemby,city,asking_flow_30d_cuts,,all,9,,,9,events 2026-09-10 to 2026-10-09
c:central:nemby,Ñemby,city,asking_flow_30d_increases,,all,1,,,1,events 2026-09-10 to 2026-10-09
c:central:nemby,Ñemby,city,asking_flow_30d_new,,all,55,,,55,events 2026-09-10 to 2026-10-09
c:central:nemby,Ñemby,city,asking_flow_30d_delisted,,all,29,,,29,events 2026-09-10 to 2026-10-09
c:central:nemby,Ñemby,city,asking_flow_30d_went_sold,,all,3,,,3,events 2026-09-10 to 2026-10-09
c:central:nemby,Ñemby,city,asking_flow_30d_went_rented,,all,4,,,4,events 2026-09-10 to 2026-10-09
c:central:nemby,Ñemby,city,asking_flow_30d_cuts,,sale,9,,,9,events 2026-09-10 to 2026-10-09
c:central:nemby,Ñemby,city,asking_flow_30d_increases,,sale,1,,,1,events 2026-09-10 to 2026-10-09
c:central:nemby,Ñemby,city,asking_flow_30d_new,,sale,48,,,48,events 2026-09-10 to 2026-10-09
c:central:nemby,Ñemby,city,asking_flow_30d_delisted,,sale,20,,,20,events 2026-09-10 to 2026-10-09
c:central:nemby,Ñemby,city,asking_flow_30d_went_sold,,sale,3,,,3,events 2026-09-10 to 2026-10-09
c:central:nemby,Ñemby,city,asking_flow_30d_went_rented,,sale,0,,,0,events 2026-09-10 to 2026-10-09
c:central:nemby,Ñemby,city,asking_flow_30d_cuts,,rent,0,,,0,events 2026-09-10 to 2026-10-09
c:central:nemby,Ñemby,city,asking_flow_30d_increases,,rent,0,,,0,events 2026-09-10 to 2026-10-09
c:central:nemby,Ñemby,city,asking_flow_30d_new,,rent,7,,,7,events 2026-09-10 to 2026-10-09
c:central:nemby,Ñemby,city,asking_flow_30d_delisted,,rent,9,,,9,events 2026-09-10 to 2026-10-09
c:central:nemby,Ñemby,city,asking_flow_30d_went_sold,,rent,0,,,0,events 2026-09-10 to 2026-10-09
c:central:nemby,Ñemby,city,asking_flow_30d_went_rented,,rent,4,,,4,events 2026-09-10 to 2026-10-09
c:central:nemby,Ñemby,city,reo_parcels_active,,sale,4,,,4,bank REO lists
c:central:nemby,Ñemby,city,reo_parcels_priced,,sale,4,,,4,bank REO lists
c:central:nemby,Ñemby,city,closed_ask_to_close_pct,all,sale,-2.9,-10,0,49,"same-currency broker-reported closes 2024-09-10 to 2026-10-01, terminal-ask basis"
c:central:nemby,Ñemby,city,closed_at_ask_share_pct,all,sale,38.8,,,49,19 of 49 report a price identical to the last ask
c:central:nemby,Ñemby,city,closed_below_ask_median_pct,all,sale,-7.3,,,30,median spread of closes below the last ask
c:central:nemby,Ñemby,city,closed_ask_to_close_pct,terreno,sale,-4.3,-12.5,0,37,"same-currency broker-reported closes 2024-09-10 to 2026-10-01, terminal-ask basis"
c:central:nemby,Ñemby,city,closed_at_ask_share_pct,terreno,sale,35.1,,,37,13 of 37 report a price identical to the last ask
c:central:nemby,Ñemby,city,closed_below_ask_median_pct,terreno,sale,,,,24,"suppressed, fewer than 30 closes below ask"
c:central:nemby,Ñemby,city,closed_ask_to_close_pct,all,rent,0,-2.5,0,57,"same-currency broker-reported closes 2025-06-07 to 2026-10-02, terminal-ask basis"
c:central:nemby,Ñemby,city,closed_at_ask_share_pct,all,rent,71.9,,,57,41 of 57 report a price identical to the last ask
c:central:nemby,Ñemby,city,closed_below_ask_median_pct,all,rent,,,,15,"suppressed, fewer than 30 closes below ask"
c:central:mariano-roque-alonso,Mariano Roque Alonso,city,asking_listed_active,,,1113,,,1113,"status active on stock sources (remax uprop psir cb prestige infocasas), seen or not"
c:central:mariano-roque-alonso,Mariano Roque Alonso,city,asking_active_listings,departamento,sale,86,,,86,"status active and seen on or after 2026-10-02 (remax), 2026-10-02 (uprop), 2026-10-02 (psir), 2026-10-02 (cb), 2026-10-02 (prestige), 2026-09-25 (infocasas)"
c:central:mariano-roque-alonso,Mariano Roque Alonso,city,asking_active_listings,casa,sale,144,,,144,"status active and seen on or after 2026-10-02 (remax), 2026-10-02 (uprop), 2026-10-02 (psir), 2026-10-02 (cb), 2026-10-02 (prestige), 2026-09-25 (infocasas)"
c:central:mariano-roque-alonso,Mariano Roque Alonso,city,asking_active_listings,local,sale,11,,,11,"status active and seen on or after 2026-10-02 (remax), 2026-10-02 (uprop), 2026-10-02 (psir), 2026-10-02 (cb), 2026-10-02 (prestige), 2026-09-25 (infocasas)"
c:central:mariano-roque-alonso,Mariano Roque Alonso,city,asking_active_listings,edificio,sale,6,,,6,"status active and seen on or after 2026-10-02 (remax), 2026-10-02 (uprop), 2026-10-02 (psir), 2026-10-02 (cb), 2026-10-02 (prestige), 2026-09-25 (infocasas)"
c:central:mariano-roque-alonso,Mariano Roque Alonso,city,asking_active_listings,terreno,sale,197,,,197,"status active and seen on or after 2026-10-02 (remax), 2026-10-02 (uprop), 2026-10-02 (psir), 2026-10-02 (cb), 2026-10-02 (prestige), 2026-09-25 (infocasas)"
c:central:mariano-roque-alonso,Mariano Roque Alonso,city,asking_active_listings,duplex,sale,7,,,7,"status active and seen on or after 2026-10-02 (remax), 2026-10-02 (uprop), 2026-10-02 (psir), 2026-10-02 (cb), 2026-10-02 (prestige), 2026-09-25 (infocasas)"
c:central:mariano-roque-alonso,Mariano Roque Alonso,city,asking_active_listings,otro,sale,13,,,13,"status active and seen on or after 2026-10-02 (remax), 2026-10-02 (uprop), 2026-10-02 (psir), 2026-10-02 (cb), 2026-10-02 (prestige), 2026-09-25 (infocasas)"
c:central:mariano-roque-alonso,Mariano Roque Alonso,city,asking_active_listings,deposito,sale,6,,,6,"status active and seen on or after 2026-10-02 (remax), 2026-10-02 (uprop), 2026-10-02 (psir), 2026-10-02 (cb), 2026-10-02 (prestige), 2026-09-25 (infocasas)"
c:central:mariano-roque-alonso,Mariano Roque Alonso,city,asking_active_listings,local,rent,6,,,6,"status active and seen on or after 2026-10-02 (remax), 2026-10-02 (uprop), 2026-10-02 (psir), 2026-10-02 (cb), 2026-10-02 (prestige), 2026-09-25 (infocasas)"
c:central:mariano-roque-alonso,Mariano Roque Alonso,city,asking_active_listings,terreno,rent,1,,,1,"status active and seen on or after 2026-10-02 (remax), 2026-10-02 (uprop), 2026-10-02 (psir), 2026-10-02 (cb), 2026-10-02 (prestige), 2026-09-25 (infocasas)"
c:central:mariano-roque-alonso,Mariano Roque Alonso,city,asking_active_listings,casa,rent,11,,,11,"status active and seen on or after 2026-10-02 (remax), 2026-10-02 (uprop), 2026-10-02 (psir), 2026-10-02 (cb), 2026-10-02 (prestige), 2026-09-25 (infocasas)"
c:central:mariano-roque-alonso,Mariano Roque Alonso,city,asking_active_listings,departamento,rent,15,,,15,"status active and seen on or after 2026-10-02 (remax), 2026-10-02 (uprop), 2026-10-02 (psir), 2026-10-02 (cb), 2026-10-02 (prestige), 2026-09-25 (infocasas)"
c:central:mariano-roque-alonso,Mariano Roque Alonso,city,asking_active_listings,duplex,rent,1,,,1,"status active and seen on or after 2026-10-02 (remax), 2026-10-02 (uprop), 2026-10-02 (psir), 2026-10-02 (cb), 2026-10-02 (prestige), 2026-09-25 (infocasas)"
c:central:mariano-roque-alonso,Mariano Roque Alonso,city,asking_active_listings,deposito,rent,2,,,2,"status active and seen on or after 2026-10-02 (remax), 2026-10-02 (uprop), 2026-10-02 (psir), 2026-10-02 (cb), 2026-10-02 (prestige), 2026-09-25 (infocasas)"
c:central:mariano-roque-alonso,Mariano Roque Alonso,city,asking_active_listings,rural,rent,1,,,1,"status active and seen on or after 2026-10-02 (remax), 2026-10-02 (uprop), 2026-10-02 (psir), 2026-10-02 (cb), 2026-10-02 (prestige), 2026-09-25 (infocasas)"
c:central:mariano-roque-alonso,Mariano Roque Alonso,city,asking_price_usd,terreno,sale,95815,63291,203936,197,"median ask, USD at SET mid 2026-10-08, sources with 90%+ asks: remax infocasas uprop cb psir prestige"
c:central:mariano-roque-alonso,Mariano Roque Alonso,city,asking_price_usd,casa,sale,133428,80432,200420,144,"median ask, USD at SET mid 2026-10-08, sources with 90%+ asks: remax infocasas uprop cb psir prestige"
c:central:mariano-roque-alonso,Mariano Roque Alonso,city,asking_price_usd,departamento,sale,59725,45484,88750,86,"median ask, USD at SET mid 2026-10-08, sources with 90%+ asks: remax infocasas uprop cb psir prestige"
c:central:mariano-roque-alonso,Mariano Roque Alonso,city,asking_price_usd,otro,sale,,,,13,"suppressed, n below 20"
c:central:mariano-roque-alonso,Mariano Roque Alonso,city,asking_price_usd,local,sale,,,,11,"suppressed, n below 20"
c:central:mariano-roque-alonso,Mariano Roque Alonso,city,asking_price_usd,duplex,sale,,,,7,"suppressed, n below 20"
c:central:mariano-roque-alonso,Mariano Roque Alonso,city,asking_price_usd,deposito,sale,,,,6,"suppressed, n below 20"
c:central:mariano-roque-alonso,Mariano Roque Alonso,city,asking_price_usd,edificio,sale,,,,6,"suppressed, n below 20"
c:central:mariano-roque-alonso,Mariano Roque Alonso,city,asking_usd_per_m2_built,casa,sale,734,527,1074,112,"built basis, 40-800 m2, 30k-2M USD, sources with 90%+ asks: remax infocasas uprop cb psir prestige"
c:central:mariano-roque-alonso,Mariano Roque Alonso,city,asking_usd_per_m2_built,departamento,sale,,,,13,"suppressed, n below 20"
c:central:mariano-roque-alonso,Mariano Roque Alonso,city,asking_usd_per_m2_built,local,sale,,,,8,"suppressed, n below 20"
c:central:mariano-roque-alonso,Mariano Roque Alonso,city,asking_usd_per_m2_built,duplex,sale,,,,7,"suppressed, n below 20"
c:central:mariano-roque-alonso,Mariano Roque Alonso,city,asking_rent_usd_month,casa,rent,,,,11,"suppressed, n below 20"
c:central:mariano-roque-alonso,Mariano Roque Alonso,city,asking_rent_usd_month,departamento,rent,,,,9,"suppressed, n below 20"
c:central:mariano-roque-alonso,Mariano Roque Alonso,city,asking_rent_usd_month,local,rent,,,,4,"suppressed, n below 20"
c:central:mariano-roque-alonso,Mariano Roque Alonso,city,asking_rent_usd_month,deposito,rent,,,,2,"suppressed, n below 20"
c:central:mariano-roque-alonso,Mariano Roque Alonso,city,asking_rent_usd_month,duplex,rent,,,,1,"suppressed, n below 20"
c:central:mariano-roque-alonso,Mariano Roque Alonso,city,asking_rent_usd_month,terreno,rent,,,,1,"suppressed, n below 20"
c:central:mariano-roque-alonso,Mariano Roque Alonso,city,asking_staleness_days,terreno,sale,284,,661,98,"days since source publish date, sources: remax prestige"
c:central:mariano-roque-alonso,Mariano Roque Alonso,city,asking_staleness_days,casa,sale,171,,338,57,"days since source publish date, sources: remax prestige"
c:central:mariano-roque-alonso,Mariano Roque Alonso,city,asking_staleness_days,departamento,sale,246,,848,48,"days since source publish date, sources: remax prestige"
c:central:mariano-roque-alonso,Mariano Roque Alonso,city,asking_staleness_days,otro,sale,,,,13,"suppressed, n below 20"
c:central:mariano-roque-alonso,Mariano Roque Alonso,city,asking_staleness_days,duplex,sale,,,,7,"suppressed, n below 20"
c:central:mariano-roque-alonso,Mariano Roque Alonso,city,asking_staleness_days,deposito,sale,,,,6,"suppressed, n below 20"
c:central:mariano-roque-alonso,Mariano Roque Alonso,city,asking_staleness_days,edificio,sale,,,,6,"suppressed, n below 20"
c:central:mariano-roque-alonso,Mariano Roque Alonso,city,asking_staleness_days,local,sale,,,,4,"suppressed, n below 20"
c:central:mariano-roque-alonso,Mariano Roque Alonso,city,asking_flow_30d_cuts,,all,16,,,16,events 2026-09-10 to 2026-10-09
c:central:mariano-roque-alonso,Mariano Roque Alonso,city,asking_flow_30d_increases,,all,3,,,3,events 2026-09-10 to 2026-10-09
c:central:mariano-roque-alonso,Mariano Roque Alonso,city,asking_flow_30d_new,,all,31,,,31,events 2026-09-10 to 2026-10-09
c:central:mariano-roque-alonso,Mariano Roque Alonso,city,asking_flow_30d_delisted,,all,9,,,9,events 2026-09-10 to 2026-10-09
c:central:mariano-roque-alonso,Mariano Roque Alonso,city,asking_flow_30d_went_sold,,all,6,,,6,events 2026-09-10 to 2026-10-09
c:central:mariano-roque-alonso,Mariano Roque Alonso,city,asking_flow_30d_went_rented,,all,5,,,5,events 2026-09-10 to 2026-10-09
c:central:mariano-roque-alonso,Mariano Roque Alonso,city,asking_flow_30d_cuts,,sale,15,,,15,events 2026-09-10 to 2026-10-09
c:central:mariano-roque-alonso,Mariano Roque Alonso,city,asking_flow_30d_increases,,sale,2,,,2,events 2026-09-10 to 2026-10-09
c:central:mariano-roque-alonso,Mariano Roque Alonso,city,asking_flow_30d_new,,sale,22,,,22,events 2026-09-10 to 2026-10-09
c:central:mariano-roque-alonso,Mariano Roque Alonso,city,asking_flow_30d_delisted,,sale,8,,,8,events 2026-09-10 to 2026-10-09
c:central:mariano-roque-alonso,Mariano Roque Alonso,city,asking_flow_30d_went_sold,,sale,6,,,6,events 2026-09-10 to 2026-10-09
c:central:mariano-roque-alonso,Mariano Roque Alonso,city,asking_flow_30d_went_rented,,sale,0,,,0,events 2026-09-10 to 2026-10-09
c:central:mariano-roque-alonso,Mariano Roque Alonso,city,asking_flow_30d_cuts,,rent,1,,,1,events 2026-09-10 to 2026-10-09
c:central:mariano-roque-alonso,Mariano Roque Alonso,city,asking_flow_30d_increases,,rent,1,,,1,events 2026-09-10 to 2026-10-09
c:central:mariano-roque-alonso,Mariano Roque Alonso,city,asking_flow_30d_new,,rent,9,,,9,events 2026-09-10 to 2026-10-09
c:central:mariano-roque-alonso,Mariano Roque Alonso,city,asking_flow_30d_delisted,,rent,1,,,1,events 2026-09-10 to 2026-10-09
c:central:mariano-roque-alonso,Mariano Roque Alonso,city,asking_flow_30d_went_sold,,rent,0,,,0,events 2026-09-10 to 2026-10-09
c:central:mariano-roque-alonso,Mariano Roque Alonso,city,asking_flow_30d_went_rented,,rent,5,,,5,events 2026-09-10 to 2026-10-09
c:central:mariano-roque-alonso,Mariano Roque Alonso,city,reo_parcels_active,,sale,4,,,4,bank REO lists
c:central:mariano-roque-alonso,Mariano Roque Alonso,city,reo_parcels_priced,,sale,3,,,3,bank REO lists
c:central:mariano-roque-alonso,Mariano Roque Alonso,city,closed_ask_to_close_pct,all,sale,-5,-12.4,0,31,"same-currency broker-reported closes 2024-03-23 to 2026-10-07, terminal-ask basis"
c:central:mariano-roque-alonso,Mariano Roque Alonso,city,closed_at_ask_share_pct,all,sale,29,,,31,9 of 31 report a price identical to the last ask
c:central:mariano-roque-alonso,Mariano Roque Alonso,city,closed_below_ask_median_pct,all,sale,,,,22,"suppressed, fewer than 30 closes below ask"
c:central:mariano-roque-alonso,Mariano Roque Alonso,city,closed_ask_to_close_pct,all,rent,0,-3.3,0,65,"same-currency broker-reported closes 2024-12-05 to 2026-10-02, terminal-ask basis"
c:central:mariano-roque-alonso,Mariano Roque Alonso,city,closed_at_ask_share_pct,all,rent,70.8,,,65,46 of 65 report a price identical to the last ask
c:central:mariano-roque-alonso,Mariano Roque Alonso,city,closed_below_ask_median_pct,all,rent,,,,19,"suppressed, fewer than 30 closes below ask"
c:central:mariano-roque-alonso,Mariano Roque Alonso,city,closed_ask_to_close_pct,departamento,rent,0,-2.5,0,35,"same-currency broker-reported closes 2024-12-05 to 2026-10-02, terminal-ask basis"
c:central:mariano-roque-alonso,Mariano Roque Alonso,city,closed_at_ask_share_pct,departamento,rent,71.4,,,35,25 of 35 report a price identical to the last ask
c:central:mariano-roque-alonso,Mariano Roque Alonso,city,closed_below_ask_median_pct,departamento,rent,,,,10,"suppressed, fewer than 30 closes below ask"
c:central:limpio,Limpio,city,asking_listed_active,,,883,,,883,"status active on stock sources (remax uprop psir cb prestige infocasas), seen or not"
c:central:limpio,Limpio,city,asking_active_listings,local,sale,3,,,3,"status active and seen on or after 2026-10-02 (remax), 2026-10-02 (uprop), 2026-10-02 (psir), 2026-10-02 (cb), 2026-10-02 (prestige), 2026-09-25 (infocasas)"
c:central:limpio,Limpio,city,asking_active_listings,casa,sale,192,,,192,"status active and seen on or after 2026-10-02 (remax), 2026-10-02 (uprop), 2026-10-02 (psir), 2026-10-02 (cb), 2026-10-02 (prestige), 2026-09-25 (infocasas)"
c:central:limpio,Limpio,city,asking_active_listings,otro,sale,6,,,6,"status active and seen on or after 2026-10-02 (remax), 2026-10-02 (uprop), 2026-10-02 (psir), 2026-10-02 (cb), 2026-10-02 (prestige), 2026-09-25 (infocasas)"
c:central:limpio,Limpio,city,asking_active_listings,deposito,sale,3,,,3,"status active and seen on or after 2026-10-02 (remax), 2026-10-02 (uprop), 2026-10-02 (psir), 2026-10-02 (cb), 2026-10-02 (prestige), 2026-09-25 (infocasas)"
c:central:limpio,Limpio,city,asking_active_listings,quinta,sale,3,,,3,"status active and seen on or after 2026-10-02 (remax), 2026-10-02 (uprop), 2026-10-02 (psir), 2026-10-02 (cb), 2026-10-02 (prestige), 2026-09-25 (infocasas)"
c:central:limpio,Limpio,city,asking_active_listings,departamento,sale,26,,,26,"status active and seen on or after 2026-10-02 (remax), 2026-10-02 (uprop), 2026-10-02 (psir), 2026-10-02 (cb), 2026-10-02 (prestige), 2026-09-25 (infocasas)"
c:central:limpio,Limpio,city,asking_active_listings,terreno,sale,216,,,216,"status active and seen on or after 2026-10-02 (remax), 2026-10-02 (uprop), 2026-10-02 (psir), 2026-10-02 (cb), 2026-10-02 (prestige), 2026-09-25 (infocasas)"
c:central:limpio,Limpio,city,asking_active_listings,duplex,sale,14,,,14,"status active and seen on or after 2026-10-02 (remax), 2026-10-02 (uprop), 2026-10-02 (psir), 2026-10-02 (cb), 2026-10-02 (prestige), 2026-09-25 (infocasas)"
c:central:limpio,Limpio,city,asking_active_listings,edificio,sale,1,,,1,"status active and seen on or after 2026-10-02 (remax), 2026-10-02 (uprop), 2026-10-02 (psir), 2026-10-02 (cb), 2026-10-02 (prestige), 2026-09-25 (infocasas)"
c:central:limpio,Limpio,city,asking_active_listings,otro,rent,1,,,1,"status active and seen on or after 2026-10-02 (remax), 2026-10-02 (uprop), 2026-10-02 (psir), 2026-10-02 (cb), 2026-10-02 (prestige), 2026-09-25 (infocasas)"
c:central:limpio,Limpio,city,asking_active_listings,local,rent,4,,,4,"status active and seen on or after 2026-10-02 (remax), 2026-10-02 (uprop), 2026-10-02 (psir), 2026-10-02 (cb), 2026-10-02 (prestige), 2026-09-25 (infocasas)"
c:central:limpio,Limpio,city,asking_active_listings,casa,rent,1,,,1,"status active and seen on or after 2026-10-02 (remax), 2026-10-02 (uprop), 2026-10-02 (psir), 2026-10-02 (cb), 2026-10-02 (prestige), 2026-09-25 (infocasas)"
c:central:limpio,Limpio,city,asking_active_listings,terreno,rent,1,,,1,"status active and seen on or after 2026-10-02 (remax), 2026-10-02 (uprop), 2026-10-02 (psir), 2026-10-02 (cb), 2026-10-02 (prestige), 2026-09-25 (infocasas)"
c:central:limpio,Limpio,city,asking_active_listings,deposito,rent,1,,,1,"status active and seen on or after 2026-10-02 (remax), 2026-10-02 (uprop), 2026-10-02 (psir), 2026-10-02 (cb), 2026-10-02 (prestige), 2026-09-25 (infocasas)"
c:central:limpio,Limpio,city,asking_active_listings,departamento,rent,1,,,1,"status active and seen on or after 2026-10-02 (remax), 2026-10-02 (uprop), 2026-10-02 (psir), 2026-10-02 (cb), 2026-10-02 (prestige), 2026-09-25 (infocasas)"
c:central:limpio,Limpio,city,asking_price_usd,terreno,sale,36919,21910,105484,216,"median ask, USD at SET mid 2026-10-08, sources with 90%+ asks: remax infocasas uprop cb psir prestige"
c:central:limpio,Limpio,city,asking_price_usd,casa,sale,64170,50984,114456,192,"median ask, USD at SET mid 2026-10-08, sources with 90%+ asks: remax infocasas uprop cb psir prestige"
c:central:limpio,Limpio,city,asking_price_usd,departamento,sale,62232,43299,87461,26,"median ask, USD at SET mid 2026-10-08, sources with 90%+ asks: remax infocasas uprop cb psir prestige"
c:central:limpio,Limpio,city,asking_price_usd,duplex,sale,,,,14,"suppressed, n below 20"
c:central:limpio,Limpio,city,asking_price_usd,otro,sale,,,,6,"suppressed, n below 20"
c:central:limpio,Limpio,city,asking_price_usd,deposito,sale,,,,3,"suppressed, n below 20"
c:central:limpio,Limpio,city,asking_price_usd,local,sale,,,,3,"suppressed, n below 20"
c:central:limpio,Limpio,city,asking_price_usd,quinta,sale,,,,3,"suppressed, n below 20"
c:central:limpio,Limpio,city,asking_price_usd,edificio,sale,,,,1,"suppressed, n below 20"
c:central:limpio,Limpio,city,asking_usd_per_m2_built,casa,sale,676,511,943,160,"built basis, 40-800 m2, 30k-2M USD, sources with 90%+ asks: remax infocasas uprop cb psir prestige"
c:central:limpio,Limpio,city,asking_usd_per_m2_built,departamento,sale,,,,11,"suppressed, n below 20"
c:central:limpio,Limpio,city,asking_usd_per_m2_built,duplex,sale,,,,8,"suppressed, n below 20"
c:central:limpio,Limpio,city,asking_usd_per_m2_built,local,sale,,,,1,"suppressed, n below 20"
c:central:limpio,Limpio,city,asking_rent_usd_month,local,rent,,,,4,"suppressed, n below 20"
c:central:limpio,Limpio,city,asking_rent_usd_month,casa,rent,,,,1,"suppressed, n below 20"
c:central:limpio,Limpio,city,asking_rent_usd_month,departamento,rent,,,,1,"suppressed, n below 20"
c:central:limpio,Limpio,city,asking_rent_usd_month,deposito,rent,,,,1,"suppressed, n below 20"
c:central:limpio,Limpio,city,asking_rent_usd_month,otro,rent,,,,1,"suppressed, n below 20"
c:central:limpio,Limpio,city,asking_rent_usd_month,terreno,rent,,,,1,"suppressed, n below 20"
c:central:limpio,Limpio,city,asking_staleness_days,terreno,sale,170,,427,121,"days since source publish date, sources: remax prestige"
c:central:limpio,Limpio,city,asking_staleness_days,casa,sale,179,,460,83,"days since source publish date, sources: remax prestige"
c:central:limpio,Limpio,city,asking_staleness_days,duplex,sale,,,,14,"suppressed, n below 20"
c:central:limpio,Limpio,city,asking_staleness_days,departamento,sale,,,,7,"suppressed, n below 20"
c:central:limpio,Limpio,city,asking_staleness_days,otro,sale,,,,5,"suppressed, n below 20"
c:central:limpio,Limpio,city,asking_staleness_days,deposito,sale,,,,3,"suppressed, n below 20"
c:central:limpio,Limpio,city,asking_staleness_days,quinta,sale,,,,3,"suppressed, n below 20"
c:central:limpio,Limpio,city,asking_staleness_days,edificio,sale,,,,1,"suppressed, n below 20"
c:central:limpio,Limpio,city,asking_staleness_days,local,sale,,,,1,"suppressed, n below 20"
c:central:limpio,Limpio,city,asking_flow_30d_cuts,,all,13,,,13,events 2026-09-10 to 2026-10-09
c:central:limpio,Limpio,city,asking_flow_30d_increases,,all,7,,,7,events 2026-09-10 to 2026-10-09
c:central:limpio,Limpio,city,asking_flow_30d_new,,all,48,,,48,events 2026-09-10 to 2026-10-09
c:central:limpio,Limpio,city,asking_flow_30d_delisted,,all,13,,,13,events 2026-09-10 to 2026-10-09
c:central:limpio,Limpio,city,asking_flow_30d_went_sold,,all,5,,,5,events 2026-09-10 to 2026-10-09
c:central:limpio,Limpio,city,asking_flow_30d_went_rented,,all,6,,,6,events 2026-09-10 to 2026-10-09
c:central:limpio,Limpio,city,asking_flow_30d_cuts,,sale,11,,,11,events 2026-09-10 to 2026-10-09
c:central:limpio,Limpio,city,asking_flow_30d_increases,,sale,7,,,7,events 2026-09-10 to 2026-10-09
c:central:limpio,Limpio,city,asking_flow_30d_new,,sale,48,,,48,events 2026-09-10 to 2026-10-09
c:central:limpio,Limpio,city,asking_flow_30d_delisted,,sale,13,,,13,events 2026-09-10 to 2026-10-09
c:central:limpio,Limpio,city,asking_flow_30d_went_sold,,sale,5,,,5,events 2026-09-10 to 2026-10-09
c:central:limpio,Limpio,city,asking_flow_30d_went_rented,,sale,0,,,0,events 2026-09-10 to 2026-10-09
c:central:limpio,Limpio,city,asking_flow_30d_cuts,,rent,2,,,2,events 2026-09-10 to 2026-10-09
c:central:limpio,Limpio,city,asking_flow_30d_increases,,rent,0,,,0,events 2026-09-10 to 2026-10-09
c:central:limpio,Limpio,city,asking_flow_30d_new,,rent,0,,,0,events 2026-09-10 to 2026-10-09
c:central:limpio,Limpio,city,asking_flow_30d_delisted,,rent,0,,,0,events 2026-09-10 to 2026-10-09
c:central:limpio,Limpio,city,asking_flow_30d_went_sold,,rent,0,,,0,events 2026-09-10 to 2026-10-09
c:central:limpio,Limpio,city,asking_flow_30d_went_rented,,rent,6,,,6,events 2026-09-10 to 2026-10-09
c:central:limpio,Limpio,city,reo_parcels_active,,sale,5,,,5,bank REO lists
c:central:limpio,Limpio,city,reo_parcels_priced,,sale,5,,,5,bank REO lists
c:central:limpio,Limpio,city,closed_ask_to_close_pct,all,sale,-4.3,-10,0,30,"same-currency broker-reported closes 2025-08-29 to 2026-09-24, terminal-ask basis"
c:central:limpio,Limpio,city,closed_at_ask_share_pct,all,sale,36.7,,,30,11 of 30 report a price identical to the last ask
c:central:limpio,Limpio,city,closed_below_ask_median_pct,all,sale,,,,19,"suppressed, fewer than 30 closes below ask"
c:central:limpio,Limpio,city,closed_ask_to_close_pct,all,rent,,,,17,insufficient closes
c:central:villa-elisa,Villa Elisa,city,asking_listed_active,,,1046,,,1046,"status active on stock sources (remax uprop psir cb prestige infocasas), seen or not"
c:central:villa-elisa,Villa Elisa,city,asking_active_listings,edificio,sale,2,,,2,"status active and seen on or after 2026-10-02 (remax), 2026-10-02 (uprop), 2026-10-02 (psir), 2026-10-02 (cb), 2026-10-02 (prestige), 2026-09-25 (infocasas)"
c:central:villa-elisa,Villa Elisa,city,asking_active_listings,quinta,sale,1,,,1,"status active and seen on or after 2026-10-02 (remax), 2026-10-02 (uprop), 2026-10-02 (psir), 2026-10-02 (cb), 2026-10-02 (prestige), 2026-09-25 (infocasas)"
c:central:villa-elisa,Villa Elisa,city,asking_active_listings,otro,sale,1,,,1,"status active and seen on or after 2026-10-02 (remax), 2026-10-02 (uprop), 2026-10-02 (psir), 2026-10-02 (cb), 2026-10-02 (prestige), 2026-09-25 (infocasas)"
c:central:villa-elisa,Villa Elisa,city,asking_active_listings,deposito,sale,1,,,1,"status active and seen on or after 2026-10-02 (remax), 2026-10-02 (uprop), 2026-10-02 (psir), 2026-10-02 (cb), 2026-10-02 (prestige), 2026-09-25 (infocasas)"
c:central:villa-elisa,Villa Elisa,city,asking_active_listings,duplex,sale,9,,,9,"status active and seen on or after 2026-10-02 (remax), 2026-10-02 (uprop), 2026-10-02 (psir), 2026-10-02 (cb), 2026-10-02 (prestige), 2026-09-25 (infocasas)"
c:central:villa-elisa,Villa Elisa,city,asking_active_listings,local,sale,3,,,3,"status active and seen on or after 2026-10-02 (remax), 2026-10-02 (uprop), 2026-10-02 (psir), 2026-10-02 (cb), 2026-10-02 (prestige), 2026-09-25 (infocasas)"
c:central:villa-elisa,Villa Elisa,city,asking_active_listings,casa,sale,248,,,248,"status active and seen on or after 2026-10-02 (remax), 2026-10-02 (uprop), 2026-10-02 (psir), 2026-10-02 (cb), 2026-10-02 (prestige), 2026-09-25 (infocasas)"
c:central:villa-elisa,Villa Elisa,city,asking_active_listings,departamento,sale,8,,,8,"status active and seen on or after 2026-10-02 (remax), 2026-10-02 (uprop), 2026-10-02 (psir), 2026-10-02 (cb), 2026-10-02 (prestige), 2026-09-25 (infocasas)"
c:central:villa-elisa,Villa Elisa,city,asking_active_listings,terreno,sale,175,,,175,"status active and seen on or after 2026-10-02 (remax), 2026-10-02 (uprop), 2026-10-02 (psir), 2026-10-02 (cb), 2026-10-02 (prestige), 2026-09-25 (infocasas)"
c:central:villa-elisa,Villa Elisa,city,asking_active_listings,departamento,rent,3,,,3,"status active and seen on or after 2026-10-02 (remax), 2026-10-02 (uprop), 2026-10-02 (psir), 2026-10-02 (cb), 2026-10-02 (prestige), 2026-09-25 (infocasas)"
c:central:villa-elisa,Villa Elisa,city,asking_active_listings,casa,rent,6,,,6,"status active and seen on or after 2026-10-02 (remax), 2026-10-02 (uprop), 2026-10-02 (psir), 2026-10-02 (cb), 2026-10-02 (prestige), 2026-09-25 (infocasas)"
c:central:villa-elisa,Villa Elisa,city,asking_active_listings,edificio,rent,1,,,1,"status active and seen on or after 2026-10-02 (remax), 2026-10-02 (uprop), 2026-10-02 (psir), 2026-10-02 (cb), 2026-10-02 (prestige), 2026-09-25 (infocasas)"
c:central:villa-elisa,Villa Elisa,city,asking_active_listings,terreno,rent,2,,,2,"status active and seen on or after 2026-10-02 (remax), 2026-10-02 (uprop), 2026-10-02 (psir), 2026-10-02 (cb), 2026-10-02 (prestige), 2026-09-25 (infocasas)"
c:central:villa-elisa,Villa Elisa,city,asking_active_listings,local,rent,6,,,6,"status active and seen on or after 2026-10-02 (remax), 2026-10-02 (uprop), 2026-10-02 (psir), 2026-10-02 (cb), 2026-10-02 (prestige), 2026-09-25 (infocasas)"
c:central:villa-elisa,Villa Elisa,city,asking_price_usd,casa,sale,100650,75377,139195,248,"median ask, USD at SET mid 2026-10-08, sources with 90%+ asks: remax infocasas uprop cb psir prestige"
c:central:villa-elisa,Villa Elisa,city,asking_price_usd,terreno,sale,61532,47468,116472,175,"median ask, USD at SET mid 2026-10-08, sources with 90%+ asks: remax infocasas uprop cb psir prestige"
c:central:villa-elisa,Villa Elisa,city,asking_price_usd,duplex,sale,,,,9,"suppressed, n below 20"
c:central:villa-elisa,Villa Elisa,city,asking_price_usd,departamento,sale,,,,8,"suppressed, n below 20"
c:central:villa-elisa,Villa Elisa,city,asking_price_usd,local,sale,,,,3,"suppressed, n below 20"
c:central:villa-elisa,Villa Elisa,city,asking_price_usd,edificio,sale,,,,2,"suppressed, n below 20"
c:central:villa-elisa,Villa Elisa,city,asking_price_usd,deposito,sale,,,,1,"suppressed, n below 20"
c:central:villa-elisa,Villa Elisa,city,asking_price_usd,otro,sale,,,,1,"suppressed, n below 20"
c:central:villa-elisa,Villa Elisa,city,asking_price_usd,quinta,sale,,,,1,"suppressed, n below 20"
c:central:villa-elisa,Villa Elisa,city,asking_usd_per_m2_built,casa,sale,726,536,979,194,"built basis, 40-800 m2, 30k-2M USD, sources with 90%+ asks: remax infocasas uprop cb psir prestige"
c:central:villa-elisa,Villa Elisa,city,asking_usd_per_m2_built,duplex,sale,,,,6,"suppressed, n below 20"
c:central:villa-elisa,Villa Elisa,city,asking_usd_per_m2_built,departamento,sale,,,,4,"suppressed, n below 20"
c:central:villa-elisa,Villa Elisa,city,asking_usd_per_m2_built,local,sale,,,,3,"suppressed, n below 20"
c:central:villa-elisa,Villa Elisa,city,asking_rent_usd_month,local,rent,,,,6,"suppressed, n below 20"
c:central:villa-elisa,Villa Elisa,city,asking_rent_usd_month,casa,rent,,,,3,"suppressed, n below 20"
c:central:villa-elisa,Villa Elisa,city,asking_rent_usd_month,departamento,rent,,,,3,"suppressed, n below 20"
c:central:villa-elisa,Villa Elisa,city,asking_rent_usd_month,terreno,rent,,,,2,"suppressed, n below 20"
c:central:villa-elisa,Villa Elisa,city,asking_rent_usd_month,edificio,rent,,,,1,"suppressed, n below 20"
c:central:villa-elisa,Villa Elisa,city,asking_staleness_days,casa,sale,201,,429,54,"days since source publish date, sources: remax prestige"
c:central:villa-elisa,Villa Elisa,city,asking_staleness_days,terreno,sale,238,,495,46,"days since source publish date, sources: remax prestige"
c:central:villa-elisa,Villa Elisa,city,asking_staleness_days,duplex,sale,,,,9,"suppressed, n below 20"
c:central:villa-elisa,Villa Elisa,city,asking_staleness_days,departamento,sale,,,,4,"suppressed, n below 20"
c:central:villa-elisa,Villa Elisa,city,asking_staleness_days,edificio,sale,,,,2,"suppressed, n below 20"
c:central:villa-elisa,Villa Elisa,city,asking_staleness_days,deposito,sale,,,,1,"suppressed, n below 20"
c:central:villa-elisa,Villa Elisa,city,asking_staleness_days,local,sale,,,,1,"suppressed, n below 20"
c:central:villa-elisa,Villa Elisa,city,asking_staleness_days,otro,sale,,,,1,"suppressed, n below 20"
c:central:villa-elisa,Villa Elisa,city,asking_staleness_days,quinta,sale,,,,1,"suppressed, n below 20"
c:central:villa-elisa,Villa Elisa,city,asking_flow_30d_cuts,,all,9,,,9,events 2026-09-10 to 2026-10-09
c:central:villa-elisa,Villa Elisa,city,asking_flow_30d_increases,,all,2,,,2,events 2026-09-10 to 2026-10-09
c:central:villa-elisa,Villa Elisa,city,asking_flow_30d_new,,all,53,,,53,events 2026-09-10 to 2026-10-09
c:central:villa-elisa,Villa Elisa,city,asking_flow_30d_delisted,,all,9,,,9,events 2026-09-10 to 2026-10-09
c:central:villa-elisa,Villa Elisa,city,asking_flow_30d_went_sold,,all,6,,,6,events 2026-09-10 to 2026-10-09
c:central:villa-elisa,Villa Elisa,city,asking_flow_30d_went_rented,,all,5,,,5,events 2026-09-10 to 2026-10-09
c:central:villa-elisa,Villa Elisa,city,asking_flow_30d_cuts,,sale,7,,,7,events 2026-09-10 to 2026-10-09
c:central:villa-elisa,Villa Elisa,city,asking_flow_30d_increases,,sale,0,,,0,events 2026-09-10 to 2026-10-09
c:central:villa-elisa,Villa Elisa,city,asking_flow_30d_new,,sale,48,,,48,events 2026-09-10 to 2026-10-09
c:central:villa-elisa,Villa Elisa,city,asking_flow_30d_delisted,,sale,9,,,9,events 2026-09-10 to 2026-10-09
c:central:villa-elisa,Villa Elisa,city,asking_flow_30d_went_sold,,sale,6,,,6,events 2026-09-10 to 2026-10-09
c:central:villa-elisa,Villa Elisa,city,asking_flow_30d_went_rented,,sale,0,,,0,events 2026-09-10 to 2026-10-09
c:central:villa-elisa,Villa Elisa,city,asking_flow_30d_cuts,,rent,2,,,2,events 2026-09-10 to 2026-10-09
c:central:villa-elisa,Villa Elisa,city,asking_flow_30d_increases,,rent,2,,,2,events 2026-09-10 to 2026-10-09
c:central:villa-elisa,Villa Elisa,city,asking_flow_30d_new,,rent,5,,,5,events 2026-09-10 to 2026-10-09
c:central:villa-elisa,Villa Elisa,city,asking_flow_30d_delisted,,rent,0,,,0,events 2026-09-10 to 2026-10-09
c:central:villa-elisa,Villa Elisa,city,asking_flow_30d_went_sold,,rent,0,,,0,events 2026-09-10 to 2026-10-09
c:central:villa-elisa,Villa Elisa,city,asking_flow_30d_went_rented,,rent,5,,,5,events 2026-09-10 to 2026-10-09
c:central:villa-elisa,Villa Elisa,city,reo_parcels_active,,sale,2,,,2,bank REO lists
c:central:villa-elisa,Villa Elisa,city,reo_parcels_priced,,sale,1,,,1,bank REO lists
c:central:villa-elisa,Villa Elisa,city,closed_ask_to_close_pct,all,sale,-1.1,-6.4,0,60,"same-currency broker-reported closes 2024-05-30 to 2026-09-30, terminal-ask basis"
c:central:villa-elisa,Villa Elisa,city,closed_at_ask_share_pct,all,sale,46.7,,,60,28 of 60 report a price identical to the last ask
c:central:villa-elisa,Villa Elisa,city,closed_below_ask_median_pct,all,sale,-6.1,,,32,median spread of closes below the last ask
c:central:villa-elisa,Villa Elisa,city,closed_ask_to_close_pct,all,rent,0,0,0,57,"same-currency broker-reported closes 2024-08-19 to 2026-09-26, terminal-ask basis"
c:central:villa-elisa,Villa Elisa,city,closed_at_ask_share_pct,all,rent,78.9,,,57,45 of 57 report a price identical to the last ask
c:central:villa-elisa,Villa Elisa,city,closed_below_ask_median_pct,all,rent,,,,10,"suppressed, fewer than 30 closes below ask"
c:central:aregua,Areguá,city,asking_listed_active,,,775,,,775,"status active on stock sources (remax uprop psir cb prestige infocasas), seen or not"
c:central:aregua,Areguá,city,asking_active_listings,otro,sale,3,,,3,"status active and seen on or after 2026-10-02 (remax), 2026-10-02 (uprop), 2026-10-02 (psir), 2026-10-02 (cb), 2026-10-02 (prestige), 2026-09-25 (infocasas)"
c:central:aregua,Areguá,city,asking_active_listings,terreno,sale,208,,,208,"status active and seen on or after 2026-10-02 (remax), 2026-10-02 (uprop), 2026-10-02 (psir), 2026-10-02 (cb), 2026-10-02 (prestige), 2026-09-25 (infocasas)"
c:central:aregua,Areguá,city,asking_active_listings,departamento,sale,2,,,2,"status active and seen on or after 2026-10-02 (remax), 2026-10-02 (uprop), 2026-10-02 (psir), 2026-10-02 (cb), 2026-10-02 (prestige), 2026-09-25 (infocasas)"
c:central:aregua,Areguá,city,asking_active_listings,casa,sale,169,,,169,"status active and seen on or after 2026-10-02 (remax), 2026-10-02 (uprop), 2026-10-02 (psir), 2026-10-02 (cb), 2026-10-02 (prestige), 2026-09-25 (infocasas)"
c:central:aregua,Areguá,city,asking_active_listings,rural,sale,1,,,1,"status active and seen on or after 2026-10-02 (remax), 2026-10-02 (uprop), 2026-10-02 (psir), 2026-10-02 (cb), 2026-10-02 (prestige), 2026-09-25 (infocasas)"
c:central:aregua,Areguá,city,asking_active_listings,duplex,sale,2,,,2,"status active and seen on or after 2026-10-02 (remax), 2026-10-02 (uprop), 2026-10-02 (psir), 2026-10-02 (cb), 2026-10-02 (prestige), 2026-09-25 (infocasas)"
c:central:aregua,Areguá,city,asking_active_listings,quinta,sale,4,,,4,"status active and seen on or after 2026-10-02 (remax), 2026-10-02 (uprop), 2026-10-02 (psir), 2026-10-02 (cb), 2026-10-02 (prestige), 2026-09-25 (infocasas)"
c:central:aregua,Areguá,city,asking_active_listings,casa,rent,3,,,3,"status active and seen on or after 2026-10-02 (remax), 2026-10-02 (uprop), 2026-10-02 (psir), 2026-10-02 (cb), 2026-10-02 (prestige), 2026-09-25 (infocasas)"
c:central:aregua,Areguá,city,asking_price_usd,terreno,sale,34641,15295,66895,208,"median ask, USD at SET mid 2026-10-08, sources with 90%+ asks: remax infocasas uprop cb psir prestige"
c:central:aregua,Areguá,city,asking_price_usd,casa,sale,100000,54500,158226,169,"median ask, USD at SET mid 2026-10-08, sources with 90%+ asks: remax infocasas uprop cb psir prestige"
c:central:aregua,Areguá,city,asking_price_usd,quinta,sale,,,,4,"suppressed, n below 20"
c:central:aregua,Areguá,city,asking_price_usd,otro,sale,,,,3,"suppressed, n below 20"
c:central:aregua,Areguá,city,asking_price_usd,departamento,sale,,,,2,"suppressed, n below 20"
c:central:aregua,Areguá,city,asking_price_usd,duplex,sale,,,,2,"suppressed, n below 20"
c:central:aregua,Areguá,city,asking_price_usd,rural,sale,,,,1,"suppressed, n below 20"
c:central:aregua,Areguá,city,asking_usd_per_m2_built,casa,sale,703,529,866,139,"built basis, 40-800 m2, 30k-2M USD, sources with 90%+ asks: remax infocasas uprop cb psir prestige"
c:central:aregua,Areguá,city,asking_usd_per_m2_built,departamento,sale,,,,1,"suppressed, n below 20"
c:central:aregua,Areguá,city,asking_usd_per_m2_built,duplex,sale,,,,1,"suppressed, n below 20"
c:central:aregua,Areguá,city,asking_rent_usd_month,casa,rent,,,,3,"suppressed, n below 20"
c:central:aregua,Areguá,city,asking_staleness_days,terreno,sale,234,,490,106,"days since source publish date, sources: remax prestige"
c:central:aregua,Areguá,city,asking_staleness_days,casa,sale,175,,411,38,"days since source publish date, sources: remax prestige"
c:central:aregua,Areguá,city,asking_staleness_days,quinta,sale,,,,4,"suppressed, n below 20"
c:central:aregua,Areguá,city,asking_staleness_days,otro,sale,,,,3,"suppressed, n below 20"
c:central:aregua,Areguá,city,asking_staleness_days,duplex,sale,,,,2,"suppressed, n below 20"
c:central:aregua,Areguá,city,asking_staleness_days,rural,sale,,,,1,"suppressed, n below 20"
c:central:aregua,Areguá,city,asking_flow_30d_cuts,,all,6,,,6,events 2026-09-10 to 2026-10-09
c:central:aregua,Areguá,city,asking_flow_30d_increases,,all,0,,,0,events 2026-09-10 to 2026-10-09
c:central:aregua,Areguá,city,asking_flow_30d_new,,all,33,,,33,events 2026-09-10 to 2026-10-09
c:central:aregua,Areguá,city,asking_flow_30d_delisted,,all,8,,,8,events 2026-09-10 to 2026-10-09
c:central:aregua,Areguá,city,asking_flow_30d_went_sold,,all,0,,,0,events 2026-09-10 to 2026-10-09
c:central:aregua,Areguá,city,asking_flow_30d_went_rented,,all,1,,,1,events 2026-09-10 to 2026-10-09
c:central:aregua,Areguá,city,asking_flow_30d_cuts,,sale,6,,,6,events 2026-09-10 to 2026-10-09
c:central:aregua,Areguá,city,asking_flow_30d_increases,,sale,0,,,0,events 2026-09-10 to 2026-10-09
c:central:aregua,Areguá,city,asking_flow_30d_new,,sale,32,,,32,events 2026-09-10 to 2026-10-09
c:central:aregua,Areguá,city,asking_flow_30d_delisted,,sale,8,,,8,events 2026-09-10 to 2026-10-09
c:central:aregua,Areguá,city,asking_flow_30d_went_sold,,sale,0,,,0,events 2026-09-10 to 2026-10-09
c:central:aregua,Areguá,city,asking_flow_30d_went_rented,,sale,0,,,0,events 2026-09-10 to 2026-10-09
c:central:aregua,Areguá,city,asking_flow_30d_cuts,,rent,0,,,0,events 2026-09-10 to 2026-10-09
c:central:aregua,Areguá,city,asking_flow_30d_increases,,rent,0,,,0,events 2026-09-10 to 2026-10-09
c:central:aregua,Areguá,city,asking_flow_30d_new,,rent,1,,,1,events 2026-09-10 to 2026-10-09
c:central:aregua,Areguá,city,asking_flow_30d_delisted,,rent,0,,,0,events 2026-09-10 to 2026-10-09
c:central:aregua,Areguá,city,asking_flow_30d_went_sold,,rent,0,,,0,events 2026-09-10 to 2026-10-09
c:central:aregua,Areguá,city,asking_flow_30d_went_rented,,rent,1,,,1,events 2026-09-10 to 2026-10-09
c:central:aregua,Areguá,city,reo_parcels_active,,sale,0,,,0,bank REO lists
c:central:aregua,Areguá,city,reo_parcels_priced,,sale,0,,,0,bank REO lists
c:central:aregua,Areguá,city,closed_ask_to_close_pct,all,sale,,,,11,insufficient closes
c:central:aregua,Areguá,city,closed_ask_to_close_pct,all,rent,,,,9,insufficient closes
c:central:itaugua,Itauguá,city,asking_listed_active,,,612,,,612,"status active on stock sources (remax uprop psir cb prestige infocasas), seen or not"
c:central:itaugua,Itauguá,city,asking_active_listings,otro,sale,9,,,9,"status active and seen on or after 2026-10-02 (remax), 2026-10-02 (uprop), 2026-10-02 (psir), 2026-10-02 (cb), 2026-10-02 (prestige), 2026-09-25 (infocasas)"
c:central:itaugua,Itauguá,city,asking_active_listings,edificio,sale,1,,,1,"status active and seen on or after 2026-10-02 (remax), 2026-10-02 (uprop), 2026-10-02 (psir), 2026-10-02 (cb), 2026-10-02 (prestige), 2026-09-25 (infocasas)"
c:central:itaugua,Itauguá,city,asking_active_listings,departamento,sale,2,,,2,"status active and seen on or after 2026-10-02 (remax), 2026-10-02 (uprop), 2026-10-02 (psir), 2026-10-02 (cb), 2026-10-02 (prestige), 2026-09-25 (infocasas)"
c:central:itaugua,Itauguá,city,asking_active_listings,quinta,sale,2,,,2,"status active and seen on or after 2026-10-02 (remax), 2026-10-02 (uprop), 2026-10-02 (psir), 2026-10-02 (cb), 2026-10-02 (prestige), 2026-09-25 (infocasas)"
c:central:itaugua,Itauguá,city,asking_active_listings,terreno,sale,233,,,233,"status active and seen on or after 2026-10-02 (remax), 2026-10-02 (uprop), 2026-10-02 (psir), 2026-10-02 (cb), 2026-10-02 (prestige), 2026-09-25 (infocasas)"
c:central:itaugua,Itauguá,city,asking_active_listings,casa,sale,133,,,133,"status active and seen on or after 2026-10-02 (remax), 2026-10-02 (uprop), 2026-10-02 (psir), 2026-10-02 (cb), 2026-10-02 (prestige), 2026-09-25 (infocasas)"
c:central:itaugua,Itauguá,city,asking_active_listings,duplex,sale,2,,,2,"status active and seen on or after 2026-10-02 (remax), 2026-10-02 (uprop), 2026-10-02 (psir), 2026-10-02 (cb), 2026-10-02 (prestige), 2026-09-25 (infocasas)"
c:central:itaugua,Itauguá,city,asking_active_listings,local,sale,3,,,3,"status active and seen on or after 2026-10-02 (remax), 2026-10-02 (uprop), 2026-10-02 (psir), 2026-10-02 (cb), 2026-10-02 (prestige), 2026-09-25 (infocasas)"
c:central:itaugua,Itauguá,city,asking_active_listings,deposito,rent,1,,,1,"status active and seen on or after 2026-10-02 (remax), 2026-10-02 (uprop), 2026-10-02 (psir), 2026-10-02 (cb), 2026-10-02 (prestige), 2026-09-25 (infocasas)"
c:central:itaugua,Itauguá,city,asking_active_listings,local,rent,7,,,7,"status active and seen on or after 2026-10-02 (remax), 2026-10-02 (uprop), 2026-10-02 (psir), 2026-10-02 (cb), 2026-10-02 (prestige), 2026-09-25 (infocasas)"
c:central:itaugua,Itauguá,city,asking_active_listings,otro,rent,4,,,4,"status active and seen on or after 2026-10-02 (remax), 2026-10-02 (uprop), 2026-10-02 (psir), 2026-10-02 (cb), 2026-10-02 (prestige), 2026-09-25 (infocasas)"
c:central:itaugua,Itauguá,city,asking_active_listings,casa,rent,8,,,8,"status active and seen on or after 2026-10-02 (remax), 2026-10-02 (uprop), 2026-10-02 (psir), 2026-10-02 (cb), 2026-10-02 (prestige), 2026-09-25 (infocasas)"
c:central:itaugua,Itauguá,city,asking_price_usd,terreno,sale,29711,14944,87904,233,"median ask, USD at SET mid 2026-10-08, sources with 90%+ asks: remax infocasas uprop cb psir prestige"
c:central:itaugua,Itauguá,city,asking_price_usd,casa,sale,76476,49226,131855,133,"median ask, USD at SET mid 2026-10-08, sources with 90%+ asks: remax infocasas uprop cb psir prestige"
c:central:itaugua,Itauguá,city,asking_price_usd,otro,sale,,,,9,"suppressed, n below 20"
c:central:itaugua,Itauguá,city,asking_price_usd,local,sale,,,,3,"suppressed, n below 20"
c:central:itaugua,Itauguá,city,asking_price_usd,departamento,sale,,,,2,"suppressed, n below 20"
c:central:itaugua,Itauguá,city,asking_price_usd,duplex,sale,,,,2,"suppressed, n below 20"
c:central:itaugua,Itauguá,city,asking_price_usd,quinta,sale,,,,2,"suppressed, n below 20"
c:central:itaugua,Itauguá,city,asking_price_usd,edificio,sale,,,,1,"suppressed, n below 20"
c:central:itaugua,Itauguá,city,asking_usd_per_m2_built,casa,sale,586,453,769,120,"built basis, 40-800 m2, 30k-2M USD, sources with 90%+ asks: remax infocasas uprop cb psir prestige"
c:central:itaugua,Itauguá,city,asking_usd_per_m2_built,departamento,sale,,,,2,"suppressed, n below 20"
c:central:itaugua,Itauguá,city,asking_usd_per_m2_built,duplex,sale,,,,2,"suppressed, n below 20"
c:central:itaugua,Itauguá,city,asking_usd_per_m2_built,local,sale,,,,2,"suppressed, n below 20"
c:central:itaugua,Itauguá,city,asking_rent_usd_month,casa,rent,,,,8,"suppressed, n below 20"
c:central:itaugua,Itauguá,city,asking_rent_usd_month,local,rent,,,,7,"suppressed, n below 20"
c:central:itaugua,Itauguá,city,asking_rent_usd_month,otro,rent,,,,4,"suppressed, n below 20"
c:central:itaugua,Itauguá,city,asking_rent_usd_month,deposito,rent,,,,1,"suppressed, n below 20"
c:central:itaugua,Itauguá,city,asking_staleness_days,terreno,sale,227,,461,146,"days since source publish date, sources: remax prestige"
c:central:itaugua,Itauguá,city,asking_staleness_days,casa,sale,225,,612,64,"days since source publish date, sources: remax prestige"
c:central:itaugua,Itauguá,city,asking_staleness_days,otro,sale,,,,9,"suppressed, n below 20"
c:central:itaugua,Itauguá,city,asking_staleness_days,local,sale,,,,3,"suppressed, n below 20"
c:central:itaugua,Itauguá,city,asking_staleness_days,departamento,sale,,,,2,"suppressed, n below 20"
c:central:itaugua,Itauguá,city,asking_staleness_days,duplex,sale,,,,2,"suppressed, n below 20"
c:central:itaugua,Itauguá,city,asking_staleness_days,quinta,sale,,,,2,"suppressed, n below 20"
c:central:itaugua,Itauguá,city,asking_staleness_days,edificio,sale,,,,1,"suppressed, n below 20"
c:central:itaugua,Itauguá,city,asking_flow_30d_cuts,,all,12,,,12,events 2026-09-10 to 2026-10-09
c:central:itaugua,Itauguá,city,asking_flow_30d_increases,,all,0,,,0,events 2026-09-10 to 2026-10-09
c:central:itaugua,Itauguá,city,asking_flow_30d_new,,all,37,,,37,events 2026-09-10 to 2026-10-09
c:central:itaugua,Itauguá,city,asking_flow_30d_delisted,,all,12,,,12,events 2026-09-10 to 2026-10-09
c:central:itaugua,Itauguá,city,asking_flow_30d_went_sold,,all,2,,,2,events 2026-09-10 to 2026-10-09
c:central:itaugua,Itauguá,city,asking_flow_30d_went_rented,,all,5,,,5,events 2026-09-10 to 2026-10-09
c:central:itaugua,Itauguá,city,asking_flow_30d_cuts,,sale,11,,,11,events 2026-09-10 to 2026-10-09
c:central:itaugua,Itauguá,city,asking_flow_30d_increases,,sale,0,,,0,events 2026-09-10 to 2026-10-09
c:central:itaugua,Itauguá,city,asking_flow_30d_new,,sale,34,,,34,events 2026-09-10 to 2026-10-09
c:central:itaugua,Itauguá,city,asking_flow_30d_delisted,,sale,10,,,10,events 2026-09-10 to 2026-10-09
c:central:itaugua,Itauguá,city,asking_flow_30d_went_sold,,sale,2,,,2,events 2026-09-10 to 2026-10-09
c:central:itaugua,Itauguá,city,asking_flow_30d_went_rented,,sale,0,,,0,events 2026-09-10 to 2026-10-09
c:central:itaugua,Itauguá,city,asking_flow_30d_cuts,,rent,1,,,1,events 2026-09-10 to 2026-10-09
c:central:itaugua,Itauguá,city,asking_flow_30d_increases,,rent,0,,,0,events 2026-09-10 to 2026-10-09
c:central:itaugua,Itauguá,city,asking_flow_30d_new,,rent,3,,,3,events 2026-09-10 to 2026-10-09
c:central:itaugua,Itauguá,city,asking_flow_30d_delisted,,rent,2,,,2,events 2026-09-10 to 2026-10-09
c:central:itaugua,Itauguá,city,asking_flow_30d_went_sold,,rent,0,,,0,events 2026-09-10 to 2026-10-09
c:central:itaugua,Itauguá,city,asking_flow_30d_went_rented,,rent,5,,,5,events 2026-09-10 to 2026-10-09
c:central:itaugua,Itauguá,city,reo_parcels_active,,sale,2,,,2,bank REO lists
c:central:itaugua,Itauguá,city,reo_parcels_priced,,sale,1,,,1,bank REO lists
c:central:itaugua,Itauguá,city,closed_ask_to_close_pct,all,sale,,,,12,insufficient closes
c:central:itaugua,Itauguá,city,closed_ask_to_close_pct,all,rent,,,,20,insufficient closes
c:central:ypane,Ypané,city,asking_listed_active,,,585,,,585,"status active on stock sources (remax uprop psir cb prestige infocasas), seen or not"
c:central:ypane,Ypané,city,asking_active_listings,casa,sale,83,,,83,"status active and seen on or after 2026-10-02 (remax), 2026-10-02 (uprop), 2026-10-02 (psir), 2026-10-02 (cb), 2026-10-02 (prestige), 2026-09-25 (infocasas)"
c:central:ypane,Ypané,city,asking_active_listings,terreno,sale,215,,,215,"status active and seen on or after 2026-10-02 (remax), 2026-10-02 (uprop), 2026-10-02 (psir), 2026-10-02 (cb), 2026-10-02 (prestige), 2026-09-25 (infocasas)"
c:central:ypane,Ypané,city,asking_active_listings,deposito,sale,1,,,1,"status active and seen on or after 2026-10-02 (remax), 2026-10-02 (uprop), 2026-10-02 (psir), 2026-10-02 (cb), 2026-10-02 (prestige), 2026-09-25 (infocasas)"
c:central:ypane,Ypané,city,asking_active_listings,quinta,sale,1,,,1,"status active and seen on or after 2026-10-02 (remax), 2026-10-02 (uprop), 2026-10-02 (psir), 2026-10-02 (cb), 2026-10-02 (prestige), 2026-09-25 (infocasas)"
c:central:ypane,Ypané,city,asking_active_listings,otro,sale,2,,,2,"status active and seen on or after 2026-10-02 (remax), 2026-10-02 (uprop), 2026-10-02 (psir), 2026-10-02 (cb), 2026-10-02 (prestige), 2026-09-25 (infocasas)"
c:central:ypane,Ypané,city,asking_active_listings,casa,rent,3,,,3,"status active and seen on or after 2026-10-02 (remax), 2026-10-02 (uprop), 2026-10-02 (psir), 2026-10-02 (cb), 2026-10-02 (prestige), 2026-09-25 (infocasas)"
c:central:ypane,Ypané,city,asking_active_listings,local,rent,2,,,2,"status active and seen on or after 2026-10-02 (remax), 2026-10-02 (uprop), 2026-10-02 (psir), 2026-10-02 (cb), 2026-10-02 (prestige), 2026-09-25 (infocasas)"
c:central:ypane,Ypané,city,asking_active_listings,deposito,rent,2,,,2,"status active and seen on or after 2026-10-02 (remax), 2026-10-02 (uprop), 2026-10-02 (psir), 2026-10-02 (cb), 2026-10-02 (prestige), 2026-09-25 (infocasas)"
c:central:ypane,Ypané,city,asking_price_usd,terreno,sale,29887,19339,70323,215,"median ask, USD at SET mid 2026-10-08, sources with 90%+ asks: remax infocasas uprop cb psir prestige"
c:central:ypane,Ypané,city,asking_price_usd,casa,sale,70323,46589,114275,83,"median ask, USD at SET mid 2026-10-08, sources with 90%+ asks: remax infocasas uprop cb psir prestige"
c:central:ypane,Ypané,city,asking_price_usd,otro,sale,,,,2,"suppressed, n below 20"
c:central:ypane,Ypané,city,asking_price_usd,deposito,sale,,,,1,"suppressed, n below 20"
c:central:ypane,Ypané,city,asking_price_usd,quinta,sale,,,,1,"suppressed, n below 20"
c:central:ypane,Ypané,city,asking_usd_per_m2_built,casa,sale,552,410,772,72,"built basis, 40-800 m2, 30k-2M USD, sources with 90%+ asks: remax infocasas uprop cb psir prestige"
c:central:ypane,Ypané,city,asking_rent_usd_month,local,rent,,,,2,"suppressed, n below 20"
c:central:ypane,Ypané,city,asking_rent_usd_month,casa,rent,,,,1,"suppressed, n below 20"
c:central:ypane,Ypané,city,asking_rent_usd_month,deposito,rent,,,,1,"suppressed, n below 20"
c:central:ypane,Ypané,city,asking_staleness_days,terreno,sale,285,,715,98,"days since source publish date, sources: remax prestige"
c:central:ypane,Ypané,city,asking_staleness_days,casa,sale,233,,433,24,"days since source publish date, sources: remax prestige"
c:central:ypane,Ypané,city,asking_staleness_days,otro,sale,,,,2,"suppressed, n below 20"
c:central:ypane,Ypané,city,asking_staleness_days,deposito,sale,,,,1,"suppressed, n below 20"
c:central:ypane,Ypané,city,asking_staleness_days,quinta,sale,,,,1,"suppressed, n below 20"
c:central:ypane,Ypané,city,asking_flow_30d_cuts,,all,8,,,8,events 2026-09-10 to 2026-10-09
c:central:ypane,Ypané,city,asking_flow_30d_increases,,all,0,,,0,events 2026-09-10 to 2026-10-09
c:central:ypane,Ypané,city,asking_flow_30d_new,,all,35,,,35,events 2026-09-10 to 2026-10-09
c:central:ypane,Ypané,city,asking_flow_30d_delisted,,all,5,,,5,events 2026-09-10 to 2026-10-09
c:central:ypane,Ypané,city,asking_flow_30d_went_sold,,all,0,,,0,events 2026-09-10 to 2026-10-09
c:central:ypane,Ypané,city,asking_flow_30d_went_rented,,all,0,,,0,events 2026-09-10 to 2026-10-09
c:central:ypane,Ypané,city,asking_flow_30d_cuts,,sale,8,,,8,events 2026-09-10 to 2026-10-09
c:central:ypane,Ypané,city,asking_flow_30d_increases,,sale,0,,,0,events 2026-09-10 to 2026-10-09
c:central:ypane,Ypané,city,asking_flow_30d_new,,sale,35,,,35,events 2026-09-10 to 2026-10-09
c:central:ypane,Ypané,city,asking_flow_30d_delisted,,sale,5,,,5,events 2026-09-10 to 2026-10-09
c:central:ypane,Ypané,city,asking_flow_30d_went_sold,,sale,0,,,0,events 2026-09-10 to 2026-10-09
c:central:ypane,Ypané,city,asking_flow_30d_went_rented,,sale,0,,,0,events 2026-09-10 to 2026-10-09
c:central:ypane,Ypané,city,asking_flow_30d_cuts,,rent,0,,,0,events 2026-09-10 to 2026-10-09
c:central:ypane,Ypané,city,asking_flow_30d_increases,,rent,0,,,0,events 2026-09-10 to 2026-10-09
c:central:ypane,Ypané,city,asking_flow_30d_new,,rent,0,,,0,events 2026-09-10 to 2026-10-09
c:central:ypane,Ypané,city,asking_flow_30d_delisted,,rent,0,,,0,events 2026-09-10 to 2026-10-09
c:central:ypane,Ypané,city,asking_flow_30d_went_sold,,rent,0,,,0,events 2026-09-10 to 2026-10-09
c:central:ypane,Ypané,city,asking_flow_30d_went_rented,,rent,0,,,0,events 2026-09-10 to 2026-10-09
c:central:ypane,Ypané,city,reo_parcels_active,,sale,0,,,0,bank REO lists
c:central:ypane,Ypané,city,reo_parcels_priced,,sale,0,,,0,bank REO lists
c:central:ypane,Ypané,city,closed_ask_to_close_pct,all,sale,,,,11,insufficient closes
c:central:ypane,Ypané,city,closed_ask_to_close_pct,all,rent,,,,2,insufficient closes
c:central:ypacarai,Ypacaraí,city,asking_listed_active,,,402,,,402,"status active on stock sources (remax uprop psir cb prestige infocasas), seen or not"
c:central:ypacarai,Ypacaraí,city,asking_active_listings,casa,sale,71,,,71,"status active and seen on or after 2026-10-02 (remax), 2026-10-02 (uprop), 2026-10-02 (psir), 2026-10-02 (cb), 2026-10-02 (prestige), 2026-09-25 (infocasas)"
c:central:ypacarai,Ypacaraí,city,asking_active_listings,otro,sale,1,,,1,"status active and seen on or after 2026-10-02 (remax), 2026-10-02 (uprop), 2026-10-02 (psir), 2026-10-02 (cb), 2026-10-02 (prestige), 2026-09-25 (infocasas)"
c:central:ypacarai,Ypacaraí,city,asking_active_listings,quinta,sale,2,,,2,"status active and seen on or after 2026-10-02 (remax), 2026-10-02 (uprop), 2026-10-02 (psir), 2026-10-02 (cb), 2026-10-02 (prestige), 2026-09-25 (infocasas)"
c:central:ypacarai,Ypacaraí,city,asking_active_listings,terreno,sale,198,,,198,"status active and seen on or after 2026-10-02 (remax), 2026-10-02 (uprop), 2026-10-02 (psir), 2026-10-02 (cb), 2026-10-02 (prestige), 2026-09-25 (infocasas)"
c:central:ypacarai,Ypacaraí,city,asking_active_listings,local,sale,2,,,2,"status active and seen on or after 2026-10-02 (remax), 2026-10-02 (uprop), 2026-10-02 (psir), 2026-10-02 (cb), 2026-10-02 (prestige), 2026-09-25 (infocasas)"
c:central:ypacarai,Ypacaraí,city,asking_active_listings,casa,rent,3,,,3,"status active and seen on or after 2026-10-02 (remax), 2026-10-02 (uprop), 2026-10-02 (psir), 2026-10-02 (cb), 2026-10-02 (prestige), 2026-09-25 (infocasas)"
c:central:ypacarai,Ypacaraí,city,asking_price_usd,terreno,sale,40018,21712,66588,198,"median ask, USD at SET mid 2026-10-08, sources with 90%+ asks: remax infocasas uprop cb psir prestige"
c:central:ypacarai,Ypacaraí,city,asking_price_usd,casa,sale,101968,79113,161742,71,"median ask, USD at SET mid 2026-10-08, sources with 90%+ asks: remax infocasas uprop cb psir prestige"
c:central:ypacarai,Ypacaraí,city,asking_price_usd,local,sale,,,,2,"suppressed, n below 20"
c:central:ypacarai,Ypacaraí,city,asking_price_usd,quinta,sale,,,,2,"suppressed, n below 20"
c:central:ypacarai,Ypacaraí,city,asking_price_usd,otro,sale,,,,1,"suppressed, n below 20"
c:central:ypacarai,Ypacaraí,city,asking_usd_per_m2_built,casa,sale,659,434,917,65,"built basis, 40-800 m2, 30k-2M USD, sources with 90%+ asks: remax infocasas uprop cb psir prestige"
c:central:ypacarai,Ypacaraí,city,asking_usd_per_m2_built,local,sale,,,,1,"suppressed, n below 20"
c:central:ypacarai,Ypacaraí,city,asking_rent_usd_month,casa,rent,,,,3,"suppressed, n below 20"
c:central:ypacarai,Ypacaraí,city,asking_staleness_days,terreno,sale,151,,408,100,"days since source publish date, sources: remax prestige"
c:central:ypacarai,Ypacaraí,city,asking_staleness_days,casa,sale,,,,15,"suppressed, n below 20"
c:central:ypacarai,Ypacaraí,city,asking_staleness_days,local,sale,,,,2,"suppressed, n below 20"
c:central:ypacarai,Ypacaraí,city,asking_staleness_days,quinta,sale,,,,2,"suppressed, n below 20"
c:central:ypacarai,Ypacaraí,city,asking_staleness_days,otro,sale,,,,1,"suppressed, n below 20"
c:central:ypacarai,Ypacaraí,city,asking_flow_30d_cuts,,all,4,,,4,events 2026-09-10 to 2026-10-09
c:central:ypacarai,Ypacaraí,city,asking_flow_30d_increases,,all,2,,,2,events 2026-09-10 to 2026-10-09
c:central:ypacarai,Ypacaraí,city,asking_flow_30d_new,,all,21,,,21,events 2026-09-10 to 2026-10-09
c:central:ypacarai,Ypacaraí,city,asking_flow_30d_delisted,,all,6,,,6,events 2026-09-10 to 2026-10-09
c:central:ypacarai,Ypacaraí,city,asking_flow_30d_went_sold,,all,1,,,1,events 2026-09-10 to 2026-10-09
c:central:ypacarai,Ypacaraí,city,asking_flow_30d_went_rented,,all,0,,,0,events 2026-09-10 to 2026-10-09
c:central:ypacarai,Ypacaraí,city,asking_flow_30d_cuts,,sale,4,,,4,events 2026-09-10 to 2026-10-09
c:central:ypacarai,Ypacaraí,city,asking_flow_30d_increases,,sale,2,,,2,events 2026-09-10 to 2026-10-09
c:central:ypacarai,Ypacaraí,city,asking_flow_30d_new,,sale,21,,,21,events 2026-09-10 to 2026-10-09
c:central:ypacarai,Ypacaraí,city,asking_flow_30d_delisted,,sale,6,,,6,events 2026-09-10 to 2026-10-09
c:central:ypacarai,Ypacaraí,city,asking_flow_30d_went_sold,,sale,1,,,1,events 2026-09-10 to 2026-10-09
c:central:ypacarai,Ypacaraí,city,asking_flow_30d_went_rented,,sale,0,,,0,events 2026-09-10 to 2026-10-09
c:central:ypacarai,Ypacaraí,city,asking_flow_30d_cuts,,rent,0,,,0,events 2026-09-10 to 2026-10-09
c:central:ypacarai,Ypacaraí,city,asking_flow_30d_increases,,rent,0,,,0,events 2026-09-10 to 2026-10-09
c:central:ypacarai,Ypacaraí,city,asking_flow_30d_new,,rent,0,,,0,events 2026-09-10 to 2026-10-09
c:central:ypacarai,Ypacaraí,city,asking_flow_30d_delisted,,rent,0,,,0,events 2026-09-10 to 2026-10-09
c:central:ypacarai,Ypacaraí,city,asking_flow_30d_went_sold,,rent,0,,,0,events 2026-09-10 to 2026-10-09
c:central:ypacarai,Ypacaraí,city,asking_flow_30d_went_rented,,rent,0,,,0,events 2026-09-10 to 2026-10-09
c:central:ypacarai,Ypacaraí,city,reo_parcels_active,,sale,1,,,1,bank REO lists
c:central:ypacarai,Ypacaraí,city,reo_parcels_priced,,sale,1,,,1,bank REO lists
c:central:ypacarai,Ypacaraí,city,closed_ask_to_close_pct,all,sale,,,,9,insufficient closes
c:central:ypacarai,Ypacaraí,city,closed_ask_to_close_pct,all,rent,,,,2,insufficient closes
c:central:villeta,Villeta,city,asking_listed_active,,,512,,,512,"status active on stock sources (remax uprop psir cb prestige infocasas), seen or not"
c:central:villeta,Villeta,city,asking_active_listings,otro,sale,2,,,2,"status active and seen on or after 2026-10-02 (remax), 2026-10-02 (uprop), 2026-10-02 (psir), 2026-10-02 (cb), 2026-10-02 (prestige), 2026-09-25 (infocasas)"
c:central:villeta,Villeta,city,asking_active_listings,casa,sale,81,,,81,"status active and seen on or after 2026-10-02 (remax), 2026-10-02 (uprop), 2026-10-02 (psir), 2026-10-02 (cb), 2026-10-02 (prestige), 2026-09-25 (infocasas)"
c:central:villeta,Villeta,city,asking_active_listings,rural,sale,3,,,3,"status active and seen on or after 2026-10-02 (remax), 2026-10-02 (uprop), 2026-10-02 (psir), 2026-10-02 (cb), 2026-10-02 (prestige), 2026-09-25 (infocasas)"
c:central:villeta,Villeta,city,asking_active_listings,deposito,sale,1,,,1,"status active and seen on or after 2026-10-02 (remax), 2026-10-02 (uprop), 2026-10-02 (psir), 2026-10-02 (cb), 2026-10-02 (prestige), 2026-09-25 (infocasas)"
c:central:villeta,Villeta,city,asking_active_listings,departamento,sale,1,,,1,"status active and seen on or after 2026-10-02 (remax), 2026-10-02 (uprop), 2026-10-02 (psir), 2026-10-02 (cb), 2026-10-02 (prestige), 2026-09-25 (infocasas)"
c:central:villeta,Villeta,city,asking_active_listings,terreno,sale,124,,,124,"status active and seen on or after 2026-10-02 (remax), 2026-10-02 (uprop), 2026-10-02 (psir), 2026-10-02 (cb), 2026-10-02 (prestige), 2026-09-25 (infocasas)"
c:central:villeta,Villeta,city,asking_active_listings,quinta,sale,2,,,2,"status active and seen on or after 2026-10-02 (remax), 2026-10-02 (uprop), 2026-10-02 (psir), 2026-10-02 (cb), 2026-10-02 (prestige), 2026-09-25 (infocasas)"
c:central:villeta,Villeta,city,asking_active_listings,local,rent,1,,,1,"status active and seen on or after 2026-10-02 (remax), 2026-10-02 (uprop), 2026-10-02 (psir), 2026-10-02 (cb), 2026-10-02 (prestige), 2026-09-25 (infocasas)"
c:central:villeta,Villeta,city,asking_active_listings,terreno,rent,4,,,4,"status active and seen on or after 2026-10-02 (remax), 2026-10-02 (uprop), 2026-10-02 (psir), 2026-10-02 (cb), 2026-10-02 (prestige), 2026-09-25 (infocasas)"
c:central:villeta,Villeta,city,asking_active_listings,departamento,rent,2,,,2,"status active and seen on or after 2026-10-02 (remax), 2026-10-02 (uprop), 2026-10-02 (psir), 2026-10-02 (cb), 2026-10-02 (prestige), 2026-09-25 (infocasas)"
c:central:villeta,Villeta,city,asking_price_usd,terreno,sale,123065,25873,700000,124,"median ask, USD at SET mid 2026-10-08, sources with 90%+ asks: remax infocasas uprop cb psir prestige"
c:central:villeta,Villeta,city,asking_price_usd,casa,sale,86145,65049,285000,81,"median ask, USD at SET mid 2026-10-08, sources with 90%+ asks: remax infocasas uprop cb psir prestige"
c:central:villeta,Villeta,city,asking_price_usd,rural,sale,,,,3,"suppressed, n below 20"
c:central:villeta,Villeta,city,asking_price_usd,otro,sale,,,,2,"suppressed, n below 20"
c:central:villeta,Villeta,city,asking_price_usd,quinta,sale,,,,2,"suppressed, n below 20"
c:central:villeta,Villeta,city,asking_price_usd,departamento,sale,,,,1,"suppressed, n below 20"
c:central:villeta,Villeta,city,asking_price_usd,deposito,sale,,,,1,"suppressed, n below 20"
c:central:villeta,Villeta,city,asking_usd_per_m2_built,casa,sale,740,476,998,66,"built basis, 40-800 m2, 30k-2M USD, sources with 90%+ asks: remax infocasas uprop cb psir prestige"
c:central:villeta,Villeta,city,asking_usd_per_m2_built,departamento,sale,,,,1,"suppressed, n below 20"
c:central:villeta,Villeta,city,asking_rent_usd_month,terreno,rent,,,,4,"suppressed, n below 20"
c:central:villeta,Villeta,city,asking_rent_usd_month,departamento,rent,,,,2,"suppressed, n below 20"
c:central:villeta,Villeta,city,asking_rent_usd_month,local,rent,,,,1,"suppressed, n below 20"
c:central:villeta,Villeta,city,asking_staleness_days,terreno,sale,227,,622,44,"days since source publish date, sources: remax prestige"
c:central:villeta,Villeta,city,asking_staleness_days,casa,sale,,,,14,"suppressed, n below 20"
c:central:villeta,Villeta,city,asking_staleness_days,otro,sale,,,,2,"suppressed, n below 20"
c:central:villeta,Villeta,city,asking_staleness_days,quinta,sale,,,,2,"suppressed, n below 20"
c:central:villeta,Villeta,city,asking_staleness_days,deposito,sale,,,,1,"suppressed, n below 20"
c:central:villeta,Villeta,city,asking_flow_30d_cuts,,all,2,,,2,events 2026-09-10 to 2026-10-09
c:central:villeta,Villeta,city,asking_flow_30d_increases,,all,0,,,0,events 2026-09-10 to 2026-10-09
c:central:villeta,Villeta,city,asking_flow_30d_new,,all,37,,,37,events 2026-09-10 to 2026-10-09
c:central:villeta,Villeta,city,asking_flow_30d_delisted,,all,5,,,5,events 2026-09-10 to 2026-10-09
c:central:villeta,Villeta,city,asking_flow_30d_went_sold,,all,0,,,0,events 2026-09-10 to 2026-10-09
c:central:villeta,Villeta,city,asking_flow_30d_went_rented,,all,0,,,0,events 2026-09-10 to 2026-10-09
c:central:villeta,Villeta,city,asking_flow_30d_cuts,,sale,2,,,2,events 2026-09-10 to 2026-10-09
c:central:villeta,Villeta,city,asking_flow_30d_increases,,sale,0,,,0,events 2026-09-10 to 2026-10-09
c:central:villeta,Villeta,city,asking_flow_30d_new,,sale,37,,,37,events 2026-09-10 to 2026-10-09
c:central:villeta,Villeta,city,asking_flow_30d_delisted,,sale,4,,,4,events 2026-09-10 to 2026-10-09
c:central:villeta,Villeta,city,asking_flow_30d_went_sold,,sale,0,,,0,events 2026-09-10 to 2026-10-09
c:central:villeta,Villeta,city,asking_flow_30d_went_rented,,sale,0,,,0,events 2026-09-10 to 2026-10-09
c:central:villeta,Villeta,city,asking_flow_30d_cuts,,rent,0,,,0,events 2026-09-10 to 2026-10-09
c:central:villeta,Villeta,city,asking_flow_30d_increases,,rent,0,,,0,events 2026-09-10 to 2026-10-09
c:central:villeta,Villeta,city,asking_flow_30d_new,,rent,0,,,0,events 2026-09-10 to 2026-10-09
c:central:villeta,Villeta,city,asking_flow_30d_delisted,,rent,1,,,1,events 2026-09-10 to 2026-10-09
c:central:villeta,Villeta,city,asking_flow_30d_went_sold,,rent,0,,,0,events 2026-09-10 to 2026-10-09
c:central:villeta,Villeta,city,asking_flow_30d_went_rented,,rent,0,,,0,events 2026-09-10 to 2026-10-09
c:central:villeta,Villeta,city,reo_parcels_active,,sale,0,,,0,bank REO lists
c:central:villeta,Villeta,city,reo_parcels_priced,,sale,0,,,0,bank REO lists
c:central:villeta,Villeta,city,closed_ask_to_close_pct,all,sale,,,,2,insufficient closes
c:central:villeta,Villeta,city,closed_ask_to_close_pct,all,rent,,,,6,insufficient closes
c:central:ita,Itá,city,asking_listed_active,,,295,,,295,"status active on stock sources (remax uprop psir cb prestige infocasas), seen or not"
c:central:ita,Itá,city,asking_active_listings,otro,sale,3,,,3,"status active and seen on or after 2026-10-02 (remax), 2026-10-02 (uprop), 2026-10-02 (psir), 2026-10-02 (cb), 2026-10-02 (prestige), 2026-09-25 (infocasas)"
c:central:ita,Itá,city,asking_active_listings,deposito,sale,1,,,1,"status active and seen on or after 2026-10-02 (remax), 2026-10-02 (uprop), 2026-10-02 (psir), 2026-10-02 (cb), 2026-10-02 (prestige), 2026-09-25 (infocasas)"
c:central:ita,Itá,city,asking_active_listings,quinta,sale,3,,,3,"status active and seen on or after 2026-10-02 (remax), 2026-10-02 (uprop), 2026-10-02 (psir), 2026-10-02 (cb), 2026-10-02 (prestige), 2026-09-25 (infocasas)"
c:central:ita,Itá,city,asking_active_listings,casa,sale,65,,,65,"status active and seen on or after 2026-10-02 (remax), 2026-10-02 (uprop), 2026-10-02 (psir), 2026-10-02 (cb), 2026-10-02 (prestige), 2026-09-25 (infocasas)"
c:central:ita,Itá,city,asking_active_listings,terreno,sale,131,,,131,"status active and seen on or after 2026-10-02 (remax), 2026-10-02 (uprop), 2026-10-02 (psir), 2026-10-02 (cb), 2026-10-02 (prestige), 2026-09-25 (infocasas)"
c:central:ita,Itá,city,asking_active_listings,local,rent,2,,,2,"status active and seen on or after 2026-10-02 (remax), 2026-10-02 (uprop), 2026-10-02 (psir), 2026-10-02 (cb), 2026-10-02 (prestige), 2026-09-25 (infocasas)"
c:central:ita,Itá,city,asking_active_listings,otro,rent,1,,,1,"status active and seen on or after 2026-10-02 (remax), 2026-10-02 (uprop), 2026-10-02 (psir), 2026-10-02 (cb), 2026-10-02 (prestige), 2026-09-25 (infocasas)"
c:central:ita,Itá,city,asking_price_usd,terreno,sale,70323,16438,131855,131,"median ask, USD at SET mid 2026-10-08, sources with 90%+ asks: remax infocasas uprop cb psir prestige"
c:central:ita,Itá,city,asking_price_usd,casa,sale,79113,43952,167017,65,"median ask, USD at SET mid 2026-10-08, sources with 90%+ asks: remax infocasas uprop cb psir prestige"
c:central:ita,Itá,city,asking_price_usd,otro,sale,,,,3,"suppressed, n below 20"
c:central:ita,Itá,city,asking_price_usd,quinta,sale,,,,3,"suppressed, n below 20"
c:central:ita,Itá,city,asking_price_usd,deposito,sale,,,,1,"suppressed, n below 20"
c:central:ita,Itá,city,asking_usd_per_m2_built,casa,sale,699,497,969,54,"built basis, 40-800 m2, 30k-2M USD, sources with 90%+ asks: remax infocasas uprop cb psir prestige"
c:central:ita,Itá,city,asking_rent_usd_month,local,rent,,,,2,"suppressed, n below 20"
c:central:ita,Itá,city,asking_rent_usd_month,otro,rent,,,,1,"suppressed, n below 20"
c:central:ita,Itá,city,asking_staleness_days,terreno,sale,272,,560,52,"days since source publish date, sources: remax prestige"
c:central:ita,Itá,city,asking_staleness_days,casa,sale,,,,15,"suppressed, n below 20"
c:central:ita,Itá,city,asking_staleness_days,otro,sale,,,,3,"suppressed, n below 20"
c:central:ita,Itá,city,asking_staleness_days,quinta,sale,,,,3,"suppressed, n below 20"
c:central:ita,Itá,city,asking_staleness_days,deposito,sale,,,,1,"suppressed, n below 20"
c:central:ita,Itá,city,asking_flow_30d_cuts,,all,2,,,2,events 2026-09-10 to 2026-10-09
c:central:ita,Itá,city,asking_flow_30d_increases,,all,0,,,0,events 2026-09-10 to 2026-10-09
c:central:ita,Itá,city,asking_flow_30d_new,,all,19,,,19,events 2026-09-10 to 2026-10-09
c:central:ita,Itá,city,asking_flow_30d_delisted,,all,1,,,1,events 2026-09-10 to 2026-10-09
c:central:ita,Itá,city,asking_flow_30d_went_sold,,all,0,,,0,events 2026-09-10 to 2026-10-09
c:central:ita,Itá,city,asking_flow_30d_went_rented,,all,1,,,1,events 2026-09-10 to 2026-10-09
c:central:ita,Itá,city,asking_flow_30d_cuts,,sale,2,,,2,events 2026-09-10 to 2026-10-09
c:central:ita,Itá,city,asking_flow_30d_increases,,sale,0,,,0,events 2026-09-10 to 2026-10-09
c:central:ita,Itá,city,asking_flow_30d_new,,sale,18,,,18,events 2026-09-10 to 2026-10-09
c:central:ita,Itá,city,asking_flow_30d_delisted,,sale,1,,,1,events 2026-09-10 to 2026-10-09
c:central:ita,Itá,city,asking_flow_30d_went_sold,,sale,0,,,0,events 2026-09-10 to 2026-10-09
c:central:ita,Itá,city,asking_flow_30d_went_rented,,sale,0,,,0,events 2026-09-10 to 2026-10-09
c:central:ita,Itá,city,asking_flow_30d_cuts,,rent,0,,,0,events 2026-09-10 to 2026-10-09
c:central:ita,Itá,city,asking_flow_30d_increases,,rent,0,,,0,events 2026-09-10 to 2026-10-09
c:central:ita,Itá,city,asking_flow_30d_new,,rent,1,,,1,events 2026-09-10 to 2026-10-09
c:central:ita,Itá,city,asking_flow_30d_delisted,,rent,0,,,0,events 2026-09-10 to 2026-10-09
c:central:ita,Itá,city,asking_flow_30d_went_sold,,rent,0,,,0,events 2026-09-10 to 2026-10-09
c:central:ita,Itá,city,asking_flow_30d_went_rented,,rent,1,,,1,events 2026-09-10 to 2026-10-09
c:central:ita,Itá,city,reo_parcels_active,,sale,9,,,9,bank REO lists
c:central:ita,Itá,city,reo_parcels_priced,,sale,9,,,9,bank REO lists
c:central:ita,Itá,city,closed_ask_to_close_pct,all,sale,,,,3,insufficient closes
c:central:ita,Itá,city,closed_ask_to_close_pct,all,rent,,,,2,insufficient closes
c:central:san-antonio,San Antonio,city,asking_listed_active,,,403,,,403,"status active on stock sources (remax uprop psir cb prestige infocasas), seen or not"
c:central:san-antonio,San Antonio,city,asking_active_listings,terreno,sale,89,,,89,"status active and seen on or after 2026-10-02 (remax), 2026-10-02 (uprop), 2026-10-02 (psir), 2026-10-02 (cb), 2026-10-02 (prestige), 2026-09-25 (infocasas)"
c:central:san-antonio,San Antonio,city,asking_active_listings,duplex,sale,1,,,1,"status active and seen on or after 2026-10-02 (remax), 2026-10-02 (uprop), 2026-10-02 (psir), 2026-10-02 (cb), 2026-10-02 (prestige), 2026-09-25 (infocasas)"
c:central:san-antonio,San Antonio,city,asking_active_listings,edificio,sale,1,,,1,"status active and seen on or after 2026-10-02 (remax), 2026-10-02 (uprop), 2026-10-02 (psir), 2026-10-02 (cb), 2026-10-02 (prestige), 2026-09-25 (infocasas)"
c:central:san-antonio,San Antonio,city,asking_active_listings,otro,sale,2,,,2,"status active and seen on or after 2026-10-02 (remax), 2026-10-02 (uprop), 2026-10-02 (psir), 2026-10-02 (cb), 2026-10-02 (prestige), 2026-09-25 (infocasas)"
c:central:san-antonio,San Antonio,city,asking_active_listings,casa,sale,80,,,80,"status active and seen on or after 2026-10-02 (remax), 2026-10-02 (uprop), 2026-10-02 (psir), 2026-10-02 (cb), 2026-10-02 (prestige), 2026-09-25 (infocasas)"
c:central:san-antonio,San Antonio,city,asking_active_listings,deposito,sale,2,,,2,"status active and seen on or after 2026-10-02 (remax), 2026-10-02 (uprop), 2026-10-02 (psir), 2026-10-02 (cb), 2026-10-02 (prestige), 2026-09-25 (infocasas)"
c:central:san-antonio,San Antonio,city,asking_active_listings,terreno,rent,1,,,1,"status active and seen on or after 2026-10-02 (remax), 2026-10-02 (uprop), 2026-10-02 (psir), 2026-10-02 (cb), 2026-10-02 (prestige), 2026-09-25 (infocasas)"
c:central:san-antonio,San Antonio,city,asking_active_listings,casa,rent,2,,,2,"status active and seen on or after 2026-10-02 (remax), 2026-10-02 (uprop), 2026-10-02 (psir), 2026-10-02 (cb), 2026-10-02 (prestige), 2026-09-25 (infocasas)"
c:central:san-antonio,San Antonio,city,asking_active_listings,local,rent,3,,,3,"status active and seen on or after 2026-10-02 (remax), 2026-10-02 (uprop), 2026-10-02 (psir), 2026-10-02 (cb), 2026-10-02 (prestige), 2026-09-25 (infocasas)"
c:central:san-antonio,San Antonio,city,asking_price_usd,terreno,sale,61532,36919,158226,89,"median ask, USD at SET mid 2026-10-08, sources with 90%+ asks: remax infocasas uprop cb psir prestige"
c:central:san-antonio,San Antonio,city,asking_price_usd,casa,sale,82629,53841,103726,80,"median ask, USD at SET mid 2026-10-08, sources with 90%+ asks: remax infocasas uprop cb psir prestige"
c:central:san-antonio,San Antonio,city,asking_price_usd,deposito,sale,,,,2,"suppressed, n below 20"
c:central:san-antonio,San Antonio,city,asking_price_usd,otro,sale,,,,2,"suppressed, n below 20"
c:central:san-antonio,San Antonio,city,asking_price_usd,duplex,sale,,,,1,"suppressed, n below 20"
c:central:san-antonio,San Antonio,city,asking_price_usd,edificio,sale,,,,1,"suppressed, n below 20"
c:central:san-antonio,San Antonio,city,asking_usd_per_m2_built,casa,sale,689,419,833,74,"built basis, 40-800 m2, 30k-2M USD, sources with 90%+ asks: remax infocasas uprop cb psir prestige"
c:central:san-antonio,San Antonio,city,asking_usd_per_m2_built,duplex,sale,,,,1,"suppressed, n below 20"
c:central:san-antonio,San Antonio,city,asking_rent_usd_month,local,rent,,,,3,"suppressed, n below 20"
c:central:san-antonio,San Antonio,city,asking_rent_usd_month,casa,rent,,,,2,"suppressed, n below 20"
c:central:san-antonio,San Antonio,city,asking_rent_usd_month,terreno,rent,,,,1,"suppressed, n below 20"
c:central:san-antonio,San Antonio,city,asking_staleness_days,terreno,sale,210,,350,27,"days since source publish date, sources: remax prestige"
c:central:san-antonio,San Antonio,city,asking_staleness_days,casa,sale,,,,15,"suppressed, n below 20"
c:central:san-antonio,San Antonio,city,asking_staleness_days,deposito,sale,,,,2,"suppressed, n below 20"
c:central:san-antonio,San Antonio,city,asking_staleness_days,duplex,sale,,,,1,"suppressed, n below 20"
c:central:san-antonio,San Antonio,city,asking_staleness_days,edificio,sale,,,,1,"suppressed, n below 20"
c:central:san-antonio,San Antonio,city,asking_staleness_days,otro,sale,,,,1,"suppressed, n below 20"
c:central:san-antonio,San Antonio,city,asking_flow_30d_cuts,,all,3,,,3,events 2026-09-10 to 2026-10-09
c:central:san-antonio,San Antonio,city,asking_flow_30d_increases,,all,0,,,0,events 2026-09-10 to 2026-10-09
c:central:san-antonio,San Antonio,city,asking_flow_30d_new,,all,20,,,20,events 2026-09-10 to 2026-10-09
c:central:san-antonio,San Antonio,city,asking_flow_30d_delisted,,all,3,,,3,events 2026-09-10 to 2026-10-09
c:central:san-antonio,San Antonio,city,asking_flow_30d_went_sold,,all,0,,,0,events 2026-09-10 to 2026-10-09
c:central:san-antonio,San Antonio,city,asking_flow_30d_went_rented,,all,0,,,0,events 2026-09-10 to 2026-10-09
c:central:san-antonio,San Antonio,city,asking_flow_30d_cuts,,sale,3,,,3,events 2026-09-10 to 2026-10-09
c:central:san-antonio,San Antonio,city,asking_flow_30d_increases,,sale,0,,,0,events 2026-09-10 to 2026-10-09
c:central:san-antonio,San Antonio,city,asking_flow_30d_new,,sale,20,,,20,events 2026-09-10 to 2026-10-09
c:central:san-antonio,San Antonio,city,asking_flow_30d_delisted,,sale,3,,,3,events 2026-09-10 to 2026-10-09
c:central:san-antonio,San Antonio,city,asking_flow_30d_went_sold,,sale,0,,,0,events 2026-09-10 to 2026-10-09
c:central:san-antonio,San Antonio,city,asking_flow_30d_went_rented,,sale,0,,,0,events 2026-09-10 to 2026-10-09
c:central:san-antonio,San Antonio,city,asking_flow_30d_cuts,,rent,0,,,0,events 2026-09-10 to 2026-10-09
c:central:san-antonio,San Antonio,city,asking_flow_30d_increases,,rent,0,,,0,events 2026-09-10 to 2026-10-09
c:central:san-antonio,San Antonio,city,asking_flow_30d_new,,rent,0,,,0,events 2026-09-10 to 2026-10-09
c:central:san-antonio,San Antonio,city,asking_flow_30d_delisted,,rent,0,,,0,events 2026-09-10 to 2026-10-09
c:central:san-antonio,San Antonio,city,asking_flow_30d_went_sold,,rent,0,,,0,events 2026-09-10 to 2026-10-09
c:central:san-antonio,San Antonio,city,asking_flow_30d_went_rented,,rent,0,,,0,events 2026-09-10 to 2026-10-09
c:central:san-antonio,San Antonio,city,reo_parcels_active,,sale,2,,,2,bank REO lists
c:central:san-antonio,San Antonio,city,reo_parcels_priced,,sale,1,,,1,bank REO lists
c:central:san-antonio,San Antonio,city,closed_ask_to_close_pct,all,sale,,,,11,insufficient closes
c:central:san-antonio,San Antonio,city,closed_ask_to_close_pct,all,rent,,,,4,insufficient closes
c:central:julian-augusto-saldivar,Julián Augusto Saldívar,city,asking_listed_active,,,317,,,317,"status active on stock sources (remax uprop psir cb prestige infocasas), seen or not"
c:central:julian-augusto-saldivar,Julián Augusto Saldívar,city,asking_active_listings,casa,sale,57,,,57,"status active and seen on or after 2026-10-02 (remax), 2026-10-02 (uprop), 2026-10-02 (psir), 2026-10-02 (cb), 2026-10-02 (prestige), 2026-09-25 (infocasas)"
c:central:julian-augusto-saldivar,Julián Augusto Saldívar,city,asking_active_listings,local,sale,1,,,1,"status active and seen on or after 2026-10-02 (remax), 2026-10-02 (uprop), 2026-10-02 (psir), 2026-10-02 (cb), 2026-10-02 (prestige), 2026-09-25 (infocasas)"
c:central:julian-augusto-saldivar,Julián Augusto Saldívar,city,asking_active_listings,terreno,sale,90,,,90,"status active and seen on or after 2026-10-02 (remax), 2026-10-02 (uprop), 2026-10-02 (psir), 2026-10-02 (cb), 2026-10-02 (prestige), 2026-09-25 (infocasas)"
c:central:julian-augusto-saldivar,Julián Augusto Saldívar,city,asking_active_listings,quinta,sale,3,,,3,"status active and seen on or after 2026-10-02 (remax), 2026-10-02 (uprop), 2026-10-02 (psir), 2026-10-02 (cb), 2026-10-02 (prestige), 2026-09-25 (infocasas)"
c:central:julian-augusto-saldivar,Julián Augusto Saldívar,city,asking_active_listings,otro,sale,1,,,1,"status active and seen on or after 2026-10-02 (remax), 2026-10-02 (uprop), 2026-10-02 (psir), 2026-10-02 (cb), 2026-10-02 (prestige), 2026-09-25 (infocasas)"
c:central:julian-augusto-saldivar,Julián Augusto Saldívar,city,asking_active_listings,local,rent,1,,,1,"status active and seen on or after 2026-10-02 (remax), 2026-10-02 (uprop), 2026-10-02 (psir), 2026-10-02 (cb), 2026-10-02 (prestige), 2026-09-25 (infocasas)"
c:central:julian-augusto-saldivar,Julián Augusto Saldívar,city,asking_price_usd,terreno,sale,24613,16702,43952,90,"median ask, USD at SET mid 2026-10-08, sources with 90%+ asks: remax infocasas uprop cb psir prestige"
c:central:julian-augusto-saldivar,Julián Augusto Saldívar,city,asking_price_usd,casa,sale,50984,43952,96694,57,"median ask, USD at SET mid 2026-10-08, sources with 90%+ asks: remax infocasas uprop cb psir prestige"
c:central:julian-augusto-saldivar,Julián Augusto Saldívar,city,asking_price_usd,quinta,sale,,,,3,"suppressed, n below 20"
c:central:julian-augusto-saldivar,Julián Augusto Saldívar,city,asking_price_usd,local,sale,,,,1,"suppressed, n below 20"
c:central:julian-augusto-saldivar,Julián Augusto Saldívar,city,asking_price_usd,otro,sale,,,,1,"suppressed, n below 20"
c:central:julian-augusto-saldivar,Julián Augusto Saldívar,city,asking_usd_per_m2_built,casa,sale,601,481,834,52,"built basis, 40-800 m2, 30k-2M USD, sources with 90%+ asks: remax infocasas uprop cb psir prestige"
c:central:julian-augusto-saldivar,Julián Augusto Saldívar,city,asking_rent_usd_month,local,rent,,,,1,"suppressed, n below 20"
c:central:julian-augusto-saldivar,Julián Augusto Saldívar,city,asking_staleness_days,terreno,sale,268,,585,38,"days since source publish date, sources: remax prestige"
c:central:julian-augusto-saldivar,Julián Augusto Saldívar,city,asking_staleness_days,casa,sale,,,,13,"suppressed, n below 20"
c:central:julian-augusto-saldivar,Julián Augusto Saldívar,city,asking_staleness_days,quinta,sale,,,,3,"suppressed, n below 20"
c:central:julian-augusto-saldivar,Julián Augusto Saldívar,city,asking_staleness_days,local,sale,,,,1,"suppressed, n below 20"
c:central:julian-augusto-saldivar,Julián Augusto Saldívar,city,asking_staleness_days,otro,sale,,,,1,"suppressed, n below 20"
c:central:julian-augusto-saldivar,Julián Augusto Saldívar,city,asking_flow_30d_cuts,,all,1,,,1,events 2026-09-10 to 2026-10-09
c:central:julian-augusto-saldivar,Julián Augusto Saldívar,city,asking_flow_30d_increases,,all,0,,,0,events 2026-09-10 to 2026-10-09
c:central:julian-augusto-saldivar,Julián Augusto Saldívar,city,asking_flow_30d_new,,all,18,,,18,events 2026-09-10 to 2026-10-09
c:central:julian-augusto-saldivar,Julián Augusto Saldívar,city,asking_flow_30d_delisted,,all,7,,,7,events 2026-09-10 to 2026-10-09
c:central:julian-augusto-saldivar,Julián Augusto Saldívar,city,asking_flow_30d_went_sold,,all,0,,,0,events 2026-09-10 to 2026-10-09
c:central:julian-augusto-saldivar,Julián Augusto Saldívar,city,asking_flow_30d_went_rented,,all,0,,,0,events 2026-09-10 to 2026-10-09
c:central:julian-augusto-saldivar,Julián Augusto Saldívar,city,asking_flow_30d_cuts,,sale,1,,,1,events 2026-09-10 to 2026-10-09
c:central:julian-augusto-saldivar,Julián Augusto Saldívar,city,asking_flow_30d_increases,,sale,0,,,0,events 2026-09-10 to 2026-10-09
c:central:julian-augusto-saldivar,Julián Augusto Saldívar,city,asking_flow_30d_new,,sale,18,,,18,events 2026-09-10 to 2026-10-09
c:central:julian-augusto-saldivar,Julián Augusto Saldívar,city,asking_flow_30d_delisted,,sale,7,,,7,events 2026-09-10 to 2026-10-09
c:central:julian-augusto-saldivar,Julián Augusto Saldívar,city,asking_flow_30d_went_sold,,sale,0,,,0,events 2026-09-10 to 2026-10-09
c:central:julian-augusto-saldivar,Julián Augusto Saldívar,city,asking_flow_30d_went_rented,,sale,0,,,0,events 2026-09-10 to 2026-10-09
c:central:julian-augusto-saldivar,Julián Augusto Saldívar,city,asking_flow_30d_cuts,,rent,0,,,0,events 2026-09-10 to 2026-10-09
c:central:julian-augusto-saldivar,Julián Augusto Saldívar,city,asking_flow_30d_increases,,rent,0,,,0,events 2026-09-10 to 2026-10-09
c:central:julian-augusto-saldivar,Julián Augusto Saldívar,city,asking_flow_30d_new,,rent,0,,,0,events 2026-09-10 to 2026-10-09
c:central:julian-augusto-saldivar,Julián Augusto Saldívar,city,asking_flow_30d_delisted,,rent,0,,,0,events 2026-09-10 to 2026-10-09
c:central:julian-augusto-saldivar,Julián Augusto Saldívar,city,asking_flow_30d_went_sold,,rent,0,,,0,events 2026-09-10 to 2026-10-09
c:central:julian-augusto-saldivar,Julián Augusto Saldívar,city,asking_flow_30d_went_rented,,rent,0,,,0,events 2026-09-10 to 2026-10-09
c:central:julian-augusto-saldivar,Julián Augusto Saldívar,city,reo_parcels_active,,sale,0,,,0,bank REO lists
c:central:julian-augusto-saldivar,Julián Augusto Saldívar,city,reo_parcels_priced,,sale,0,,,0,bank REO lists
c:central:julian-augusto-saldivar,Julián Augusto Saldívar,city,closed_ask_to_close_pct,all,sale,,,,4,insufficient closes
c:central:julian-augusto-saldivar,Julián Augusto Saldívar,city,closed_ask_to_close_pct,all,rent,,,,0,insufficient closes
d:itapua,Itapúa,department,asking_listed_active,,,1840,,,1840,"status active on stock sources (remax uprop psir cb prestige infocasas), seen or not"
d:itapua,Itapúa,department,asking_active_listings,oficina,sale,2,,,2,"status active and seen on or after 2026-10-02 (remax), 2026-10-02 (uprop), 2026-10-02 (psir), 2026-10-02 (cb), 2026-10-02 (prestige), 2026-09-25 (infocasas)"
d:itapua,Itapúa,department,asking_active_listings,quinta,sale,8,,,8,"status active and seen on or after 2026-10-02 (remax), 2026-10-02 (uprop), 2026-10-02 (psir), 2026-10-02 (cb), 2026-10-02 (prestige), 2026-09-25 (infocasas)"
d:itapua,Itapúa,department,asking_active_listings,deposito,sale,13,,,13,"status active and seen on or after 2026-10-02 (remax), 2026-10-02 (uprop), 2026-10-02 (psir), 2026-10-02 (cb), 2026-10-02 (prestige), 2026-09-25 (infocasas)"
d:itapua,Itapúa,department,asking_active_listings,edificio,sale,19,,,19,"status active and seen on or after 2026-10-02 (remax), 2026-10-02 (uprop), 2026-10-02 (psir), 2026-10-02 (cb), 2026-10-02 (prestige), 2026-09-25 (infocasas)"
d:itapua,Itapúa,department,asking_active_listings,duplex,sale,32,,,32,"status active and seen on or after 2026-10-02 (remax), 2026-10-02 (uprop), 2026-10-02 (psir), 2026-10-02 (cb), 2026-10-02 (prestige), 2026-09-25 (infocasas)"
d:itapua,Itapúa,department,asking_active_listings,departamento,sale,173,,,173,"status active and seen on or after 2026-10-02 (remax), 2026-10-02 (uprop), 2026-10-02 (psir), 2026-10-02 (cb), 2026-10-02 (prestige), 2026-09-25 (infocasas)"
d:itapua,Itapúa,department,asking_active_listings,terreno,sale,879,,,879,"status active and seen on or after 2026-10-02 (remax), 2026-10-02 (uprop), 2026-10-02 (psir), 2026-10-02 (cb), 2026-10-02 (prestige), 2026-09-25 (infocasas)"
d:itapua,Itapúa,department,asking_active_listings,casa,sale,305,,,305,"status active and seen on or after 2026-10-02 (remax), 2026-10-02 (uprop), 2026-10-02 (psir), 2026-10-02 (cb), 2026-10-02 (prestige), 2026-09-25 (infocasas)"
d:itapua,Itapúa,department,asking_active_listings,rural,sale,11,,,11,"status active and seen on or after 2026-10-02 (remax), 2026-10-02 (uprop), 2026-10-02 (psir), 2026-10-02 (cb), 2026-10-02 (prestige), 2026-09-25 (infocasas)"
d:itapua,Itapúa,department,asking_active_listings,otro,sale,80,,,80,"status active and seen on or after 2026-10-02 (remax), 2026-10-02 (uprop), 2026-10-02 (psir), 2026-10-02 (cb), 2026-10-02 (prestige), 2026-09-25 (infocasas)"
d:itapua,Itapúa,department,asking_active_listings,local,sale,29,,,29,"status active and seen on or after 2026-10-02 (remax), 2026-10-02 (uprop), 2026-10-02 (psir), 2026-10-02 (cb), 2026-10-02 (prestige), 2026-09-25 (infocasas)"
d:itapua,Itapúa,department,asking_active_listings,local,rent,19,,,19,"status active and seen on or after 2026-10-02 (remax), 2026-10-02 (uprop), 2026-10-02 (psir), 2026-10-02 (cb), 2026-10-02 (prestige), 2026-09-25 (infocasas)"
d:itapua,Itapúa,department,asking_active_listings,otro,rent,11,,,11,"status active and seen on or after 2026-10-02 (remax), 2026-10-02 (uprop), 2026-10-02 (psir), 2026-10-02 (cb), 2026-10-02 (prestige), 2026-09-25 (infocasas)"
d:itapua,Itapúa,department,asking_active_listings,terreno,rent,14,,,14,"status active and seen on or after 2026-10-02 (remax), 2026-10-02 (uprop), 2026-10-02 (psir), 2026-10-02 (cb), 2026-10-02 (prestige), 2026-09-25 (infocasas)"
d:itapua,Itapúa,department,asking_active_listings,edificio,rent,2,,,2,"status active and seen on or after 2026-10-02 (remax), 2026-10-02 (uprop), 2026-10-02 (psir), 2026-10-02 (cb), 2026-10-02 (prestige), 2026-09-25 (infocasas)"
d:itapua,Itapúa,department,asking_active_listings,casa,rent,26,,,26,"status active and seen on or after 2026-10-02 (remax), 2026-10-02 (uprop), 2026-10-02 (psir), 2026-10-02 (cb), 2026-10-02 (prestige), 2026-09-25 (infocasas)"
d:itapua,Itapúa,department,asking_active_listings,duplex,rent,6,,,6,"status active and seen on or after 2026-10-02 (remax), 2026-10-02 (uprop), 2026-10-02 (psir), 2026-10-02 (cb), 2026-10-02 (prestige), 2026-09-25 (infocasas)"
d:itapua,Itapúa,department,asking_active_listings,departamento,rent,57,,,57,"status active and seen on or after 2026-10-02 (remax), 2026-10-02 (uprop), 2026-10-02 (psir), 2026-10-02 (cb), 2026-10-02 (prestige), 2026-09-25 (infocasas)"
d:itapua,Itapúa,department,asking_active_listings,deposito,rent,4,,,4,"status active and seen on or after 2026-10-02 (remax), 2026-10-02 (uprop), 2026-10-02 (psir), 2026-10-02 (cb), 2026-10-02 (prestige), 2026-09-25 (infocasas)"
d:itapua,Itapúa,department,asking_active_listings,oficina,rent,6,,,6,"status active and seen on or after 2026-10-02 (remax), 2026-10-02 (uprop), 2026-10-02 (psir), 2026-10-02 (cb), 2026-10-02 (prestige), 2026-09-25 (infocasas)"
d:itapua,Itapúa,department,asking_price_usd,terreno,sale,35161,15998,87904,879,"median ask, USD at SET mid 2026-10-08, sources with 90%+ asks: remax infocasas uprop cb psir prestige"
d:itapua,Itapúa,department,asking_price_usd,casa,sale,131855,70323,230000,305,"median ask, USD at SET mid 2026-10-08, sources with 90%+ asks: remax infocasas uprop cb psir prestige"
d:itapua,Itapúa,department,asking_price_usd,departamento,sale,92000,63500,143168,173,"median ask, USD at SET mid 2026-10-08, sources with 90%+ asks: remax infocasas uprop cb psir prestige"
d:itapua,Itapúa,department,asking_price_usd,otro,sale,157500,87000,268750,80,"median ask, USD at SET mid 2026-10-08, sources with 90%+ asks: remax infocasas uprop cb psir prestige"
d:itapua,Itapúa,department,asking_price_usd,duplex,sale,100210,100210,115706,32,"median ask, USD at SET mid 2026-10-08, sources with 90%+ asks: remax infocasas uprop cb psir prestige"
d:itapua,Itapúa,department,asking_price_usd,local,sale,200000,130000,460000,29,"median ask, USD at SET mid 2026-10-08, sources with 90%+ asks: remax infocasas uprop cb psir prestige"
d:itapua,Itapúa,department,asking_price_usd,edificio,sale,,,,19,"suppressed, n below 20"
d:itapua,Itapúa,department,asking_price_usd,deposito,sale,,,,13,"suppressed, n below 20"
d:itapua,Itapúa,department,asking_price_usd,rural,sale,,,,11,"suppressed, n below 20"
d:itapua,Itapúa,department,asking_price_usd,quinta,sale,,,,8,"suppressed, n below 20"
d:itapua,Itapúa,department,asking_price_usd,oficina,sale,,,,2,"suppressed, n below 20"
d:itapua,Itapúa,department,asking_usd_per_m2_built,casa,sale,729,493,1000,266,"built basis, 40-800 m2, 30k-2M USD, sources with 90%+ asks: remax infocasas uprop cb psir prestige"
d:itapua,Itapúa,department,asking_usd_per_m2_built,departamento,sale,1290,1105,1795,39,"built basis, 40-800 m2, 30k-2M USD, sources with 90%+ asks: remax infocasas uprop cb psir prestige"
d:itapua,Itapúa,department,asking_usd_per_m2_built,duplex,sale,767,691,919,27,"built basis, 40-800 m2, 30k-2M USD, sources with 90%+ asks: remax infocasas uprop cb psir prestige"
d:itapua,Itapúa,department,asking_usd_per_m2_built,local,sale,,,,16,"suppressed, n below 20"
d:itapua,Itapúa,department,asking_usd_per_m2_built,oficina,sale,,,,2,"suppressed, n below 20"
d:itapua,Itapúa,department,asking_rent_usd_month,departamento,rent,545,281,879,57,"median monthly ask, USD at SET mid 2026-10-08, 50-15000 USD band, sources with 90%+ asks: remax infocasas uprop cb psir prestige"
d:itapua,Itapúa,department,asking_rent_usd_month,casa,rent,958,365,1185,26,"median monthly ask, USD at SET mid 2026-10-08, 50-15000 USD band, sources with 90%+ asks: remax infocasas uprop cb psir prestige"
d:itapua,Itapúa,department,asking_rent_usd_month,local,rent,,,,19,"suppressed, n below 20"
d:itapua,Itapúa,department,asking_rent_usd_month,terreno,rent,,,,14,"suppressed, n below 20"
d:itapua,Itapúa,department,asking_rent_usd_month,otro,rent,,,,11,"suppressed, n below 20"
d:itapua,Itapúa,department,asking_rent_usd_month,duplex,rent,,,,6,"suppressed, n below 20"
d:itapua,Itapúa,department,asking_rent_usd_month,oficina,rent,,,,6,"suppressed, n below 20"
d:itapua,Itapúa,department,asking_rent_usd_month,deposito,rent,,,,4,"suppressed, n below 20"
d:itapua,Itapúa,department,asking_rent_usd_month,edificio,rent,,,,2,"suppressed, n below 20"
d:itapua,Itapúa,department,asking_staleness_days,terreno,sale,524,,836,842,"days since source publish date, sources: remax prestige"
d:itapua,Itapúa,department,asking_staleness_days,casa,sale,504,,985,246,"days since source publish date, sources: remax prestige"
d:itapua,Itapúa,department,asking_staleness_days,departamento,sale,251,,612,149,"days since source publish date, sources: remax prestige"
d:itapua,Itapúa,department,asking_staleness_days,otro,sale,217,,529,80,"days since source publish date, sources: remax prestige"
d:itapua,Itapúa,department,asking_staleness_days,duplex,sale,199,,752,32,"days since source publish date, sources: remax prestige"
d:itapua,Itapúa,department,asking_staleness_days,local,sale,365,,919,21,"days since source publish date, sources: remax prestige"
d:itapua,Itapúa,department,asking_staleness_days,edificio,sale,,,,19,"suppressed, n below 20"
d:itapua,Itapúa,department,asking_staleness_days,deposito,sale,,,,13,"suppressed, n below 20"
d:itapua,Itapúa,department,asking_staleness_days,quinta,sale,,,,8,"suppressed, n below 20"
d:itapua,Itapúa,department,asking_staleness_days,rural,sale,,,,8,"suppressed, n below 20"
d:itapua,Itapúa,department,asking_staleness_days,oficina,sale,,,,2,"suppressed, n below 20"
d:itapua,Itapúa,department,asking_flow_30d_cuts,,all,30,,,30,events 2026-09-10 to 2026-10-09
d:itapua,Itapúa,department,asking_flow_30d_increases,,all,42,,,42,events 2026-09-10 to 2026-10-09
d:itapua,Itapúa,department,asking_flow_30d_new,,all,124,,,124,events 2026-09-10 to 2026-10-09
d:itapua,Itapúa,department,asking_flow_30d_delisted,,all,43,,,43,events 2026-09-10 to 2026-10-09
d:itapua,Itapúa,department,asking_flow_30d_went_sold,,all,10,,,10,events 2026-09-10 to 2026-10-09
d:itapua,Itapúa,department,asking_flow_30d_went_rented,,all,21,,,21,events 2026-09-10 to 2026-10-09
d:itapua,Itapúa,department,asking_flow_30d_cuts,,sale,23,,,23,events 2026-09-10 to 2026-10-09
d:itapua,Itapúa,department,asking_flow_30d_increases,,sale,39,,,39,events 2026-09-10 to 2026-10-09
d:itapua,Itapúa,department,asking_flow_30d_new,,sale,93,,,93,events 2026-09-10 to 2026-10-09
d:itapua,Itapúa,department,asking_flow_30d_delisted,,sale,41,,,41,events 2026-09-10 to 2026-10-09
d:itapua,Itapúa,department,asking_flow_30d_went_sold,,sale,10,,,10,events 2026-09-10 to 2026-10-09
d:itapua,Itapúa,department,asking_flow_30d_went_rented,,sale,0,,,0,events 2026-09-10 to 2026-10-09
d:itapua,Itapúa,department,asking_flow_30d_cuts,,rent,7,,,7,events 2026-09-10 to 2026-10-09
d:itapua,Itapúa,department,asking_flow_30d_increases,,rent,3,,,3,events 2026-09-10 to 2026-10-09
d:itapua,Itapúa,department,asking_flow_30d_new,,rent,31,,,31,events 2026-09-10 to 2026-10-09
d:itapua,Itapúa,department,asking_flow_30d_delisted,,rent,2,,,2,events 2026-09-10 to 2026-10-09
d:itapua,Itapúa,department,asking_flow_30d_went_sold,,rent,0,,,0,events 2026-09-10 to 2026-10-09
d:itapua,Itapúa,department,asking_flow_30d_went_rented,,rent,21,,,21,events 2026-09-10 to 2026-10-09
d:itapua,Itapúa,department,reo_parcels_active,,sale,54,,,54,bank REO lists
d:itapua,Itapúa,department,reo_parcels_priced,,sale,35,,,35,bank REO lists
d:itapua,Itapúa,department,closed_ask_to_close_pct,all,sale,0,-5.3,0,77,"same-currency broker-reported closes 2025-09-11 to 2026-10-08, terminal-ask basis"
d:itapua,Itapúa,department,closed_at_ask_share_pct,all,sale,66.2,,,77,51 of 77 report a price identical to the last ask
d:itapua,Itapúa,department,closed_below_ask_median_pct,all,sale,,,,25,"suppressed, fewer than 30 closes below ask"
d:itapua,Itapúa,department,closed_ask_to_close_pct,terreno,sale,0,-2.6,0,45,"same-currency broker-reported closes 2025-09-11 to 2026-10-08, terminal-ask basis"
d:itapua,Itapúa,department,closed_at_ask_share_pct,terreno,sale,73.3,,,45,33 of 45 report a price identical to the last ask
d:itapua,Itapúa,department,closed_below_ask_median_pct,terreno,sale,,,,12,"suppressed, fewer than 30 closes below ask"
d:itapua,Itapúa,department,closed_ask_to_close_pct,all,rent,0,0,0,226,"same-currency broker-reported closes 2025-08-27 to 2026-10-08, terminal-ask basis"
d:itapua,Itapúa,department,closed_at_ask_share_pct,all,rent,92.9,,,226,210 of 226 report a price identical to the last ask
d:itapua,Itapúa,department,closed_below_ask_median_pct,all,rent,,,,16,"suppressed, fewer than 30 closes below ask"
d:itapua,Itapúa,department,closed_ask_to_close_pct,departamento,rent,0,0,0,109,"same-currency broker-reported closes 2025-09-03 to 2026-10-08, terminal-ask basis"
d:itapua,Itapúa,department,closed_at_ask_share_pct,departamento,rent,95.4,,,109,104 of 109 report a price identical to the last ask
d:itapua,Itapúa,department,closed_below_ask_median_pct,departamento,rent,,,,5,"suppressed, fewer than 30 closes below ask"
d:itapua,Itapúa,department,closed_ask_to_close_pct,casa,rent,0,0,0,47,"same-currency broker-reported closes 2025-09-08 to 2026-10-02, terminal-ask basis"
d:itapua,Itapúa,department,closed_at_ask_share_pct,casa,rent,91.5,,,47,43 of 47 report a price identical to the last ask
d:itapua,Itapúa,department,closed_below_ask_median_pct,casa,rent,,,,4,"suppressed, fewer than 30 closes below ask"
c:itapua:encarnacion,Encarnación,city,asking_listed_active,,,927,,,927,"status active on stock sources (remax uprop psir cb prestige infocasas), seen or not"
c:itapua:encarnacion,Encarnación,city,asking_active_listings,duplex,sale,24,,,24,"status active and seen on or after 2026-10-02 (remax), 2026-10-02 (uprop), 2026-10-02 (psir), 2026-10-02 (cb), 2026-10-02 (prestige), 2026-09-25 (infocasas)"
c:itapua:encarnacion,Encarnación,city,asking_active_listings,edificio,sale,17,,,17,"status active and seen on or after 2026-10-02 (remax), 2026-10-02 (uprop), 2026-10-02 (psir), 2026-10-02 (cb), 2026-10-02 (prestige), 2026-09-25 (infocasas)"
c:itapua:encarnacion,Encarnación,city,asking_active_listings,terreno,sale,334,,,334,"status active and seen on or after 2026-10-02 (remax), 2026-10-02 (uprop), 2026-10-02 (psir), 2026-10-02 (cb), 2026-10-02 (prestige), 2026-09-25 (infocasas)"
c:itapua:encarnacion,Encarnación,city,asking_active_listings,local,sale,17,,,17,"status active and seen on or after 2026-10-02 (remax), 2026-10-02 (uprop), 2026-10-02 (psir), 2026-10-02 (cb), 2026-10-02 (prestige), 2026-09-25 (infocasas)"
c:itapua:encarnacion,Encarnación,city,asking_active_listings,quinta,sale,6,,,6,"status active and seen on or after 2026-10-02 (remax), 2026-10-02 (uprop), 2026-10-02 (psir), 2026-10-02 (cb), 2026-10-02 (prestige), 2026-09-25 (infocasas)"
c:itapua:encarnacion,Encarnación,city,asking_active_listings,casa,sale,159,,,159,"status active and seen on or after 2026-10-02 (remax), 2026-10-02 (uprop), 2026-10-02 (psir), 2026-10-02 (cb), 2026-10-02 (prestige), 2026-09-25 (infocasas)"
c:itapua:encarnacion,Encarnación,city,asking_active_listings,oficina,sale,2,,,2,"status active and seen on or after 2026-10-02 (remax), 2026-10-02 (uprop), 2026-10-02 (psir), 2026-10-02 (cb), 2026-10-02 (prestige), 2026-09-25 (infocasas)"
c:itapua:encarnacion,Encarnación,city,asking_active_listings,deposito,sale,5,,,5,"status active and seen on or after 2026-10-02 (remax), 2026-10-02 (uprop), 2026-10-02 (psir), 2026-10-02 (cb), 2026-10-02 (prestige), 2026-09-25 (infocasas)"
c:itapua:encarnacion,Encarnación,city,asking_active_listings,otro,sale,35,,,35,"status active and seen on or after 2026-10-02 (remax), 2026-10-02 (uprop), 2026-10-02 (psir), 2026-10-02 (cb), 2026-10-02 (prestige), 2026-09-25 (infocasas)"
c:itapua:encarnacion,Encarnación,city,asking_active_listings,departamento,sale,170,,,170,"status active and seen on or after 2026-10-02 (remax), 2026-10-02 (uprop), 2026-10-02 (psir), 2026-10-02 (cb), 2026-10-02 (prestige), 2026-09-25 (infocasas)"
c:itapua:encarnacion,Encarnación,city,asking_active_listings,terreno,rent,10,,,10,"status active and seen on or after 2026-10-02 (remax), 2026-10-02 (uprop), 2026-10-02 (psir), 2026-10-02 (cb), 2026-10-02 (prestige), 2026-09-25 (infocasas)"
c:itapua:encarnacion,Encarnación,city,asking_active_listings,otro,rent,5,,,5,"status active and seen on or after 2026-10-02 (remax), 2026-10-02 (uprop), 2026-10-02 (psir), 2026-10-02 (cb), 2026-10-02 (prestige), 2026-09-25 (infocasas)"
c:itapua:encarnacion,Encarnación,city,asking_active_listings,duplex,rent,2,,,2,"status active and seen on or after 2026-10-02 (remax), 2026-10-02 (uprop), 2026-10-02 (psir), 2026-10-02 (cb), 2026-10-02 (prestige), 2026-09-25 (infocasas)"
c:itapua:encarnacion,Encarnación,city,asking_active_listings,edificio,rent,2,,,2,"status active and seen on or after 2026-10-02 (remax), 2026-10-02 (uprop), 2026-10-02 (psir), 2026-10-02 (cb), 2026-10-02 (prestige), 2026-09-25 (infocasas)"
c:itapua:encarnacion,Encarnación,city,asking_active_listings,casa,rent,15,,,15,"status active and seen on or after 2026-10-02 (remax), 2026-10-02 (uprop), 2026-10-02 (psir), 2026-10-02 (cb), 2026-10-02 (prestige), 2026-09-25 (infocasas)"
c:itapua:encarnacion,Encarnación,city,asking_active_listings,oficina,rent,3,,,3,"status active and seen on or after 2026-10-02 (remax), 2026-10-02 (uprop), 2026-10-02 (psir), 2026-10-02 (cb), 2026-10-02 (prestige), 2026-09-25 (infocasas)"
c:itapua:encarnacion,Encarnación,city,asking_active_listings,departamento,rent,52,,,52,"status active and seen on or after 2026-10-02 (remax), 2026-10-02 (uprop), 2026-10-02 (psir), 2026-10-02 (cb), 2026-10-02 (prestige), 2026-09-25 (infocasas)"
c:itapua:encarnacion,Encarnación,city,asking_active_listings,deposito,rent,4,,,4,"status active and seen on or after 2026-10-02 (remax), 2026-10-02 (uprop), 2026-10-02 (psir), 2026-10-02 (cb), 2026-10-02 (prestige), 2026-09-25 (infocasas)"
c:itapua:encarnacion,Encarnación,city,asking_active_listings,local,rent,12,,,12,"status active and seen on or after 2026-10-02 (remax), 2026-10-02 (uprop), 2026-10-02 (psir), 2026-10-02 (cb), 2026-10-02 (prestige), 2026-09-25 (infocasas)"
c:itapua:encarnacion,Encarnación,city,asking_price_usd,terreno,sale,52566,23075,120750,334,"median ask, USD at SET mid 2026-10-08, sources with 90%+ asks: remax infocasas uprop cb psir prestige"
c:itapua:encarnacion,Encarnación,city,asking_price_usd,departamento,sale,92500,64030,145023,170,"median ask, USD at SET mid 2026-10-08, sources with 90%+ asks: remax infocasas uprop cb psir prestige"
c:itapua:encarnacion,Encarnación,city,asking_price_usd,casa,sale,140000,86409,250000,159,"median ask, USD at SET mid 2026-10-08, sources with 90%+ asks: remax infocasas uprop cb psir prestige"
c:itapua:encarnacion,Encarnación,city,asking_price_usd,otro,sale,165000,87000,257500,35,"median ask, USD at SET mid 2026-10-08, sources with 90%+ asks: remax infocasas uprop cb psir prestige"
c:itapua:encarnacion,Encarnación,city,asking_price_usd,duplex,sale,100210,100210,124464,24,"median ask, USD at SET mid 2026-10-08, sources with 90%+ asks: remax infocasas uprop cb psir prestige"
c:itapua:encarnacion,Encarnación,city,asking_price_usd,edificio,sale,,,,17,"suppressed, n below 20"
c:itapua:encarnacion,Encarnación,city,asking_price_usd,local,sale,,,,17,"suppressed, n below 20"
c:itapua:encarnacion,Encarnación,city,asking_price_usd,quinta,sale,,,,6,"suppressed, n below 20"
c:itapua:encarnacion,Encarnación,city,asking_price_usd,deposito,sale,,,,5,"suppressed, n below 20"
c:itapua:encarnacion,Encarnación,city,asking_price_usd,oficina,sale,,,,2,"suppressed, n below 20"
c:itapua:encarnacion,Encarnación,city,asking_usd_per_m2_built,casa,sale,686,500,988,139,"built basis, 40-800 m2, 30k-2M USD, sources with 90%+ asks: remax infocasas uprop cb psir prestige"
c:itapua:encarnacion,Encarnación,city,asking_usd_per_m2_built,departamento,sale,1290,1105,1795,39,"built basis, 40-800 m2, 30k-2M USD, sources with 90%+ asks: remax infocasas uprop cb psir prestige"
c:itapua:encarnacion,Encarnación,city,asking_usd_per_m2_built,duplex,sale,691,691,918,24,"built basis, 40-800 m2, 30k-2M USD, sources with 90%+ asks: remax infocasas uprop cb psir prestige"
c:itapua:encarnacion,Encarnación,city,asking_usd_per_m2_built,local,sale,,,,10,"suppressed, n below 20"
c:itapua:encarnacion,Encarnación,city,asking_usd_per_m2_built,oficina,sale,,,,2,"suppressed, n below 20"
c:itapua:encarnacion,Encarnación,city,asking_rent_usd_month,departamento,rent,440,277,806,52,"median monthly ask, USD at SET mid 2026-10-08, 50-15000 USD band, sources with 90%+ asks: remax infocasas uprop cb psir prestige"
c:itapua:encarnacion,Encarnación,city,asking_rent_usd_month,casa,rent,,,,15,"suppressed, n below 20"
c:itapua:encarnacion,Encarnación,city,asking_rent_usd_month,local,rent,,,,12,"suppressed, n below 20"
c:itapua:encarnacion,Encarnación,city,asking_rent_usd_month,terreno,rent,,,,10,"suppressed, n below 20"
c:itapua:encarnacion,Encarnación,city,asking_rent_usd_month,otro,rent,,,,5,"suppressed, n below 20"
c:itapua:encarnacion,Encarnación,city,asking_rent_usd_month,deposito,rent,,,,4,"suppressed, n below 20"
c:itapua:encarnacion,Encarnación,city,asking_rent_usd_month,oficina,rent,,,,3,"suppressed, n below 20"
c:itapua:encarnacion,Encarnación,city,asking_rent_usd_month,duplex,rent,,,,2,"suppressed, n below 20"
c:itapua:encarnacion,Encarnación,city,asking_rent_usd_month,edificio,rent,,,,2,"suppressed, n below 20"
c:itapua:encarnacion,Encarnación,city,asking_staleness_days,terreno,sale,625,,1120,319,"days since source publish date, sources: remax prestige"
c:itapua:encarnacion,Encarnación,city,asking_staleness_days,departamento,sale,248,,611,147,"days since source publish date, sources: remax prestige"
c:itapua:encarnacion,Encarnación,city,asking_staleness_days,casa,sale,588,,1078,133,"days since source publish date, sources: remax prestige"
c:itapua:encarnacion,Encarnación,city,asking_staleness_days,otro,sale,63,,198,35,"days since source publish date, sources: remax prestige"
c:itapua:encarnacion,Encarnación,city,asking_staleness_days,duplex,sale,154,,623,24,"days since source publish date, sources: remax prestige"
c:itapua:encarnacion,Encarnación,city,asking_staleness_days,edificio,sale,,,,17,"suppressed, n below 20"
c:itapua:encarnacion,Encarnación,city,asking_staleness_days,local,sale,,,,12,"suppressed, n below 20"
c:itapua:encarnacion,Encarnación,city,asking_staleness_days,quinta,sale,,,,6,"suppressed, n below 20"
c:itapua:encarnacion,Encarnación,city,asking_staleness_days,deposito,sale,,,,5,"suppressed, n below 20"
c:itapua:encarnacion,Encarnación,city,asking_staleness_days,oficina,sale,,,,2,"suppressed, n below 20"
c:itapua:encarnacion,Encarnación,city,asking_flow_30d_cuts,,all,23,,,23,events 2026-09-10 to 2026-10-09
c:itapua:encarnacion,Encarnación,city,asking_flow_30d_increases,,all,30,,,30,events 2026-09-10 to 2026-10-09
c:itapua:encarnacion,Encarnación,city,asking_flow_30d_new,,all,85,,,85,events 2026-09-10 to 2026-10-09
c:itapua:encarnacion,Encarnación,city,asking_flow_30d_delisted,,all,24,,,24,events 2026-09-10 to 2026-10-09
c:itapua:encarnacion,Encarnación,city,asking_flow_30d_went_sold,,all,3,,,3,events 2026-09-10 to 2026-10-09
c:itapua:encarnacion,Encarnación,city,asking_flow_30d_went_rented,,all,14,,,14,events 2026-09-10 to 2026-10-09
c:itapua:encarnacion,Encarnación,city,asking_flow_30d_cuts,,sale,16,,,16,events 2026-09-10 to 2026-10-09
c:itapua:encarnacion,Encarnación,city,asking_flow_30d_increases,,sale,27,,,27,events 2026-09-10 to 2026-10-09
c:itapua:encarnacion,Encarnación,city,asking_flow_30d_new,,sale,62,,,62,events 2026-09-10 to 2026-10-09
c:itapua:encarnacion,Encarnación,city,asking_flow_30d_delisted,,sale,22,,,22,events 2026-09-10 to 2026-10-09
c:itapua:encarnacion,Encarnación,city,asking_flow_30d_went_sold,,sale,3,,,3,events 2026-09-10 to 2026-10-09
c:itapua:encarnacion,Encarnación,city,asking_flow_30d_went_rented,,sale,0,,,0,events 2026-09-10 to 2026-10-09
c:itapua:encarnacion,Encarnación,city,asking_flow_30d_cuts,,rent,7,,,7,events 2026-09-10 to 2026-10-09
c:itapua:encarnacion,Encarnación,city,asking_flow_30d_increases,,rent,3,,,3,events 2026-09-10 to 2026-10-09
c:itapua:encarnacion,Encarnación,city,asking_flow_30d_new,,rent,23,,,23,events 2026-09-10 to 2026-10-09
c:itapua:encarnacion,Encarnación,city,asking_flow_30d_delisted,,rent,2,,,2,events 2026-09-10 to 2026-10-09
c:itapua:encarnacion,Encarnación,city,asking_flow_30d_went_sold,,rent,0,,,0,events 2026-09-10 to 2026-10-09
c:itapua:encarnacion,Encarnación,city,asking_flow_30d_went_rented,,rent,14,,,14,events 2026-09-10 to 2026-10-09
c:itapua:encarnacion,Encarnación,city,reo_parcels_active,,sale,17,,,17,bank REO lists
c:itapua:encarnacion,Encarnación,city,reo_parcels_priced,,sale,8,,,8,bank REO lists
c:itapua:encarnacion,Encarnación,city,closed_ask_to_close_pct,all,sale,0,-5.1,0,38,"same-currency broker-reported closes 2025-09-11 to 2026-08-06, terminal-ask basis"
c:itapua:encarnacion,Encarnación,city,closed_at_ask_share_pct,all,sale,65.8,,,38,25 of 38 report a price identical to the last ask
c:itapua:encarnacion,Encarnación,city,closed_below_ask_median_pct,all,sale,,,,13,"suppressed, fewer than 30 closes below ask"
c:itapua:encarnacion,Encarnación,city,closed_ask_to_close_pct,all,rent,0,0,0,177,"same-currency broker-reported closes 2025-08-27 to 2026-10-08, terminal-ask basis"
c:itapua:encarnacion,Encarnación,city,closed_at_ask_share_pct,all,rent,93.2,,,177,165 of 177 report a price identical to the last ask
c:itapua:encarnacion,Encarnación,city,closed_below_ask_median_pct,all,rent,,,,12,"suppressed, fewer than 30 closes below ask"
c:itapua:encarnacion,Encarnación,city,closed_ask_to_close_pct,departamento,rent,0,0,0,97,"same-currency broker-reported closes 2025-09-10 to 2026-10-08, terminal-ask basis"
c:itapua:encarnacion,Encarnación,city,closed_at_ask_share_pct,departamento,rent,94.8,,,97,92 of 97 report a price identical to the last ask
c:itapua:encarnacion,Encarnación,city,closed_below_ask_median_pct,departamento,rent,,,,5,"suppressed, fewer than 30 closes below ask"
c:itapua:encarnacion,Encarnación,city,closed_ask_to_close_pct,casa,rent,0,0,0,32,"same-currency broker-reported closes 2025-09-13 to 2026-10-02, terminal-ask basis"
c:itapua:encarnacion,Encarnación,city,closed_at_ask_share_pct,casa,rent,93.8,,,32,30 of 32 report a price identical to the last ask
c:itapua:encarnacion,Encarnación,city,closed_below_ask_median_pct,casa,rent,,,,2,"suppressed, fewer than 30 closes below ask"
c:itapua:san-juan-del-parana,San Juan del Paraná,city,asking_listed_active,,,174,,,174,"status active on stock sources (remax uprop psir cb prestige infocasas), seen or not"
c:itapua:san-juan-del-parana,San Juan del Paraná,city,asking_active_listings,deposito,sale,1,,,1,"status active and seen on or after 2026-10-02 (remax), 2026-10-02 (uprop), 2026-10-02 (psir), 2026-10-02 (cb), 2026-10-02 (prestige), 2026-09-25 (infocasas)"
c:itapua:san-juan-del-parana,San Juan del Paraná,city,asking_active_listings,otro,sale,13,,,13,"status active and seen on or after 2026-10-02 (remax), 2026-10-02 (uprop), 2026-10-02 (psir), 2026-10-02 (cb), 2026-10-02 (prestige), 2026-09-25 (infocasas)"
c:itapua:san-juan-del-parana,San Juan del Paraná,city,asking_active_listings,rural,sale,1,,,1,"status active and seen on or after 2026-10-02 (remax), 2026-10-02 (uprop), 2026-10-02 (psir), 2026-10-02 (cb), 2026-10-02 (prestige), 2026-09-25 (infocasas)"
c:itapua:san-juan-del-parana,San Juan del Paraná,city,asking_active_listings,terreno,sale,124,,,124,"status active and seen on or after 2026-10-02 (remax), 2026-10-02 (uprop), 2026-10-02 (psir), 2026-10-02 (cb), 2026-10-02 (prestige), 2026-09-25 (infocasas)"
c:itapua:san-juan-del-parana,San Juan del Paraná,city,asking_active_listings,casa,sale,23,,,23,"status active and seen on or after 2026-10-02 (remax), 2026-10-02 (uprop), 2026-10-02 (psir), 2026-10-02 (cb), 2026-10-02 (prestige), 2026-09-25 (infocasas)"
c:itapua:san-juan-del-parana,San Juan del Paraná,city,asking_active_listings,casa,rent,4,,,4,"status active and seen on or after 2026-10-02 (remax), 2026-10-02 (uprop), 2026-10-02 (psir), 2026-10-02 (cb), 2026-10-02 (prestige), 2026-09-25 (infocasas)"
c:itapua:san-juan-del-parana,San Juan del Paraná,city,asking_price_usd,terreno,sale,14944,12306,44391,124,"median ask, USD at SET mid 2026-10-08, sources with 90%+ asks: remax infocasas uprop cb psir prestige"
c:itapua:san-juan-del-parana,San Juan del Paraná,city,asking_price_usd,casa,sale,128530,54266,445000,23,"median ask, USD at SET mid 2026-10-08, sources with 90%+ asks: remax infocasas uprop cb psir prestige"
c:itapua:san-juan-del-parana,San Juan del Paraná,city,asking_price_usd,otro,sale,,,,13,"suppressed, n below 20"
c:itapua:san-juan-del-parana,San Juan del Paraná,city,asking_price_usd,deposito,sale,,,,1,"suppressed, n below 20"
c:itapua:san-juan-del-parana,San Juan del Paraná,city,asking_price_usd,rural,sale,,,,1,"suppressed, n below 20"
c:itapua:san-juan-del-parana,San Juan del Paraná,city,asking_usd_per_m2_built,casa,sale,1099,681,1571,21,"built basis, 40-800 m2, 30k-2M USD, sources with 90%+ asks: remax infocasas uprop cb psir prestige"
c:itapua:san-juan-del-parana,San Juan del Paraná,city,asking_rent_usd_month,casa,rent,,,,4,"suppressed, n below 20"
c:itapua:san-juan-del-parana,San Juan del Paraná,city,asking_staleness_days,terreno,sale,186,,381,115,"days since source publish date, sources: remax prestige"
c:itapua:san-juan-del-parana,San Juan del Paraná,city,asking_staleness_days,casa,sale,,,,14,"suppressed, n below 20"
c:itapua:san-juan-del-parana,San Juan del Paraná,city,asking_staleness_days,otro,sale,,,,13,"suppressed, n below 20"
c:itapua:san-juan-del-parana,San Juan del Paraná,city,asking_staleness_days,deposito,sale,,,,1,"suppressed, n below 20"
c:itapua:san-juan-del-parana,San Juan del Paraná,city,asking_flow_30d_cuts,,all,2,,,2,events 2026-09-10 to 2026-10-09
c:itapua:san-juan-del-parana,San Juan del Paraná,city,asking_flow_30d_increases,,all,2,,,2,events 2026-09-10 to 2026-10-09
c:itapua:san-juan-del-parana,San Juan del Paraná,city,asking_flow_30d_new,,all,16,,,16,events 2026-09-10 to 2026-10-09
c:itapua:san-juan-del-parana,San Juan del Paraná,city,asking_flow_30d_delisted,,all,8,,,8,events 2026-09-10 to 2026-10-09
c:itapua:san-juan-del-parana,San Juan del Paraná,city,asking_flow_30d_went_sold,,all,2,,,2,events 2026-09-10 to 2026-10-09
c:itapua:san-juan-del-parana,San Juan del Paraná,city,asking_flow_30d_went_rented,,all,0,,,0,events 2026-09-10 to 2026-10-09
c:itapua:san-juan-del-parana,San Juan del Paraná,city,asking_flow_30d_cuts,,sale,2,,,2,events 2026-09-10 to 2026-10-09
c:itapua:san-juan-del-parana,San Juan del Paraná,city,asking_flow_30d_increases,,sale,2,,,2,events 2026-09-10 to 2026-10-09
c:itapua:san-juan-del-parana,San Juan del Paraná,city,asking_flow_30d_new,,sale,16,,,16,events 2026-09-10 to 2026-10-09
c:itapua:san-juan-del-parana,San Juan del Paraná,city,asking_flow_30d_delisted,,sale,8,,,8,events 2026-09-10 to 2026-10-09
c:itapua:san-juan-del-parana,San Juan del Paraná,city,asking_flow_30d_went_sold,,sale,2,,,2,events 2026-09-10 to 2026-10-09
c:itapua:san-juan-del-parana,San Juan del Paraná,city,asking_flow_30d_went_rented,,sale,0,,,0,events 2026-09-10 to 2026-10-09
c:itapua:san-juan-del-parana,San Juan del Paraná,city,asking_flow_30d_cuts,,rent,0,,,0,events 2026-09-10 to 2026-10-09
c:itapua:san-juan-del-parana,San Juan del Paraná,city,asking_flow_30d_increases,,rent,0,,,0,events 2026-09-10 to 2026-10-09
c:itapua:san-juan-del-parana,San Juan del Paraná,city,asking_flow_30d_new,,rent,0,,,0,events 2026-09-10 to 2026-10-09
c:itapua:san-juan-del-parana,San Juan del Paraná,city,asking_flow_30d_delisted,,rent,0,,,0,events 2026-09-10 to 2026-10-09
c:itapua:san-juan-del-parana,San Juan del Paraná,city,asking_flow_30d_went_sold,,rent,0,,,0,events 2026-09-10 to 2026-10-09
c:itapua:san-juan-del-parana,San Juan del Paraná,city,asking_flow_30d_went_rented,,rent,0,,,0,events 2026-09-10 to 2026-10-09
c:itapua:san-juan-del-parana,San Juan del Paraná,city,reo_parcels_active,,sale,1,,,1,bank REO lists
c:itapua:san-juan-del-parana,San Juan del Paraná,city,reo_parcels_priced,,sale,1,,,1,bank REO lists
c:itapua:san-juan-del-parana,San Juan del Paraná,city,closed_ask_to_close_pct,all,sale,,,,6,insufficient closes
c:itapua:san-juan-del-parana,San Juan del Paraná,city,closed_ask_to_close_pct,all,rent,,,,5,insufficient closes
c:itapua:capitan-miranda,Capitán Miranda,city,asking_listed_active,,,138,,,138,"status active on stock sources (remax uprop psir cb prestige infocasas), seen or not"
c:itapua:capitan-miranda,Capitán Miranda,city,asking_active_listings,terreno,sale,93,,,93,"status active and seen on or after 2026-10-02 (remax), 2026-10-02 (uprop), 2026-10-02 (psir), 2026-10-02 (cb), 2026-10-02 (prestige), 2026-09-25 (infocasas)"
c:itapua:capitan-miranda,Capitán Miranda,city,asking_active_listings,otro,sale,4,,,4,"status active and seen on or after 2026-10-02 (remax), 2026-10-02 (uprop), 2026-10-02 (psir), 2026-10-02 (cb), 2026-10-02 (prestige), 2026-09-25 (infocasas)"
c:itapua:capitan-miranda,Capitán Miranda,city,asking_active_listings,rural,sale,1,,,1,"status active and seen on or after 2026-10-02 (remax), 2026-10-02 (uprop), 2026-10-02 (psir), 2026-10-02 (cb), 2026-10-02 (prestige), 2026-09-25 (infocasas)"
c:itapua:capitan-miranda,Capitán Miranda,city,asking_active_listings,casa,sale,11,,,11,"status active and seen on or after 2026-10-02 (remax), 2026-10-02 (uprop), 2026-10-02 (psir), 2026-10-02 (cb), 2026-10-02 (prestige), 2026-09-25 (infocasas)"
c:itapua:capitan-miranda,Capitán Miranda,city,asking_active_listings,quinta,sale,1,,,1,"status active and seen on or after 2026-10-02 (remax), 2026-10-02 (uprop), 2026-10-02 (psir), 2026-10-02 (cb), 2026-10-02 (prestige), 2026-09-25 (infocasas)"
c:itapua:capitan-miranda,Capitán Miranda,city,asking_active_listings,departamento,rent,1,,,1,"status active and seen on or after 2026-10-02 (remax), 2026-10-02 (uprop), 2026-10-02 (psir), 2026-10-02 (cb), 2026-10-02 (prestige), 2026-09-25 (infocasas)"
c:itapua:capitan-miranda,Capitán Miranda,city,asking_active_listings,oficina,rent,1,,,1,"status active and seen on or after 2026-10-02 (remax), 2026-10-02 (uprop), 2026-10-02 (psir), 2026-10-02 (cb), 2026-10-02 (prestige), 2026-09-25 (infocasas)"
c:itapua:capitan-miranda,Capitán Miranda,city,asking_active_listings,local,rent,5,,,5,"status active and seen on or after 2026-10-02 (remax), 2026-10-02 (uprop), 2026-10-02 (psir), 2026-10-02 (cb), 2026-10-02 (prestige), 2026-09-25 (infocasas)"
c:itapua:capitan-miranda,Capitán Miranda,city,asking_active_listings,otro,rent,6,,,6,"status active and seen on or after 2026-10-02 (remax), 2026-10-02 (uprop), 2026-10-02 (psir), 2026-10-02 (cb), 2026-10-02 (prestige), 2026-09-25 (infocasas)"
c:itapua:capitan-miranda,Capitán Miranda,city,asking_active_listings,duplex,rent,1,,,1,"status active and seen on or after 2026-10-02 (remax), 2026-10-02 (uprop), 2026-10-02 (psir), 2026-10-02 (cb), 2026-10-02 (prestige), 2026-09-25 (infocasas)"
c:itapua:capitan-miranda,Capitán Miranda,city,asking_price_usd,terreno,sale,21712,15998,43952,93,"median ask, USD at SET mid 2026-10-08, sources with 90%+ asks: remax infocasas uprop cb psir prestige"
c:itapua:capitan-miranda,Capitán Miranda,city,asking_price_usd,casa,sale,,,,11,"suppressed, n below 20"
c:itapua:capitan-miranda,Capitán Miranda,city,asking_price_usd,otro,sale,,,,4,"suppressed, n below 20"
c:itapua:capitan-miranda,Capitán Miranda,city,asking_price_usd,quinta,sale,,,,1,"suppressed, n below 20"
c:itapua:capitan-miranda,Capitán Miranda,city,asking_price_usd,rural,sale,,,,1,"suppressed, n below 20"
c:itapua:capitan-miranda,Capitán Miranda,city,asking_usd_per_m2_built,casa,sale,,,,10,"suppressed, n below 20"
c:itapua:capitan-miranda,Capitán Miranda,city,asking_rent_usd_month,otro,rent,,,,6,"suppressed, n below 20"
c:itapua:capitan-miranda,Capitán Miranda,city,asking_rent_usd_month,local,rent,,,,5,"suppressed, n below 20"
c:itapua:capitan-miranda,Capitán Miranda,city,asking_rent_usd_month,departamento,rent,,,,1,"suppressed, n below 20"
c:itapua:capitan-miranda,Capitán Miranda,city,asking_rent_usd_month,duplex,rent,,,,1,"suppressed, n below 20"
c:itapua:capitan-miranda,Capitán Miranda,city,asking_rent_usd_month,oficina,rent,,,,1,"suppressed, n below 20"
c:itapua:capitan-miranda,Capitán Miranda,city,asking_staleness_days,terreno,sale,624,,911,93,"days since source publish date, sources: remax prestige"
c:itapua:capitan-miranda,Capitán Miranda,city,asking_staleness_days,casa,sale,,,,10,"suppressed, n below 20"
c:itapua:capitan-miranda,Capitán Miranda,city,asking_staleness_days,otro,sale,,,,4,"suppressed, n below 20"
c:itapua:capitan-miranda,Capitán Miranda,city,asking_staleness_days,quinta,sale,,,,1,"suppressed, n below 20"
c:itapua:capitan-miranda,Capitán Miranda,city,asking_staleness_days,rural,sale,,,,1,"suppressed, n below 20"
c:itapua:capitan-miranda,Capitán Miranda,city,asking_flow_30d_cuts,,all,0,,,0,events 2026-09-10 to 2026-10-09
c:itapua:capitan-miranda,Capitán Miranda,city,asking_flow_30d_increases,,all,2,,,2,events 2026-09-10 to 2026-10-09
c:itapua:capitan-miranda,Capitán Miranda,city,asking_flow_30d_new,,all,3,,,3,events 2026-09-10 to 2026-10-09
c:itapua:capitan-miranda,Capitán Miranda,city,asking_flow_30d_delisted,,all,1,,,1,events 2026-09-10 to 2026-10-09
c:itapua:capitan-miranda,Capitán Miranda,city,asking_flow_30d_went_sold,,all,1,,,1,events 2026-09-10 to 2026-10-09
c:itapua:capitan-miranda,Capitán Miranda,city,asking_flow_30d_went_rented,,all,0,,,0,events 2026-09-10 to 2026-10-09
c:itapua:capitan-miranda,Capitán Miranda,city,asking_flow_30d_cuts,,sale,0,,,0,events 2026-09-10 to 2026-10-09
c:itapua:capitan-miranda,Capitán Miranda,city,asking_flow_30d_increases,,sale,2,,,2,events 2026-09-10 to 2026-10-09
c:itapua:capitan-miranda,Capitán Miranda,city,asking_flow_30d_new,,sale,2,,,2,events 2026-09-10 to 2026-10-09
c:itapua:capitan-miranda,Capitán Miranda,city,asking_flow_30d_delisted,,sale,1,,,1,events 2026-09-10 to 2026-10-09
c:itapua:capitan-miranda,Capitán Miranda,city,asking_flow_30d_went_sold,,sale,1,,,1,events 2026-09-10 to 2026-10-09
c:itapua:capitan-miranda,Capitán Miranda,city,asking_flow_30d_went_rented,,sale,0,,,0,events 2026-09-10 to 2026-10-09
c:itapua:capitan-miranda,Capitán Miranda,city,asking_flow_30d_cuts,,rent,0,,,0,events 2026-09-10 to 2026-10-09
c:itapua:capitan-miranda,Capitán Miranda,city,asking_flow_30d_increases,,rent,0,,,0,events 2026-09-10 to 2026-10-09
c:itapua:capitan-miranda,Capitán Miranda,city,asking_flow_30d_new,,rent,1,,,1,events 2026-09-10 to 2026-10-09
c:itapua:capitan-miranda,Capitán Miranda,city,asking_flow_30d_delisted,,rent,0,,,0,events 2026-09-10 to 2026-10-09
c:itapua:capitan-miranda,Capitán Miranda,city,asking_flow_30d_went_sold,,rent,0,,,0,events 2026-09-10 to 2026-10-09
c:itapua:capitan-miranda,Capitán Miranda,city,asking_flow_30d_went_rented,,rent,0,,,0,events 2026-09-10 to 2026-10-09
c:itapua:capitan-miranda,Capitán Miranda,city,reo_parcels_active,,sale,1,,,1,bank REO lists
c:itapua:capitan-miranda,Capitán Miranda,city,reo_parcels_priced,,sale,0,,,0,bank REO lists
c:itapua:capitan-miranda,Capitán Miranda,city,closed_ask_to_close_pct,all,sale,,,,3,insufficient closes
c:itapua:capitan-miranda,Capitán Miranda,city,closed_ask_to_close_pct,all,rent,,,,2,insufficient closes
d:cordillera,Cordillera,department,asking_listed_active,,,1046,,,1046,"status active on stock sources (remax uprop psir cb prestige infocasas), seen or not"
d:cordillera,Cordillera,department,asking_active_listings,quinta,sale,14,,,14,"status active and seen on or after 2026-10-02 (remax), 2026-10-02 (uprop), 2026-10-02 (psir), 2026-10-02 (cb), 2026-10-02 (prestige), 2026-09-25 (infocasas)"
d:cordillera,Cordillera,department,asking_active_listings,local,sale,2,,,2,"status active and seen on or after 2026-10-02 (remax), 2026-10-02 (uprop), 2026-10-02 (psir), 2026-10-02 (cb), 2026-10-02 (prestige), 2026-09-25 (infocasas)"
d:cordillera,Cordillera,department,asking_active_listings,otro,sale,32,,,32,"status active and seen on or after 2026-10-02 (remax), 2026-10-02 (uprop), 2026-10-02 (psir), 2026-10-02 (cb), 2026-10-02 (prestige), 2026-09-25 (infocasas)"
d:cordillera,Cordillera,department,asking_active_listings,duplex,sale,3,,,3,"status active and seen on or after 2026-10-02 (remax), 2026-10-02 (uprop), 2026-10-02 (psir), 2026-10-02 (cb), 2026-10-02 (prestige), 2026-09-25 (infocasas)"
d:cordillera,Cordillera,department,asking_active_listings,terreno,sale,648,,,648,"status active and seen on or after 2026-10-02 (remax), 2026-10-02 (uprop), 2026-10-02 (psir), 2026-10-02 (cb), 2026-10-02 (prestige), 2026-09-25 (infocasas)"
d:cordillera,Cordillera,department,asking_active_listings,casa,sale,192,,,192,"status active and seen on or after 2026-10-02 (remax), 2026-10-02 (uprop), 2026-10-02 (psir), 2026-10-02 (cb), 2026-10-02 (prestige), 2026-09-25 (infocasas)"
d:cordillera,Cordillera,department,asking_active_listings,rural,sale,24,,,24,"status active and seen on or after 2026-10-02 (remax), 2026-10-02 (uprop), 2026-10-02 (psir), 2026-10-02 (cb), 2026-10-02 (prestige), 2026-09-25 (infocasas)"
d:cordillera,Cordillera,department,asking_active_listings,departamento,sale,23,,,23,"status active and seen on or after 2026-10-02 (remax), 2026-10-02 (uprop), 2026-10-02 (psir), 2026-10-02 (cb), 2026-10-02 (prestige), 2026-09-25 (infocasas)"
d:cordillera,Cordillera,department,asking_active_listings,quinta,rent,1,,,1,"status active and seen on or after 2026-10-02 (remax), 2026-10-02 (uprop), 2026-10-02 (psir), 2026-10-02 (cb), 2026-10-02 (prestige), 2026-09-25 (infocasas)"
d:cordillera,Cordillera,department,asking_active_listings,terreno,rent,2,,,2,"status active and seen on or after 2026-10-02 (remax), 2026-10-02 (uprop), 2026-10-02 (psir), 2026-10-02 (cb), 2026-10-02 (prestige), 2026-09-25 (infocasas)"
d:cordillera,Cordillera,department,asking_active_listings,deposito,rent,1,,,1,"status active and seen on or after 2026-10-02 (remax), 2026-10-02 (uprop), 2026-10-02 (psir), 2026-10-02 (cb), 2026-10-02 (prestige), 2026-09-25 (infocasas)"
d:cordillera,Cordillera,department,asking_active_listings,local,rent,7,,,7,"status active and seen on or after 2026-10-02 (remax), 2026-10-02 (uprop), 2026-10-02 (psir), 2026-10-02 (cb), 2026-10-02 (prestige), 2026-09-25 (infocasas)"
d:cordillera,Cordillera,department,asking_active_listings,otro,rent,3,,,3,"status active and seen on or after 2026-10-02 (remax), 2026-10-02 (uprop), 2026-10-02 (psir), 2026-10-02 (cb), 2026-10-02 (prestige), 2026-09-25 (infocasas)"
d:cordillera,Cordillera,department,asking_active_listings,rural,rent,1,,,1,"status active and seen on or after 2026-10-02 (remax), 2026-10-02 (uprop), 2026-10-02 (psir), 2026-10-02 (cb), 2026-10-02 (prestige), 2026-09-25 (infocasas)"
d:cordillera,Cordillera,department,asking_active_listings,casa,rent,35,,,35,"status active and seen on or after 2026-10-02 (remax), 2026-10-02 (uprop), 2026-10-02 (psir), 2026-10-02 (cb), 2026-10-02 (prestige), 2026-09-25 (infocasas)"
d:cordillera,Cordillera,department,asking_active_listings,departamento,rent,1,,,1,"status active and seen on or after 2026-10-02 (remax), 2026-10-02 (uprop), 2026-10-02 (psir), 2026-10-02 (cb), 2026-10-02 (prestige), 2026-09-25 (infocasas)"
d:cordillera,Cordillera,department,asking_price_usd,terreno,sale,49226,22855,90000,648,"median ask, USD at SET mid 2026-10-08, sources with 90%+ asks: remax infocasas uprop cb psir prestige"
d:cordillera,Cordillera,department,asking_price_usd,casa,sale,190000,114275,290041,191,"median ask, USD at SET mid 2026-10-08, sources with 90%+ asks: remax infocasas uprop cb psir prestige"
d:cordillera,Cordillera,department,asking_price_usd,otro,sale,143722,79904,516682,32,"median ask, USD at SET mid 2026-10-08, sources with 90%+ asks: remax infocasas uprop cb psir prestige"
d:cordillera,Cordillera,department,asking_price_usd,rural,sale,472500,241742,1212500,24,"median ask, USD at SET mid 2026-10-08, sources with 90%+ asks: remax infocasas uprop cb psir prestige"
d:cordillera,Cordillera,department,asking_price_usd,departamento,sale,180000,112355,275000,23,"median ask, USD at SET mid 2026-10-08, sources with 90%+ asks: remax infocasas uprop cb psir prestige"
d:cordillera,Cordillera,department,asking_price_usd,quinta,sale,,,,14,"suppressed, n below 20"
d:cordillera,Cordillera,department,asking_price_usd,duplex,sale,,,,3,"suppressed, n below 20"
d:cordillera,Cordillera,department,asking_price_usd,local,sale,,,,2,"suppressed, n below 20"
d:cordillera,Cordillera,department,asking_usd_per_m2_built,casa,sale,880,586,1290,154,"built basis, 40-800 m2, 30k-2M USD, sources with 90%+ asks: remax infocasas uprop cb psir prestige"
d:cordillera,Cordillera,department,asking_usd_per_m2_built,departamento,sale,,,,8,"suppressed, n below 20"
d:cordillera,Cordillera,department,asking_usd_per_m2_built,duplex,sale,,,,2,"suppressed, n below 20"
d:cordillera,Cordillera,department,asking_rent_usd_month,casa,rent,1494,967,2603,34,"median monthly ask, USD at SET mid 2026-10-08, 50-15000 USD band, sources with 90%+ asks: remax infocasas uprop cb psir prestige"
d:cordillera,Cordillera,department,asking_rent_usd_month,local,rent,,,,7,"suppressed, n below 20"
d:cordillera,Cordillera,department,asking_rent_usd_month,otro,rent,,,,3,"suppressed, n below 20"
d:cordillera,Cordillera,department,asking_rent_usd_month,terreno,rent,,,,2,"suppressed, n below 20"
d:cordillera,Cordillera,department,asking_rent_usd_month,departamento,rent,,,,1,"suppressed, n below 20"
d:cordillera,Cordillera,department,asking_rent_usd_month,deposito,rent,,,,1,"suppressed, n below 20"
d:cordillera,Cordillera,department,asking_rent_usd_month,quinta,rent,,,,1,"suppressed, n below 20"
d:cordillera,Cordillera,department,asking_rent_usd_month,rural,rent,,,,1,"suppressed, n below 20"
d:cordillera,Cordillera,department,asking_staleness_days,terreno,sale,220,,473,572,"days since source publish date, sources: remax prestige"
d:cordillera,Cordillera,department,asking_staleness_days,casa,sale,198,,374,148,"days since source publish date, sources: remax prestige"
d:cordillera,Cordillera,department,asking_staleness_days,otro,sale,261,,519,31,"days since source publish date, sources: remax prestige"
d:cordillera,Cordillera,department,asking_staleness_days,departamento,sale,,,,16,"suppressed, n below 20"
d:cordillera,Cordillera,department,asking_staleness_days,quinta,sale,,,,14,"suppressed, n below 20"
d:cordillera,Cordillera,department,asking_staleness_days,rural,sale,,,,10,"suppressed, n below 20"
d:cordillera,Cordillera,department,asking_staleness_days,duplex,sale,,,,3,"suppressed, n below 20"
d:cordillera,Cordillera,department,asking_staleness_days,local,sale,,,,1,"suppressed, n below 20"
d:cordillera,Cordillera,department,asking_flow_30d_cuts,,all,32,,,32,events 2026-09-10 to 2026-10-09
d:cordillera,Cordillera,department,asking_flow_30d_increases,,all,9,,,9,events 2026-09-10 to 2026-10-09
d:cordillera,Cordillera,department,asking_flow_30d_new,,all,95,,,95,events 2026-09-10 to 2026-10-09
d:cordillera,Cordillera,department,asking_flow_30d_delisted,,all,35,,,35,events 2026-09-10 to 2026-10-09
d:cordillera,Cordillera,department,asking_flow_30d_went_sold,,all,5,,,5,events 2026-09-10 to 2026-10-09
d:cordillera,Cordillera,department,asking_flow_30d_went_rented,,all,2,,,2,events 2026-09-10 to 2026-10-09
d:cordillera,Cordillera,department,asking_flow_30d_cuts,,sale,31,,,31,events 2026-09-10 to 2026-10-09
d:cordillera,Cordillera,department,asking_flow_30d_increases,,sale,7,,,7,events 2026-09-10 to 2026-10-09
d:cordillera,Cordillera,department,asking_flow_30d_new,,sale,87,,,87,events 2026-09-10 to 2026-10-09
d:cordillera,Cordillera,department,asking_flow_30d_delisted,,sale,33,,,33,events 2026-09-10 to 2026-10-09
d:cordillera,Cordillera,department,asking_flow_30d_went_sold,,sale,5,,,5,events 2026-09-10 to 2026-10-09
d:cordillera,Cordillera,department,asking_flow_30d_went_rented,,sale,0,,,0,events 2026-09-10 to 2026-10-09
d:cordillera,Cordillera,department,asking_flow_30d_cuts,,rent,1,,,1,events 2026-09-10 to 2026-10-09
d:cordillera,Cordillera,department,asking_flow_30d_increases,,rent,2,,,2,events 2026-09-10 to 2026-10-09
d:cordillera,Cordillera,department,asking_flow_30d_new,,rent,8,,,8,events 2026-09-10 to 2026-10-09
d:cordillera,Cordillera,department,asking_flow_30d_delisted,,rent,2,,,2,events 2026-09-10 to 2026-10-09
d:cordillera,Cordillera,department,asking_flow_30d_went_sold,,rent,0,,,0,events 2026-09-10 to 2026-10-09
d:cordillera,Cordillera,department,asking_flow_30d_went_rented,,rent,2,,,2,events 2026-09-10 to 2026-10-09
d:cordillera,Cordillera,department,reo_parcels_active,,sale,13,,,13,bank REO lists
d:cordillera,Cordillera,department,reo_parcels_priced,,sale,10,,,10,bank REO lists
d:cordillera,Cordillera,department,closed_ask_to_close_pct,all,sale,-5,-9.5,0,70,"same-currency broker-reported closes 2024-10-10 to 2026-09-14, terminal-ask basis"
d:cordillera,Cordillera,department,closed_at_ask_share_pct,all,sale,27.1,,,70,19 of 70 report a price identical to the last ask
d:cordillera,Cordillera,department,closed_below_ask_median_pct,all,sale,-7.1,,,47,median spread of closes below the last ask
d:cordillera,Cordillera,department,closed_ask_to_close_pct,terreno,sale,-5.9,-7.9,-0.5,42,"same-currency broker-reported closes 2024-10-10 to 2026-09-14, terminal-ask basis"
d:cordillera,Cordillera,department,closed_at_ask_share_pct,terreno,sale,21.4,,,42,9 of 42 report a price identical to the last ask
d:cordillera,Cordillera,department,closed_below_ask_median_pct,terreno,sale,-6.7,,,31,median spread of closes below the last ask
d:cordillera,Cordillera,department,closed_ask_to_close_pct,all,rent,,,,20,insufficient closes
c:cordillera:san-bernardino,San Bernardino,city,asking_listed_active,,,443,,,443,"status active on stock sources (remax uprop psir cb prestige infocasas), seen or not"
c:cordillera:san-bernardino,San Bernardino,city,asking_active_listings,terreno,sale,271,,,271,"status active and seen on or after 2026-10-02 (remax), 2026-10-02 (uprop), 2026-10-02 (psir), 2026-10-02 (cb), 2026-10-02 (prestige), 2026-09-25 (infocasas)"
c:cordillera:san-bernardino,San Bernardino,city,asking_active_listings,departamento,sale,11,,,11,"status active and seen on or after 2026-10-02 (remax), 2026-10-02 (uprop), 2026-10-02 (psir), 2026-10-02 (cb), 2026-10-02 (prestige), 2026-09-25 (infocasas)"
c:cordillera:san-bernardino,San Bernardino,city,asking_active_listings,duplex,sale,3,,,3,"status active and seen on or after 2026-10-02 (remax), 2026-10-02 (uprop), 2026-10-02 (psir), 2026-10-02 (cb), 2026-10-02 (prestige), 2026-09-25 (infocasas)"
c:cordillera:san-bernardino,San Bernardino,city,asking_active_listings,otro,sale,2,,,2,"status active and seen on or after 2026-10-02 (remax), 2026-10-02 (uprop), 2026-10-02 (psir), 2026-10-02 (cb), 2026-10-02 (prestige), 2026-09-25 (infocasas)"
c:cordillera:san-bernardino,San Bernardino,city,asking_active_listings,quinta,sale,1,,,1,"status active and seen on or after 2026-10-02 (remax), 2026-10-02 (uprop), 2026-10-02 (psir), 2026-10-02 (cb), 2026-10-02 (prestige), 2026-09-25 (infocasas)"
c:cordillera:san-bernardino,San Bernardino,city,asking_active_listings,local,sale,2,,,2,"status active and seen on or after 2026-10-02 (remax), 2026-10-02 (uprop), 2026-10-02 (psir), 2026-10-02 (cb), 2026-10-02 (prestige), 2026-09-25 (infocasas)"
c:cordillera:san-bernardino,San Bernardino,city,asking_active_listings,casa,sale,95,,,95,"status active and seen on or after 2026-10-02 (remax), 2026-10-02 (uprop), 2026-10-02 (psir), 2026-10-02 (cb), 2026-10-02 (prestige), 2026-09-25 (infocasas)"
c:cordillera:san-bernardino,San Bernardino,city,asking_active_listings,casa,rent,25,,,25,"status active and seen on or after 2026-10-02 (remax), 2026-10-02 (uprop), 2026-10-02 (psir), 2026-10-02 (cb), 2026-10-02 (prestige), 2026-09-25 (infocasas)"
c:cordillera:san-bernardino,San Bernardino,city,asking_active_listings,terreno,rent,2,,,2,"status active and seen on or after 2026-10-02 (remax), 2026-10-02 (uprop), 2026-10-02 (psir), 2026-10-02 (cb), 2026-10-02 (prestige), 2026-09-25 (infocasas)"
c:cordillera:san-bernardino,San Bernardino,city,asking_active_listings,deposito,rent,1,,,1,"status active and seen on or after 2026-10-02 (remax), 2026-10-02 (uprop), 2026-10-02 (psir), 2026-10-02 (cb), 2026-10-02 (prestige), 2026-09-25 (infocasas)"
c:cordillera:san-bernardino,San Bernardino,city,asking_active_listings,otro,rent,1,,,1,"status active and seen on or after 2026-10-02 (remax), 2026-10-02 (uprop), 2026-10-02 (psir), 2026-10-02 (cb), 2026-10-02 (prestige), 2026-09-25 (infocasas)"
c:cordillera:san-bernardino,San Bernardino,city,asking_price_usd,terreno,sale,61532,40320,95847,271,"median ask, USD at SET mid 2026-10-08, sources with 90%+ asks: remax infocasas uprop cb psir prestige"
c:cordillera:san-bernardino,San Bernardino,city,asking_price_usd,casa,sale,225033,158613,325000,95,"median ask, USD at SET mid 2026-10-08, sources with 90%+ asks: remax infocasas uprop cb psir prestige"
c:cordillera:san-bernardino,San Bernardino,city,asking_price_usd,departamento,sale,,,,11,"suppressed, n below 20"
c:cordillera:san-bernardino,San Bernardino,city,asking_price_usd,duplex,sale,,,,3,"suppressed, n below 20"
c:cordillera:san-bernardino,San Bernardino,city,asking_price_usd,local,sale,,,,2,"suppressed, n below 20"
c:cordillera:san-bernardino,San Bernardino,city,asking_price_usd,otro,sale,,,,2,"suppressed, n below 20"
c:cordillera:san-bernardino,San Bernardino,city,asking_price_usd,quinta,sale,,,,1,"suppressed, n below 20"
c:cordillera:san-bernardino,San Bernardino,city,asking_usd_per_m2_built,casa,sale,976,792,1292,82,"built basis, 40-800 m2, 30k-2M USD, sources with 90%+ asks: remax infocasas uprop cb psir prestige"
c:cordillera:san-bernardino,San Bernardino,city,asking_usd_per_m2_built,departamento,sale,,,,2,"suppressed, n below 20"
c:cordillera:san-bernardino,San Bernardino,city,asking_usd_per_m2_built,duplex,sale,,,,2,"suppressed, n below 20"
c:cordillera:san-bernardino,San Bernardino,city,asking_rent_usd_month,casa,rent,1697,1121,2534,24,"median monthly ask, USD at SET mid 2026-10-08, 50-15000 USD band, sources with 90%+ asks: remax infocasas uprop cb psir prestige"
c:cordillera:san-bernardino,San Bernardino,city,asking_rent_usd_month,terreno,rent,,,,2,"suppressed, n below 20"
c:cordillera:san-bernardino,San Bernardino,city,asking_rent_usd_month,deposito,rent,,,,1,"suppressed, n below 20"
c:cordillera:san-bernardino,San Bernardino,city,asking_rent_usd_month,otro,rent,,,,1,"suppressed, n below 20"
c:cordillera:san-bernardino,San Bernardino,city,asking_staleness_days,terreno,sale,310,,473,248,"days since source publish date, sources: remax prestige"
c:cordillera:san-bernardino,San Bernardino,city,asking_staleness_days,casa,sale,186,,369,74,"days since source publish date, sources: remax prestige"
c:cordillera:san-bernardino,San Bernardino,city,asking_staleness_days,departamento,sale,,,,8,"suppressed, n below 20"
c:cordillera:san-bernardino,San Bernardino,city,asking_staleness_days,duplex,sale,,,,3,"suppressed, n below 20"
c:cordillera:san-bernardino,San Bernardino,city,asking_staleness_days,otro,sale,,,,2,"suppressed, n below 20"
c:cordillera:san-bernardino,San Bernardino,city,asking_staleness_days,local,sale,,,,1,"suppressed, n below 20"
c:cordillera:san-bernardino,San Bernardino,city,asking_staleness_days,quinta,sale,,,,1,"suppressed, n below 20"
c:cordillera:san-bernardino,San Bernardino,city,asking_flow_30d_cuts,,all,14,,,14,events 2026-09-10 to 2026-10-09
c:cordillera:san-bernardino,San Bernardino,city,asking_flow_30d_increases,,all,6,,,6,events 2026-09-10 to 2026-10-09
c:cordillera:san-bernardino,San Bernardino,city,asking_flow_30d_new,,all,38,,,38,events 2026-09-10 to 2026-10-09
c:cordillera:san-bernardino,San Bernardino,city,asking_flow_30d_delisted,,all,15,,,15,events 2026-09-10 to 2026-10-09
c:cordillera:san-bernardino,San Bernardino,city,asking_flow_30d_went_sold,,all,3,,,3,events 2026-09-10 to 2026-10-09
c:cordillera:san-bernardino,San Bernardino,city,asking_flow_30d_went_rented,,all,0,,,0,events 2026-09-10 to 2026-10-09
c:cordillera:san-bernardino,San Bernardino,city,asking_flow_30d_cuts,,sale,13,,,13,events 2026-09-10 to 2026-10-09
c:cordillera:san-bernardino,San Bernardino,city,asking_flow_30d_increases,,sale,4,,,4,events 2026-09-10 to 2026-10-09
c:cordillera:san-bernardino,San Bernardino,city,asking_flow_30d_new,,sale,33,,,33,events 2026-09-10 to 2026-10-09
c:cordillera:san-bernardino,San Bernardino,city,asking_flow_30d_delisted,,sale,13,,,13,events 2026-09-10 to 2026-10-09
c:cordillera:san-bernardino,San Bernardino,city,asking_flow_30d_went_sold,,sale,3,,,3,events 2026-09-10 to 2026-10-09
c:cordillera:san-bernardino,San Bernardino,city,asking_flow_30d_went_rented,,sale,0,,,0,events 2026-09-10 to 2026-10-09
c:cordillera:san-bernardino,San Bernardino,city,asking_flow_30d_cuts,,rent,1,,,1,events 2026-09-10 to 2026-10-09
c:cordillera:san-bernardino,San Bernardino,city,asking_flow_30d_increases,,rent,2,,,2,events 2026-09-10 to 2026-10-09
c:cordillera:san-bernardino,San Bernardino,city,asking_flow_30d_new,,rent,5,,,5,events 2026-09-10 to 2026-10-09
c:cordillera:san-bernardino,San Bernardino,city,asking_flow_30d_delisted,,rent,2,,,2,events 2026-09-10 to 2026-10-09
c:cordillera:san-bernardino,San Bernardino,city,asking_flow_30d_went_sold,,rent,0,,,0,events 2026-09-10 to 2026-10-09
c:cordillera:san-bernardino,San Bernardino,city,asking_flow_30d_went_rented,,rent,0,,,0,events 2026-09-10 to 2026-10-09
c:cordillera:san-bernardino,San Bernardino,city,reo_parcels_active,,sale,3,,,3,bank REO lists
c:cordillera:san-bernardino,San Bernardino,city,reo_parcels_priced,,sale,2,,,2,bank REO lists
c:cordillera:san-bernardino,San Bernardino,city,closed_ask_to_close_pct,all,sale,-4.3,-8.9,0,35,"same-currency broker-reported closes 2025-09-08 to 2026-09-14, terminal-ask basis"
c:cordillera:san-bernardino,San Bernardino,city,closed_at_ask_share_pct,all,sale,28.6,,,35,10 of 35 report a price identical to the last ask
c:cordillera:san-bernardino,San Bernardino,city,closed_below_ask_median_pct,all,sale,,,,22,"suppressed, fewer than 30 closes below ask"
c:cordillera:san-bernardino,San Bernardino,city,closed_ask_to_close_pct,all,rent,,,,11,insufficient closes
c:cordillera:caacupe,Caacupé,city,asking_listed_active,,,179,,,179,"status active on stock sources (remax uprop psir cb prestige infocasas), seen or not"
c:cordillera:caacupe,Caacupé,city,asking_active_listings,terreno,sale,112,,,112,"status active and seen on or after 2026-10-02 (remax), 2026-10-02 (uprop), 2026-10-02 (psir), 2026-10-02 (cb), 2026-10-02 (prestige), 2026-09-25 (infocasas)"
c:cordillera:caacupe,Caacupé,city,asking_active_listings,departamento,sale,3,,,3,"status active and seen on or after 2026-10-02 (remax), 2026-10-02 (uprop), 2026-10-02 (psir), 2026-10-02 (cb), 2026-10-02 (prestige), 2026-09-25 (infocasas)"
c:cordillera:caacupe,Caacupé,city,asking_active_listings,quinta,sale,6,,,6,"status active and seen on or after 2026-10-02 (remax), 2026-10-02 (uprop), 2026-10-02 (psir), 2026-10-02 (cb), 2026-10-02 (prestige), 2026-09-25 (infocasas)"
c:cordillera:caacupe,Caacupé,city,asking_active_listings,casa,sale,33,,,33,"status active and seen on or after 2026-10-02 (remax), 2026-10-02 (uprop), 2026-10-02 (psir), 2026-10-02 (cb), 2026-10-02 (prestige), 2026-09-25 (infocasas)"
c:cordillera:caacupe,Caacupé,city,asking_active_listings,otro,sale,7,,,7,"status active and seen on or after 2026-10-02 (remax), 2026-10-02 (uprop), 2026-10-02 (psir), 2026-10-02 (cb), 2026-10-02 (prestige), 2026-09-25 (infocasas)"
c:cordillera:caacupe,Caacupé,city,asking_active_listings,local,rent,4,,,4,"status active and seen on or after 2026-10-02 (remax), 2026-10-02 (uprop), 2026-10-02 (psir), 2026-10-02 (cb), 2026-10-02 (prestige), 2026-09-25 (infocasas)"
c:cordillera:caacupe,Caacupé,city,asking_active_listings,otro,rent,1,,,1,"status active and seen on or after 2026-10-02 (remax), 2026-10-02 (uprop), 2026-10-02 (psir), 2026-10-02 (cb), 2026-10-02 (prestige), 2026-09-25 (infocasas)"
c:cordillera:caacupe,Caacupé,city,asking_active_listings,rural,rent,1,,,1,"status active and seen on or after 2026-10-02 (remax), 2026-10-02 (uprop), 2026-10-02 (psir), 2026-10-02 (cb), 2026-10-02 (prestige), 2026-09-25 (infocasas)"
c:cordillera:caacupe,Caacupé,city,asking_active_listings,casa,rent,1,,,1,"status active and seen on or after 2026-10-02 (remax), 2026-10-02 (uprop), 2026-10-02 (psir), 2026-10-02 (cb), 2026-10-02 (prestige), 2026-09-25 (infocasas)"
c:cordillera:caacupe,Caacupé,city,asking_price_usd,terreno,sale,17581,11427,54280,112,"median ask, USD at SET mid 2026-10-08, sources with 90%+ asks: remax infocasas uprop cb psir prestige"
c:cordillera:caacupe,Caacupé,city,asking_price_usd,casa,sale,86145,55643,167017,33,"median ask, USD at SET mid 2026-10-08, sources with 90%+ asks: remax infocasas uprop cb psir prestige"
c:cordillera:caacupe,Caacupé,city,asking_price_usd,otro,sale,,,,7,"suppressed, n below 20"
c:cordillera:caacupe,Caacupé,city,asking_price_usd,quinta,sale,,,,6,"suppressed, n below 20"
c:cordillera:caacupe,Caacupé,city,asking_price_usd,departamento,sale,,,,3,"suppressed, n below 20"
c:cordillera:caacupe,Caacupé,city,asking_usd_per_m2_built,casa,sale,479,332,585,27,"built basis, 40-800 m2, 30k-2M USD, sources with 90%+ asks: remax infocasas uprop cb psir prestige"
c:cordillera:caacupe,Caacupé,city,asking_usd_per_m2_built,departamento,sale,,,,1,"suppressed, n below 20"
c:cordillera:caacupe,Caacupé,city,asking_rent_usd_month,local,rent,,,,4,"suppressed, n below 20"
c:cordillera:caacupe,Caacupé,city,asking_rent_usd_month,casa,rent,,,,1,"suppressed, n below 20"
c:cordillera:caacupe,Caacupé,city,asking_rent_usd_month,otro,rent,,,,1,"suppressed, n below 20"
c:cordillera:caacupe,Caacupé,city,asking_rent_usd_month,rural,rent,,,,1,"suppressed, n below 20"
c:cordillera:caacupe,Caacupé,city,asking_staleness_days,terreno,sale,115,,330,109,"days since source publish date, sources: remax prestige"
c:cordillera:caacupe,Caacupé,city,asking_staleness_days,casa,sale,218,,341,32,"days since source publish date, sources: remax prestige"
c:cordillera:caacupe,Caacupé,city,asking_staleness_days,otro,sale,,,,7,"suppressed, n below 20"
c:cordillera:caacupe,Caacupé,city,asking_staleness_days,quinta,sale,,,,6,"suppressed, n below 20"
c:cordillera:caacupe,Caacupé,city,asking_staleness_days,departamento,sale,,,,3,"suppressed, n below 20"
c:cordillera:caacupe,Caacupé,city,asking_flow_30d_cuts,,all,7,,,7,events 2026-09-10 to 2026-10-09
c:cordillera:caacupe,Caacupé,city,asking_flow_30d_increases,,all,0,,,0,events 2026-09-10 to 2026-10-09
c:cordillera:caacupe,Caacupé,city,asking_flow_30d_new,,all,35,,,35,events 2026-09-10 to 2026-10-09
c:cordillera:caacupe,Caacupé,city,asking_flow_30d_delisted,,all,8,,,8,events 2026-09-10 to 2026-10-09
c:cordillera:caacupe,Caacupé,city,asking_flow_30d_went_sold,,all,0,,,0,events 2026-09-10 to 2026-10-09
c:cordillera:caacupe,Caacupé,city,asking_flow_30d_went_rented,,all,0,,,0,events 2026-09-10 to 2026-10-09
c:cordillera:caacupe,Caacupé,city,asking_flow_30d_cuts,,sale,7,,,7,events 2026-09-10 to 2026-10-09
c:cordillera:caacupe,Caacupé,city,asking_flow_30d_increases,,sale,0,,,0,events 2026-09-10 to 2026-10-09
c:cordillera:caacupe,Caacupé,city,asking_flow_30d_new,,sale,33,,,33,events 2026-09-10 to 2026-10-09
c:cordillera:caacupe,Caacupé,city,asking_flow_30d_delisted,,sale,8,,,8,events 2026-09-10 to 2026-10-09
c:cordillera:caacupe,Caacupé,city,asking_flow_30d_went_sold,,sale,0,,,0,events 2026-09-10 to 2026-10-09
c:cordillera:caacupe,Caacupé,city,asking_flow_30d_went_rented,,sale,0,,,0,events 2026-09-10 to 2026-10-09
c:cordillera:caacupe,Caacupé,city,asking_flow_30d_cuts,,rent,0,,,0,events 2026-09-10 to 2026-10-09
c:cordillera:caacupe,Caacupé,city,asking_flow_30d_increases,,rent,0,,,0,events 2026-09-10 to 2026-10-09
c:cordillera:caacupe,Caacupé,city,asking_flow_30d_new,,rent,2,,,2,events 2026-09-10 to 2026-10-09
c:cordillera:caacupe,Caacupé,city,asking_flow_30d_delisted,,rent,0,,,0,events 2026-09-10 to 2026-10-09
c:cordillera:caacupe,Caacupé,city,asking_flow_30d_went_sold,,rent,0,,,0,events 2026-09-10 to 2026-10-09
c:cordillera:caacupe,Caacupé,city,asking_flow_30d_went_rented,,rent,0,,,0,events 2026-09-10 to 2026-10-09
c:cordillera:caacupe,Caacupé,city,reo_parcels_active,,sale,1,,,1,bank REO lists
c:cordillera:caacupe,Caacupé,city,reo_parcels_priced,,sale,1,,,1,bank REO lists
c:cordillera:caacupe,Caacupé,city,closed_ask_to_close_pct,all,sale,,,,13,insufficient closes
c:cordillera:caacupe,Caacupé,city,closed_ask_to_close_pct,all,rent,,,,4,insufficient closes
c:cordillera:altos,Altos,city,asking_listed_active,,,153,,,153,"status active on stock sources (remax uprop psir cb prestige infocasas), seen or not"
c:cordillera:altos,Altos,city,asking_active_listings,rural,sale,1,,,1,"status active and seen on or after 2026-10-02 (remax), 2026-10-02 (uprop), 2026-10-02 (psir), 2026-10-02 (cb), 2026-10-02 (prestige), 2026-09-25 (infocasas)"
c:cordillera:altos,Altos,city,asking_active_listings,otro,sale,5,,,5,"status active and seen on or after 2026-10-02 (remax), 2026-10-02 (uprop), 2026-10-02 (psir), 2026-10-02 (cb), 2026-10-02 (prestige), 2026-09-25 (infocasas)"
c:cordillera:altos,Altos,city,asking_active_listings,casa,sale,23,,,23,"status active and seen on or after 2026-10-02 (remax), 2026-10-02 (uprop), 2026-10-02 (psir), 2026-10-02 (cb), 2026-10-02 (prestige), 2026-09-25 (infocasas)"
c:cordillera:altos,Altos,city,asking_active_listings,quinta,sale,1,,,1,"status active and seen on or after 2026-10-02 (remax), 2026-10-02 (uprop), 2026-10-02 (psir), 2026-10-02 (cb), 2026-10-02 (prestige), 2026-09-25 (infocasas)"
c:cordillera:altos,Altos,city,asking_active_listings,terreno,sale,96,,,96,"status active and seen on or after 2026-10-02 (remax), 2026-10-02 (uprop), 2026-10-02 (psir), 2026-10-02 (cb), 2026-10-02 (prestige), 2026-09-25 (infocasas)"
c:cordillera:altos,Altos,city,asking_active_listings,departamento,sale,8,,,8,"status active and seen on or after 2026-10-02 (remax), 2026-10-02 (uprop), 2026-10-02 (psir), 2026-10-02 (cb), 2026-10-02 (prestige), 2026-09-25 (infocasas)"
c:cordillera:altos,Altos,city,asking_active_listings,local,rent,2,,,2,"status active and seen on or after 2026-10-02 (remax), 2026-10-02 (uprop), 2026-10-02 (psir), 2026-10-02 (cb), 2026-10-02 (prestige), 2026-09-25 (infocasas)"
c:cordillera:altos,Altos,city,asking_active_listings,departamento,rent,1,,,1,"status active and seen on or after 2026-10-02 (remax), 2026-10-02 (uprop), 2026-10-02 (psir), 2026-10-02 (cb), 2026-10-02 (prestige), 2026-09-25 (infocasas)"
c:cordillera:altos,Altos,city,asking_active_listings,casa,rent,5,,,5,"status active and seen on or after 2026-10-02 (remax), 2026-10-02 (uprop), 2026-10-02 (psir), 2026-10-02 (cb), 2026-10-02 (prestige), 2026-09-25 (infocasas)"
c:cordillera:altos,Altos,city,asking_price_usd,terreno,sale,48206,22855,122750,96,"median ask, USD at SET mid 2026-10-08, sources with 90%+ asks: remax infocasas uprop cb psir prestige"
c:cordillera:altos,Altos,city,asking_price_usd,casa,sale,255950,163500,582500,23,"median ask, USD at SET mid 2026-10-08, sources with 90%+ asks: remax infocasas uprop cb psir prestige"
c:cordillera:altos,Altos,city,asking_price_usd,departamento,sale,,,,8,"suppressed, n below 20"
c:cordillera:altos,Altos,city,asking_price_usd,otro,sale,,,,5,"suppressed, n below 20"
c:cordillera:altos,Altos,city,asking_price_usd,quinta,sale,,,,1,"suppressed, n below 20"
c:cordillera:altos,Altos,city,asking_price_usd,rural,sale,,,,1,"suppressed, n below 20"
c:cordillera:altos,Altos,city,asking_usd_per_m2_built,casa,sale,1075,762,1849,20,"built basis, 40-800 m2, 30k-2M USD, sources with 90%+ asks: remax infocasas uprop cb psir prestige"
c:cordillera:altos,Altos,city,asking_usd_per_m2_built,departamento,sale,,,,5,"suppressed, n below 20"
c:cordillera:altos,Altos,city,asking_rent_usd_month,casa,rent,,,,5,"suppressed, n below 20"
c:cordillera:altos,Altos,city,asking_rent_usd_month,local,rent,,,,2,"suppressed, n below 20"
c:cordillera:altos,Altos,city,asking_rent_usd_month,departamento,rent,,,,1,"suppressed, n below 20"
c:cordillera:altos,Altos,city,asking_staleness_days,terreno,sale,315,,690,69,"days since source publish date, sources: remax prestige"
c:cordillera:altos,Altos,city,asking_staleness_days,casa,sale,,,,14,"suppressed, n below 20"
c:cordillera:altos,Altos,city,asking_staleness_days,departamento,sale,,,,5,"suppressed, n below 20"
c:cordillera:altos,Altos,city,asking_staleness_days,otro,sale,,,,4,"suppressed, n below 20"
c:cordillera:altos,Altos,city,asking_staleness_days,quinta,sale,,,,1,"suppressed, n below 20"
c:cordillera:altos,Altos,city,asking_staleness_days,rural,sale,,,,1,"suppressed, n below 20"
c:cordillera:altos,Altos,city,asking_flow_30d_cuts,,all,3,,,3,events 2026-09-10 to 2026-10-09
c:cordillera:altos,Altos,city,asking_flow_30d_increases,,all,1,,,1,events 2026-09-10 to 2026-10-09
c:cordillera:altos,Altos,city,asking_flow_30d_new,,all,4,,,4,events 2026-09-10 to 2026-10-09
c:cordillera:altos,Altos,city,asking_flow_30d_delisted,,all,1,,,1,events 2026-09-10 to 2026-10-09
c:cordillera:altos,Altos,city,asking_flow_30d_went_sold,,all,1,,,1,events 2026-09-10 to 2026-10-09
c:cordillera:altos,Altos,city,asking_flow_30d_went_rented,,all,1,,,1,events 2026-09-10 to 2026-10-09
c:cordillera:altos,Altos,city,asking_flow_30d_cuts,,sale,3,,,3,events 2026-09-10 to 2026-10-09
c:cordillera:altos,Altos,city,asking_flow_30d_increases,,sale,1,,,1,events 2026-09-10 to 2026-10-09
c:cordillera:altos,Altos,city,asking_flow_30d_new,,sale,3,,,3,events 2026-09-10 to 2026-10-09
c:cordillera:altos,Altos,city,asking_flow_30d_delisted,,sale,1,,,1,events 2026-09-10 to 2026-10-09
c:cordillera:altos,Altos,city,asking_flow_30d_went_sold,,sale,1,,,1,events 2026-09-10 to 2026-10-09
c:cordillera:altos,Altos,city,asking_flow_30d_went_rented,,sale,0,,,0,events 2026-09-10 to 2026-10-09
c:cordillera:altos,Altos,city,asking_flow_30d_cuts,,rent,0,,,0,events 2026-09-10 to 2026-10-09
c:cordillera:altos,Altos,city,asking_flow_30d_increases,,rent,0,,,0,events 2026-09-10 to 2026-10-09
c:cordillera:altos,Altos,city,asking_flow_30d_new,,rent,1,,,1,events 2026-09-10 to 2026-10-09
c:cordillera:altos,Altos,city,asking_flow_30d_delisted,,rent,0,,,0,events 2026-09-10 to 2026-10-09
c:cordillera:altos,Altos,city,asking_flow_30d_went_sold,,rent,0,,,0,events 2026-09-10 to 2026-10-09
c:cordillera:altos,Altos,city,asking_flow_30d_went_rented,,rent,1,,,1,events 2026-09-10 to 2026-10-09
c:cordillera:altos,Altos,city,reo_parcels_active,,sale,0,,,0,bank REO lists
c:cordillera:altos,Altos,city,reo_parcels_priced,,sale,0,,,0,bank REO lists
c:cordillera:altos,Altos,city,closed_ask_to_close_pct,all,sale,,,,4,insufficient closes
c:cordillera:altos,Altos,city,closed_ask_to_close_pct,all,rent,,,,2,insufficient closes
d:alto-parana,Alto Paraná,department,asking_listed_active,,,1062,,,1062,"status active on stock sources (remax uprop psir cb prestige infocasas), seen or not"
d:alto-parana,Alto Paraná,department,asking_active_listings,casa,sale,237,,,237,"status active and seen on or after 2026-10-02 (remax), 2026-10-02 (uprop), 2026-10-02 (psir), 2026-10-02 (cb), 2026-10-02 (prestige), 2026-09-25 (infocasas)"
d:alto-parana,Alto Paraná,department,asking_active_listings,rural,sale,8,,,8,"status active and seen on or after 2026-10-02 (remax), 2026-10-02 (uprop), 2026-10-02 (psir), 2026-10-02 (cb), 2026-10-02 (prestige), 2026-09-25 (infocasas)"
d:alto-parana,Alto Paraná,department,asking_active_listings,local,sale,22,,,22,"status active and seen on or after 2026-10-02 (remax), 2026-10-02 (uprop), 2026-10-02 (psir), 2026-10-02 (cb), 2026-10-02 (prestige), 2026-09-25 (infocasas)"
d:alto-parana,Alto Paraná,department,asking_active_listings,quinta,sale,11,,,11,"status active and seen on or after 2026-10-02 (remax), 2026-10-02 (uprop), 2026-10-02 (psir), 2026-10-02 (cb), 2026-10-02 (prestige), 2026-09-25 (infocasas)"
d:alto-parana,Alto Paraná,department,asking_active_listings,terreno,sale,468,,,468,"status active and seen on or after 2026-10-02 (remax), 2026-10-02 (uprop), 2026-10-02 (psir), 2026-10-02 (cb), 2026-10-02 (prestige), 2026-09-25 (infocasas)"
d:alto-parana,Alto Paraná,department,asking_active_listings,deposito,sale,11,,,11,"status active and seen on or after 2026-10-02 (remax), 2026-10-02 (uprop), 2026-10-02 (psir), 2026-10-02 (cb), 2026-10-02 (prestige), 2026-09-25 (infocasas)"
d:alto-parana,Alto Paraná,department,asking_active_listings,otro,sale,52,,,52,"status active and seen on or after 2026-10-02 (remax), 2026-10-02 (uprop), 2026-10-02 (psir), 2026-10-02 (cb), 2026-10-02 (prestige), 2026-09-25 (infocasas)"
d:alto-parana,Alto Paraná,department,asking_active_listings,departamento,sale,86,,,86,"status active and seen on or after 2026-10-02 (remax), 2026-10-02 (uprop), 2026-10-02 (psir), 2026-10-02 (cb), 2026-10-02 (prestige), 2026-09-25 (infocasas)"
d:alto-parana,Alto Paraná,department,asking_active_listings,edificio,sale,17,,,17,"status active and seen on or after 2026-10-02 (remax), 2026-10-02 (uprop), 2026-10-02 (psir), 2026-10-02 (cb), 2026-10-02 (prestige), 2026-09-25 (infocasas)"
d:alto-parana,Alto Paraná,department,asking_active_listings,duplex,sale,5,,,5,"status active and seen on or after 2026-10-02 (remax), 2026-10-02 (uprop), 2026-10-02 (psir), 2026-10-02 (cb), 2026-10-02 (prestige), 2026-09-25 (infocasas)"
d:alto-parana,Alto Paraná,department,asking_active_listings,terreno,rent,5,,,5,"status active and seen on or after 2026-10-02 (remax), 2026-10-02 (uprop), 2026-10-02 (psir), 2026-10-02 (cb), 2026-10-02 (prestige), 2026-09-25 (infocasas)"
d:alto-parana,Alto Paraná,department,asking_active_listings,deposito,rent,7,,,7,"status active and seen on or after 2026-10-02 (remax), 2026-10-02 (uprop), 2026-10-02 (psir), 2026-10-02 (cb), 2026-10-02 (prestige), 2026-09-25 (infocasas)"
d:alto-parana,Alto Paraná,department,asking_active_listings,rural,rent,1,,,1,"status active and seen on or after 2026-10-02 (remax), 2026-10-02 (uprop), 2026-10-02 (psir), 2026-10-02 (cb), 2026-10-02 (prestige), 2026-09-25 (infocasas)"
d:alto-parana,Alto Paraná,department,asking_active_listings,edificio,rent,1,,,1,"status active and seen on or after 2026-10-02 (remax), 2026-10-02 (uprop), 2026-10-02 (psir), 2026-10-02 (cb), 2026-10-02 (prestige), 2026-09-25 (infocasas)"
d:alto-parana,Alto Paraná,department,asking_active_listings,oficina,rent,24,,,24,"status active and seen on or after 2026-10-02 (remax), 2026-10-02 (uprop), 2026-10-02 (psir), 2026-10-02 (cb), 2026-10-02 (prestige), 2026-09-25 (infocasas)"
d:alto-parana,Alto Paraná,department,asking_active_listings,otro,rent,14,,,14,"status active and seen on or after 2026-10-02 (remax), 2026-10-02 (uprop), 2026-10-02 (psir), 2026-10-02 (cb), 2026-10-02 (prestige), 2026-09-25 (infocasas)"
d:alto-parana,Alto Paraná,department,asking_active_listings,casa,rent,11,,,11,"status active and seen on or after 2026-10-02 (remax), 2026-10-02 (uprop), 2026-10-02 (psir), 2026-10-02 (cb), 2026-10-02 (prestige), 2026-09-25 (infocasas)"
d:alto-parana,Alto Paraná,department,asking_active_listings,local,rent,2,,,2,"status active and seen on or after 2026-10-02 (remax), 2026-10-02 (uprop), 2026-10-02 (psir), 2026-10-02 (cb), 2026-10-02 (prestige), 2026-09-25 (infocasas)"
d:alto-parana,Alto Paraná,department,asking_active_listings,departamento,rent,3,,,3,"status active and seen on or after 2026-10-02 (remax), 2026-10-02 (uprop), 2026-10-02 (psir), 2026-10-02 (cb), 2026-10-02 (prestige), 2026-09-25 (infocasas)"
d:alto-parana,Alto Paraná,department,asking_price_usd,terreno,sale,66807,33403,130000,468,"median ask, USD at SET mid 2026-10-08, sources with 90%+ asks: remax infocasas uprop cb psir prestige"
d:alto-parana,Alto Paraná,department,asking_price_usd,casa,sale,126581,70323,215000,237,"median ask, USD at SET mid 2026-10-08, sources with 90%+ asks: remax infocasas uprop cb psir prestige"
d:alto-parana,Alto Paraná,department,asking_price_usd,departamento,sale,89000,63300,138500,86,"median ask, USD at SET mid 2026-10-08, sources with 90%+ asks: remax infocasas uprop cb psir prestige"
d:alto-parana,Alto Paraná,department,asking_price_usd,otro,sale,124032,80653,291250,52,"median ask, USD at SET mid 2026-10-08, sources with 90%+ asks: remax infocasas uprop cb psir prestige"
d:alto-parana,Alto Paraná,department,asking_price_usd,local,sale,279500,161250,650000,22,"median ask, USD at SET mid 2026-10-08, sources with 90%+ asks: remax infocasas uprop cb psir prestige"
d:alto-parana,Alto Paraná,department,asking_price_usd,edificio,sale,,,,17,"suppressed, n below 20"
d:alto-parana,Alto Paraná,department,asking_price_usd,deposito,sale,,,,11,"suppressed, n below 20"
d:alto-parana,Alto Paraná,department,asking_price_usd,quinta,sale,,,,11,"suppressed, n below 20"
d:alto-parana,Alto Paraná,department,asking_price_usd,rural,sale,,,,8,"suppressed, n below 20"
d:alto-parana,Alto Paraná,department,asking_price_usd,duplex,sale,,,,5,"suppressed, n below 20"
d:alto-parana,Alto Paraná,department,asking_usd_per_m2_built,casa,sale,749,514,1028,214,"built basis, 40-800 m2, 30k-2M USD, sources with 90%+ asks: remax infocasas uprop cb psir prestige"
d:alto-parana,Alto Paraná,department,asking_usd_per_m2_built,departamento,sale,1481,1196,1785,30,"built basis, 40-800 m2, 30k-2M USD, sources with 90%+ asks: remax infocasas uprop cb psir prestige"
d:alto-parana,Alto Paraná,department,asking_usd_per_m2_built,local,sale,,,,8,"suppressed, n below 20"
d:alto-parana,Alto Paraná,department,asking_usd_per_m2_built,duplex,sale,,,,5,"suppressed, n below 20"
d:alto-parana,Alto Paraná,department,asking_rent_usd_month,oficina,rent,2180,800,3414,24,"median monthly ask, USD at SET mid 2026-10-08, 50-15000 USD band, sources with 90%+ asks: remax infocasas uprop cb psir prestige"
d:alto-parana,Alto Paraná,department,asking_rent_usd_month,otro,rent,,,,14,"suppressed, n below 20"
d:alto-parana,Alto Paraná,department,asking_rent_usd_month,casa,rent,,,,10,"suppressed, n below 20"
d:alto-parana,Alto Paraná,department,asking_rent_usd_month,deposito,rent,,,,7,"suppressed, n below 20"
d:alto-parana,Alto Paraná,department,asking_rent_usd_month,terreno,rent,,,,5,"suppressed, n below 20"
d:alto-parana,Alto Paraná,department,asking_rent_usd_month,departamento,rent,,,,3,"suppressed, n below 20"
d:alto-parana,Alto Paraná,department,asking_rent_usd_month,local,rent,,,,2,"suppressed, n below 20"
d:alto-parana,Alto Paraná,department,asking_rent_usd_month,edificio,rent,,,,1,"suppressed, n below 20"
d:alto-parana,Alto Paraná,department,asking_rent_usd_month,rural,rent,,,,1,"suppressed, n below 20"
d:alto-parana,Alto Paraná,department,asking_staleness_days,terreno,sale,232,,385,426,"days since source publish date, sources: remax prestige"
d:alto-parana,Alto Paraná,department,asking_staleness_days,casa,sale,197,,347,219,"days since source publish date, sources: remax prestige"
d:alto-parana,Alto Paraná,department,asking_staleness_days,departamento,sale,163,,314,77,"days since source publish date, sources: remax prestige"
d:alto-parana,Alto Paraná,department,asking_staleness_days,otro,sale,350,,408,48,"days since source publish date, sources: remax prestige"
d:alto-parana,Alto Paraná,department,asking_staleness_days,local,sale,,,,17,"suppressed, n below 20"
d:alto-parana,Alto Paraná,department,asking_staleness_days,edificio,sale,,,,16,"suppressed, n below 20"
d:alto-parana,Alto Paraná,department,asking_staleness_days,deposito,sale,,,,11,"suppressed, n below 20"
d:alto-parana,Alto Paraná,department,asking_staleness_days,quinta,sale,,,,11,"suppressed, n below 20"
d:alto-parana,Alto Paraná,department,asking_staleness_days,rural,sale,,,,5,"suppressed, n below 20"
d:alto-parana,Alto Paraná,department,asking_staleness_days,duplex,sale,,,,4,"suppressed, n below 20"
d:alto-parana,Alto Paraná,department,asking_flow_30d_cuts,,all,29,,,29,events 2026-09-10 to 2026-10-09
d:alto-parana,Alto Paraná,department,asking_flow_30d_increases,,all,8,,,8,events 2026-09-10 to 2026-10-09
d:alto-parana,Alto Paraná,department,asking_flow_30d_new,,all,134,,,134,events 2026-09-10 to 2026-10-09
d:alto-parana,Alto Paraná,department,asking_flow_30d_delisted,,all,49,,,49,events 2026-09-10 to 2026-10-09
d:alto-parana,Alto Paraná,department,asking_flow_30d_went_sold,,all,33,,,33,events 2026-09-10 to 2026-10-09
d:alto-parana,Alto Paraná,department,asking_flow_30d_went_rented,,all,21,,,21,events 2026-09-10 to 2026-10-09
d:alto-parana,Alto Paraná,department,asking_flow_30d_cuts,,sale,25,,,25,events 2026-09-10 to 2026-10-09
d:alto-parana,Alto Paraná,department,asking_flow_30d_increases,,sale,6,,,6,events 2026-09-10 to 2026-10-09
d:alto-parana,Alto Paraná,department,asking_flow_30d_new,,sale,98,,,98,events 2026-09-10 to 2026-10-09
d:alto-parana,Alto Paraná,department,asking_flow_30d_delisted,,sale,46,,,46,events 2026-09-10 to 2026-10-09
d:alto-parana,Alto Paraná,department,asking_flow_30d_went_sold,,sale,33,,,33,events 2026-09-10 to 2026-10-09
d:alto-parana,Alto Paraná,department,asking_flow_30d_went_rented,,sale,0,,,0,events 2026-09-10 to 2026-10-09
d:alto-parana,Alto Paraná,department,asking_flow_30d_cuts,,rent,4,,,4,events 2026-09-10 to 2026-10-09
d:alto-parana,Alto Paraná,department,asking_flow_30d_increases,,rent,2,,,2,events 2026-09-10 to 2026-10-09
d:alto-parana,Alto Paraná,department,asking_flow_30d_new,,rent,36,,,36,events 2026-09-10 to 2026-10-09
d:alto-parana,Alto Paraná,department,asking_flow_30d_delisted,,rent,3,,,3,events 2026-09-10 to 2026-10-09
d:alto-parana,Alto Paraná,department,asking_flow_30d_went_sold,,rent,0,,,0,events 2026-09-10 to 2026-10-09
d:alto-parana,Alto Paraná,department,asking_flow_30d_went_rented,,rent,21,,,21,events 2026-09-10 to 2026-10-09
d:alto-parana,Alto Paraná,department,reo_parcels_active,,sale,63,,,63,bank REO lists
d:alto-parana,Alto Paraná,department,reo_parcels_priced,,sale,40,,,40,bank REO lists
d:alto-parana,Alto Paraná,department,closed_ask_to_close_pct,all,sale,-3.3,-9.1,0,126,"same-currency broker-reported closes 2024-02-23 to 2026-10-02, terminal-ask basis"
d:alto-parana,Alto Paraná,department,closed_at_ask_share_pct,all,sale,41.3,,,126,52 of 126 report a price identical to the last ask
d:alto-parana,Alto Paraná,department,closed_below_ask_median_pct,all,sale,-7.9,,,73,median spread of closes below the last ask
d:alto-parana,Alto Paraná,department,closed_ask_to_close_pct,terreno,sale,-5.3,-11.8,0,83,"same-currency broker-reported closes 2024-02-23 to 2026-10-02, terminal-ask basis"
d:alto-parana,Alto Paraná,department,closed_at_ask_share_pct,terreno,sale,34.9,,,83,29 of 83 report a price identical to the last ask
d:alto-parana,Alto Paraná,department,closed_below_ask_median_pct,terreno,sale,-10,,,53,median spread of closes below the last ask
d:alto-parana,Alto Paraná,department,closed_ask_to_close_pct,casa,sale,0,-5.9,0,35,"same-currency broker-reported closes 2024-08-05 to 2026-09-10, terminal-ask basis"
d:alto-parana,Alto Paraná,department,closed_at_ask_share_pct,casa,sale,48.6,,,35,17 of 35 report a price identical to the last ask
d:alto-parana,Alto Paraná,department,closed_below_ask_median_pct,casa,sale,,,,18,"suppressed, fewer than 30 closes below ask"
d:alto-parana,Alto Paraná,department,closed_ask_to_close_pct,all,rent,0,0,0,209,"same-currency broker-reported closes 2024-02-06 to 2026-10-07, terminal-ask basis"
d:alto-parana,Alto Paraná,department,closed_at_ask_share_pct,all,rent,81.8,,,209,171 of 209 report a price identical to the last ask
d:alto-parana,Alto Paraná,department,closed_below_ask_median_pct,all,rent,-14.3,,,33,median spread of closes below the last ask
d:alto-parana,Alto Paraná,department,closed_ask_to_close_pct,casa,rent,0,0,0,81,"same-currency broker-reported closes 2024-02-06 to 2026-10-05, terminal-ask basis"
d:alto-parana,Alto Paraná,department,closed_at_ask_share_pct,casa,rent,76.5,,,81,62 of 81 report a price identical to the last ask
d:alto-parana,Alto Paraná,department,closed_below_ask_median_pct,casa,rent,,,,17,"suppressed, fewer than 30 closes below ask"
d:alto-parana,Alto Paraná,department,closed_ask_to_close_pct,departamento,rent,0,0,0,31,"same-currency broker-reported closes 2025-05-05 to 2026-09-04, terminal-ask basis"
d:alto-parana,Alto Paraná,department,closed_at_ask_share_pct,departamento,rent,83.9,,,31,26 of 31 report a price identical to the last ask
d:alto-parana,Alto Paraná,department,closed_below_ask_median_pct,departamento,rent,,,,4,"suppressed, fewer than 30 closes below ask"
c:alto-parana:ciudad-del-este,Ciudad del Este,city,asking_listed_active,,,469,,,469,"status active on stock sources (remax uprop psir cb prestige infocasas), seen or not"
c:alto-parana:ciudad-del-este,Ciudad del Este,city,asking_active_listings,departamento,sale,74,,,74,"status active and seen on or after 2026-10-02 (remax), 2026-10-02 (uprop), 2026-10-02 (psir), 2026-10-02 (cb), 2026-10-02 (prestige), 2026-09-25 (infocasas)"
c:alto-parana:ciudad-del-este,Ciudad del Este,city,asking_active_listings,duplex,sale,4,,,4,"status active and seen on or after 2026-10-02 (remax), 2026-10-02 (uprop), 2026-10-02 (psir), 2026-10-02 (cb), 2026-10-02 (prestige), 2026-09-25 (infocasas)"
c:alto-parana:ciudad-del-este,Ciudad del Este,city,asking_active_listings,otro,sale,18,,,18,"status active and seen on or after 2026-10-02 (remax), 2026-10-02 (uprop), 2026-10-02 (psir), 2026-10-02 (cb), 2026-10-02 (prestige), 2026-09-25 (infocasas)"
c:alto-parana:ciudad-del-este,Ciudad del Este,city,asking_active_listings,casa,sale,105,,,105,"status active and seen on or after 2026-10-02 (remax), 2026-10-02 (uprop), 2026-10-02 (psir), 2026-10-02 (cb), 2026-10-02 (prestige), 2026-09-25 (infocasas)"
c:alto-parana:ciudad-del-este,Ciudad del Este,city,asking_active_listings,deposito,sale,3,,,3,"status active and seen on or after 2026-10-02 (remax), 2026-10-02 (uprop), 2026-10-02 (psir), 2026-10-02 (cb), 2026-10-02 (prestige), 2026-09-25 (infocasas)"
c:alto-parana:ciudad-del-este,Ciudad del Este,city,asking_active_listings,local,sale,11,,,11,"status active and seen on or after 2026-10-02 (remax), 2026-10-02 (uprop), 2026-10-02 (psir), 2026-10-02 (cb), 2026-10-02 (prestige), 2026-09-25 (infocasas)"
c:alto-parana:ciudad-del-este,Ciudad del Este,city,asking_active_listings,terreno,sale,180,,,180,"status active and seen on or after 2026-10-02 (remax), 2026-10-02 (uprop), 2026-10-02 (psir), 2026-10-02 (cb), 2026-10-02 (prestige), 2026-09-25 (infocasas)"
c:alto-parana:ciudad-del-este,Ciudad del Este,city,asking_active_listings,quinta,sale,3,,,3,"status active and seen on or after 2026-10-02 (remax), 2026-10-02 (uprop), 2026-10-02 (psir), 2026-10-02 (cb), 2026-10-02 (prestige), 2026-09-25 (infocasas)"
c:alto-parana:ciudad-del-este,Ciudad del Este,city,asking_active_listings,edificio,sale,12,,,12,"status active and seen on or after 2026-10-02 (remax), 2026-10-02 (uprop), 2026-10-02 (psir), 2026-10-02 (cb), 2026-10-02 (prestige), 2026-09-25 (infocasas)"
c:alto-parana:ciudad-del-este,Ciudad del Este,city,asking_active_listings,local,rent,1,,,1,"status active and seen on or after 2026-10-02 (remax), 2026-10-02 (uprop), 2026-10-02 (psir), 2026-10-02 (cb), 2026-10-02 (prestige), 2026-09-25 (infocasas)"
c:alto-parana:ciudad-del-este,Ciudad del Este,city,asking_active_listings,edificio,rent,1,,,1,"status active and seen on or after 2026-10-02 (remax), 2026-10-02 (uprop), 2026-10-02 (psir), 2026-10-02 (cb), 2026-10-02 (prestige), 2026-09-25 (infocasas)"
c:alto-parana:ciudad-del-este,Ciudad del Este,city,asking_active_listings,otro,rent,5,,,5,"status active and seen on or after 2026-10-02 (remax), 2026-10-02 (uprop), 2026-10-02 (psir), 2026-10-02 (cb), 2026-10-02 (prestige), 2026-09-25 (infocasas)"
c:alto-parana:ciudad-del-este,Ciudad del Este,city,asking_active_listings,deposito,rent,2,,,2,"status active and seen on or after 2026-10-02 (remax), 2026-10-02 (uprop), 2026-10-02 (psir), 2026-10-02 (cb), 2026-10-02 (prestige), 2026-09-25 (infocasas)"
c:alto-parana:ciudad-del-este,Ciudad del Este,city,asking_active_listings,casa,rent,3,,,3,"status active and seen on or after 2026-10-02 (remax), 2026-10-02 (uprop), 2026-10-02 (psir), 2026-10-02 (cb), 2026-10-02 (prestige), 2026-09-25 (infocasas)"
c:alto-parana:ciudad-del-este,Ciudad del Este,city,asking_active_listings,departamento,rent,1,,,1,"status active and seen on or after 2026-10-02 (remax), 2026-10-02 (uprop), 2026-10-02 (psir), 2026-10-02 (cb), 2026-10-02 (prestige), 2026-09-25 (infocasas)"
c:alto-parana:ciudad-del-este,Ciudad del Este,city,asking_active_listings,oficina,rent,24,,,24,"status active and seen on or after 2026-10-02 (remax), 2026-10-02 (uprop), 2026-10-02 (psir), 2026-10-02 (cb), 2026-10-02 (prestige), 2026-09-25 (infocasas)"
c:alto-parana:ciudad-del-este,Ciudad del Este,city,asking_price_usd,terreno,sale,84694,47468,160000,180,"median ask, USD at SET mid 2026-10-08, sources with 90%+ asks: remax infocasas uprop cb psir prestige"
c:alto-parana:ciudad-del-este,Ciudad del Este,city,asking_price_usd,casa,sale,140646,95000,228549,105,"median ask, USD at SET mid 2026-10-08, sources with 90%+ asks: remax infocasas uprop cb psir prestige"
c:alto-parana:ciudad-del-este,Ciudad del Este,city,asking_price_usd,departamento,sale,89000,62115,133618,74,"median ask, USD at SET mid 2026-10-08, sources with 90%+ asks: remax infocasas uprop cb psir prestige"
c:alto-parana:ciudad-del-este,Ciudad del Este,city,asking_price_usd,otro,sale,,,,18,"suppressed, n below 20"
c:alto-parana:ciudad-del-este,Ciudad del Este,city,asking_price_usd,edificio,sale,,,,12,"suppressed, n below 20"
c:alto-parana:ciudad-del-este,Ciudad del Este,city,asking_price_usd,local,sale,,,,11,"suppressed, n below 20"
c:alto-parana:ciudad-del-este,Ciudad del Este,city,asking_price_usd,duplex,sale,,,,4,"suppressed, n below 20"
c:alto-parana:ciudad-del-este,Ciudad del Este,city,asking_price_usd,deposito,sale,,,,3,"suppressed, n below 20"
c:alto-parana:ciudad-del-este,Ciudad del Este,city,asking_price_usd,quinta,sale,,,,3,"suppressed, n below 20"
c:alto-parana:ciudad-del-este,Ciudad del Este,city,asking_usd_per_m2_built,casa,sale,762,545,1108,96,"built basis, 40-800 m2, 30k-2M USD, sources with 90%+ asks: remax infocasas uprop cb psir prestige"
c:alto-parana:ciudad-del-este,Ciudad del Este,city,asking_usd_per_m2_built,departamento,sale,1599,1203,1822,27,"built basis, 40-800 m2, 30k-2M USD, sources with 90%+ asks: remax infocasas uprop cb psir prestige"
c:alto-parana:ciudad-del-este,Ciudad del Este,city,asking_usd_per_m2_built,duplex,sale,,,,4,"suppressed, n below 20"
c:alto-parana:ciudad-del-este,Ciudad del Este,city,asking_usd_per_m2_built,local,sale,,,,3,"suppressed, n below 20"
c:alto-parana:ciudad-del-este,Ciudad del Este,city,asking_rent_usd_month,oficina,rent,2180,800,3414,24,"median monthly ask, USD at SET mid 2026-10-08, 50-15000 USD band, sources with 90%+ asks: remax infocasas uprop cb psir prestige"
c:alto-parana:ciudad-del-este,Ciudad del Este,city,asking_rent_usd_month,otro,rent,,,,5,"suppressed, n below 20"
c:alto-parana:ciudad-del-este,Ciudad del Este,city,asking_rent_usd_month,casa,rent,,,,2,"suppressed, n below 20"
c:alto-parana:ciudad-del-este,Ciudad del Este,city,asking_rent_usd_month,deposito,rent,,,,2,"suppressed, n below 20"
c:alto-parana:ciudad-del-este,Ciudad del Este,city,asking_rent_usd_month,departamento,rent,,,,1,"suppressed, n below 20"
c:alto-parana:ciudad-del-este,Ciudad del Este,city,asking_rent_usd_month,edificio,rent,,,,1,"suppressed, n below 20"
c:alto-parana:ciudad-del-este,Ciudad del Este,city,asking_rent_usd_month,local,rent,,,,1,"suppressed, n below 20"
c:alto-parana:ciudad-del-este,Ciudad del Este,city,asking_staleness_days,terreno,sale,207,,385,164,"days since source publish date, sources: remax prestige"
c:alto-parana:ciudad-del-este,Ciudad del Este,city,asking_staleness_days,casa,sale,182,,319,99,"days since source publish date, sources: remax prestige"
c:alto-parana:ciudad-del-este,Ciudad del Este,city,asking_staleness_days,departamento,sale,121,,276,68,"days since source publish date, sources: remax prestige"
c:alto-parana:ciudad-del-este,Ciudad del Este,city,asking_staleness_days,otro,sale,,,,16,"suppressed, n below 20"
c:alto-parana:ciudad-del-este,Ciudad del Este,city,asking_staleness_days,edificio,sale,,,,11,"suppressed, n below 20"
c:alto-parana:ciudad-del-este,Ciudad del Este,city,asking_staleness_days,local,sale,,,,8,"suppressed, n below 20"
c:alto-parana:ciudad-del-este,Ciudad del Este,city,asking_staleness_days,deposito,sale,,,,3,"suppressed, n below 20"
c:alto-parana:ciudad-del-este,Ciudad del Este,city,asking_staleness_days,duplex,sale,,,,3,"suppressed, n below 20"
c:alto-parana:ciudad-del-este,Ciudad del Este,city,asking_staleness_days,quinta,sale,,,,3,"suppressed, n below 20"
c:alto-parana:ciudad-del-este,Ciudad del Este,city,asking_flow_30d_cuts,,all,16,,,16,events 2026-09-10 to 2026-10-09
c:alto-parana:ciudad-del-este,Ciudad del Este,city,asking_flow_30d_increases,,all,5,,,5,events 2026-09-10 to 2026-10-09
c:alto-parana:ciudad-del-este,Ciudad del Este,city,asking_flow_30d_new,,all,79,,,79,events 2026-09-10 to 2026-10-09
c:alto-parana:ciudad-del-este,Ciudad del Este,city,asking_flow_30d_delisted,,all,23,,,23,events 2026-09-10 to 2026-10-09
c:alto-parana:ciudad-del-este,Ciudad del Este,city,asking_flow_30d_went_sold,,all,27,,,27,events 2026-09-10 to 2026-10-09
c:alto-parana:ciudad-del-este,Ciudad del Este,city,asking_flow_30d_went_rented,,all,12,,,12,events 2026-09-10 to 2026-10-09
c:alto-parana:ciudad-del-este,Ciudad del Este,city,asking_flow_30d_cuts,,sale,16,,,16,events 2026-09-10 to 2026-10-09
c:alto-parana:ciudad-del-este,Ciudad del Este,city,asking_flow_30d_increases,,sale,4,,,4,events 2026-09-10 to 2026-10-09
c:alto-parana:ciudad-del-este,Ciudad del Este,city,asking_flow_30d_new,,sale,53,,,53,events 2026-09-10 to 2026-10-09
c:alto-parana:ciudad-del-este,Ciudad del Este,city,asking_flow_30d_delisted,,sale,20,,,20,events 2026-09-10 to 2026-10-09
c:alto-parana:ciudad-del-este,Ciudad del Este,city,asking_flow_30d_went_sold,,sale,27,,,27,events 2026-09-10 to 2026-10-09
c:alto-parana:ciudad-del-este,Ciudad del Este,city,asking_flow_30d_went_rented,,sale,0,,,0,events 2026-09-10 to 2026-10-09
c:alto-parana:ciudad-del-este,Ciudad del Este,city,asking_flow_30d_cuts,,rent,0,,,0,events 2026-09-10 to 2026-10-09
c:alto-parana:ciudad-del-este,Ciudad del Este,city,asking_flow_30d_increases,,rent,1,,,1,events 2026-09-10 to 2026-10-09
c:alto-parana:ciudad-del-este,Ciudad del Este,city,asking_flow_30d_new,,rent,26,,,26,events 2026-09-10 to 2026-10-09
c:alto-parana:ciudad-del-este,Ciudad del Este,city,asking_flow_30d_delisted,,rent,3,,,3,events 2026-09-10 to 2026-10-09
c:alto-parana:ciudad-del-este,Ciudad del Este,city,asking_flow_30d_went_sold,,rent,0,,,0,events 2026-09-10 to 2026-10-09
c:alto-parana:ciudad-del-este,Ciudad del Este,city,asking_flow_30d_went_rented,,rent,12,,,12,events 2026-09-10 to 2026-10-09
c:alto-parana:ciudad-del-este,Ciudad del Este,city,reo_parcels_active,,sale,17,,,17,bank REO lists
c:alto-parana:ciudad-del-este,Ciudad del Este,city,reo_parcels_priced,,sale,13,,,13,bank REO lists
c:alto-parana:ciudad-del-este,Ciudad del Este,city,closed_ask_to_close_pct,all,sale,-3.3,-8.5,0,75,"same-currency broker-reported closes 2024-02-23 to 2026-10-02, terminal-ask basis"
c:alto-parana:ciudad-del-este,Ciudad del Este,city,closed_at_ask_share_pct,all,sale,44,,,75,33 of 75 report a price identical to the last ask
c:alto-parana:ciudad-del-este,Ciudad del Este,city,closed_below_ask_median_pct,all,sale,-8,,,42,median spread of closes below the last ask
c:alto-parana:ciudad-del-este,Ciudad del Este,city,closed_ask_to_close_pct,terreno,sale,-5.3,-11.1,0,49,"same-currency broker-reported closes 2024-02-23 to 2026-10-02, terminal-ask basis"
c:alto-parana:ciudad-del-este,Ciudad del Este,city,closed_at_ask_share_pct,terreno,sale,36.7,,,49,18 of 49 report a price identical to the last ask
c:alto-parana:ciudad-del-este,Ciudad del Este,city,closed_below_ask_median_pct,terreno,sale,-8.6,,,31,median spread of closes below the last ask
c:alto-parana:ciudad-del-este,Ciudad del Este,city,closed_ask_to_close_pct,all,rent,0,0,0,98,"same-currency broker-reported closes 2024-02-06 to 2026-10-06, terminal-ask basis"
c:alto-parana:ciudad-del-este,Ciudad del Este,city,closed_at_ask_share_pct,all,rent,73.5,,,98,72 of 98 report a price identical to the last ask
c:alto-parana:ciudad-del-este,Ciudad del Este,city,closed_below_ask_median_pct,all,rent,,,,23,"suppressed, fewer than 30 closes below ask"
c:alto-parana:hernandarias,Hernandarias,city,asking_listed_active,,,176,,,176,"status active on stock sources (remax uprop psir cb prestige infocasas), seen or not"
c:alto-parana:hernandarias,Hernandarias,city,asking_active_listings,rural,sale,2,,,2,"status active and seen on or after 2026-10-02 (remax), 2026-10-02 (uprop), 2026-10-02 (psir), 2026-10-02 (cb), 2026-10-02 (prestige), 2026-09-25 (infocasas)"
c:alto-parana:hernandarias,Hernandarias,city,asking_active_listings,local,sale,1,,,1,"status active and seen on or after 2026-10-02 (remax), 2026-10-02 (uprop), 2026-10-02 (psir), 2026-10-02 (cb), 2026-10-02 (prestige), 2026-09-25 (infocasas)"
c:alto-parana:hernandarias,Hernandarias,city,asking_active_listings,edificio,sale,2,,,2,"status active and seen on or after 2026-10-02 (remax), 2026-10-02 (uprop), 2026-10-02 (psir), 2026-10-02 (cb), 2026-10-02 (prestige), 2026-09-25 (infocasas)"
c:alto-parana:hernandarias,Hernandarias,city,asking_active_listings,casa,sale,52,,,52,"status active and seen on or after 2026-10-02 (remax), 2026-10-02 (uprop), 2026-10-02 (psir), 2026-10-02 (cb), 2026-10-02 (prestige), 2026-09-25 (infocasas)"
c:alto-parana:hernandarias,Hernandarias,city,asking_active_listings,departamento,sale,4,,,4,"status active and seen on or after 2026-10-02 (remax), 2026-10-02 (uprop), 2026-10-02 (psir), 2026-10-02 (cb), 2026-10-02 (prestige), 2026-09-25 (infocasas)"
c:alto-parana:hernandarias,Hernandarias,city,asking_active_listings,quinta,sale,3,,,3,"status active and seen on or after 2026-10-02 (remax), 2026-10-02 (uprop), 2026-10-02 (psir), 2026-10-02 (cb), 2026-10-02 (prestige), 2026-09-25 (infocasas)"
c:alto-parana:hernandarias,Hernandarias,city,asking_active_listings,terreno,sale,86,,,86,"status active and seen on or after 2026-10-02 (remax), 2026-10-02 (uprop), 2026-10-02 (psir), 2026-10-02 (cb), 2026-10-02 (prestige), 2026-09-25 (infocasas)"
c:alto-parana:hernandarias,Hernandarias,city,asking_active_listings,duplex,sale,1,,,1,"status active and seen on or after 2026-10-02 (remax), 2026-10-02 (uprop), 2026-10-02 (psir), 2026-10-02 (cb), 2026-10-02 (prestige), 2026-09-25 (infocasas)"
c:alto-parana:hernandarias,Hernandarias,city,asking_active_listings,otro,sale,6,,,6,"status active and seen on or after 2026-10-02 (remax), 2026-10-02 (uprop), 2026-10-02 (psir), 2026-10-02 (cb), 2026-10-02 (prestige), 2026-09-25 (infocasas)"
c:alto-parana:hernandarias,Hernandarias,city,asking_active_listings,terreno,rent,3,,,3,"status active and seen on or after 2026-10-02 (remax), 2026-10-02 (uprop), 2026-10-02 (psir), 2026-10-02 (cb), 2026-10-02 (prestige), 2026-09-25 (infocasas)"
c:alto-parana:hernandarias,Hernandarias,city,asking_active_listings,departamento,rent,1,,,1,"status active and seen on or after 2026-10-02 (remax), 2026-10-02 (uprop), 2026-10-02 (psir), 2026-10-02 (cb), 2026-10-02 (prestige), 2026-09-25 (infocasas)"
c:alto-parana:hernandarias,Hernandarias,city,asking_active_listings,deposito,rent,2,,,2,"status active and seen on or after 2026-10-02 (remax), 2026-10-02 (uprop), 2026-10-02 (psir), 2026-10-02 (cb), 2026-10-02 (prestige), 2026-09-25 (infocasas)"
c:alto-parana:hernandarias,Hernandarias,city,asking_active_listings,otro,rent,1,,,1,"status active and seen on or after 2026-10-02 (remax), 2026-10-02 (uprop), 2026-10-02 (psir), 2026-10-02 (cb), 2026-10-02 (prestige), 2026-09-25 (infocasas)"
c:alto-parana:hernandarias,Hernandarias,city,asking_active_listings,local,rent,1,,,1,"status active and seen on or after 2026-10-02 (remax), 2026-10-02 (uprop), 2026-10-02 (psir), 2026-10-02 (cb), 2026-10-02 (prestige), 2026-09-25 (infocasas)"
c:alto-parana:hernandarias,Hernandarias,city,asking_price_usd,terreno,sale,50932,33403,95020,86,"median ask, USD at SET mid 2026-10-08, sources with 90%+ asks: remax infocasas uprop cb psir prestige"
c:alto-parana:hernandarias,Hernandarias,city,asking_price_usd,casa,sale,114637,72960,270000,52,"median ask, USD at SET mid 2026-10-08, sources with 90%+ asks: remax infocasas uprop cb psir prestige"
c:alto-parana:hernandarias,Hernandarias,city,asking_price_usd,otro,sale,,,,6,"suppressed, n below 20"
c:alto-parana:hernandarias,Hernandarias,city,asking_price_usd,departamento,sale,,,,4,"suppressed, n below 20"
c:alto-parana:hernandarias,Hernandarias,city,asking_price_usd,quinta,sale,,,,3,"suppressed, n below 20"
c:alto-parana:hernandarias,Hernandarias,city,asking_price_usd,edificio,sale,,,,2,"suppressed, n below 20"
c:alto-parana:hernandarias,Hernandarias,city,asking_price_usd,rural,sale,,,,2,"suppressed, n below 20"
c:alto-parana:hernandarias,Hernandarias,city,asking_price_usd,duplex,sale,,,,1,"suppressed, n below 20"
c:alto-parana:hernandarias,Hernandarias,city,asking_price_usd,local,sale,,,,1,"suppressed, n below 20"
c:alto-parana:hernandarias,Hernandarias,city,asking_usd_per_m2_built,casa,sale,586,427,922,47,"built basis, 40-800 m2, 30k-2M USD, sources with 90%+ asks: remax infocasas uprop cb psir prestige"
c:alto-parana:hernandarias,Hernandarias,city,asking_usd_per_m2_built,duplex,sale,,,,1,"suppressed, n below 20"
c:alto-parana:hernandarias,Hernandarias,city,asking_usd_per_m2_built,local,sale,,,,1,"suppressed, n below 20"
c:alto-parana:hernandarias,Hernandarias,city,asking_rent_usd_month,terreno,rent,,,,3,"suppressed, n below 20"
c:alto-parana:hernandarias,Hernandarias,city,asking_rent_usd_month,deposito,rent,,,,2,"suppressed, n below 20"
c:alto-parana:hernandarias,Hernandarias,city,asking_rent_usd_month,departamento,rent,,,,1,"suppressed, n below 20"
c:alto-parana:hernandarias,Hernandarias,city,asking_rent_usd_month,local,rent,,,,1,"suppressed, n below 20"
c:alto-parana:hernandarias,Hernandarias,city,asking_rent_usd_month,otro,rent,,,,1,"suppressed, n below 20"
c:alto-parana:hernandarias,Hernandarias,city,asking_staleness_days,terreno,sale,184,,389,74,"days since source publish date, sources: remax prestige"
c:alto-parana:hernandarias,Hernandarias,city,asking_staleness_days,casa,sale,203,,364,44,"days since source publish date, sources: remax prestige"
c:alto-parana:hernandarias,Hernandarias,city,asking_staleness_days,otro,sale,,,,4,"suppressed, n below 20"
c:alto-parana:hernandarias,Hernandarias,city,asking_staleness_days,departamento,sale,,,,3,"suppressed, n below 20"
c:alto-parana:hernandarias,Hernandarias,city,asking_staleness_days,quinta,sale,,,,3,"suppressed, n below 20"
c:alto-parana:hernandarias,Hernandarias,city,asking_staleness_days,edificio,sale,,,,2,"suppressed, n below 20"
c:alto-parana:hernandarias,Hernandarias,city,asking_staleness_days,rural,sale,,,,2,"suppressed, n below 20"
c:alto-parana:hernandarias,Hernandarias,city,asking_staleness_days,duplex,sale,,,,1,"suppressed, n below 20"
c:alto-parana:hernandarias,Hernandarias,city,asking_staleness_days,local,sale,,,,1,"suppressed, n below 20"
c:alto-parana:hernandarias,Hernandarias,city,asking_flow_30d_cuts,,all,3,,,3,events 2026-09-10 to 2026-10-09
c:alto-parana:hernandarias,Hernandarias,city,asking_flow_30d_increases,,all,1,,,1,events 2026-09-10 to 2026-10-09
c:alto-parana:hernandarias,Hernandarias,city,asking_flow_30d_new,,all,19,,,19,events 2026-09-10 to 2026-10-09
c:alto-parana:hernandarias,Hernandarias,city,asking_flow_30d_delisted,,all,12,,,12,events 2026-09-10 to 2026-10-09
c:alto-parana:hernandarias,Hernandarias,city,asking_flow_30d_went_sold,,all,2,,,2,events 2026-09-10 to 2026-10-09
c:alto-parana:hernandarias,Hernandarias,city,asking_flow_30d_went_rented,,all,3,,,3,events 2026-09-10 to 2026-10-09
c:alto-parana:hernandarias,Hernandarias,city,asking_flow_30d_cuts,,sale,2,,,2,events 2026-09-10 to 2026-10-09
c:alto-parana:hernandarias,Hernandarias,city,asking_flow_30d_increases,,sale,1,,,1,events 2026-09-10 to 2026-10-09
c:alto-parana:hernandarias,Hernandarias,city,asking_flow_30d_new,,sale,15,,,15,events 2026-09-10 to 2026-10-09
c:alto-parana:hernandarias,Hernandarias,city,asking_flow_30d_delisted,,sale,12,,,12,events 2026-09-10 to 2026-10-09
c:alto-parana:hernandarias,Hernandarias,city,asking_flow_30d_went_sold,,sale,2,,,2,events 2026-09-10 to 2026-10-09
c:alto-parana:hernandarias,Hernandarias,city,asking_flow_30d_went_rented,,sale,0,,,0,events 2026-09-10 to 2026-10-09
c:alto-parana:hernandarias,Hernandarias,city,asking_flow_30d_cuts,,rent,1,,,1,events 2026-09-10 to 2026-10-09
c:alto-parana:hernandarias,Hernandarias,city,asking_flow_30d_increases,,rent,0,,,0,events 2026-09-10 to 2026-10-09
c:alto-parana:hernandarias,Hernandarias,city,asking_flow_30d_new,,rent,4,,,4,events 2026-09-10 to 2026-10-09
c:alto-parana:hernandarias,Hernandarias,city,asking_flow_30d_delisted,,rent,0,,,0,events 2026-09-10 to 2026-10-09
c:alto-parana:hernandarias,Hernandarias,city,asking_flow_30d_went_sold,,rent,0,,,0,events 2026-09-10 to 2026-10-09
c:alto-parana:hernandarias,Hernandarias,city,asking_flow_30d_went_rented,,rent,3,,,3,events 2026-09-10 to 2026-10-09
c:alto-parana:hernandarias,Hernandarias,city,reo_parcels_active,,sale,11,,,11,bank REO lists
c:alto-parana:hernandarias,Hernandarias,city,reo_parcels_priced,,sale,4,,,4,bank REO lists
c:alto-parana:hernandarias,Hernandarias,city,closed_ask_to_close_pct,all,sale,-5.5,-11.4,0,32,"same-currency broker-reported closes 2025-05-31 to 2026-09-11, terminal-ask basis"
c:alto-parana:hernandarias,Hernandarias,city,closed_at_ask_share_pct,all,sale,28.1,,,32,9 of 32 report a price identical to the last ask
c:alto-parana:hernandarias,Hernandarias,city,closed_below_ask_median_pct,all,sale,,,,22,"suppressed, fewer than 30 closes below ask"
c:alto-parana:hernandarias,Hernandarias,city,closed_ask_to_close_pct,all,rent,,,,9,insufficient closes
c:alto-parana:minga-guazu,Minga Guazú,city,asking_listed_active,,,113,,,113,"status active on stock sources (remax uprop psir cb prestige infocasas), seen or not"
c:alto-parana:minga-guazu,Minga Guazú,city,asking_active_listings,casa,sale,9,,,9,"status active and seen on or after 2026-10-02 (remax), 2026-10-02 (uprop), 2026-10-02 (psir), 2026-10-02 (cb), 2026-10-02 (prestige), 2026-09-25 (infocasas)"
c:alto-parana:minga-guazu,Minga Guazú,city,asking_active_listings,rural,sale,3,,,3,"status active and seen on or after 2026-10-02 (remax), 2026-10-02 (uprop), 2026-10-02 (psir), 2026-10-02 (cb), 2026-10-02 (prestige), 2026-09-25 (infocasas)"
c:alto-parana:minga-guazu,Minga Guazú,city,asking_active_listings,local,sale,3,,,3,"status active and seen on or after 2026-10-02 (remax), 2026-10-02 (uprop), 2026-10-02 (psir), 2026-10-02 (cb), 2026-10-02 (prestige), 2026-09-25 (infocasas)"
c:alto-parana:minga-guazu,Minga Guazú,city,asking_active_listings,otro,sale,1,,,1,"status active and seen on or after 2026-10-02 (remax), 2026-10-02 (uprop), 2026-10-02 (psir), 2026-10-02 (cb), 2026-10-02 (prestige), 2026-09-25 (infocasas)"
c:alto-parana:minga-guazu,Minga Guazú,city,asking_active_listings,deposito,sale,1,,,1,"status active and seen on or after 2026-10-02 (remax), 2026-10-02 (uprop), 2026-10-02 (psir), 2026-10-02 (cb), 2026-10-02 (prestige), 2026-09-25 (infocasas)"
c:alto-parana:minga-guazu,Minga Guazú,city,asking_active_listings,terreno,sale,86,,,86,"status active and seen on or after 2026-10-02 (remax), 2026-10-02 (uprop), 2026-10-02 (psir), 2026-10-02 (cb), 2026-10-02 (prestige), 2026-09-25 (infocasas)"
c:alto-parana:minga-guazu,Minga Guazú,city,asking_active_listings,quinta,sale,3,,,3,"status active and seen on or after 2026-10-02 (remax), 2026-10-02 (uprop), 2026-10-02 (psir), 2026-10-02 (cb), 2026-10-02 (prestige), 2026-09-25 (infocasas)"
c:alto-parana:minga-guazu,Minga Guazú,city,asking_active_listings,deposito,rent,1,,,1,"status active and seen on or after 2026-10-02 (remax), 2026-10-02 (uprop), 2026-10-02 (psir), 2026-10-02 (cb), 2026-10-02 (prestige), 2026-09-25 (infocasas)"
c:alto-parana:minga-guazu,Minga Guazú,city,asking_active_listings,rural,rent,1,,,1,"status active and seen on or after 2026-10-02 (remax), 2026-10-02 (uprop), 2026-10-02 (psir), 2026-10-02 (cb), 2026-10-02 (prestige), 2026-09-25 (infocasas)"
c:alto-parana:minga-guazu,Minga Guazú,city,asking_price_usd,terreno,sale,26811,21097,66355,86,"median ask, USD at SET mid 2026-10-08, sources with 90%+ asks: remax infocasas uprop cb psir prestige"
c:alto-parana:minga-guazu,Minga Guazú,city,asking_price_usd,casa,sale,,,,9,"suppressed, n below 20"
c:alto-parana:minga-guazu,Minga Guazú,city,asking_price_usd,local,sale,,,,3,"suppressed, n below 20"
c:alto-parana:minga-guazu,Minga Guazú,city,asking_price_usd,quinta,sale,,,,3,"suppressed, n below 20"
c:alto-parana:minga-guazu,Minga Guazú,city,asking_price_usd,rural,sale,,,,3,"suppressed, n below 20"
c:alto-parana:minga-guazu,Minga Guazú,city,asking_price_usd,deposito,sale,,,,1,"suppressed, n below 20"
c:alto-parana:minga-guazu,Minga Guazú,city,asking_price_usd,otro,sale,,,,1,"suppressed, n below 20"
c:alto-parana:minga-guazu,Minga Guazú,city,asking_usd_per_m2_built,casa,sale,,,,7,"suppressed, n below 20"
c:alto-parana:minga-guazu,Minga Guazú,city,asking_usd_per_m2_built,local,sale,,,,1,"suppressed, n below 20"
c:alto-parana:minga-guazu,Minga Guazú,city,asking_rent_usd_month,deposito,rent,,,,1,"suppressed, n below 20"
c:alto-parana:minga-guazu,Minga Guazú,city,asking_rent_usd_month,rural,rent,,,,1,"suppressed, n below 20"
c:alto-parana:minga-guazu,Minga Guazú,city,asking_staleness_days,terreno,sale,253,,353,73,"days since source publish date, sources: remax prestige"
c:alto-parana:minga-guazu,Minga Guazú,city,asking_staleness_days,casa,sale,,,,8,"suppressed, n below 20"
c:alto-parana:minga-guazu,Minga Guazú,city,asking_staleness_days,quinta,sale,,,,3,"suppressed, n below 20"
c:alto-parana:minga-guazu,Minga Guazú,city,asking_staleness_days,local,sale,,,,2,"suppressed, n below 20"
c:alto-parana:minga-guazu,Minga Guazú,city,asking_staleness_days,deposito,sale,,,,1,"suppressed, n below 20"
c:alto-parana:minga-guazu,Minga Guazú,city,asking_staleness_days,otro,sale,,,,1,"suppressed, n below 20"
c:alto-parana:minga-guazu,Minga Guazú,city,asking_staleness_days,rural,sale,,,,1,"suppressed, n below 20"
c:alto-parana:minga-guazu,Minga Guazú,city,asking_flow_30d_cuts,,all,0,,,0,events 2026-09-10 to 2026-10-09
c:alto-parana:minga-guazu,Minga Guazú,city,asking_flow_30d_increases,,all,0,,,0,events 2026-09-10 to 2026-10-09
c:alto-parana:minga-guazu,Minga Guazú,city,asking_flow_30d_new,,all,8,,,8,events 2026-09-10 to 2026-10-09
c:alto-parana:minga-guazu,Minga Guazú,city,asking_flow_30d_delisted,,all,9,,,9,events 2026-09-10 to 2026-10-09
c:alto-parana:minga-guazu,Minga Guazú,city,asking_flow_30d_went_sold,,all,1,,,1,events 2026-09-10 to 2026-10-09
c:alto-parana:minga-guazu,Minga Guazú,city,asking_flow_30d_went_rented,,all,0,,,0,events 2026-09-10 to 2026-10-09
c:alto-parana:minga-guazu,Minga Guazú,city,asking_flow_30d_cuts,,sale,0,,,0,events 2026-09-10 to 2026-10-09
c:alto-parana:minga-guazu,Minga Guazú,city,asking_flow_30d_increases,,sale,0,,,0,events 2026-09-10 to 2026-10-09
c:alto-parana:minga-guazu,Minga Guazú,city,asking_flow_30d_new,,sale,8,,,8,events 2026-09-10 to 2026-10-09
c:alto-parana:minga-guazu,Minga Guazú,city,asking_flow_30d_delisted,,sale,9,,,9,events 2026-09-10 to 2026-10-09
c:alto-parana:minga-guazu,Minga Guazú,city,asking_flow_30d_went_sold,,sale,1,,,1,events 2026-09-10 to 2026-10-09
c:alto-parana:minga-guazu,Minga Guazú,city,asking_flow_30d_went_rented,,sale,0,,,0,events 2026-09-10 to 2026-10-09
c:alto-parana:minga-guazu,Minga Guazú,city,asking_flow_30d_cuts,,rent,0,,,0,events 2026-09-10 to 2026-10-09
c:alto-parana:minga-guazu,Minga Guazú,city,asking_flow_30d_increases,,rent,0,,,0,events 2026-09-10 to 2026-10-09
c:alto-parana:minga-guazu,Minga Guazú,city,asking_flow_30d_new,,rent,0,,,0,events 2026-09-10 to 2026-10-09
c:alto-parana:minga-guazu,Minga Guazú,city,asking_flow_30d_delisted,,rent,0,,,0,events 2026-09-10 to 2026-10-09
c:alto-parana:minga-guazu,Minga Guazú,city,asking_flow_30d_went_sold,,rent,0,,,0,events 2026-09-10 to 2026-10-09
c:alto-parana:minga-guazu,Minga Guazú,city,asking_flow_30d_went_rented,,rent,0,,,0,events 2026-09-10 to 2026-10-09
c:alto-parana:minga-guazu,Minga Guazú,city,reo_parcels_active,,sale,12,,,12,bank REO lists
c:alto-parana:minga-guazu,Minga Guazú,city,reo_parcels_priced,,sale,10,,,10,bank REO lists
c:alto-parana:minga-guazu,Minga Guazú,city,closed_ask_to_close_pct,all,sale,,,,4,insufficient closes
c:alto-parana:minga-guazu,Minga Guazú,city,closed_ask_to_close_pct,all,rent,,,,5,insufficient closes
d:boqueron,Boquerón,department,asking_listed_active,,,194,,,194,"status active on stock sources (remax uprop psir cb prestige infocasas), seen or not"
d:boqueron,Boquerón,department,asking_active_listings,rural,sale,6,,,6,"status active and seen on or after 2026-10-02 (remax), 2026-10-02 (uprop), 2026-10-02 (psir), 2026-10-02 (cb), 2026-10-02 (prestige), 2026-09-25 (infocasas)"
d:boqueron,Boquerón,department,asking_active_listings,deposito,sale,2,,,2,"status active and seen on or after 2026-10-02 (remax), 2026-10-02 (uprop), 2026-10-02 (psir), 2026-10-02 (cb), 2026-10-02 (prestige), 2026-09-25 (infocasas)"
d:boqueron,Boquerón,department,asking_active_listings,casa,sale,22,,,22,"status active and seen on or after 2026-10-02 (remax), 2026-10-02 (uprop), 2026-10-02 (psir), 2026-10-02 (cb), 2026-10-02 (prestige), 2026-09-25 (infocasas)"
d:boqueron,Boquerón,department,asking_active_listings,otro,sale,3,,,3,"status active and seen on or after 2026-10-02 (remax), 2026-10-02 (uprop), 2026-10-02 (psir), 2026-10-02 (cb), 2026-10-02 (prestige), 2026-09-25 (infocasas)"
d:boqueron,Boquerón,department,asking_active_listings,oficina,sale,1,,,1,"status active and seen on or after 2026-10-02 (remax), 2026-10-02 (uprop), 2026-10-02 (psir), 2026-10-02 (cb), 2026-10-02 (prestige), 2026-09-25 (infocasas)"
d:boqueron,Boquerón,department,asking_active_listings,terreno,sale,118,,,118,"status active and seen on or after 2026-10-02 (remax), 2026-10-02 (uprop), 2026-10-02 (psir), 2026-10-02 (cb), 2026-10-02 (prestige), 2026-09-25 (infocasas)"
d:boqueron,Boquerón,department,asking_active_listings,local,sale,3,,,3,"status active and seen on or after 2026-10-02 (remax), 2026-10-02 (uprop), 2026-10-02 (psir), 2026-10-02 (cb), 2026-10-02 (prestige), 2026-09-25 (infocasas)"
d:boqueron,Boquerón,department,asking_active_listings,oficina,rent,4,,,4,"status active and seen on or after 2026-10-02 (remax), 2026-10-02 (uprop), 2026-10-02 (psir), 2026-10-02 (cb), 2026-10-02 (prestige), 2026-09-25 (infocasas)"
d:boqueron,Boquerón,department,asking_active_listings,deposito,rent,3,,,3,"status active and seen on or after 2026-10-02 (remax), 2026-10-02 (uprop), 2026-10-02 (psir), 2026-10-02 (cb), 2026-10-02 (prestige), 2026-09-25 (infocasas)"
d:boqueron,Boquerón,department,asking_active_listings,local,rent,10,,,10,"status active and seen on or after 2026-10-02 (remax), 2026-10-02 (uprop), 2026-10-02 (psir), 2026-10-02 (cb), 2026-10-02 (prestige), 2026-09-25 (infocasas)"
d:boqueron,Boquerón,department,asking_active_listings,terreno,rent,3,,,3,"status active and seen on or after 2026-10-02 (remax), 2026-10-02 (uprop), 2026-10-02 (psir), 2026-10-02 (cb), 2026-10-02 (prestige), 2026-09-25 (infocasas)"
d:boqueron,Boquerón,department,asking_active_listings,otro,rent,4,,,4,"status active and seen on or after 2026-10-02 (remax), 2026-10-02 (uprop), 2026-10-02 (psir), 2026-10-02 (cb), 2026-10-02 (prestige), 2026-09-25 (infocasas)"
d:boqueron,Boquerón,department,asking_active_listings,casa,rent,6,,,6,"status active and seen on or after 2026-10-02 (remax), 2026-10-02 (uprop), 2026-10-02 (psir), 2026-10-02 (cb), 2026-10-02 (prestige), 2026-09-25 (infocasas)"
d:boqueron,Boquerón,department,asking_active_listings,edificio,rent,1,,,1,"status active and seen on or after 2026-10-02 (remax), 2026-10-02 (uprop), 2026-10-02 (psir), 2026-10-02 (cb), 2026-10-02 (prestige), 2026-09-25 (infocasas)"
d:boqueron,Boquerón,department,asking_active_listings,departamento,rent,2,,,2,"status active and seen on or after 2026-10-02 (remax), 2026-10-02 (uprop), 2026-10-02 (psir), 2026-10-02 (cb), 2026-10-02 (prestige), 2026-09-25 (infocasas)"
d:boqueron,Boquerón,department,asking_active_listings,duplex,rent,2,,,2,"status active and seen on or after 2026-10-02 (remax), 2026-10-02 (uprop), 2026-10-02 (psir), 2026-10-02 (cb), 2026-10-02 (prestige), 2026-09-25 (infocasas)"
d:boqueron,Boquerón,department,asking_price_usd,terreno,sale,15144,8645,35161,118,"median ask, USD at SET mid 2026-10-08, sources with 90%+ asks: remax infocasas uprop cb psir prestige"
d:boqueron,Boquerón,department,asking_price_usd,casa,sale,71466,47688,128075,22,"median ask, USD at SET mid 2026-10-08, sources with 90%+ asks: remax infocasas uprop cb psir prestige"
d:boqueron,Boquerón,department,asking_price_usd,rural,sale,,,,6,"suppressed, n below 20"
d:boqueron,Boquerón,department,asking_price_usd,local,sale,,,,3,"suppressed, n below 20"
d:boqueron,Boquerón,department,asking_price_usd,otro,sale,,,,3,"suppressed, n below 20"
d:boqueron,Boquerón,department,asking_price_usd,deposito,sale,,,,2,"suppressed, n below 20"
d:boqueron,Boquerón,department,asking_price_usd,oficina,sale,,,,1,"suppressed, n below 20"
d:boqueron,Boquerón,department,asking_usd_per_m2_built,casa,sale,,,,17,"suppressed, n below 20"
d:boqueron,Boquerón,department,asking_usd_per_m2_built,local,sale,,,,2,"suppressed, n below 20"
d:boqueron,Boquerón,department,asking_usd_per_m2_built,oficina,sale,,,,1,"suppressed, n below 20"
d:boqueron,Boquerón,department,asking_rent_usd_month,local,rent,,,,10,"suppressed, n below 20"
d:boqueron,Boquerón,department,asking_rent_usd_month,casa,rent,,,,6,"suppressed, n below 20"
d:boqueron,Boquerón,department,asking_rent_usd_month,oficina,rent,,,,4,"suppressed, n below 20"
d:boqueron,Boquerón,department,asking_rent_usd_month,otro,rent,,,,4,"suppressed, n below 20"
d:boqueron,Boquerón,department,asking_rent_usd_month,deposito,rent,,,,3,"suppressed, n below 20"
d:boqueron,Boquerón,department,asking_rent_usd_month,terreno,rent,,,,3,"suppressed, n below 20"
d:boqueron,Boquerón,department,asking_rent_usd_month,departamento,rent,,,,2,"suppressed, n below 20"
d:boqueron,Boquerón,department,asking_rent_usd_month,duplex,rent,,,,2,"suppressed, n below 20"
d:boqueron,Boquerón,department,asking_rent_usd_month,edificio,rent,,,,1,"suppressed, n below 20"
d:boqueron,Boquerón,department,asking_staleness_days,terreno,sale,91,,224,109,"days since source publish date, sources: remax prestige"
d:boqueron,Boquerón,department,asking_staleness_days,casa,sale,172,,199,22,"days since source publish date, sources: remax prestige"
d:boqueron,Boquerón,department,asking_staleness_days,rural,sale,,,,6,"suppressed, n below 20"
d:boqueron,Boquerón,department,asking_staleness_days,local,sale,,,,3,"suppressed, n below 20"
d:boqueron,Boquerón,department,asking_staleness_days,otro,sale,,,,3,"suppressed, n below 20"
d:boqueron,Boquerón,department,asking_staleness_days,deposito,sale,,,,2,"suppressed, n below 20"
d:boqueron,Boquerón,department,asking_staleness_days,oficina,sale,,,,1,"suppressed, n below 20"
d:boqueron,Boquerón,department,asking_flow_30d_cuts,,all,12,,,12,events 2026-09-10 to 2026-10-09
d:boqueron,Boquerón,department,asking_flow_30d_increases,,all,6,,,6,events 2026-09-10 to 2026-10-09
d:boqueron,Boquerón,department,asking_flow_30d_new,,all,18,,,18,events 2026-09-10 to 2026-10-09
d:boqueron,Boquerón,department,asking_flow_30d_delisted,,all,11,,,11,events 2026-09-10 to 2026-10-09
d:boqueron,Boquerón,department,asking_flow_30d_went_sold,,all,2,,,2,events 2026-09-10 to 2026-10-09
d:boqueron,Boquerón,department,asking_flow_30d_went_rented,,all,4,,,4,events 2026-09-10 to 2026-10-09
d:boqueron,Boquerón,department,asking_flow_30d_cuts,,sale,9,,,9,events 2026-09-10 to 2026-10-09
d:boqueron,Boquerón,department,asking_flow_30d_increases,,sale,6,,,6,events 2026-09-10 to 2026-10-09
d:boqueron,Boquerón,department,asking_flow_30d_new,,sale,11,,,11,events 2026-09-10 to 2026-10-09
d:boqueron,Boquerón,department,asking_flow_30d_delisted,,sale,10,,,10,events 2026-09-10 to 2026-10-09
d:boqueron,Boquerón,department,asking_flow_30d_went_sold,,sale,2,,,2,events 2026-09-10 to 2026-10-09
d:boqueron,Boquerón,department,asking_flow_30d_went_rented,,sale,0,,,0,events 2026-09-10 to 2026-10-09
d:boqueron,Boquerón,department,asking_flow_30d_cuts,,rent,3,,,3,events 2026-09-10 to 2026-10-09
d:boqueron,Boquerón,department,asking_flow_30d_increases,,rent,0,,,0,events 2026-09-10 to 2026-10-09
d:boqueron,Boquerón,department,asking_flow_30d_new,,rent,7,,,7,events 2026-09-10 to 2026-10-09
d:boqueron,Boquerón,department,asking_flow_30d_delisted,,rent,1,,,1,events 2026-09-10 to 2026-10-09
d:boqueron,Boquerón,department,asking_flow_30d_went_sold,,rent,0,,,0,events 2026-09-10 to 2026-10-09
d:boqueron,Boquerón,department,asking_flow_30d_went_rented,,rent,4,,,4,events 2026-09-10 to 2026-10-09
d:boqueron,Boquerón,department,reo_parcels_active,,sale,0,,,0,bank REO lists
d:boqueron,Boquerón,department,reo_parcels_priced,,sale,0,,,0,bank REO lists
d:boqueron,Boquerón,department,closed_ask_to_close_pct,all,sale,-2.2,-7.1,0,64,"same-currency broker-reported closes 2025-08-27 to 2026-09-16, terminal-ask basis"
d:boqueron,Boquerón,department,closed_at_ask_share_pct,all,sale,43.8,,,64,28 of 64 report a price identical to the last ask
d:boqueron,Boquerón,department,closed_below_ask_median_pct,all,sale,-6.6,,,34,median spread of closes below the last ask
d:boqueron,Boquerón,department,closed_ask_to_close_pct,terreno,sale,0,-3.8,0,46,"same-currency broker-reported closes 2025-08-27 to 2026-09-16, terminal-ask basis"
d:boqueron,Boquerón,department,closed_at_ask_share_pct,terreno,sale,54.3,,,46,25 of 46 report a price identical to the last ask
d:boqueron,Boquerón,department,closed_below_ask_median_pct,terreno,sale,,,,20,"suppressed, fewer than 30 closes below ask"
d:boqueron,Boquerón,department,closed_ask_to_close_pct,all,rent,0,0,0,64,"same-currency broker-reported closes 2025-09-01 to 2026-10-03, terminal-ask basis"
d:boqueron,Boquerón,department,closed_at_ask_share_pct,all,rent,81.3,,,64,52 of 64 report a price identical to the last ask
d:boqueron,Boquerón,department,closed_below_ask_median_pct,all,rent,,,,12,"suppressed, fewer than 30 closes below ask"
d:boqueron,Boquerón,department,closed_ask_to_close_pct,casa,rent,0,0,0,36,"same-currency broker-reported closes 2025-09-03 to 2026-10-03, terminal-ask basis"
d:boqueron,Boquerón,department,closed_at_ask_share_pct,casa,rent,83.3,,,36,30 of 36 report a price identical to the last ask
d:boqueron,Boquerón,department,closed_below_ask_median_pct,casa,rent,,,,6,"suppressed, fewer than 30 closes below ask"
d:presidente-hayes,Presidente Hayes,department,asking_listed_active,,,216,,,216,"status active on stock sources (remax uprop psir cb prestige infocasas), seen or not"
d:presidente-hayes,Presidente Hayes,department,asking_active_listings,rural,sale,14,,,14,"status active and seen on or after 2026-10-02 (remax), 2026-10-02 (uprop), 2026-10-02 (psir), 2026-10-02 (cb), 2026-10-02 (prestige), 2026-09-25 (infocasas)"
d:presidente-hayes,Presidente Hayes,department,asking_active_listings,otro,sale,2,,,2,"status active and seen on or after 2026-10-02 (remax), 2026-10-02 (uprop), 2026-10-02 (psir), 2026-10-02 (cb), 2026-10-02 (prestige), 2026-09-25 (infocasas)"
d:presidente-hayes,Presidente Hayes,department,asking_active_listings,departamento,sale,3,,,3,"status active and seen on or after 2026-10-02 (remax), 2026-10-02 (uprop), 2026-10-02 (psir), 2026-10-02 (cb), 2026-10-02 (prestige), 2026-09-25 (infocasas)"
d:presidente-hayes,Presidente Hayes,department,asking_active_listings,casa,sale,12,,,12,"status active and seen on or after 2026-10-02 (remax), 2026-10-02 (uprop), 2026-10-02 (psir), 2026-10-02 (cb), 2026-10-02 (prestige), 2026-09-25 (infocasas)"
d:presidente-hayes,Presidente Hayes,department,asking_active_listings,quinta,sale,3,,,3,"status active and seen on or after 2026-10-02 (remax), 2026-10-02 (uprop), 2026-10-02 (psir), 2026-10-02 (cb), 2026-10-02 (prestige), 2026-09-25 (infocasas)"
d:presidente-hayes,Presidente Hayes,department,asking_active_listings,deposito,sale,1,,,1,"status active and seen on or after 2026-10-02 (remax), 2026-10-02 (uprop), 2026-10-02 (psir), 2026-10-02 (cb), 2026-10-02 (prestige), 2026-09-25 (infocasas)"
d:presidente-hayes,Presidente Hayes,department,asking_active_listings,terreno,sale,138,,,138,"status active and seen on or after 2026-10-02 (remax), 2026-10-02 (uprop), 2026-10-02 (psir), 2026-10-02 (cb), 2026-10-02 (prestige), 2026-09-25 (infocasas)"
d:presidente-hayes,Presidente Hayes,department,asking_price_usd,terreno,sale,91756,35350,265000,138,"median ask, USD at SET mid 2026-10-08, sources with 90%+ asks: remax infocasas uprop cb psir prestige"
d:presidente-hayes,Presidente Hayes,department,asking_price_usd,rural,sale,,,,14,"suppressed, n below 20"
d:presidente-hayes,Presidente Hayes,department,asking_price_usd,casa,sale,,,,12,"suppressed, n below 20"
d:presidente-hayes,Presidente Hayes,department,asking_price_usd,departamento,sale,,,,3,"suppressed, n below 20"
d:presidente-hayes,Presidente Hayes,department,asking_price_usd,quinta,sale,,,,3,"suppressed, n below 20"
d:presidente-hayes,Presidente Hayes,department,asking_price_usd,otro,sale,,,,2,"suppressed, n below 20"
d:presidente-hayes,Presidente Hayes,department,asking_price_usd,deposito,sale,,,,1,"suppressed, n below 20"
d:presidente-hayes,Presidente Hayes,department,asking_usd_per_m2_built,casa,sale,,,,6,"suppressed, n below 20"
d:presidente-hayes,Presidente Hayes,department,asking_usd_per_m2_built,departamento,sale,,,,2,"suppressed, n below 20"
d:presidente-hayes,Presidente Hayes,department,asking_staleness_days,terreno,sale,310,,695,115,"days since source publish date, sources: remax prestige"
d:presidente-hayes,Presidente Hayes,department,asking_staleness_days,casa,sale,,,,9,"suppressed, n below 20"
d:presidente-hayes,Presidente Hayes,department,asking_staleness_days,rural,sale,,,,9,"suppressed, n below 20"
d:presidente-hayes,Presidente Hayes,department,asking_staleness_days,quinta,sale,,,,3,"suppressed, n below 20"
d:presidente-hayes,Presidente Hayes,department,asking_staleness_days,otro,sale,,,,2,"suppressed, n below 20"
d:presidente-hayes,Presidente Hayes,department,asking_staleness_days,departamento,sale,,,,1,"suppressed, n below 20"
d:presidente-hayes,Presidente Hayes,department,asking_staleness_days,deposito,sale,,,,1,"suppressed, n below 20"
d:presidente-hayes,Presidente Hayes,department,asking_flow_30d_cuts,,all,2,,,2,events 2026-09-10 to 2026-10-09
d:presidente-hayes,Presidente Hayes,department,asking_flow_30d_increases,,all,1,,,1,events 2026-09-10 to 2026-10-09
d:presidente-hayes,Presidente Hayes,department,asking_flow_30d_new,,all,3,,,3,events 2026-09-10 to 2026-10-09
d:presidente-hayes,Presidente Hayes,department,asking_flow_30d_delisted,,all,3,,,3,events 2026-09-10 to 2026-10-09
d:presidente-hayes,Presidente Hayes,department,asking_flow_30d_went_sold,,all,1,,,1,events 2026-09-10 to 2026-10-09
d:presidente-hayes,Presidente Hayes,department,asking_flow_30d_went_rented,,all,0,,,0,events 2026-09-10 to 2026-10-09
d:presidente-hayes,Presidente Hayes,department,asking_flow_30d_cuts,,sale,2,,,2,events 2026-09-10 to 2026-10-09
d:presidente-hayes,Presidente Hayes,department,asking_flow_30d_increases,,sale,1,,,1,events 2026-09-10 to 2026-10-09
d:presidente-hayes,Presidente Hayes,department,asking_flow_30d_new,,sale,3,,,3,events 2026-09-10 to 2026-10-09
d:presidente-hayes,Presidente Hayes,department,asking_flow_30d_delisted,,sale,3,,,3,events 2026-09-10 to 2026-10-09
d:presidente-hayes,Presidente Hayes,department,asking_flow_30d_went_sold,,sale,1,,,1,events 2026-09-10 to 2026-10-09
d:presidente-hayes,Presidente Hayes,department,asking_flow_30d_went_rented,,sale,0,,,0,events 2026-09-10 to 2026-10-09
d:presidente-hayes,Presidente Hayes,department,asking_flow_30d_cuts,,rent,0,,,0,events 2026-09-10 to 2026-10-09
d:presidente-hayes,Presidente Hayes,department,asking_flow_30d_increases,,rent,0,,,0,events 2026-09-10 to 2026-10-09
d:presidente-hayes,Presidente Hayes,department,asking_flow_30d_new,,rent,0,,,0,events 2026-09-10 to 2026-10-09
d:presidente-hayes,Presidente Hayes,department,asking_flow_30d_delisted,,rent,0,,,0,events 2026-09-10 to 2026-10-09
d:presidente-hayes,Presidente Hayes,department,asking_flow_30d_went_sold,,rent,0,,,0,events 2026-09-10 to 2026-10-09
d:presidente-hayes,Presidente Hayes,department,asking_flow_30d_went_rented,,rent,0,,,0,events 2026-09-10 to 2026-10-09
d:presidente-hayes,Presidente Hayes,department,reo_parcels_active,,sale,1,,,1,bank REO lists
d:presidente-hayes,Presidente Hayes,department,reo_parcels_priced,,sale,0,,,0,bank REO lists
d:presidente-hayes,Presidente Hayes,department,closed_ask_to_close_pct,all,sale,,,,4,insufficient closes
d:presidente-hayes,Presidente Hayes,department,closed_ask_to_close_pct,all,rent,,,,1,insufficient closes
c:presidente-hayes:villa-hayes,Villa Hayes,city,asking_listed_active,,,134,,,134,"status active on stock sources (remax uprop psir cb prestige infocasas), seen or not"
c:presidente-hayes:villa-hayes,Villa Hayes,city,asking_active_listings,departamento,sale,2,,,2,"status active and seen on or after 2026-10-02 (remax), 2026-10-02 (uprop), 2026-10-02 (psir), 2026-10-02 (cb), 2026-10-02 (prestige), 2026-09-25 (infocasas)"
c:presidente-hayes:villa-hayes,Villa Hayes,city,asking_active_listings,terreno,sale,82,,,82,"status active and seen on or after 2026-10-02 (remax), 2026-10-02 (uprop), 2026-10-02 (psir), 2026-10-02 (cb), 2026-10-02 (prestige), 2026-09-25 (infocasas)"
c:presidente-hayes:villa-hayes,Villa Hayes,city,asking_active_listings,deposito,sale,1,,,1,"status active and seen on or after 2026-10-02 (remax), 2026-10-02 (uprop), 2026-10-02 (psir), 2026-10-02 (cb), 2026-10-02 (prestige), 2026-09-25 (infocasas)"
c:presidente-hayes:villa-hayes,Villa Hayes,city,asking_active_listings,quinta,sale,3,,,3,"status active and seen on or after 2026-10-02 (remax), 2026-10-02 (uprop), 2026-10-02 (psir), 2026-10-02 (cb), 2026-10-02 (prestige), 2026-09-25 (infocasas)"
c:presidente-hayes:villa-hayes,Villa Hayes,city,asking_active_listings,rural,sale,4,,,4,"status active and seen on or after 2026-10-02 (remax), 2026-10-02 (uprop), 2026-10-02 (psir), 2026-10-02 (cb), 2026-10-02 (prestige), 2026-09-25 (infocasas)"
c:presidente-hayes:villa-hayes,Villa Hayes,city,asking_active_listings,casa,sale,8,,,8,"status active and seen on or after 2026-10-02 (remax), 2026-10-02 (uprop), 2026-10-02 (psir), 2026-10-02 (cb), 2026-10-02 (prestige), 2026-09-25 (infocasas)"
c:presidente-hayes:villa-hayes,Villa Hayes,city,asking_active_listings,otro,sale,1,,,1,"status active and seen on or after 2026-10-02 (remax), 2026-10-02 (uprop), 2026-10-02 (psir), 2026-10-02 (cb), 2026-10-02 (prestige), 2026-09-25 (infocasas)"
c:presidente-hayes:villa-hayes,Villa Hayes,city,asking_price_usd,terreno,sale,106006,49625,240700,82,"median ask, USD at SET mid 2026-10-08, sources with 90%+ asks: remax infocasas uprop cb psir prestige"
c:presidente-hayes:villa-hayes,Villa Hayes,city,asking_price_usd,casa,sale,,,,8,"suppressed, n below 20"
c:presidente-hayes:villa-hayes,Villa Hayes,city,asking_price_usd,rural,sale,,,,4,"suppressed, n below 20"
c:presidente-hayes:villa-hayes,Villa Hayes,city,asking_price_usd,quinta,sale,,,,3,"suppressed, n below 20"
c:presidente-hayes:villa-hayes,Villa Hayes,city,asking_price_usd,departamento,sale,,,,2,"suppressed, n below 20"
c:presidente-hayes:villa-hayes,Villa Hayes,city,asking_price_usd,deposito,sale,,,,1,"suppressed, n below 20"
c:presidente-hayes:villa-hayes,Villa Hayes,city,asking_price_usd,otro,sale,,,,1,"suppressed, n below 20"
c:presidente-hayes:villa-hayes,Villa Hayes,city,asking_usd_per_m2_built,casa,sale,,,,6,"suppressed, n below 20"
c:presidente-hayes:villa-hayes,Villa Hayes,city,asking_usd_per_m2_built,departamento,sale,,,,1,"suppressed, n below 20"
c:presidente-hayes:villa-hayes,Villa Hayes,city,asking_staleness_days,terreno,sale,212,,485,68,"days since source publish date, sources: remax prestige"
c:presidente-hayes:villa-hayes,Villa Hayes,city,asking_staleness_days,casa,sale,,,,8,"suppressed, n below 20"
c:presidente-hayes:villa-hayes,Villa Hayes,city,asking_staleness_days,quinta,sale,,,,3,"suppressed, n below 20"
c:presidente-hayes:villa-hayes,Villa Hayes,city,asking_staleness_days,rural,sale,,,,2,"suppressed, n below 20"
c:presidente-hayes:villa-hayes,Villa Hayes,city,asking_staleness_days,departamento,sale,,,,1,"suppressed, n below 20"
c:presidente-hayes:villa-hayes,Villa Hayes,city,asking_staleness_days,deposito,sale,,,,1,"suppressed, n below 20"
c:presidente-hayes:villa-hayes,Villa Hayes,city,asking_staleness_days,otro,sale,,,,1,"suppressed, n below 20"
c:presidente-hayes:villa-hayes,Villa Hayes,city,asking_flow_30d_cuts,,all,1,,,1,events 2026-09-10 to 2026-10-09
c:presidente-hayes:villa-hayes,Villa Hayes,city,asking_flow_30d_increases,,all,0,,,0,events 2026-09-10 to 2026-10-09
c:presidente-hayes:villa-hayes,Villa Hayes,city,asking_flow_30d_new,,all,1,,,1,events 2026-09-10 to 2026-10-09
c:presidente-hayes:villa-hayes,Villa Hayes,city,asking_flow_30d_delisted,,all,0,,,0,events 2026-09-10 to 2026-10-09
c:presidente-hayes:villa-hayes,Villa Hayes,city,asking_flow_30d_went_sold,,all,0,,,0,events 2026-09-10 to 2026-10-09
c:presidente-hayes:villa-hayes,Villa Hayes,city,asking_flow_30d_went_rented,,all,0,,,0,events 2026-09-10 to 2026-10-09
c:presidente-hayes:villa-hayes,Villa Hayes,city,asking_flow_30d_cuts,,sale,1,,,1,events 2026-09-10 to 2026-10-09
c:presidente-hayes:villa-hayes,Villa Hayes,city,asking_flow_30d_increases,,sale,0,,,0,events 2026-09-10 to 2026-10-09
c:presidente-hayes:villa-hayes,Villa Hayes,city,asking_flow_30d_new,,sale,1,,,1,events 2026-09-10 to 2026-10-09
c:presidente-hayes:villa-hayes,Villa Hayes,city,asking_flow_30d_delisted,,sale,0,,,0,events 2026-09-10 to 2026-10-09
c:presidente-hayes:villa-hayes,Villa Hayes,city,asking_flow_30d_went_sold,,sale,0,,,0,events 2026-09-10 to 2026-10-09
c:presidente-hayes:villa-hayes,Villa Hayes,city,asking_flow_30d_went_rented,,sale,0,,,0,events 2026-09-10 to 2026-10-09
c:presidente-hayes:villa-hayes,Villa Hayes,city,asking_flow_30d_cuts,,rent,0,,,0,events 2026-09-10 to 2026-10-09
c:presidente-hayes:villa-hayes,Villa Hayes,city,asking_flow_30d_increases,,rent,0,,,0,events 2026-09-10 to 2026-10-09
c:presidente-hayes:villa-hayes,Villa Hayes,city,asking_flow_30d_new,,rent,0,,,0,events 2026-09-10 to 2026-10-09
c:presidente-hayes:villa-hayes,Villa Hayes,city,asking_flow_30d_delisted,,rent,0,,,0,events 2026-09-10 to 2026-10-09
c:presidente-hayes:villa-hayes,Villa Hayes,city,asking_flow_30d_went_sold,,rent,0,,,0,events 2026-09-10 to 2026-10-09
c:presidente-hayes:villa-hayes,Villa Hayes,city,asking_flow_30d_went_rented,,rent,0,,,0,events 2026-09-10 to 2026-10-09
c:presidente-hayes:villa-hayes,Villa Hayes,city,reo_parcels_active,,sale,0,,,0,bank REO lists
c:presidente-hayes:villa-hayes,Villa Hayes,city,reo_parcels_priced,,sale,0,,,0,bank REO lists
c:presidente-hayes:villa-hayes,Villa Hayes,city,closed_ask_to_close_pct,all,sale,,,,3,insufficient closes
c:presidente-hayes:villa-hayes,Villa Hayes,city,closed_ask_to_close_pct,all,rent,,,,1,insufficient closes
d:paraguari,Paraguarí,department,asking_listed_active,,,125,,,125,"status active on stock sources (remax uprop psir cb prestige infocasas), seen or not"
d:paraguari,Paraguarí,department,asking_active_listings,quinta,sale,4,,,4,"status active and seen on or after 2026-10-02 (remax), 2026-10-02 (uprop), 2026-10-02 (psir), 2026-10-02 (cb), 2026-10-02 (prestige), 2026-09-25 (infocasas)"
d:paraguari,Paraguarí,department,asking_active_listings,terreno,sale,66,,,66,"status active and seen on or after 2026-10-02 (remax), 2026-10-02 (uprop), 2026-10-02 (psir), 2026-10-02 (cb), 2026-10-02 (prestige), 2026-09-25 (infocasas)"
d:paraguari,Paraguarí,department,asking_active_listings,rural,sale,6,,,6,"status active and seen on or after 2026-10-02 (remax), 2026-10-02 (uprop), 2026-10-02 (psir), 2026-10-02 (cb), 2026-10-02 (prestige), 2026-09-25 (infocasas)"
d:paraguari,Paraguarí,department,asking_active_listings,deposito,sale,2,,,2,"status active and seen on or after 2026-10-02 (remax), 2026-10-02 (uprop), 2026-10-02 (psir), 2026-10-02 (cb), 2026-10-02 (prestige), 2026-09-25 (infocasas)"
d:paraguari,Paraguarí,department,asking_active_listings,casa,sale,16,,,16,"status active and seen on or after 2026-10-02 (remax), 2026-10-02 (uprop), 2026-10-02 (psir), 2026-10-02 (cb), 2026-10-02 (prestige), 2026-09-25 (infocasas)"
d:paraguari,Paraguarí,department,asking_active_listings,otro,sale,14,,,14,"status active and seen on or after 2026-10-02 (remax), 2026-10-02 (uprop), 2026-10-02 (psir), 2026-10-02 (cb), 2026-10-02 (prestige), 2026-09-25 (infocasas)"
d:paraguari,Paraguarí,department,asking_active_listings,deposito,rent,1,,,1,"status active and seen on or after 2026-10-02 (remax), 2026-10-02 (uprop), 2026-10-02 (psir), 2026-10-02 (cb), 2026-10-02 (prestige), 2026-09-25 (infocasas)"
d:paraguari,Paraguarí,department,asking_active_listings,otro,rent,1,,,1,"status active and seen on or after 2026-10-02 (remax), 2026-10-02 (uprop), 2026-10-02 (psir), 2026-10-02 (cb), 2026-10-02 (prestige), 2026-09-25 (infocasas)"
d:paraguari,Paraguarí,department,asking_price_usd,terreno,sale,43952,16746,96694,66,"median ask, USD at SET mid 2026-10-08, sources with 90%+ asks: remax infocasas uprop cb psir prestige"
d:paraguari,Paraguarí,department,asking_price_usd,casa,sale,,,,16,"suppressed, n below 20"
d:paraguari,Paraguarí,department,asking_price_usd,otro,sale,,,,14,"suppressed, n below 20"
d:paraguari,Paraguarí,department,asking_price_usd,rural,sale,,,,6,"suppressed, n below 20"
d:paraguari,Paraguarí,department,asking_price_usd,quinta,sale,,,,4,"suppressed, n below 20"
d:paraguari,Paraguarí,department,asking_price_usd,deposito,sale,,,,2,"suppressed, n below 20"
d:paraguari,Paraguarí,department,asking_usd_per_m2_built,casa,sale,,,,12,"suppressed, n below 20"
d:paraguari,Paraguarí,department,asking_rent_usd_month,deposito,rent,,,,1,"suppressed, n below 20"
d:paraguari,Paraguarí,department,asking_rent_usd_month,otro,rent,,,,1,"suppressed, n below 20"
d:paraguari,Paraguarí,department,asking_staleness_days,terreno,sale,180,,459,64,"days since source publish date, sources: remax prestige"
d:paraguari,Paraguarí,department,asking_staleness_days,casa,sale,,,,14,"suppressed, n below 20"
d:paraguari,Paraguarí,department,asking_staleness_days,otro,sale,,,,13,"suppressed, n below 20"
d:paraguari,Paraguarí,department,asking_staleness_days,quinta,sale,,,,3,"suppressed, n below 20"
d:paraguari,Paraguarí,department,asking_staleness_days,rural,sale,,,,3,"suppressed, n below 20"
d:paraguari,Paraguarí,department,asking_staleness_days,deposito,sale,,,,2,"suppressed, n below 20"
d:paraguari,Paraguarí,department,asking_flow_30d_cuts,,all,2,,,2,events 2026-09-10 to 2026-10-09
d:paraguari,Paraguarí,department,asking_flow_30d_increases,,all,0,,,0,events 2026-09-10 to 2026-10-09
d:paraguari,Paraguarí,department,asking_flow_30d_new,,all,14,,,14,events 2026-09-10 to 2026-10-09
d:paraguari,Paraguarí,department,asking_flow_30d_delisted,,all,7,,,7,events 2026-09-10 to 2026-10-09
d:paraguari,Paraguarí,department,asking_flow_30d_went_sold,,all,2,,,2,events 2026-09-10 to 2026-10-09
d:paraguari,Paraguarí,department,asking_flow_30d_went_rented,,all,0,,,0,events 2026-09-10 to 2026-10-09
d:paraguari,Paraguarí,department,asking_flow_30d_cuts,,sale,2,,,2,events 2026-09-10 to 2026-10-09
d:paraguari,Paraguarí,department,asking_flow_30d_increases,,sale,0,,,0,events 2026-09-10 to 2026-10-09
d:paraguari,Paraguarí,department,asking_flow_30d_new,,sale,14,,,14,events 2026-09-10 to 2026-10-09
d:paraguari,Paraguarí,department,asking_flow_30d_delisted,,sale,6,,,6,events 2026-09-10 to 2026-10-09
d:paraguari,Paraguarí,department,asking_flow_30d_went_sold,,sale,2,,,2,events 2026-09-10 to 2026-10-09
d:paraguari,Paraguarí,department,asking_flow_30d_went_rented,,sale,0,,,0,events 2026-09-10 to 2026-10-09
d:paraguari,Paraguarí,department,asking_flow_30d_cuts,,rent,0,,,0,events 2026-09-10 to 2026-10-09
d:paraguari,Paraguarí,department,asking_flow_30d_increases,,rent,0,,,0,events 2026-09-10 to 2026-10-09
d:paraguari,Paraguarí,department,asking_flow_30d_new,,rent,0,,,0,events 2026-09-10 to 2026-10-09
d:paraguari,Paraguarí,department,asking_flow_30d_delisted,,rent,1,,,1,events 2026-09-10 to 2026-10-09
d:paraguari,Paraguarí,department,asking_flow_30d_went_sold,,rent,0,,,0,events 2026-09-10 to 2026-10-09
d:paraguari,Paraguarí,department,asking_flow_30d_went_rented,,rent,0,,,0,events 2026-09-10 to 2026-10-09
d:paraguari,Paraguarí,department,reo_parcels_active,,sale,5,,,5,bank REO lists
d:paraguari,Paraguarí,department,reo_parcels_priced,,sale,4,,,4,bank REO lists
d:paraguari,Paraguarí,department,closed_ask_to_close_pct,all,sale,,,,9,insufficient closes
d:paraguari,Paraguarí,department,closed_ask_to_close_pct,all,rent,,,,1,insufficient closes
d:caaguazu,Caaguazú,department,asking_listed_active,,,77,,,77,"status active on stock sources (remax uprop psir cb prestige infocasas), seen or not"
d:caaguazu,Caaguazú,department,asking_active_listings,local,sale,1,,,1,"status active and seen on or after 2026-10-02 (remax), 2026-10-02 (uprop), 2026-10-02 (psir), 2026-10-02 (cb), 2026-10-02 (prestige), 2026-09-25 (infocasas)"
d:caaguazu,Caaguazú,department,asking_active_listings,otro,sale,4,,,4,"status active and seen on or after 2026-10-02 (remax), 2026-10-02 (uprop), 2026-10-02 (psir), 2026-10-02 (cb), 2026-10-02 (prestige), 2026-09-25 (infocasas)"
d:caaguazu,Caaguazú,department,asking_active_listings,rural,sale,6,,,6,"status active and seen on or after 2026-10-02 (remax), 2026-10-02 (uprop), 2026-10-02 (psir), 2026-10-02 (cb), 2026-10-02 (prestige), 2026-09-25 (infocasas)"
d:caaguazu,Caaguazú,department,asking_active_listings,terreno,sale,44,,,44,"status active and seen on or after 2026-10-02 (remax), 2026-10-02 (uprop), 2026-10-02 (psir), 2026-10-02 (cb), 2026-10-02 (prestige), 2026-09-25 (infocasas)"
d:caaguazu,Caaguazú,department,asking_active_listings,casa,sale,12,,,12,"status active and seen on or after 2026-10-02 (remax), 2026-10-02 (uprop), 2026-10-02 (psir), 2026-10-02 (cb), 2026-10-02 (prestige), 2026-09-25 (infocasas)"
d:caaguazu,Caaguazú,department,asking_active_listings,deposito,rent,1,,,1,"status active and seen on or after 2026-10-02 (remax), 2026-10-02 (uprop), 2026-10-02 (psir), 2026-10-02 (cb), 2026-10-02 (prestige), 2026-09-25 (infocasas)"
d:caaguazu,Caaguazú,department,asking_active_listings,terreno,rent,1,,,1,"status active and seen on or after 2026-10-02 (remax), 2026-10-02 (uprop), 2026-10-02 (psir), 2026-10-02 (cb), 2026-10-02 (prestige), 2026-09-25 (infocasas)"
d:caaguazu,Caaguazú,department,asking_price_usd,terreno,sale,71202,32532,152496,44,"median ask, USD at SET mid 2026-10-08, sources with 90%+ asks: remax infocasas uprop cb psir prestige"
d:caaguazu,Caaguazú,department,asking_price_usd,casa,sale,,,,12,"suppressed, n below 20"
d:caaguazu,Caaguazú,department,asking_price_usd,rural,sale,,,,6,"suppressed, n below 20"
d:caaguazu,Caaguazú,department,asking_price_usd,otro,sale,,,,4,"suppressed, n below 20"
d:caaguazu,Caaguazú,department,asking_price_usd,local,sale,,,,1,"suppressed, n below 20"
d:caaguazu,Caaguazú,department,asking_usd_per_m2_built,casa,sale,,,,10,"suppressed, n below 20"
d:caaguazu,Caaguazú,department,asking_rent_usd_month,deposito,rent,,,,1,"suppressed, n below 20"
d:caaguazu,Caaguazú,department,asking_rent_usd_month,terreno,rent,,,,1,"suppressed, n below 20"
d:caaguazu,Caaguazú,department,asking_staleness_days,terreno,sale,341,,689,42,"days since source publish date, sources: remax prestige"
d:caaguazu,Caaguazú,department,asking_staleness_days,casa,sale,,,,11,"suppressed, n below 20"
d:caaguazu,Caaguazú,department,asking_staleness_days,otro,sale,,,,4,"suppressed, n below 20"
d:caaguazu,Caaguazú,department,asking_staleness_days,rural,sale,,,,4,"suppressed, n below 20"
d:caaguazu,Caaguazú,department,asking_flow_30d_cuts,,all,1,,,1,events 2026-09-10 to 2026-10-09
d:caaguazu,Caaguazú,department,asking_flow_30d_increases,,all,0,,,0,events 2026-09-10 to 2026-10-09
d:caaguazu,Caaguazú,department,asking_flow_30d_new,,all,4,,,4,events 2026-09-10 to 2026-10-09
d:caaguazu,Caaguazú,department,asking_flow_30d_delisted,,all,5,,,5,events 2026-09-10 to 2026-10-09
d:caaguazu,Caaguazú,department,asking_flow_30d_went_sold,,all,0,,,0,events 2026-09-10 to 2026-10-09
d:caaguazu,Caaguazú,department,asking_flow_30d_went_rented,,all,0,,,0,events 2026-09-10 to 2026-10-09
d:caaguazu,Caaguazú,department,asking_flow_30d_cuts,,sale,1,,,1,events 2026-09-10 to 2026-10-09
d:caaguazu,Caaguazú,department,asking_flow_30d_increases,,sale,0,,,0,events 2026-09-10 to 2026-10-09
d:caaguazu,Caaguazú,department,asking_flow_30d_new,,sale,4,,,4,events 2026-09-10 to 2026-10-09
d:caaguazu,Caaguazú,department,asking_flow_30d_delisted,,sale,3,,,3,events 2026-09-10 to 2026-10-09
d:caaguazu,Caaguazú,department,asking_flow_30d_went_sold,,sale,0,,,0,events 2026-09-10 to 2026-10-09
d:caaguazu,Caaguazú,department,asking_flow_30d_went_rented,,sale,0,,,0,events 2026-09-10 to 2026-10-09
d:caaguazu,Caaguazú,department,asking_flow_30d_cuts,,rent,0,,,0,events 2026-09-10 to 2026-10-09
d:caaguazu,Caaguazú,department,asking_flow_30d_increases,,rent,0,,,0,events 2026-09-10 to 2026-10-09
d:caaguazu,Caaguazú,department,asking_flow_30d_new,,rent,0,,,0,events 2026-09-10 to 2026-10-09
d:caaguazu,Caaguazú,department,asking_flow_30d_delisted,,rent,2,,,2,events 2026-09-10 to 2026-10-09
d:caaguazu,Caaguazú,department,asking_flow_30d_went_sold,,rent,0,,,0,events 2026-09-10 to 2026-10-09
d:caaguazu,Caaguazú,department,asking_flow_30d_went_rented,,rent,0,,,0,events 2026-09-10 to 2026-10-09
d:caaguazu,Caaguazú,department,reo_parcels_active,,sale,17,,,17,bank REO lists
d:caaguazu,Caaguazú,department,reo_parcels_priced,,sale,10,,,10,bank REO lists
d:caaguazu,Caaguazú,department,closed_ask_to_close_pct,all,sale,,,,3,insufficient closes
d:caaguazu,Caaguazú,department,closed_ask_to_close_pct,all,rent,,,,0,insufficient closes
d:misiones,Misiones,department,asking_listed_active,,,72,,,72,"status active on stock sources (remax uprop psir cb prestige infocasas), seen or not"
d:misiones,Misiones,department,asking_active_listings,casa,sale,15,,,15,"status active and seen on or after 2026-10-02 (remax), 2026-10-02 (uprop), 2026-10-02 (psir), 2026-10-02 (cb), 2026-10-02 (prestige), 2026-09-25 (infocasas)"
d:misiones,Misiones,department,asking_active_listings,terreno,sale,36,,,36,"status active and seen on or after 2026-10-02 (remax), 2026-10-02 (uprop), 2026-10-02 (psir), 2026-10-02 (cb), 2026-10-02 (prestige), 2026-09-25 (infocasas)"
d:misiones,Misiones,department,asking_active_listings,rural,sale,5,,,5,"status active and seen on or after 2026-10-02 (remax), 2026-10-02 (uprop), 2026-10-02 (psir), 2026-10-02 (cb), 2026-10-02 (prestige), 2026-09-25 (infocasas)"
d:misiones,Misiones,department,asking_active_listings,quinta,sale,1,,,1,"status active and seen on or after 2026-10-02 (remax), 2026-10-02 (uprop), 2026-10-02 (psir), 2026-10-02 (cb), 2026-10-02 (prestige), 2026-09-25 (infocasas)"
d:misiones,Misiones,department,asking_active_listings,otro,sale,4,,,4,"status active and seen on or after 2026-10-02 (remax), 2026-10-02 (uprop), 2026-10-02 (psir), 2026-10-02 (cb), 2026-10-02 (prestige), 2026-09-25 (infocasas)"
d:misiones,Misiones,department,asking_active_listings,deposito,sale,1,,,1,"status active and seen on or after 2026-10-02 (remax), 2026-10-02 (uprop), 2026-10-02 (psir), 2026-10-02 (cb), 2026-10-02 (prestige), 2026-09-25 (infocasas)"
d:misiones,Misiones,department,asking_active_listings,local,sale,2,,,2,"status active and seen on or after 2026-10-02 (remax), 2026-10-02 (uprop), 2026-10-02 (psir), 2026-10-02 (cb), 2026-10-02 (prestige), 2026-09-25 (infocasas)"
d:misiones,Misiones,department,asking_active_listings,casa,rent,1,,,1,"status active and seen on or after 2026-10-02 (remax), 2026-10-02 (uprop), 2026-10-02 (psir), 2026-10-02 (cb), 2026-10-02 (prestige), 2026-09-25 (infocasas)"
d:misiones,Misiones,department,asking_active_listings,deposito,rent,2,,,2,"status active and seen on or after 2026-10-02 (remax), 2026-10-02 (uprop), 2026-10-02 (psir), 2026-10-02 (cb), 2026-10-02 (prestige), 2026-09-25 (infocasas)"
d:misiones,Misiones,department,asking_price_usd,terreno,sale,33403,17581,92299,36,"median ask, USD at SET mid 2026-10-08, sources with 90%+ asks: remax infocasas uprop cb psir prestige"
d:misiones,Misiones,department,asking_price_usd,casa,sale,,,,15,"suppressed, n below 20"
d:misiones,Misiones,department,asking_price_usd,rural,sale,,,,5,"suppressed, n below 20"
d:misiones,Misiones,department,asking_price_usd,otro,sale,,,,4,"suppressed, n below 20"
d:misiones,Misiones,department,asking_price_usd,local,sale,,,,2,"suppressed, n below 20"
d:misiones,Misiones,department,asking_price_usd,deposito,sale,,,,1,"suppressed, n below 20"
d:misiones,Misiones,department,asking_price_usd,quinta,sale,,,,1,"suppressed, n below 20"
d:misiones,Misiones,department,asking_usd_per_m2_built,casa,sale,,,,14,"suppressed, n below 20"
d:misiones,Misiones,department,asking_usd_per_m2_built,local,sale,,,,1,"suppressed, n below 20"
d:misiones,Misiones,department,asking_rent_usd_month,deposito,rent,,,,2,"suppressed, n below 20"
d:misiones,Misiones,department,asking_rent_usd_month,casa,rent,,,,1,"suppressed, n below 20"
d:misiones,Misiones,department,asking_staleness_days,terreno,sale,368,,537,35,"days since source publish date, sources: remax prestige"
d:misiones,Misiones,department,asking_staleness_days,casa,sale,,,,15,"suppressed, n below 20"
d:misiones,Misiones,department,asking_staleness_days,otro,sale,,,,4,"suppressed, n below 20"
d:misiones,Misiones,department,asking_staleness_days,local,sale,,,,2,"suppressed, n below 20"
d:misiones,Misiones,department,asking_staleness_days,deposito,sale,,,,1,"suppressed, n below 20"
d:misiones,Misiones,department,asking_staleness_days,quinta,sale,,,,1,"suppressed, n below 20"
d:misiones,Misiones,department,asking_staleness_days,rural,sale,,,,1,"suppressed, n below 20"
d:misiones,Misiones,department,asking_flow_30d_cuts,,all,1,,,1,events 2026-09-10 to 2026-10-09
d:misiones,Misiones,department,asking_flow_30d_increases,,all,0,,,0,events 2026-09-10 to 2026-10-09
d:misiones,Misiones,department,asking_flow_30d_new,,all,4,,,4,events 2026-09-10 to 2026-10-09
d:misiones,Misiones,department,asking_flow_30d_delisted,,all,29,,,29,events 2026-09-10 to 2026-10-09
d:misiones,Misiones,department,asking_flow_30d_went_sold,,all,0,,,0,events 2026-09-10 to 2026-10-09
d:misiones,Misiones,department,asking_flow_30d_went_rented,,all,0,,,0,events 2026-09-10 to 2026-10-09
d:misiones,Misiones,department,asking_flow_30d_cuts,,sale,1,,,1,events 2026-09-10 to 2026-10-09
d:misiones,Misiones,department,asking_flow_30d_increases,,sale,0,,,0,events 2026-09-10 to 2026-10-09
d:misiones,Misiones,department,asking_flow_30d_new,,sale,4,,,4,events 2026-09-10 to 2026-10-09
d:misiones,Misiones,department,asking_flow_30d_delisted,,sale,24,,,24,events 2026-09-10 to 2026-10-09
d:misiones,Misiones,department,asking_flow_30d_went_sold,,sale,0,,,0,events 2026-09-10 to 2026-10-09
d:misiones,Misiones,department,asking_flow_30d_went_rented,,sale,0,,,0,events 2026-09-10 to 2026-10-09
d:misiones,Misiones,department,asking_flow_30d_cuts,,rent,0,,,0,events 2026-09-10 to 2026-10-09
d:misiones,Misiones,department,asking_flow_30d_increases,,rent,0,,,0,events 2026-09-10 to 2026-10-09
d:misiones,Misiones,department,asking_flow_30d_new,,rent,0,,,0,events 2026-09-10 to 2026-10-09
d:misiones,Misiones,department,asking_flow_30d_delisted,,rent,5,,,5,events 2026-09-10 to 2026-10-09
d:misiones,Misiones,department,asking_flow_30d_went_sold,,rent,0,,,0,events 2026-09-10 to 2026-10-09
d:misiones,Misiones,department,asking_flow_30d_went_rented,,rent,0,,,0,events 2026-09-10 to 2026-10-09
d:misiones,Misiones,department,reo_parcels_active,,sale,7,,,7,bank REO lists
d:misiones,Misiones,department,reo_parcels_priced,,sale,6,,,6,bank REO lists
d:misiones,Misiones,department,closed_ask_to_close_pct,all,sale,,,,3,insufficient closes
d:misiones,Misiones,department,closed_ask_to_close_pct,all,rent,,,,4,insufficient closes
d:guaira,Guairá,department,asking_listed_active,,,60,,,60,"status active on stock sources (remax uprop psir cb prestige infocasas), seen or not"
d:guaira,Guairá,department,asking_active_listings,rural,sale,1,,,1,"status active and seen on or after 2026-10-02 (remax), 2026-10-02 (uprop), 2026-10-02 (psir), 2026-10-02 (cb), 2026-10-02 (prestige), 2026-09-25 (infocasas)"
d:guaira,Guairá,department,asking_active_listings,casa,sale,4,,,4,"status active and seen on or after 2026-10-02 (remax), 2026-10-02 (uprop), 2026-10-02 (psir), 2026-10-02 (cb), 2026-10-02 (prestige), 2026-09-25 (infocasas)"
d:guaira,Guairá,department,asking_active_listings,quinta,sale,1,,,1,"status active and seen on or after 2026-10-02 (remax), 2026-10-02 (uprop), 2026-10-02 (psir), 2026-10-02 (cb), 2026-10-02 (prestige), 2026-09-25 (infocasas)"
d:guaira,Guairá,department,asking_active_listings,local,sale,1,,,1,"status active and seen on or after 2026-10-02 (remax), 2026-10-02 (uprop), 2026-10-02 (psir), 2026-10-02 (cb), 2026-10-02 (prestige), 2026-09-25 (infocasas)"
d:guaira,Guairá,department,asking_active_listings,otro,sale,4,,,4,"status active and seen on or after 2026-10-02 (remax), 2026-10-02 (uprop), 2026-10-02 (psir), 2026-10-02 (cb), 2026-10-02 (prestige), 2026-09-25 (infocasas)"
d:guaira,Guairá,department,asking_active_listings,terreno,sale,30,,,30,"status active and seen on or after 2026-10-02 (remax), 2026-10-02 (uprop), 2026-10-02 (psir), 2026-10-02 (cb), 2026-10-02 (prestige), 2026-09-25 (infocasas)"
d:guaira,Guairá,department,asking_active_listings,oficina,rent,1,,,1,"status active and seen on or after 2026-10-02 (remax), 2026-10-02 (uprop), 2026-10-02 (psir), 2026-10-02 (cb), 2026-10-02 (prestige), 2026-09-25 (infocasas)"
d:guaira,Guairá,department,asking_active_listings,departamento,rent,1,,,1,"status active and seen on or after 2026-10-02 (remax), 2026-10-02 (uprop), 2026-10-02 (psir), 2026-10-02 (cb), 2026-10-02 (prestige), 2026-09-25 (infocasas)"
d:guaira,Guairá,department,asking_price_usd,terreno,sale,26371,21909,43175,30,"median ask, USD at SET mid 2026-10-08, sources with 90%+ asks: remax infocasas uprop cb psir prestige"
d:guaira,Guairá,department,asking_price_usd,casa,sale,,,,4,"suppressed, n below 20"
d:guaira,Guairá,department,asking_price_usd,otro,sale,,,,4,"suppressed, n below 20"
d:guaira,Guairá,department,asking_price_usd,local,sale,,,,1,"suppressed, n below 20"
d:guaira,Guairá,department,asking_price_usd,quinta,sale,,,,1,"suppressed, n below 20"
d:guaira,Guairá,department,asking_price_usd,rural,sale,,,,1,"suppressed, n below 20"
d:guaira,Guairá,department,asking_usd_per_m2_built,casa,sale,,,,2,"suppressed, n below 20"
d:guaira,Guairá,department,asking_rent_usd_month,departamento,rent,,,,1,"suppressed, n below 20"
d:guaira,Guairá,department,asking_rent_usd_month,oficina,rent,,,,1,"suppressed, n below 20"
d:guaira,Guairá,department,asking_staleness_days,terreno,sale,186,,203,30,"days since source publish date, sources: remax prestige"
d:guaira,Guairá,department,asking_staleness_days,casa,sale,,,,4,"suppressed, n below 20"
d:guaira,Guairá,department,asking_staleness_days,otro,sale,,,,4,"suppressed, n below 20"
d:guaira,Guairá,department,asking_staleness_days,local,sale,,,,1,"suppressed, n below 20"
d:guaira,Guairá,department,asking_staleness_days,quinta,sale,,,,1,"suppressed, n below 20"
d:guaira,Guairá,department,asking_staleness_days,rural,sale,,,,1,"suppressed, n below 20"
d:guaira,Guairá,department,asking_flow_30d_cuts,,all,1,,,1,events 2026-09-10 to 2026-10-09
d:guaira,Guairá,department,asking_flow_30d_increases,,all,0,,,0,events 2026-09-10 to 2026-10-09
d:guaira,Guairá,department,asking_flow_30d_new,,all,8,,,8,events 2026-09-10 to 2026-10-09
d:guaira,Guairá,department,asking_flow_30d_delisted,,all,5,,,5,events 2026-09-10 to 2026-10-09
d:guaira,Guairá,department,asking_flow_30d_went_sold,,all,1,,,1,events 2026-09-10 to 2026-10-09
d:guaira,Guairá,department,asking_flow_30d_went_rented,,all,0,,,0,events 2026-09-10 to 2026-10-09
d:guaira,Guairá,department,asking_flow_30d_cuts,,sale,1,,,1,events 2026-09-10 to 2026-10-09
d:guaira,Guairá,department,asking_flow_30d_increases,,sale,0,,,0,events 2026-09-10 to 2026-10-09
d:guaira,Guairá,department,asking_flow_30d_new,,sale,8,,,8,events 2026-09-10 to 2026-10-09
d:guaira,Guairá,department,asking_flow_30d_delisted,,sale,4,,,4,events 2026-09-10 to 2026-10-09
d:guaira,Guairá,department,asking_flow_30d_went_sold,,sale,1,,,1,events 2026-09-10 to 2026-10-09
d:guaira,Guairá,department,asking_flow_30d_went_rented,,sale,0,,,0,events 2026-09-10 to 2026-10-09
d:guaira,Guairá,department,asking_flow_30d_cuts,,rent,0,,,0,events 2026-09-10 to 2026-10-09
d:guaira,Guairá,department,asking_flow_30d_increases,,rent,0,,,0,events 2026-09-10 to 2026-10-09
d:guaira,Guairá,department,asking_flow_30d_new,,rent,0,,,0,events 2026-09-10 to 2026-10-09
d:guaira,Guairá,department,asking_flow_30d_delisted,,rent,1,,,1,events 2026-09-10 to 2026-10-09
d:guaira,Guairá,department,asking_flow_30d_went_sold,,rent,0,,,0,events 2026-09-10 to 2026-10-09
d:guaira,Guairá,department,asking_flow_30d_went_rented,,rent,0,,,0,events 2026-09-10 to 2026-10-09
d:guaira,Guairá,department,reo_parcels_active,,sale,6,,,6,bank REO lists
d:guaira,Guairá,department,reo_parcels_priced,,sale,5,,,5,bank REO lists
d:guaira,Guairá,department,closed_ask_to_close_pct,all,sale,,,,3,insufficient closes
d:guaira,Guairá,department,closed_ask_to_close_pct,all,rent,,,,2,insufficient closes
d:san-pedro,San Pedro,department,asking_listed_active,,,42,,,42,"status active on stock sources (remax uprop psir cb prestige infocasas), seen or not"
d:san-pedro,San Pedro,department,asking_active_listings,rural,sale,2,,,2,"status active and seen on or after 2026-10-02 (remax), 2026-10-02 (uprop), 2026-10-02 (psir), 2026-10-02 (cb), 2026-10-02 (prestige), 2026-09-25 (infocasas)"
d:san-pedro,San Pedro,department,asking_active_listings,casa,sale,2,,,2,"status active and seen on or after 2026-10-02 (remax), 2026-10-02 (uprop), 2026-10-02 (psir), 2026-10-02 (cb), 2026-10-02 (prestige), 2026-09-25 (infocasas)"
d:san-pedro,San Pedro,department,asking_active_listings,otro,sale,3,,,3,"status active and seen on or after 2026-10-02 (remax), 2026-10-02 (uprop), 2026-10-02 (psir), 2026-10-02 (cb), 2026-10-02 (prestige), 2026-09-25 (infocasas)"
d:san-pedro,San Pedro,department,asking_active_listings,terreno,sale,26,,,26,"status active and seen on or after 2026-10-02 (remax), 2026-10-02 (uprop), 2026-10-02 (psir), 2026-10-02 (cb), 2026-10-02 (prestige), 2026-09-25 (infocasas)"
d:san-pedro,San Pedro,department,asking_active_listings,local,sale,1,,,1,"status active and seen on or after 2026-10-02 (remax), 2026-10-02 (uprop), 2026-10-02 (psir), 2026-10-02 (cb), 2026-10-02 (prestige), 2026-09-25 (infocasas)"
d:san-pedro,San Pedro,department,asking_price_usd,terreno,sale,140646,120000,240000,26,"median ask, USD at SET mid 2026-10-08, sources with 90%+ asks: remax infocasas uprop cb psir prestige"
d:san-pedro,San Pedro,department,asking_price_usd,otro,sale,,,,3,"suppressed, n below 20"
d:san-pedro,San Pedro,department,asking_price_usd,casa,sale,,,,2,"suppressed, n below 20"
d:san-pedro,San Pedro,department,asking_price_usd,rural,sale,,,,2,"suppressed, n below 20"
d:san-pedro,San Pedro,department,asking_price_usd,local,sale,,,,1,"suppressed, n below 20"
d:san-pedro,San Pedro,department,asking_usd_per_m2_built,casa,sale,,,,2,"suppressed, n below 20"
d:san-pedro,San Pedro,department,asking_staleness_days,terreno,sale,113,,234,22,"days since source publish date, sources: remax prestige"
d:san-pedro,San Pedro,department,asking_staleness_days,otro,sale,,,,3,"suppressed, n below 20"
d:san-pedro,San Pedro,department,asking_staleness_days,casa,sale,,,,2,"suppressed, n below 20"
d:san-pedro,San Pedro,department,asking_staleness_days,rural,sale,,,,2,"suppressed, n below 20"
d:san-pedro,San Pedro,department,asking_staleness_days,local,sale,,,,1,"suppressed, n below 20"
d:san-pedro,San Pedro,department,asking_flow_30d_cuts,,all,2,,,2,events 2026-09-10 to 2026-10-09
d:san-pedro,San Pedro,department,asking_flow_30d_increases,,all,0,,,0,events 2026-09-10 to 2026-10-09
d:san-pedro,San Pedro,department,asking_flow_30d_new,,all,1,,,1,events 2026-09-10 to 2026-10-09
d:san-pedro,San Pedro,department,asking_flow_30d_delisted,,all,1,,,1,events 2026-09-10 to 2026-10-09
d:san-pedro,San Pedro,department,asking_flow_30d_went_sold,,all,0,,,0,events 2026-09-10 to 2026-10-09
d:san-pedro,San Pedro,department,asking_flow_30d_went_rented,,all,0,,,0,events 2026-09-10 to 2026-10-09
d:san-pedro,San Pedro,department,asking_flow_30d_cuts,,sale,2,,,2,events 2026-09-10 to 2026-10-09
d:san-pedro,San Pedro,department,asking_flow_30d_increases,,sale,0,,,0,events 2026-09-10 to 2026-10-09
d:san-pedro,San Pedro,department,asking_flow_30d_new,,sale,1,,,1,events 2026-09-10 to 2026-10-09
d:san-pedro,San Pedro,department,asking_flow_30d_delisted,,sale,1,,,1,events 2026-09-10 to 2026-10-09
d:san-pedro,San Pedro,department,asking_flow_30d_went_sold,,sale,0,,,0,events 2026-09-10 to 2026-10-09
d:san-pedro,San Pedro,department,asking_flow_30d_went_rented,,sale,0,,,0,events 2026-09-10 to 2026-10-09
d:san-pedro,San Pedro,department,asking_flow_30d_cuts,,rent,0,,,0,events 2026-09-10 to 2026-10-09
d:san-pedro,San Pedro,department,asking_flow_30d_increases,,rent,0,,,0,events 2026-09-10 to 2026-10-09
d:san-pedro,San Pedro,department,asking_flow_30d_new,,rent,0,,,0,events 2026-09-10 to 2026-10-09
d:san-pedro,San Pedro,department,asking_flow_30d_delisted,,rent,0,,,0,events 2026-09-10 to 2026-10-09
d:san-pedro,San Pedro,department,asking_flow_30d_went_sold,,rent,0,,,0,events 2026-09-10 to 2026-10-09
d:san-pedro,San Pedro,department,asking_flow_30d_went_rented,,rent,0,,,0,events 2026-09-10 to 2026-10-09
d:san-pedro,San Pedro,department,reo_parcels_active,,sale,17,,,17,bank REO lists
d:san-pedro,San Pedro,department,reo_parcels_priced,,sale,14,,,14,bank REO lists
d:san-pedro,San Pedro,department,closed_ask_to_close_pct,all,sale,,,,2,insufficient closes
d:san-pedro,San Pedro,department,closed_ask_to_close_pct,all,rent,,,,0,insufficient closes
d:caazapa,Caazapá,department,asking_listed_active,,,35,,,35,"status active on stock sources (remax uprop psir cb prestige infocasas), seen or not"
d:caazapa,Caazapá,department,asking_active_listings,terreno,sale,7,,,7,"status active and seen on or after 2026-10-02 (remax), 2026-10-02 (uprop), 2026-10-02 (psir), 2026-10-02 (cb), 2026-10-02 (prestige), 2026-09-25 (infocasas)"
d:caazapa,Caazapá,department,asking_active_listings,rural,sale,3,,,3,"status active and seen on or after 2026-10-02 (remax), 2026-10-02 (uprop), 2026-10-02 (psir), 2026-10-02 (cb), 2026-10-02 (prestige), 2026-09-25 (infocasas)"
d:caazapa,Caazapá,department,asking_active_listings,casa,sale,2,,,2,"status active and seen on or after 2026-10-02 (remax), 2026-10-02 (uprop), 2026-10-02 (psir), 2026-10-02 (cb), 2026-10-02 (prestige), 2026-09-25 (infocasas)"
d:caazapa,Caazapá,department,asking_active_listings,deposito,sale,1,,,1,"status active and seen on or after 2026-10-02 (remax), 2026-10-02 (uprop), 2026-10-02 (psir), 2026-10-02 (cb), 2026-10-02 (prestige), 2026-09-25 (infocasas)"
d:caazapa,Caazapá,department,asking_active_listings,local,sale,2,,,2,"status active and seen on or after 2026-10-02 (remax), 2026-10-02 (uprop), 2026-10-02 (psir), 2026-10-02 (cb), 2026-10-02 (prestige), 2026-09-25 (infocasas)"
d:caazapa,Caazapá,department,asking_active_listings,otro,sale,6,,,6,"status active and seen on or after 2026-10-02 (remax), 2026-10-02 (uprop), 2026-10-02 (psir), 2026-10-02 (cb), 2026-10-02 (prestige), 2026-09-25 (infocasas)"
d:caazapa,Caazapá,department,asking_active_listings,casa,rent,3,,,3,"status active and seen on or after 2026-10-02 (remax), 2026-10-02 (uprop), 2026-10-02 (psir), 2026-10-02 (cb), 2026-10-02 (prestige), 2026-09-25 (infocasas)"
d:caazapa,Caazapá,department,asking_active_listings,otro,rent,1,,,1,"status active and seen on or after 2026-10-02 (remax), 2026-10-02 (uprop), 2026-10-02 (psir), 2026-10-02 (cb), 2026-10-02 (prestige), 2026-09-25 (infocasas)"
d:caazapa,Caazapá,department,asking_active_listings,local,rent,2,,,2,"status active and seen on or after 2026-10-02 (remax), 2026-10-02 (uprop), 2026-10-02 (psir), 2026-10-02 (cb), 2026-10-02 (prestige), 2026-09-25 (infocasas)"
d:caazapa,Caazapá,department,asking_price_usd,terreno,sale,,,,7,"suppressed, n below 20"
d:caazapa,Caazapá,department,asking_price_usd,otro,sale,,,,6,"suppressed, n below 20"
d:caazapa,Caazapá,department,asking_price_usd,rural,sale,,,,3,"suppressed, n below 20"
d:caazapa,Caazapá,department,asking_price_usd,casa,sale,,,,2,"suppressed, n below 20"
d:caazapa,Caazapá,department,asking_price_usd,local,sale,,,,2,"suppressed, n below 20"
d:caazapa,Caazapá,department,asking_price_usd,deposito,sale,,,,1,"suppressed, n below 20"
d:caazapa,Caazapá,department,asking_usd_per_m2_built,casa,sale,,,,2,"suppressed, n below 20"
d:caazapa,Caazapá,department,asking_usd_per_m2_built,local,sale,,,,2,"suppressed, n below 20"
d:caazapa,Caazapá,department,asking_rent_usd_month,casa,rent,,,,3,"suppressed, n below 20"
d:caazapa,Caazapá,department,asking_rent_usd_month,local,rent,,,,2,"suppressed, n below 20"
d:caazapa,Caazapá,department,asking_rent_usd_month,otro,rent,,,,1,"suppressed, n below 20"
d:caazapa,Caazapá,department,asking_staleness_days,terreno,sale,,,,7,"suppressed, n below 20"
d:caazapa,Caazapá,department,asking_staleness_days,otro,sale,,,,6,"suppressed, n below 20"
d:caazapa,Caazapá,department,asking_staleness_days,rural,sale,,,,3,"suppressed, n below 20"
d:caazapa,Caazapá,department,asking_staleness_days,casa,sale,,,,2,"suppressed, n below 20"
d:caazapa,Caazapá,department,asking_staleness_days,local,sale,,,,2,"suppressed, n below 20"
d:caazapa,Caazapá,department,asking_staleness_days,deposito,sale,,,,1,"suppressed, n below 20"
d:caazapa,Caazapá,department,asking_flow_30d_cuts,,all,0,,,0,events 2026-09-10 to 2026-10-09
d:caazapa,Caazapá,department,asking_flow_30d_increases,,all,0,,,0,events 2026-09-10 to 2026-10-09
d:caazapa,Caazapá,department,asking_flow_30d_new,,all,4,,,4,events 2026-09-10 to 2026-10-09
d:caazapa,Caazapá,department,asking_flow_30d_delisted,,all,2,,,2,events 2026-09-10 to 2026-10-09
d:caazapa,Caazapá,department,asking_flow_30d_went_sold,,all,0,,,0,events 2026-09-10 to 2026-10-09
d:caazapa,Caazapá,department,asking_flow_30d_went_rented,,all,0,,,0,events 2026-09-10 to 2026-10-09
d:caazapa,Caazapá,department,asking_flow_30d_cuts,,sale,0,,,0,events 2026-09-10 to 2026-10-09
d:caazapa,Caazapá,department,asking_flow_30d_increases,,sale,0,,,0,events 2026-09-10 to 2026-10-09
d:caazapa,Caazapá,department,asking_flow_30d_new,,sale,1,,,1,events 2026-09-10 to 2026-10-09
d:caazapa,Caazapá,department,asking_flow_30d_delisted,,sale,2,,,2,events 2026-09-10 to 2026-10-09
d:caazapa,Caazapá,department,asking_flow_30d_went_sold,,sale,0,,,0,events 2026-09-10 to 2026-10-09
d:caazapa,Caazapá,department,asking_flow_30d_went_rented,,sale,0,,,0,events 2026-09-10 to 2026-10-09
d:caazapa,Caazapá,department,asking_flow_30d_cuts,,rent,0,,,0,events 2026-09-10 to 2026-10-09
d:caazapa,Caazapá,department,asking_flow_30d_increases,,rent,0,,,0,events 2026-09-10 to 2026-10-09
d:caazapa,Caazapá,department,asking_flow_30d_new,,rent,3,,,3,events 2026-09-10 to 2026-10-09
d:caazapa,Caazapá,department,asking_flow_30d_delisted,,rent,0,,,0,events 2026-09-10 to 2026-10-09
d:caazapa,Caazapá,department,asking_flow_30d_went_sold,,rent,0,,,0,events 2026-09-10 to 2026-10-09
d:caazapa,Caazapá,department,asking_flow_30d_went_rented,,rent,0,,,0,events 2026-09-10 to 2026-10-09
d:caazapa,Caazapá,department,reo_parcels_active,,sale,57,,,57,bank REO lists
d:caazapa,Caazapá,department,reo_parcels_priced,,sale,51,,,51,bank REO lists
d:caazapa,Caazapá,department,closed_ask_to_close_pct,all,sale,,,,6,insufficient closes
d:caazapa,Caazapá,department,closed_ask_to_close_pct,all,rent,,,,3,insufficient closes
d:concepcion,Concepción,department,asking_listed_active,,,27,,,27,"status active on stock sources (remax uprop psir cb prestige infocasas), seen or not"
d:concepcion,Concepción,department,asking_active_listings,terreno,sale,9,,,9,"status active and seen on or after 2026-10-02 (remax), 2026-10-02 (uprop), 2026-10-02 (psir), 2026-10-02 (cb), 2026-10-02 (prestige), 2026-09-25 (infocasas)"
d:concepcion,Concepción,department,asking_active_listings,casa,sale,6,,,6,"status active and seen on or after 2026-10-02 (remax), 2026-10-02 (uprop), 2026-10-02 (psir), 2026-10-02 (cb), 2026-10-02 (prestige), 2026-09-25 (infocasas)"
d:concepcion,Concepción,department,asking_active_listings,local,sale,3,,,3,"status active and seen on or after 2026-10-02 (remax), 2026-10-02 (uprop), 2026-10-02 (psir), 2026-10-02 (cb), 2026-10-02 (prestige), 2026-09-25 (infocasas)"
d:concepcion,Concepción,department,asking_active_listings,rural,sale,2,,,2,"status active and seen on or after 2026-10-02 (remax), 2026-10-02 (uprop), 2026-10-02 (psir), 2026-10-02 (cb), 2026-10-02 (prestige), 2026-09-25 (infocasas)"
d:concepcion,Concepción,department,asking_active_listings,otro,sale,1,,,1,"status active and seen on or after 2026-10-02 (remax), 2026-10-02 (uprop), 2026-10-02 (psir), 2026-10-02 (cb), 2026-10-02 (prestige), 2026-09-25 (infocasas)"
d:concepcion,Concepción,department,asking_price_usd,terreno,sale,,,,9,"suppressed, n below 20"
d:concepcion,Concepción,department,asking_price_usd,casa,sale,,,,6,"suppressed, n below 20"
d:concepcion,Concepción,department,asking_price_usd,local,sale,,,,3,"suppressed, n below 20"
d:concepcion,Concepción,department,asking_price_usd,rural,sale,,,,2,"suppressed, n below 20"
d:concepcion,Concepción,department,asking_price_usd,otro,sale,,,,1,"suppressed, n below 20"
d:concepcion,Concepción,department,asking_usd_per_m2_built,casa,sale,,,,6,"suppressed, n below 20"
d:concepcion,Concepción,department,asking_usd_per_m2_built,local,sale,,,,1,"suppressed, n below 20"
d:concepcion,Concepción,department,asking_staleness_days,terreno,sale,,,,9,"suppressed, n below 20"
d:concepcion,Concepción,department,asking_staleness_days,casa,sale,,,,6,"suppressed, n below 20"
d:concepcion,Concepción,department,asking_staleness_days,local,sale,,,,3,"suppressed, n below 20"
d:concepcion,Concepción,department,asking_staleness_days,otro,sale,,,,1,"suppressed, n below 20"
d:concepcion,Concepción,department,asking_flow_30d_cuts,,all,1,,,1,events 2026-09-10 to 2026-10-09
d:concepcion,Concepción,department,asking_flow_30d_increases,,all,0,,,0,events 2026-09-10 to 2026-10-09
d:concepcion,Concepción,department,asking_flow_30d_new,,all,1,,,1,events 2026-09-10 to 2026-10-09
d:concepcion,Concepción,department,asking_flow_30d_delisted,,all,1,,,1,events 2026-09-10 to 2026-10-09
d:concepcion,Concepción,department,asking_flow_30d_went_sold,,all,0,,,0,events 2026-09-10 to 2026-10-09
d:concepcion,Concepción,department,asking_flow_30d_went_rented,,all,0,,,0,events 2026-09-10 to 2026-10-09
d:concepcion,Concepción,department,asking_flow_30d_cuts,,sale,1,,,1,events 2026-09-10 to 2026-10-09
d:concepcion,Concepción,department,asking_flow_30d_increases,,sale,0,,,0,events 2026-09-10 to 2026-10-09
d:concepcion,Concepción,department,asking_flow_30d_new,,sale,1,,,1,events 2026-09-10 to 2026-10-09
d:concepcion,Concepción,department,asking_flow_30d_delisted,,sale,1,,,1,events 2026-09-10 to 2026-10-09
d:concepcion,Concepción,department,asking_flow_30d_went_sold,,sale,0,,,0,events 2026-09-10 to 2026-10-09
d:concepcion,Concepción,department,asking_flow_30d_went_rented,,sale,0,,,0,events 2026-09-10 to 2026-10-09
d:concepcion,Concepción,department,asking_flow_30d_cuts,,rent,0,,,0,events 2026-09-10 to 2026-10-09
d:concepcion,Concepción,department,asking_flow_30d_increases,,rent,0,,,0,events 2026-09-10 to 2026-10-09
d:concepcion,Concepción,department,asking_flow_30d_new,,rent,0,,,0,events 2026-09-10 to 2026-10-09
d:concepcion,Concepción,department,asking_flow_30d_delisted,,rent,0,,,0,events 2026-09-10 to 2026-10-09
d:concepcion,Concepción,department,asking_flow_30d_went_sold,,rent,0,,,0,events 2026-09-10 to 2026-10-09
d:concepcion,Concepción,department,asking_flow_30d_went_rented,,rent,0,,,0,events 2026-09-10 to 2026-10-09
d:concepcion,Concepción,department,reo_parcels_active,,sale,20,,,20,bank REO lists
d:concepcion,Concepción,department,reo_parcels_priced,,sale,16,,,16,bank REO lists
d:concepcion,Concepción,department,closed_ask_to_close_pct,all,sale,,,,2,insufficient closes
d:concepcion,Concepción,department,closed_ask_to_close_pct,all,rent,,,,3,insufficient closes
d:canindeyu,Canindeyú,department,asking_listed_active,,,22,,,22,"status active on stock sources (remax uprop psir cb prestige infocasas), seen or not"
d:canindeyu,Canindeyú,department,asking_active_listings,local,sale,2,,,2,"status active and seen on or after 2026-10-02 (remax), 2026-10-02 (uprop), 2026-10-02 (psir), 2026-10-02 (cb), 2026-10-02 (prestige), 2026-09-25 (infocasas)"
d:canindeyu,Canindeyú,department,asking_active_listings,casa,sale,2,,,2,"status active and seen on or after 2026-10-02 (remax), 2026-10-02 (uprop), 2026-10-02 (psir), 2026-10-02 (cb), 2026-10-02 (prestige), 2026-09-25 (infocasas)"
d:canindeyu,Canindeyú,department,asking_active_listings,edificio,sale,1,,,1,"status active and seen on or after 2026-10-02 (remax), 2026-10-02 (uprop), 2026-10-02 (psir), 2026-10-02 (cb), 2026-10-02 (prestige), 2026-09-25 (infocasas)"
d:canindeyu,Canindeyú,department,asking_active_listings,rural,sale,1,,,1,"status active and seen on or after 2026-10-02 (remax), 2026-10-02 (uprop), 2026-10-02 (psir), 2026-10-02 (cb), 2026-10-02 (prestige), 2026-09-25 (infocasas)"
d:canindeyu,Canindeyú,department,asking_active_listings,deposito,sale,1,,,1,"status active and seen on or after 2026-10-02 (remax), 2026-10-02 (uprop), 2026-10-02 (psir), 2026-10-02 (cb), 2026-10-02 (prestige), 2026-09-25 (infocasas)"
d:canindeyu,Canindeyú,department,asking_active_listings,terreno,sale,12,,,12,"status active and seen on or after 2026-10-02 (remax), 2026-10-02 (uprop), 2026-10-02 (psir), 2026-10-02 (cb), 2026-10-02 (prestige), 2026-09-25 (infocasas)"
d:canindeyu,Canindeyú,department,asking_active_listings,casa,rent,1,,,1,"status active and seen on or after 2026-10-02 (remax), 2026-10-02 (uprop), 2026-10-02 (psir), 2026-10-02 (cb), 2026-10-02 (prestige), 2026-09-25 (infocasas)"
d:canindeyu,Canindeyú,department,asking_price_usd,terreno,sale,,,,12,"suppressed, n below 20"
d:canindeyu,Canindeyú,department,asking_price_usd,casa,sale,,,,2,"suppressed, n below 20"
d:canindeyu,Canindeyú,department,asking_price_usd,local,sale,,,,2,"suppressed, n below 20"
d:canindeyu,Canindeyú,department,asking_price_usd,deposito,sale,,,,1,"suppressed, n below 20"
d:canindeyu,Canindeyú,department,asking_price_usd,edificio,sale,,,,1,"suppressed, n below 20"
d:canindeyu,Canindeyú,department,asking_price_usd,rural,sale,,,,1,"suppressed, n below 20"
d:canindeyu,Canindeyú,department,asking_usd_per_m2_built,casa,sale,,,,2,"suppressed, n below 20"
d:canindeyu,Canindeyú,department,asking_usd_per_m2_built,local,sale,,,,2,"suppressed, n below 20"
d:canindeyu,Canindeyú,department,asking_rent_usd_month,casa,rent,,,,1,"suppressed, n below 20"
d:canindeyu,Canindeyú,department,asking_staleness_days,terreno,sale,,,,12,"suppressed, n below 20"
d:canindeyu,Canindeyú,department,asking_staleness_days,casa,sale,,,,2,"suppressed, n below 20"
d:canindeyu,Canindeyú,department,asking_staleness_days,local,sale,,,,2,"suppressed, n below 20"
d:canindeyu,Canindeyú,department,asking_staleness_days,deposito,sale,,,,1,"suppressed, n below 20"
d:canindeyu,Canindeyú,department,asking_staleness_days,edificio,sale,,,,1,"suppressed, n below 20"
d:canindeyu,Canindeyú,department,asking_staleness_days,rural,sale,,,,1,"suppressed, n below 20"
d:canindeyu,Canindeyú,department,asking_flow_30d_cuts,,all,0,,,0,events 2026-09-10 to 2026-10-09
d:canindeyu,Canindeyú,department,asking_flow_30d_increases,,all,0,,,0,events 2026-09-10 to 2026-10-09
d:canindeyu,Canindeyú,department,asking_flow_30d_new,,all,5,,,5,events 2026-09-10 to 2026-10-09
d:canindeyu,Canindeyú,department,asking_flow_30d_delisted,,all,1,,,1,events 2026-09-10 to 2026-10-09
d:canindeyu,Canindeyú,department,asking_flow_30d_went_sold,,all,0,,,0,events 2026-09-10 to 2026-10-09
d:canindeyu,Canindeyú,department,asking_flow_30d_went_rented,,all,0,,,0,events 2026-09-10 to 2026-10-09
d:canindeyu,Canindeyú,department,asking_flow_30d_cuts,,sale,0,,,0,events 2026-09-10 to 2026-10-09
d:canindeyu,Canindeyú,department,asking_flow_30d_increases,,sale,0,,,0,events 2026-09-10 to 2026-10-09
d:canindeyu,Canindeyú,department,asking_flow_30d_new,,sale,5,,,5,events 2026-09-10 to 2026-10-09
d:canindeyu,Canindeyú,department,asking_flow_30d_delisted,,sale,1,,,1,events 2026-09-10 to 2026-10-09
d:canindeyu,Canindeyú,department,asking_flow_30d_went_sold,,sale,0,,,0,events 2026-09-10 to 2026-10-09
d:canindeyu,Canindeyú,department,asking_flow_30d_went_rented,,sale,0,,,0,events 2026-09-10 to 2026-10-09
d:canindeyu,Canindeyú,department,asking_flow_30d_cuts,,rent,0,,,0,events 2026-09-10 to 2026-10-09
d:canindeyu,Canindeyú,department,asking_flow_30d_increases,,rent,0,,,0,events 2026-09-10 to 2026-10-09
d:canindeyu,Canindeyú,department,asking_flow_30d_new,,rent,0,,,0,events 2026-09-10 to 2026-10-09
d:canindeyu,Canindeyú,department,asking_flow_30d_delisted,,rent,0,,,0,events 2026-09-10 to 2026-10-09
d:canindeyu,Canindeyú,department,asking_flow_30d_went_sold,,rent,0,,,0,events 2026-09-10 to 2026-10-09
d:canindeyu,Canindeyú,department,asking_flow_30d_went_rented,,rent,0,,,0,events 2026-09-10 to 2026-10-09
d:canindeyu,Canindeyú,department,reo_parcels_active,,sale,16,,,16,bank REO lists
d:canindeyu,Canindeyú,department,reo_parcels_priced,,sale,11,,,11,bank REO lists
d:canindeyu,Canindeyú,department,closed_ask_to_close_pct,all,sale,,,,0,insufficient closes
d:canindeyu,Canindeyú,department,closed_ask_to_close_pct,all,rent,,,,0,insufficient closes
d:neembucu,Ñeembucú,department,asking_listed_active,,,27,,,27,"status active on stock sources (remax uprop psir cb prestige infocasas), seen or not"
d:neembucu,Ñeembucú,department,asking_active_listings,casa,sale,1,,,1,"status active and seen on or after 2026-10-02 (remax), 2026-10-02 (uprop), 2026-10-02 (psir), 2026-10-02 (cb), 2026-10-02 (prestige), 2026-09-25 (infocasas)"
d:neembucu,Ñeembucú,department,asking_active_listings,otro,sale,2,,,2,"status active and seen on or after 2026-10-02 (remax), 2026-10-02 (uprop), 2026-10-02 (psir), 2026-10-02 (cb), 2026-10-02 (prestige), 2026-09-25 (infocasas)"
d:neembucu,Ñeembucú,department,asking_active_listings,rural,sale,6,,,6,"status active and seen on or after 2026-10-02 (remax), 2026-10-02 (uprop), 2026-10-02 (psir), 2026-10-02 (cb), 2026-10-02 (prestige), 2026-09-25 (infocasas)"
d:neembucu,Ñeembucú,department,asking_active_listings,terreno,sale,11,,,11,"status active and seen on or after 2026-10-02 (remax), 2026-10-02 (uprop), 2026-10-02 (psir), 2026-10-02 (cb), 2026-10-02 (prestige), 2026-09-25 (infocasas)"
d:neembucu,Ñeembucú,department,asking_price_usd,terreno,sale,,,,11,"suppressed, n below 20"
d:neembucu,Ñeembucú,department,asking_price_usd,rural,sale,,,,6,"suppressed, n below 20"
d:neembucu,Ñeembucú,department,asking_price_usd,otro,sale,,,,2,"suppressed, n below 20"
d:neembucu,Ñeembucú,department,asking_price_usd,casa,sale,,,,1,"suppressed, n below 20"
d:neembucu,Ñeembucú,department,asking_usd_per_m2_built,casa,sale,,,,1,"suppressed, n below 20"
d:neembucu,Ñeembucú,department,asking_staleness_days,terreno,sale,,,,11,"suppressed, n below 20"
d:neembucu,Ñeembucú,department,asking_staleness_days,rural,sale,,,,5,"suppressed, n below 20"
d:neembucu,Ñeembucú,department,asking_staleness_days,otro,sale,,,,2,"suppressed, n below 20"
d:neembucu,Ñeembucú,department,asking_staleness_days,casa,sale,,,,1,"suppressed, n below 20"
d:neembucu,Ñeembucú,department,asking_flow_30d_cuts,,all,0,,,0,events 2026-09-10 to 2026-10-09
d:neembucu,Ñeembucú,department,asking_flow_30d_increases,,all,0,,,0,events 2026-09-10 to 2026-10-09
d:neembucu,Ñeembucú,department,asking_flow_30d_new,,all,2,,,2,events 2026-09-10 to 2026-10-09
d:neembucu,Ñeembucú,department,asking_flow_30d_delisted,,all,1,,,1,events 2026-09-10 to 2026-10-09
d:neembucu,Ñeembucú,department,asking_flow_30d_went_sold,,all,0,,,0,events 2026-09-10 to 2026-10-09
d:neembucu,Ñeembucú,department,asking_flow_30d_went_rented,,all,0,,,0,events 2026-09-10 to 2026-10-09
d:neembucu,Ñeembucú,department,asking_flow_30d_cuts,,sale,0,,,0,events 2026-09-10 to 2026-10-09
d:neembucu,Ñeembucú,department,asking_flow_30d_increases,,sale,0,,,0,events 2026-09-10 to 2026-10-09
d:neembucu,Ñeembucú,department,asking_flow_30d_new,,sale,2,,,2,events 2026-09-10 to 2026-10-09
d:neembucu,Ñeembucú,department,asking_flow_30d_delisted,,sale,1,,,1,events 2026-09-10 to 2026-10-09
d:neembucu,Ñeembucú,department,asking_flow_30d_went_sold,,sale,0,,,0,events 2026-09-10 to 2026-10-09
d:neembucu,Ñeembucú,department,asking_flow_30d_went_rented,,sale,0,,,0,events 2026-09-10 to 2026-10-09
d:neembucu,Ñeembucú,department,asking_flow_30d_cuts,,rent,0,,,0,events 2026-09-10 to 2026-10-09
d:neembucu,Ñeembucú,department,asking_flow_30d_increases,,rent,0,,,0,events 2026-09-10 to 2026-10-09
d:neembucu,Ñeembucú,department,asking_flow_30d_new,,rent,0,,,0,events 2026-09-10 to 2026-10-09
d:neembucu,Ñeembucú,department,asking_flow_30d_delisted,,rent,0,,,0,events 2026-09-10 to 2026-10-09
d:neembucu,Ñeembucú,department,asking_flow_30d_went_sold,,rent,0,,,0,events 2026-09-10 to 2026-10-09
d:neembucu,Ñeembucú,department,asking_flow_30d_went_rented,,rent,0,,,0,events 2026-09-10 to 2026-10-09
d:neembucu,Ñeembucú,department,reo_parcels_active,,sale,1,,,1,bank REO lists
d:neembucu,Ñeembucú,department,reo_parcels_priced,,sale,1,,,1,bank REO lists
d:neembucu,Ñeembucú,department,closed_ask_to_close_pct,all,sale,,,,0,insufficient closes
d:neembucu,Ñeembucú,department,closed_ask_to_close_pct,all,rent,,,,0,insufficient closes
d:amambay,Amambay,department,asking_listed_active,,,19,,,19,"status active on stock sources (remax uprop psir cb prestige infocasas), seen or not"
d:amambay,Amambay,department,asking_active_listings,casa,sale,1,,,1,"status active and seen on or after 2026-10-02 (remax), 2026-10-02 (uprop), 2026-10-02 (psir), 2026-10-02 (cb), 2026-10-02 (prestige), 2026-09-25 (infocasas)"
d:amambay,Amambay,department,asking_active_listings,terreno,sale,12,,,12,"status active and seen on or after 2026-10-02 (remax), 2026-10-02 (uprop), 2026-10-02 (psir), 2026-10-02 (cb), 2026-10-02 (prestige), 2026-09-25 (infocasas)"
d:amambay,Amambay,department,asking_price_usd,terreno,sale,,,,12,"suppressed, n below 20"
d:amambay,Amambay,department,asking_price_usd,casa,sale,,,,1,"suppressed, n below 20"
d:amambay,Amambay,department,asking_staleness_days,terreno,sale,,,,12,"suppressed, n below 20"
d:amambay,Amambay,department,asking_staleness_days,casa,sale,,,,1,"suppressed, n below 20"
d:amambay,Amambay,department,asking_flow_30d_cuts,,all,1,,,1,events 2026-09-10 to 2026-10-09
d:amambay,Amambay,department,asking_flow_30d_increases,,all,0,,,0,events 2026-09-10 to 2026-10-09
d:amambay,Amambay,department,asking_flow_30d_new,,all,2,,,2,events 2026-09-10 to 2026-10-09
d:amambay,Amambay,department,asking_flow_30d_delisted,,all,0,,,0,events 2026-09-10 to 2026-10-09
d:amambay,Amambay,department,asking_flow_30d_went_sold,,all,1,,,1,events 2026-09-10 to 2026-10-09
d:amambay,Amambay,department,asking_flow_30d_went_rented,,all,0,,,0,events 2026-09-10 to 2026-10-09
d:amambay,Amambay,department,asking_flow_30d_cuts,,sale,1,,,1,events 2026-09-10 to 2026-10-09
d:amambay,Amambay,department,asking_flow_30d_increases,,sale,0,,,0,events 2026-09-10 to 2026-10-09
d:amambay,Amambay,department,asking_flow_30d_new,,sale,2,,,2,events 2026-09-10 to 2026-10-09
d:amambay,Amambay,department,asking_flow_30d_delisted,,sale,0,,,0,events 2026-09-10 to 2026-10-09
d:amambay,Amambay,department,asking_flow_30d_went_sold,,sale,1,,,1,events 2026-09-10 to 2026-10-09
d:amambay,Amambay,department,asking_flow_30d_went_rented,,sale,0,,,0,events 2026-09-10 to 2026-10-09
d:amambay,Amambay,department,asking_flow_30d_cuts,,rent,0,,,0,events 2026-09-10 to 2026-10-09
d:amambay,Amambay,department,asking_flow_30d_increases,,rent,0,,,0,events 2026-09-10 to 2026-10-09
d:amambay,Amambay,department,asking_flow_30d_new,,rent,0,,,0,events 2026-09-10 to 2026-10-09
d:amambay,Amambay,department,asking_flow_30d_delisted,,rent,0,,,0,events 2026-09-10 to 2026-10-09
d:amambay,Amambay,department,asking_flow_30d_went_sold,,rent,0,,,0,events 2026-09-10 to 2026-10-09
d:amambay,Amambay,department,asking_flow_30d_went_rented,,rent,0,,,0,events 2026-09-10 to 2026-10-09
d:amambay,Amambay,department,reo_parcels_active,,sale,15,,,15,bank REO lists
d:amambay,Amambay,department,reo_parcels_priced,,sale,14,,,14,bank REO lists
d:amambay,Amambay,department,closed_ask_to_close_pct,all,sale,,,,0,insufficient closes
d:amambay,Amambay,department,closed_ask_to_close_pct,all,rent,,,,0,insufficient closes
d:alto-paraguay,Alto Paraguay,department,asking_listed_active,,,11,,,11,"status active on stock sources (remax uprop psir cb prestige infocasas), seen or not"
d:alto-paraguay,Alto Paraguay,department,asking_active_listings,casa,sale,1,,,1,"status active and seen on or after 2026-10-02 (remax), 2026-10-02 (uprop), 2026-10-02 (psir), 2026-10-02 (cb), 2026-10-02 (prestige), 2026-09-25 (infocasas)"
d:alto-paraguay,Alto Paraguay,department,asking_active_listings,terreno,sale,2,,,2,"status active and seen on or after 2026-10-02 (remax), 2026-10-02 (uprop), 2026-10-02 (psir), 2026-10-02 (cb), 2026-10-02 (prestige), 2026-09-25 (infocasas)"
d:alto-paraguay,Alto Paraguay,department,asking_active_listings,rural,sale,6,,,6,"status active and seen on or after 2026-10-02 (remax), 2026-10-02 (uprop), 2026-10-02 (psir), 2026-10-02 (cb), 2026-10-02 (prestige), 2026-09-25 (infocasas)"
d:alto-paraguay,Alto Paraguay,department,asking_price_usd,rural,sale,,,,6,"suppressed, n below 20"
d:alto-paraguay,Alto Paraguay,department,asking_price_usd,terreno,sale,,,,2,"suppressed, n below 20"
d:alto-paraguay,Alto Paraguay,department,asking_price_usd,casa,sale,,,,1,"suppressed, n below 20"
d:alto-paraguay,Alto Paraguay,department,asking_usd_per_m2_built,casa,sale,,,,1,"suppressed, n below 20"
d:alto-paraguay,Alto Paraguay,department,asking_staleness_days,rural,sale,,,,4,"suppressed, n below 20"
d:alto-paraguay,Alto Paraguay,department,asking_staleness_days,terreno,sale,,,,2,"suppressed, n below 20"
d:alto-paraguay,Alto Paraguay,department,asking_staleness_days,casa,sale,,,,1,"suppressed, n below 20"
d:alto-paraguay,Alto Paraguay,department,asking_flow_30d_cuts,,all,1,,,1,events 2026-09-10 to 2026-10-09
d:alto-paraguay,Alto Paraguay,department,asking_flow_30d_increases,,all,0,,,0,events 2026-09-10 to 2026-10-09
d:alto-paraguay,Alto Paraguay,department,asking_flow_30d_new,,all,0,,,0,events 2026-09-10 to 2026-10-09
d:alto-paraguay,Alto Paraguay,department,asking_flow_30d_delisted,,all,3,,,3,events 2026-09-10 to 2026-10-09
d:alto-paraguay,Alto Paraguay,department,asking_flow_30d_went_sold,,all,0,,,0,events 2026-09-10 to 2026-10-09
d:alto-paraguay,Alto Paraguay,department,asking_flow_30d_went_rented,,all,0,,,0,events 2026-09-10 to 2026-10-09
d:alto-paraguay,Alto Paraguay,department,asking_flow_30d_cuts,,sale,1,,,1,events 2026-09-10 to 2026-10-09
d:alto-paraguay,Alto Paraguay,department,asking_flow_30d_increases,,sale,0,,,0,events 2026-09-10 to 2026-10-09
d:alto-paraguay,Alto Paraguay,department,asking_flow_30d_new,,sale,0,,,0,events 2026-09-10 to 2026-10-09
d:alto-paraguay,Alto Paraguay,department,asking_flow_30d_delisted,,sale,3,,,3,events 2026-09-10 to 2026-10-09
d:alto-paraguay,Alto Paraguay,department,asking_flow_30d_went_sold,,sale,0,,,0,events 2026-09-10 to 2026-10-09
d:alto-paraguay,Alto Paraguay,department,asking_flow_30d_went_rented,,sale,0,,,0,events 2026-09-10 to 2026-10-09
d:alto-paraguay,Alto Paraguay,department,asking_flow_30d_cuts,,rent,0,,,0,events 2026-09-10 to 2026-10-09
d:alto-paraguay,Alto Paraguay,department,asking_flow_30d_increases,,rent,0,,,0,events 2026-09-10 to 2026-10-09
d:alto-paraguay,Alto Paraguay,department,asking_flow_30d_new,,rent,0,,,0,events 2026-09-10 to 2026-10-09
d:alto-paraguay,Alto Paraguay,department,asking_flow_30d_delisted,,rent,0,,,0,events 2026-09-10 to 2026-10-09
d:alto-paraguay,Alto Paraguay,department,asking_flow_30d_went_sold,,rent,0,,,0,events 2026-09-10 to 2026-10-09
d:alto-paraguay,Alto Paraguay,department,asking_flow_30d_went_rented,,rent,0,,,0,events 2026-09-10 to 2026-10-09
d:alto-paraguay,Alto Paraguay,department,reo_parcels_active,,sale,1,,,1,bank REO lists
d:alto-paraguay,Alto Paraguay,department,reo_parcels_priced,,sale,0,,,0,bank REO lists
d:alto-paraguay,Alto Paraguay,department,closed_ask_to_close_pct,all,sale,,,,2,insufficient closes
d:alto-paraguay,Alto Paraguay,department,closed_ask_to_close_pct,all,rent,,,,0,insufficient closes
