rank,place,barrio,kind,area_m2,area_figure,bedrooms,bathrooms,asking_usd,asking_native,currency,score,part_cuts,part_staleness,part_ask,part_relist,days_listed,share_of_recent_closes_that_took_fewer_days,recent_closes_median_days,cuts_seen,cut_depth,ask_usd_m2,segment_median_terminal_ask_usd_m2,ask_m2_share_below,relisted_below_earlier_ask,listings,source,url,department_market,city_market
1,"San Lorenzo, Central",,casa,100,built,3,3,171590.08,999000000,PYG,0.739,0.75,0.9577,1,0,661,0.9577,140,1,0.112,1715.9,551.23,1,0,1,remax,https://www.remax.com.py/es-py/propiedades/casa/venta/san-lorenzo/143096015-25,Central,San Lorenzo
2,"Luque, Central",,casa,140,built,3,3,180000,180000,USD,0.729,1,0.5714,1,0,158,0.5714,140,2,0.1818,1285.71,551.23,0.9944,0,1,remax,https://www.remax.com.py/es-py/propiedades/casa/venta/luque/143063190-399,Central,Luque
3,Asunción,Madame Lynch,departamento,66,total,1,1,151800,151800,USD,0.716,0.75,0.9564,0.8949,0,526,0.9564,66.5,1,0.452,2300,1671.33,0.858,0,1,remax,https://www.remax.com.py/es-py/propiedades/departamento/venta/asuncion/143098011-261,Asunción,
4,"Lambaré, Central",,terreno,385.77,land,,,77292.83,450000000,PYG,0.694,0.75,0.8791,0.8858,0,375,0.8791,126,1,0.1,200.36,93.41,0.8543,0,1,remax,https://www.remax.com.py/es-py/propiedades/terreno/venta/lambare/143071088-7,Central,Lambaré
5,"Ciudad del Este, Alto Paraná",,terreno,420,land,,,90000,90000,USD,0.682,0.75,0.7851,0.9451,0,228,0.7851,130,1,0.1,214.29,80.9,0.878,0,1,remax,https://www.remax.com.py/es-py/propiedades/terreno/venta/ciudad-del-este/143107016-7,Alto Paraná,Ciudad del Este
6,"Luque, Central",,duplex,126,built,3,3,137409.47,800000000,PYG,0.674,0.5441,1,1,0,947,1,150,1,0.0588,1090.55,740.46,0.9434,0,1,remax,https://www.remax.com.py/es-py/propiedades/duplex/venta/luque/143063147-37,Central,Luque
7,"Encarnación, Itapúa",,terreno,500,land,,,110000,110000,USD,0.67,0.6667,0.8125,1,0,718,0.8125,286.5,1,0.0833,220,80.44,0.9767,0,1,remax,https://www.remax.com.py/es-py/propiedades/terreno/venta/encarnacion/143085033-11,Itapúa,Encarnación
8,Asunción,Recoleta,terreno,340,land,3,3,221572.77,1290000000,PYG,0.655,0.593,1,0.8245,0,1521,1,155.5,1,0.0686,651.68,428.57,0.8298,0,1,remax,https://www.remax.com.py/es-py/propiedades/terreno/venta/asuncion/143054072-2,Asunción,
9,Asunción,Ycuá Satí,departamento,47,built,1,1,90000,90000,USD,0.643,0.75,0.8077,0.7341,0,262,0.8077,66.5,1,0.1,1914.89,1402.44,0.7937,0,1,remax,https://www.remax.com.py/es-py/propiedades/departamento/venta/asuncion/143061077-18,Asunción,
10,"Ciudad del Este, Alto Paraná",,departamento,77,total,2,2,155000,155000,USD,0.624,0.4363,0.9589,1,0,227,0.9589,20,1,0.0373,2012.99,1209.87,0.9524,0,1,remax,https://www.remax.com.py/es-py/propiedades/departamento/venta/ciudad-del-este/143050056-187,Alto Paraná,Ciudad del Este
11,"Cambyretá, Itapúa",,casa,69,built,2,1,68704.74,400000000,PYG,0.62,0.75,0.6538,0.8152,0,241,0.6538,178,1,0.1111,995.72,537.5,0.8261,0,1,remax,https://www.remax.com.py/es-py/propiedades/casa/venta/cambyreta/143011111-2,Itapúa,
12,"Encarnación, Itapúa",,terreno,952,land,,,111645.2,650000000,PYG,0.606,0.75,0.7188,0.6686,0,489,0.7188,286.5,1,0.2353,117.27,80.44,0.7674,0,1,remax,https://www.remax.com.py/es-py/propiedades/terreno/venta/encarnacion/143032009-146,Itapúa,Encarnación
13,"San Bernardino, Cordillera",,terreno,612.5,land,,,37787.6,220000000,PYG,0.606,0.5692,0.7059,1,0,238,0.7059,146,1,0.0638,61.69,23.03,0.913,0,1,remax,https://www.remax.com.py/es-py/propiedades/terreno/venta/san-bernardino/143106004-23,Cordillera,San Bernardino
14,"Altos, Cordillera",,casa,193,built,3,3,200000,200000,USD,0.6,0.4881,0.9655,0.787,0,758,0.9655,160,1,0.0476,1036.27,739.88,0.8148,0,1,remax,https://www.remax.com.py/es-py/propiedades/casa/venta/altos/143056036-48,Cordillera,Altos
15,"Fernando de la Mora, Central",,casa,208,built,5,3,309171.31,1800000000,PYG,0.587,0.7274,0.4127,1,0,121,0.4127,140,1,0.0955,1486.4,551.23,1,0,1,remax,https://www.remax.com.py/es-py/propiedades/casa/venta/fernando-de-la-mora/143108002-6,Central,Fernando de la Mora
16,Asunción,Loma Pytá,casa,280,built,4,5,350000,350000,USD,0.585,0.75,0.4091,0.9559,0,149,0.4091,189.5,1,0.1139,1250,649.09,0.8824,0,1,remax,https://www.remax.com.py/es-py/propiedades/casa/venta/asuncion/143025175-32,Asunción,
17,"Areguá, Central",,terreno,1357,land,,4,240466.57,1400000000,PYG,0.576,0.5833,0.7712,0.7533,0,227,0.7712,126,1,0.0667,177.2,93.41,0.8013,0,1,remax,https://www.remax.com.py/es-py/propiedades/terreno/venta/aregua/143063129-71,Central,Areguá
18,"San Lorenzo, Central",,terreno,720,land,,,94469.01,550000000,PYG,0.566,0.6667,0.8529,0.4553,0,333,0.8529,126,1,0.0833,131.21,93.41,0.6821,0,1,remax,https://www.remax.com.py/es-py/propiedades/terreno/venta/san-lorenzo/143094036-31,Central,San Lorenzo
19,"Lambaré, Central",,terreno,372,land,,,56681.41,330000000,PYG,0.565,0.75,0.6797,0.5215,0,189,0.6797,126,1,0.1316,152.37,93.41,0.7086,0,1,remax,https://www.remax.com.py/es-py/propiedades/terreno/venta/lambare/143063094-261,Central,Lambaré
20,"San Bernardino, Cordillera",,terreno,764.4,land,,,49810.93,290000000,PYG,0.56,0.4167,0.7451,1,0,259,0.7451,146,1,0.0333,65.16,23.03,0.9565,0,1,remax,https://www.remax.com.py/es-py/propiedades/terreno/venta/san-bernardino/143097041-11,Cordillera,San Bernardino
21,"Ciudad del Este, Alto Paraná",,terreno,558,land,,,200000,200000,USD,0.559,0.75,0.2727,1,0,43,0.2727,130,1,0.1304,358.42,80.9,0.9756,0,1,remax,https://www.remax.com.py/es-py/propiedades/terreno/venta/ciudad-del-este/143050035-128,Alto Paraná,Ciudad del Este
22,"Fernando de la Mora, Central",,casa,220,built,3,4,154413.89,899000000,PYG,0.558,0.5184,0.9841,0.5139,0,793,0.9841,140,1,0.0537,701.88,551.23,0.7056,0,1,remax,https://www.remax.com.py/es-py/propiedades/casa/venta/fernando-de-la-mora/143036040-219,Central,Fernando de la Mora
23,"San Bernardino, Cordillera",,terreno,360,land,,,44658.08,260000000,PYG,0.557,0.6886,0.3529,1,0,67,0.3529,146,1,0.0877,124.05,23.03,0.9565,0,1,remax,https://www.remax.com.py/es-py/propiedades/terreno/venta/san-bernardino/143036099-64,Cordillera,San Bernardino
24,"Ciudad del Este, Alto Paraná",,terreno,787,land,,,280000,280000,USD,0.552,0.75,0.2479,1,0,39,0.2479,130,1,0.125,355.78,80.9,0.9756,0,1,remax,https://www.remax.com.py/es-py/propiedades/terreno/venta/ciudad-del-este/143050035-129,Alto Paraná,Ciudad del Este
25,"Lambaré, Central",,casa,180,built,3,2,130000,130000,USD,0.55,0.75,,0.6111,0,,,140,1,0.1333,722.22,551.23,0.7444,0,1,infocasas,https://www.infocasas.com.py/casa-familiar-con-terreno-de-579m2-ideal-para-inversion-inmobiliaria/193414667,Central,Lambaré
26,"San Bernardino, Cordillera",,terreno,1470,land,,,85880.92,500000000,PYG,0.547,0.7045,0.3529,0.9239,0,67,0.3529,146,1,0.0909,58.42,23.03,0.8696,0,1,remax,https://www.remax.com.py/es-py/propiedades/terreno/venta/san-bernardino/143054126-73,Cordillera,San Bernardino
27,"Fernando de la Mora, Central",,casa,300,built,3,5,343523.68,2000000000,PYG,0.542,0.7272,0.2434,1,0,71,0.2434,140,1,0.0954,1145.08,551.23,0.9833,0,1,remax,https://www.remax.com.py/es-py/propiedades/casa/venta/fernando-de-la-mora/143094028-55,Central,Fernando de la Mora
28,"Limpio, Central",,terreno,583,land,,,85880.92,500000000,PYG,0.541,0.75,0.6013,0.505,0,157,0.6013,126,1,0.1071,147.31,93.41,0.702,0,1,remax,https://www.remax.com.py/es-py/propiedades/terreno/venta/limpio/143019036-41,Central,Limpio
29,"Capitán Carmelo Peralta, Alto Paraguay",,casa,150,built,5,2,154585.65,900000000,PYG,0.535,0.5389,0.5476,0.9135,0,177,0.5476,155,1,0.0578,1030.57,585.35,0.8654,0,1,remax,https://www.remax.com.py/es-py/propiedades/casa/venta/capitan-carmelo-peralta/143016034-22,Alto Paraguay,
30,"Encarnación, Itapúa",,terreno,439,land,,,48093.31,280000000,PYG,0.533,0.5833,0.7656,0.5523,0,617,0.7656,286.5,1,0.0667,109.55,80.44,0.7209,0,1,remax,https://www.remax.com.py/es-py/propiedades/terreno/venta/encarnacion/143032061-94,Itapúa,Encarnación
31,"Lambaré, Central",,duplex,120,built,4,4,137237.71,799000000,PYG,0.522,0.4076,0.6119,1,0,206,0.6119,150,1,0.0315,1143.65,740.46,0.9623,0,1,remax,https://www.remax.com.py/es-py/propiedades/duplex/venta/lambare/143063094-259,Central,Lambaré
32,"San Lorenzo, Central",,casa,200,built,6,2,188938.02,1100000000,PYG,0.522,0.75,0.1323,1,0,43,0.1323,140,1,0.1538,944.69,551.23,0.9111,0,1,remax,https://www.remax.com.py/es-py/propiedades/casa/venta/san-lorenzo/143108009-24,Central,San Lorenzo
33,Asunción,Catedral,casa,317.45,built,4,3,135691.85,790000000,PYG,0.522,0.75,0.9318,0,0,684,0.9318,189.5,1,0.1222,427.44,649.09,0.1765,0,1,remax,https://www.remax.com.py/es-py/propiedades/casa/venta/asuncion/143028009-115,Asunción,
34,"Luque, Central",,casa,330,built,3,3,214702.3,1250000000,PYG,0.519,0.75,0.6561,0.3333,0,220,0.6561,140,1,0.1379,650.61,551.23,0.6333,0,1,remax,https://www.remax.com.py/es-py/propiedades/casa/venta/luque/143063238-3,Central,Luque
35,"Luque, Central",,departamento,60,total,2,2,87000,87000,USD,0.512,0.75,0.7107,0.2315,0,122,0.7107,48,1,0.1122,1450,1331.81,0.5926,0,1,remax,https://www.remax.com.py/es-py/propiedades/departamento/venta/luque/143063172-31,Central,Luque
36,Asunción,Manorá,departamento,65,built,2,2,150000,150000,USD,0.509,0.5625,0.3692,0.9722,0,38,0.3692,66.5,1,0.0625,2307.69,1402.44,0.8889,0,3,remax,https://www.remax.com.py/es-py/propiedades/departamento/venta/asuncion/143072119-134,Asunción,
37,"Ciudad del Este, Alto Paraná",,terreno,664,land,,,54963.79,320000000,PYG,0.502,0.6786,0.9339,0.0305,0,407,0.9339,130,1,0.0857,82.78,80.9,0.5122,0,1,remax,https://www.remax.com.py/es-py/propiedades/terreno/venta/ciudad-del-este/143025205-12,Alto Paraná,Ciudad del Este
38,"Caacupé, Cordillera",,casa,350,built,5,3,118515.67,690000000,PYG,0.502,0.8691,0.6897,0,0,231,0.6897,160,3,0.0738,338.62,739.88,0.037,0,1,remax,https://www.remax.com.py/es-py/propiedades/casa/venta/caacupe/143094043-26,Cordillera,Caacupé
39,Asunción,Trinidad,casa,160,built,2,2,249054.67,1450000000,PYG,0.494,0.4167,,1,0,,,189.5,1,0.0333,1556.59,649.09,0.9765,0,1,infocasas,https://www.infocasas.com.py/vendo-chalet-a-remodelar-zona-trinidad/193914271,Asunción,
40,"Luque, Central",,casa,65,built,2,1,51356.79,299000000,PYG,0.486,0.5781,0.3704,0.8333,0,107,0.3704,140,1,0.0656,790.1,551.23,0.8333,0,1,remax,https://www.remax.com.py/es-py/propiedades/casa/venta/luque/114006001-289,Central,Luque
41,Asunción,Ycuá Satí,departamento,100,total,2,2,111645.2,650000000,PYG,0.485,0.6071,0.9949,0,0,1486,0.9949,66.5,1,0.0714,1116.45,1671.33,0.1364,0,1,remax,https://www.remax.com.py/es-py/propiedades/departamento/venta/asuncion/143038002-155,Asunción,
42,"Encarnación, Itapúa",,casa,290,built,3,3,235000,235000,USD,0.483,0.55,0.5,0.7065,0,176,0.5,178,1,0.06,810.34,537.5,0.7826,0,1,remax,https://www.remax.com.py/es-py/propiedades/casa/venta/encarnacion/143011109-11,Itapúa,Encarnación
43,"Capiatá, Central",,casa,85,built,3,1,61834.26,360000000,PYG,0.482,0.5132,0.6138,0.625,0,189,0.6138,140,1,0.0526,727.46,551.23,0.75,0,1,remax,https://www.remax.com.py/es-py/propiedades/casa/venta/capiata/143061066-35,Central,Capiatá
44,Asunción,Ycuá Satí,departamento,67.45,total,1,1,90000,90000,USD,0.482,0.6582,0.9103,0,0,402,0.9103,66.5,1,0.0816,1334.32,1671.33,0.2273,0,1,remax,https://www.remax.com.py/es-py/propiedades/departamento/venta/asuncion/143061015-128,Asunción,
45,"Luque, Central",,casa,136,built,4,2,93610.2,545000000,PYG,0.479,0.5919,0.6138,0.4722,0,189,0.6138,140,1,0.0684,688.31,551.23,0.6889,0,1,remax,https://www.remax.com.py/es-py/propiedades/casa/venta/luque/143096049-10,Central,Luque
46,"Encarnación, Itapúa",,terreno,489,land,,,121000,121000,USD,0.474,0,1,1,0,2486,1,286.5,0,0,247.44,80.44,0.9767,0,2,remax,https://www.remax.com.py/es-py/propiedades/terreno/venta/encarnacion/143011036-28,Itapúa,Encarnación
47,"Encarnación, Itapúa",,terreno,519,land,,,200000,200000,USD,0.474,0,1,1,0,3084,1,286.5,0,0,385.36,80.44,0.9767,0,1,remax,https://www.remax.com.py/es-py/propiedades/terreno/venta/encarnacion/143011003-131,Itapúa,Encarnación
48,"Luque, Central",,casa,94.5,built,2,2,88000,88000,USD,0.474,0,1,1,0,1654,1,140,0,0,931.22,551.23,0.9111,0,1,remax,https://www.remax.com.py/es-py/propiedades/casa/venta/luque/143098126-287,Central,Luque
49,"Mariano Roque Alonso, Central",,duplex,150,built,3,3,185000,185000,USD,0.474,0,1,1,0,1443,1,150,0,0,1233.33,740.46,0.9623,0,1,remax,https://www.remax.com.py/es-py/propiedades/duplex/venta/mariano-roque-alonso/143046003-168,Central,Mariano Roque Alonso
50,"San Juan del Paraná, Itapúa",,casa,225,built,3,3,290000,290000,USD,0.474,0,1,1,0,2275,1,178,0,0,1288.89,537.5,0.9565,0,1,remax,https://www.remax.com.py/es-py/propiedades/casa/venta/san-juan-del-parana/143011036-37,Itapúa,San Juan del Paraná
51,"Encarnación, Itapúa",,terreno,433,land,,,188938.02,1100000000,PYG,0.474,0,1,1,0,2913,1,286.5,0,0,436.35,80.44,0.9767,0,1,remax,https://www.remax.com.py/es-py/propiedades/terreno/venta/encarnacion/143011024-54,Itapúa,Encarnación
52,"Encarnación, Itapúa",,casa,220,built,3,3,290000,290000,USD,0.474,0,1,1,0,1782,1,178,0,0,1318.18,537.5,0.9565,0,1,remax,https://www.remax.com.py/es-py/propiedades/casa/venta/encarnacion/143085001-224,Itapúa,Encarnación
53,"Encarnación, Itapúa",,casa,170,built,4,2,210000,210000,USD,0.474,0,1,1,0,1737,1,178,0,0,1235.29,537.5,0.913,0,1,remax,https://www.remax.com.py/es-py/propiedades/casa/venta/encarnacion/143085001-226,Itapúa,Encarnación
54,"Luque, Central",,casa,83.17,built,2,2,83000,83000,USD,0.474,0,1,1,0,1654,1,140,0,0,997.96,551.23,0.9278,0,1,remax,https://www.remax.com.py/es-py/propiedades/casa/venta/luque/143098126-288,Central,Luque
55,"San Bernardino, Cordillera",,terreno,455.53,land,,,30573.61,178000000,PYG,0.474,0,1,1,0,1340,1,146,0,0,67.12,23.03,0.9565,0,1,remax,https://www.remax.com.py/es-py/propiedades/terreno/venta/san-bernardino/143038046-40,Cordillera,San Bernardino
56,"Altos, Cordillera",,terreno,720,land,,,51528.55,300000000,PYG,0.474,0,1,1,0,1443,1,146,0,0,71.57,23.03,0.9565,0,1,remax,https://www.remax.com.py/es-py/propiedades/terreno/venta/altos/143063116-6,Cordillera,Altos
57,"San Bernardino, Cordillera",,terreno,1260,land,,,80000,80000,USD,0.474,0,1,1,0,1533,1,146,0,0,63.49,23.03,0.913,0,1,remax,https://www.remax.com.py/es-py/propiedades/terreno/venta/san-bernardino/143063136-135,Cordillera,San Bernardino
58,"Luque, Central",,duplex,111,built,3,3,139127.09,810000000,PYG,0.474,0,1,1,0,947,1,150,0,0,1253.4,740.46,0.9623,0,1,remax,https://www.remax.com.py/es-py/propiedades/duplex/venta/luque/143063147-36,Central,Luque
59,"Luque, Central",,duplex,160.7,built,3,3,170044.22,990000000,PYG,0.474,0,1,1,0,937,1,150,0,0,1058.15,740.46,0.9434,0,1,remax,https://www.remax.com.py/es-py/propiedades/duplex/venta/luque/143028009-100,Central,Luque
60,"San Bernardino, Cordillera",,terreno,2244,land,,,138756.08,807840000,PYG,0.474,0,1,1,0,1821,1,146,0,0,61.83,23.03,0.913,0,1,remax,https://www.remax.com.py/es-py/propiedades/terreno/venta/san-bernardino/143098009-351,Cordillera,San Bernardino
61,"Luque, Central",,terreno,465,land,,,125386.14,730000000,PYG,0.473,0,0.9967,1,0,925,0.9967,126,0,0,269.65,93.41,0.9205,0,1,remax,https://www.remax.com.py/es-py/propiedades/terreno/venta/luque/143005074-22,Central,Luque
62,"Fernando de la Mora, Central",,terreno,436,land,3,4,195000,195000,USD,0.473,0,0.9967,1,0,1108,0.9967,126,0,0,447.25,93.41,0.9934,0,1,remax,https://www.remax.com.py/es-py/propiedades/terreno/venta/fernando-de-la-mora/143063068-70,Central,Fernando de la Mora
63,"Luque, Central",,terreno,511,land,,,164000,164000,USD,0.473,0,0.9967,1,0,1087,0.9967,126,0,0,320.94,93.41,0.9404,0,1,remax,https://www.remax.com.py/es-py/propiedades/terreno/venta/luque/143063190-392,Central,Luque
64,"Luque, Central",,terreno,568,land,,,204480,204480,USD,0.473,0,0.9967,1,0,983,0.9967,126,0,0,360,93.41,0.947,0,1,remax,https://www.remax.com.py/es-py/propiedades/terreno/venta/luque/143063071-23,Central,Luque
65,"Areguá, Central",,terreno,363,land,,,15458.57,90000000,PYG,0.472,0.75,0.7451,0,0,220,0.7451,126,1,0.1429,42.59,93.41,0.1788,0,1,remax,https://www.remax.com.py/es-py/propiedades/terreno/venta/aregua/143061056-143,Central,Areguá
66,Asunción,Carmelitas,departamento,52,built,1,1,140000,140000,USD,0.472,0,0.9949,1,0,1267,0.9949,66.5,0,0,2692.31,1402.44,0.9683,0,1,remax,https://www.remax.com.py/es-py/propiedades/departamento/venta/asuncion/143063116-15,Asunción,
67,"Lambaré, Central",,casa,140,built,3,3,153726.85,895000000,PYG,0.472,0,0.9947,1,0,926,0.9947,140,0,0,1098.05,551.23,0.9611,0,1,remax,https://www.remax.com.py/es-py/propiedades/casa/venta/lambare/143100058-2,Central,Lambaré
68,"Luque, Central",,casa,224,built,4,4,274818.94,1600000000,PYG,0.472,0,0.9947,1,0,916,0.9947,140,0,0,1226.87,551.23,0.9889,0,1,remax,https://www.remax.com.py/es-py/propiedades/casa/venta/luque/143063002-210,Central,Luque
69,"Luque, Central",,casa,170,built,3,3,211267.06,1230000000,PYG,0.472,0,0.9947,1,0,970,0.9947,140,0,0,1242.75,551.23,0.9889,0,1,remax,https://www.remax.com.py/es-py/propiedades/casa/venta/luque/143010117-54,Central,Luque
70,"Luque, Central",,casa,137,built,3,3,200102.54,1165000000,PYG,0.472,0,0.9947,1,0,916,0.9947,140,0,0,1460.6,551.23,1,0,1,remax,https://www.remax.com.py/es-py/propiedades/casa/venta/luque/143063002-208,Central,Luque
71,"Ñemby, Central",,casa,371,built,4,5,360000,360000,USD,0.472,0,0.9947,1,0,925,0.9947,140,0,0,970.35,551.23,0.9222,0,1,remax,https://www.remax.com.py/es-py/propiedades/casa/venta/nemby/143063109-60,Central,Ñemby
72,"Luque, Central",,casa,156,built,3,3,274818.94,1600000000,PYG,0.472,0,0.9947,1,0,916,0.9947,140,0,0,1761.66,551.23,1,0,1,remax,https://www.remax.com.py/es-py/propiedades/casa/venta/luque/143063002-209,Central,Luque
73,"Fernando de la Mora, Central",,casa,150,built,3,3,145000,145000,USD,0.472,0,0.9947,1,0,876,0.9947,140,0,0,966.67,551.23,0.9222,0,1,remax,https://www.remax.com.py/es-py/propiedades/casa/venta/fernando-de-la-mora/143005083-11,Central,Fernando de la Mora
74,"Lambaré, Central",,casa,86.1,built,3,2,91033.77,530000000,PYG,0.472,0,0.9947,1,0,1015,0.9947,140,0,0,1057.3,551.23,0.95,0,1,remax,https://www.remax.com.py/es-py/propiedades/casa/venta/lambare/143010040-232,Central,Lambaré
75,"Luque, Central",,casa,204,built,2,4,199000,199000,USD,0.472,0,0.9947,1,0,1138,0.9947,140,0,0,975.49,551.23,0.9222,0,1,remax,https://www.remax.com.py/es-py/propiedades/casa/venta/luque/143054048-58,Central,Luque
76,"Itauguá, Central",,terreno,374,land,,,20267.9,118000000,PYG,0.472,0.7115,0.7974,0,0,259,0.7974,126,1,0.0923,54.19,93.41,0.2583,0,1,remax,https://www.remax.com.py/es-py/propiedades/terreno/venta/itaugua/143036126-36,Central,Itauguá
77,"Lambaré, Central",,terreno,384,land,3,2,106492.34,620000000,PYG,0.472,0,0.9935,1,0,821,0.9935,126,0,0,277.32,93.41,0.9272,0,1,remax,https://www.remax.com.py/es-py/propiedades/terreno/venta/lambare/143010155-61,Central,Lambaré
78,"Ciudad del Este, Alto Paraná",,terreno,371.2,land,,,164032.56,955000000,PYG,0.472,0,0.9917,1,0,932,0.9917,130,0,0,441.9,80.9,1,0,1,remax,https://www.remax.com.py/es-py/propiedades/terreno/venta/ciudad-del-este/143080045-38,Alto Paraná,Ciudad del Este
79,"Luque, Central",,terreno,877,land,,,377876.04,2200000000,PYG,0.471,0,0.9902,1,0,759,0.9902,126,0,0,430.87,93.41,0.9868,0,2,remax,https://www.remax.com.py/es-py/propiedades/terreno/venta/luque/143013001-109,Central,Luque
80,"San Lorenzo, Central",,terreno,403,land,8,7,108209.96,630000000,PYG,0.471,0,0.9902,1,0,772,0.9902,126,0,0,268.51,93.41,0.9205,0,1,remax,https://www.remax.com.py/es-py/propiedades/terreno/venta/san-lorenzo/143010138-214,Central,San Lorenzo
81,"Fernando de la Mora, Central",,terreno,360,land,,,94469.01,550000000,PYG,0.471,0,0.9902,1,0,780,0.9902,126,0,0,262.41,93.41,0.9139,0,1,remax,https://www.remax.com.py/es-py/propiedades/terreno/venta/fernando-de-la-mora/143025148-158,Central,Fernando de la Mora
82,"Ciudad del Este, Alto Paraná",,casa,72,built,2,2,102885.34,599000000,PYG,0.471,0.6423,0.0909,1,0,42,0.0909,178.5,1,0.0785,1428.96,693.27,0.9189,0,1,remax,https://www.remax.com.py/es-py/propiedades/casa/venta/ciudad-del-este/143050129-65,Alto Paraná,Ciudad del Este
83,Asunción,Manorá,departamento,46,total,1,1,125000,125000,USD,0.471,0,0.9897,1,0,843,0.9897,66.5,0,0,2717.39,1671.33,0.9716,0,1,remax,https://www.remax.com.py/es-py/propiedades/departamento/venta/asuncion/143098021-22,Asunción,
84,Asunción,San Cristóbal,casa,200,built,4,2,340000,340000,USD,0.471,0,0.9886,1,0,1800,0.9886,189.5,0,0,1700,649.09,0.9765,0,1,remax,https://www.remax.com.py/es-py/propiedades/casa/venta/asuncion/143080002-10,Asunción,
85,"Ciudad del Este, Alto Paraná",,departamento,44,total,1,1,69900,69900,USD,0.47,0,0.9863,1,0,540,0.9863,20,0,0,1588.64,1209.87,0.9048,0,1,remax,https://www.remax.com.py/es-py/propiedades/departamento/venta/ciudad-del-este/143099001-4,Alto Paraná,Ciudad del Este
86,"Villa Elisa, Central",,casa,142,built,4,2,180349.93,1050000000,PYG,0.47,0.4773,0.3175,1,0,94,0.3175,140,1,0.0455,1270.07,551.23,0.9944,0,1,remax,https://www.remax.com.py/es-py/propiedades/casa/venta/villa-elisa/143080232-11,Central,Villa Elisa
87,"Encarnación, Itapúa",,terreno,650,land,,,200000,200000,USD,0.47,0,0.9844,1,0,1781,0.9844,286.5,0,0,307.69,80.44,0.9767,0,1,remax,https://www.remax.com.py/es-py/propiedades/terreno/venta/encarnacion/143011043-88,Itapúa,Encarnación
88,"Encarnación, Itapúa",,terreno,520,land,,,170000,170000,USD,0.47,0,0.9844,1,0,1866,0.9844,286.5,0,0,326.92,80.44,0.9767,0,1,remax,https://www.remax.com.py/es-py/propiedades/terreno/venta/encarnacion/143011008-209,Itapúa,Encarnación
89,"Encarnación, Itapúa",,terreno,430,land,,1,360000,360000,USD,0.47,0,0.9844,1,0,1963,0.9844,286.5,0,0,837.21,80.44,1,0,1,remax,https://www.remax.com.py/es-py/propiedades/terreno/venta/encarnacion/143011036-51,Itapúa,Encarnación
90,"Encarnación, Itapúa",,terreno,650,land,,,145000,145000,USD,0.47,0,0.9844,1,0,2036,0.9844,286.5,0,0,223.08,80.44,0.9767,0,1,remax,https://www.remax.com.py/es-py/propiedades/terreno/venta/encarnacion/143011030-87,Itapúa,Encarnación
91,"Encarnación, Itapúa",,terreno,1300,land,,,290000,290000,USD,0.47,0,0.9844,1,0,2043,0.9844,286.5,0,0,223.08,80.44,0.9767,0,1,remax,https://www.remax.com.py/es-py/propiedades/terreno/venta/encarnacion/143011030-86,Itapúa,Encarnación
92,"Encarnación, Itapúa",,terreno,844,land,,,185502.79,1080000000,PYG,0.47,0,0.9844,1,0,1695,0.9844,286.5,0,0,219.79,80.44,0.9767,0,1,remax,https://www.remax.com.py/es-py/propiedades/terreno/venta/encarnacion/143011043-93,Itapúa,Encarnación
93,"Lambaré, Central",,casa,100,built,3,2,106492.34,620000000,PYG,0.47,0,0.9841,1,0,821,0.9841,140,0,0,1064.92,551.23,0.95,0,1,remax,https://www.remax.com.py/es-py/propiedades/casa/venta/lambare/143010155-62,Central,Lambaré
94,"Luque, Central",,casa,210,built,3,3,205255.4,1195000000,PYG,0.47,0,0.9841,1,0,808,0.9841,140,0,0,977.41,551.23,0.9222,0,1,remax,https://www.remax.com.py/es-py/propiedades/casa/venta/luque/143098017-46,Central,Luque
95,"Luque, Central",,departamento,51,built,2,1,85000,85000,USD,0.469,0,0.9835,1,0,1002,0.9835,48,0,0,1666.67,1104.4,0.9355,0,1,remax,https://www.remax.com.py/es-py/propiedades/departamento/venta/luque/143098017-13,Central,Luque
96,"Altos, Cordillera",,terreno,768,land,,,220000,220000,USD,0.469,0,0.9804,1,0,1109,0.9804,146,0,0,286.46,23.03,1,0,1,remax,https://www.remax.com.py/es-py/propiedades/terreno/venta/altos/143028003-130,Cordillera,Altos
97,"San Bernardino, Cordillera",,terreno,868,land,,,73786,73786,USD,0.469,0,0.9804,1,0,1145,0.9804,146,0,0,85.01,23.03,0.9565,0,1,remax,https://www.remax.com.py/es-py/propiedades/terreno/venta/san-bernardino/143005065-1,Cordillera,San Bernardino
98,"San Bernardino, Cordillera",,terreno,680,land,,,96186.63,560000000,PYG,0.469,0,0.9804,1,0,1022,0.9804,146,0,0,141.45,23.03,1,0,1,remax,https://www.remax.com.py/es-py/propiedades/terreno/venta/san-bernardino/143013007-59,Cordillera,San Bernardino
99,"San Bernardino, Cordillera",,terreno,506,land,,,30917.13,180000000,PYG,0.469,0,0.9804,1,0,892,0.9804,146,0,0,61.1,23.03,0.913,0,1,remax,https://www.remax.com.py/es-py/propiedades/terreno/venta/san-bernardino/143072073-9,Cordillera,San Bernardino
100,"San Bernardino, Cordillera",,terreno,597.27,land,,,69700,69700,USD,0.469,0,0.9804,1,0,820,0.9804,146,0,0,116.7,23.03,0.9565,0,1,remax,https://www.remax.com.py/es-py/propiedades/terreno/venta/san-bernardino/143010040-251,Cordillera,San Bernardino
101,"San Bernardino, Cordillera",,terreno,1492,land,,,92256.72,537120000,PYG,0.469,0,0.9804,1,0,830,0.9804,146,0,0,61.83,23.03,0.913,0,1,remax,https://www.remax.com.py/es-py/propiedades/terreno/venta/san-bernardino/143098009-593,Cordillera,San Bernardino
102,"San Bernardino, Cordillera",,terreno,913,land,,,77580,77580,USD,0.469,0,0.9804,1,0,1142,0.9804,146,0,0,84.97,23.03,0.9565,0,1,remax,https://www.remax.com.py/es-py/propiedades/terreno/venta/san-bernardino/143005065-2,Cordillera,San Bernardino
103,"San Bernardino, Cordillera",,terreno,1005,land,,,68851,68851,USD,0.469,0,0.9804,1,0,1142,0.9804,146,0,0,68.51,23.03,0.9565,0,1,remax,https://www.remax.com.py/es-py/propiedades/terreno/venta/san-bernardino/143005065-3,Cordillera,San Bernardino
104,"San Bernardino, Cordillera",,terreno,1250,land,,,110000,110000,USD,0.469,0,0.9804,1,0,1136,0.9804,146,0,0,88,23.03,0.9565,0,1,remax,https://www.remax.com.py/es-py/propiedades/terreno/venta/san-bernardino/143094012-3,Cordillera,San Bernardino
105,"Mariano Roque Alonso, Central",,casa,98,built,2,1,77292.83,450000000,PYG,0.468,0.75,0.0741,0.8194,0,19,0.0741,140,1,0.2437,788.7,551.23,0.8278,0,1,remax,https://www.remax.com.py/es-py/propiedades/casa/venta/mariano-roque-alonso/143068074-56,Central,Mariano Roque Alonso
106,Asunción,Recoleta,departamento,47,total,1,1,115000,115000,USD,0.468,0,0.9795,1,0,756,0.9795,66.5,0,0,2446.81,1671.33,0.9091,0,1,remax,https://www.remax.com.py/es-py/propiedades/departamento/venta/asuncion/143010001-696,Asunción,
107,"Limpio, Central",,casa,180,built,4,3,185000,185000,USD,0.468,0,0.9788,1,0,767,0.9788,140,0,0,1027.78,551.23,0.9444,0,1,remax,https://www.remax.com.py/es-py/propiedades/casa/venta/limpio/143063147-56,Central,Limpio
108,"Luque, Central",,casa,65,built,2,1,68505.97,398842813,PYG,0.468,0,0.9788,1,0,772,0.9788,140,0,0,1053.94,551.23,0.95,0,1,remax,https://www.remax.com.py/es-py/propiedades/casa/venta/luque/143032070-1,Central,Luque
109,"Limpio, Central",,casa,140,built,3,3,140000,140000,USD,0.468,0,0.9788,1,0,767,0.9788,140,0,0,1000,551.23,0.9278,0,1,remax,https://www.remax.com.py/es-py/propiedades/casa/venta/limpio/143063147-55,Central,Limpio
110,"Limpio, Central",,casa,100,built,2,2,115000,115000,USD,0.468,0,0.9788,1,0,770,0.9788,140,0,0,1150,551.23,0.9833,0,1,remax,https://www.remax.com.py/es-py/propiedades/casa/venta/limpio/143063147-54,Central,Limpio
111,"San Lorenzo, Central",,casa,195,built,2,2,175000,175000,USD,0.468,0,1,0.9722,0,1619,1,140,0,0,897.44,551.23,0.8889,0,1,remax,https://www.remax.com.py/es-py/propiedades/casa/venta/san-lorenzo/143080002-42,Central,San Lorenzo
112,"Luque, Central",,terreno,667,land,,,213000,213000,USD,0.467,0,0.9739,1,0,722,0.9739,126,0,0,319.34,93.41,0.9404,0,1,remax,https://www.remax.com.py/es-py/propiedades/terreno/venta/luque/143063179-6,Central,Luque
113,"San Lorenzo, Central",,duplex,175,built,3,4,164891.36,960000000,PYG,0.467,0,1,0.967,0,1315,1,150,0,0,942.24,740.46,0.8868,0,1,remax,https://www.remax.com.py/es-py/propiedades/duplex/venta/san-lorenzo/143005060-18,Central,San Lorenzo
114,"Presidente Franco, Alto Paraná",,departamento,77,total,3,2,147000,147000,USD,0.466,0,0.9726,1,0,330,0.9726,20,0,0,1909.09,1209.87,0.9524,0,2,remax,https://www.remax.com.py/es-py/propiedades/departamento/venta/presidente-franco/143050056-157,Alto Paraná,
115,"Presidente Franco, Alto Paraná",,departamento,68,total,2,1,138500,138500,USD,0.466,0,0.9726,1,0,330,0.9726,20,0,0,2036.76,1209.87,0.9524,0,2,remax,https://www.remax.com.py/es-py/propiedades/departamento/venta/presidente-franco/143050056-156,Alto Paraná,
116,"Luque, Central",,terreno,507,land,,,38646.41,225000000,PYG,0.466,0.75,0.7222,0,0,207,0.7222,126,1,0.1,76.23,93.41,0.404,0,1,remax,https://www.remax.com.py/es-py/propiedades/terreno/venta/luque/143046080-5,Central,Luque
117,"Fernando de la Mora, Central",,terreno,1283,land,1,1,315000,315000,USD,0.466,0,0.9967,0.9685,0,946,0.9967,126,0,0,245.52,93.41,0.8874,0,1,remax,https://www.remax.com.py/es-py/propiedades/terreno/venta/fernando-de-la-mora/143005023-136,Central,Fernando de la Mora
118,"Fernando de la Mora, Central",,terreno,620.49,land,,,290000,290000,USD,0.466,0,0.9706,1,0,658,0.9706,126,0,0,467.37,93.41,0.9934,0,1,remax,https://www.remax.com.py/es-py/propiedades/terreno/venta/fernando-de-la-mora/143071054-444,Central,Fernando de la Mora
119,"Fernando de la Mora, Central",,terreno,614,land,,,214000,214000,USD,0.466,0,0.9706,1,0,655,0.9706,126,0,0,348.53,93.41,0.947,0,1,remax,https://www.remax.com.py/es-py/propiedades/terreno/venta/fernando-de-la-mora/143071054-446,Central,Fernando de la Mora
120,"Lambaré, Central",,terreno,737,land,2,2,214702.3,1250000000,PYG,0.466,0,0.9706,1,0,701,0.9706,126,0,0,291.32,93.41,0.9404,0,1,remax,https://www.remax.com.py/es-py/propiedades/terreno/venta/lambare/143098118-6,Central,Lambaré
121,"Luque, Central",,duplex,142,built,3,2,145997.56,850000000,PYG,0.466,0,0.9701,1,0,791,0.9701,150,0,0,1028.15,740.46,0.9057,0,1,remax,https://www.remax.com.py/es-py/propiedades/duplex/venta/luque/143005023-174,Central,Luque
122,Asunción,Ycuá Satí,departamento,48,built,1,1,112000,112000,USD,0.466,0,0.9923,0.9722,0,892,0.9923,66.5,0,0,2333.33,1402.44,0.8889,0,1,remax,https://www.remax.com.py/es-py/propiedades/departamento/venta/asuncion/143080002-248,Asunción,
123,"San Bernardino, Cordillera",,casa,107.62,built,3,2,165000,165000,USD,0.466,0.3971,0.4138,1,0,109,0.4138,160,1,0.0294,1533.17,739.88,1,0,1,remax,https://www.remax.com.py/es-py/propiedades/casa/venta/san-bernardino/143061061-160,Cordillera,San Bernardino
124,"Ypacaraí, Central",,terreno,1088.25,land,,,34008.84,198000000,PYG,0.466,0.75,0.719,0,0,205,0.719,126,1,0.1818,31.25,93.41,0.0662,0,1,remax,https://www.remax.com.py/es-py/propiedades/terreno/venta/ypacarai/143061085-21,Central,Ypacaraí
125,"Encarnación, Itapúa",,terreno,648,land,,,158020.89,920000000,PYG,0.465,0,0.9688,1,0,1555,0.9688,286.5,0,0,243.86,80.44,0.9767,0,1,remax,https://www.remax.com.py/es-py/propiedades/terreno/venta/encarnacion/143011036-64,Itapúa,Encarnación
126,"Encarnación, Itapúa",,terreno,450,land,,,95000,95000,USD,0.465,0,0.9688,1,0,1516,0.9688,286.5,0,0,211.11,80.44,0.9767,0,1,remax,https://www.remax.com.py/es-py/propiedades/terreno/venta/encarnacion/143085019-183,Itapúa,Encarnación
127,"Encarnación, Itapúa",,terreno,815,land,1,1,274818.94,1600000000,PYG,0.465,0,0.9688,1,0,1424,0.9688,286.5,0,0,337.2,80.44,0.9767,0,1,remax,https://www.remax.com.py/es-py/propiedades/terreno/venta/encarnacion/143011043-125,Itapúa,Encarnación
128,"Encarnación, Itapúa",,terreno,420.61,land,,,80000,80000,USD,0.465,0,0.9688,1,0,1487,0.9688,286.5,0,0,190.2,80.44,0.9767,0,1,remax,https://www.remax.com.py/es-py/propiedades/terreno/venta/encarnacion/143011024-244,Itapúa,Encarnación
129,Asunción,Mburucuyá,departamento,91.53,total,2,2,150000,150000,USD,0.465,0.75,0.7179,0,0,178,0.7179,66.5,1,0.1176,1638.81,1671.33,0.4659,0,1,remax,https://www.remax.com.py/es-py/propiedades/departamento/venta/asuncion/143063217-16,Asunción,
130,"Capiatá, Central",,terreno,360,land,,,30058.32,175000000,PYG,0.465,1,0.366,0,0,84,0.366,126,2,0.186,83.5,93.41,0.4371,0,1,remax,https://www.remax.com.py/es-py/propiedades/terreno/venta/capiata/143036099-62,Central,Capiatá
131,Asunción,Los Laureles,casa,200,built,2,4,280000,280000,USD,0.465,0,0.9659,1,0,979,0.9659,189.5,0,0,1400,649.09,0.9294,0,1,remax,https://www.remax.com.py/es-py/propiedades/casa/venta/asuncion/143072073-5,Asunción,
132,"San Bernardino, Cordillera",,casa,217,built,5,4,260000,260000,USD,0.465,0,0.9655,1,0,899,0.9655,160,0,0,1198.16,739.88,0.9259,0,1,remax,https://www.remax.com.py/es-py/propiedades/casa/venta/san-bernardino/143068063-133,Cordillera,San Bernardino
133,"San Bernardino, Cordillera",,casa,150,built,3,2,220000,220000,USD,0.465,0,0.9655,1,0,1080,0.9655,160,0,0,1466.67,739.88,1,0,1,remax,https://www.remax.com.py/es-py/propiedades/casa/venta/san-bernardino/114001124-58,Cordillera,San Bernardino
134,"Emboscada, Cordillera",,casa,170,built,4,4,257642.76,1500000000,PYG,0.465,0,0.9655,1,0,1039,0.9655,160,0,0,1515.55,739.88,1,0,1,remax,https://www.remax.com.py/es-py/propiedades/casa/venta/emboscada/114001124-181,Cordillera,
135,"Nueva Colombia, Cordillera",,casa,144,built,2,3,190000,190000,USD,0.465,0,0.9655,1,0,1100,0.9655,160,0,0,1319.44,739.88,0.9259,0,1,remax,https://www.remax.com.py/es-py/propiedades/casa/venta/nueva-colombia/143068037-68,Cordillera,
136,"San Bernardino, Cordillera",,casa,130,built,2,2,175000,175000,USD,0.465,0,0.9655,1,0,931,0.9655,160,0,0,1346.15,739.88,0.9259,0,1,remax,https://www.remax.com.py/es-py/propiedades/casa/venta/san-bernardino/143010155-24,Cordillera,San Bernardino
137,"Lambaré, Central",,casa,400,built,4,5,360000,360000,USD,0.464,0,0.9841,0.9722,0,812,0.9841,140,0,0,900,551.23,0.8889,0,1,remax,https://www.remax.com.py/es-py/propiedades/casa/venta/lambare/143010040-257,Central,Lambaré
138,"Cambyretá, Itapúa",,casa,110,built,3,2,220000,220000,USD,0.464,0,0.9615,1,0,766,0.9615,178,0,0,2000,537.5,1,0,1,remax,https://www.remax.com.py/es-py/propiedades/casa/venta/cambyreta/143085019-321,Itapúa,
139,"Encarnación, Itapúa",,casa,250,built,3,2,320000,320000,USD,0.464,0,0.9615,1,0,1183,0.9615,178,0,0,1280,537.5,0.9565,0,1,remax,https://www.remax.com.py/es-py/propiedades/casa/venta/encarnacion/143011071-36,Itapúa,Encarnación
140,"San Juan del Paraná, Itapúa",,casa,220,built,4,3,300000,300000,USD,0.464,0,0.9615,1,0,1128,0.9615,178,0,0,1363.64,537.5,0.9565,0,1,remax,https://www.remax.com.py/es-py/propiedades/casa/venta/san-juan-del-parana/143011004-209,Itapúa,San Juan del Paraná
141,"Hohenau, Itapúa",,casa,100,built,2,1,150000,150000,USD,0.464,0,0.9615,1,0,1347,0.9615,178,0,0,1500,537.5,1,0,1,remax,https://www.remax.com.py/es-py/propiedades/casa/venta/hohenau/143011071-22,Itapúa,
142,"Encarnación, Itapúa",,casa,120,built,2,1,180000,180000,USD,0.464,0,0.9615,1,0,1183,0.9615,178,0,0,1500,537.5,1,0,1,remax,https://www.remax.com.py/es-py/propiedades/casa/venta/encarnacion/143011071-37,Itapúa,Encarnación
143,"San Bernardino, Cordillera",,terreno,1148,land,,,143500,143500,USD,0.463,0,0.9608,1,0,674,0.9608,146,0,0,125,23.03,0.9565,0,1,remax,https://www.remax.com.py/es-py/propiedades/terreno/venta/san-bernardino/143054116-21,Cordillera,San Bernardino
144,"Fernando de la Mora, Central",,terreno,728,land,,,225000,225000,USD,0.463,0,0.9608,1,0,609,0.9608,126,0,0,309.07,93.41,0.9404,0,1,remax,https://www.remax.com.py/es-py/propiedades/terreno/venta/fernando-de-la-mora/143038058-20,Central,Fernando de la Mora
145,"Altos, Cordillera",,terreno,600,land,,,39640,39640,USD,0.463,0,0.9608,1,0,758,0.9608,146,0,0,66.07,23.03,0.9565,0,1,remax,https://www.remax.com.py/es-py/propiedades/terreno/venta/altos/143071082-2,Cordillera,Altos
146,"San Bernardino, Cordillera",,terreno,378,land,,,58399.03,340000000,PYG,0.463,0,0.9608,1,0,659,0.9608,146,0,0,154.49,23.03,1,0,1,remax,https://www.remax.com.py/es-py/propiedades/terreno/venta/san-bernardino/143054045-71,Cordillera,San Bernardino
147,"Altos, Cordillera",,terreno,629,land,,,130000,130000,USD,0.463,0,0.9608,1,0,711,0.9608,146,0,0,206.68,23.03,1,0,1,remax,https://www.remax.com.py/es-py/propiedades/terreno/venta/altos/143054048-65,Cordillera,Altos
148,"Altos, Cordillera",,terreno,565,land,,,130000,130000,USD,0.463,0,0.9608,1,0,724,0.9608,146,0,0,230.09,23.03,1,0,1,remax,https://www.remax.com.py/es-py/propiedades/terreno/venta/altos/143063179-5,Cordillera,Altos
149,"Santa Rita, Alto Paraná",,terreno,615,land,,,164891.36,960000000,PYG,0.463,0,0.9587,1,0,574,0.9587,130,0,0,268.12,80.9,0.9268,0,1,remax,https://www.remax.com.py/es-py/propiedades/terreno/venta/santa-rita/143099013-32,Alto Paraná,
150,"Ñemby, Central",,casa,80,built,2,1,75575.21,440000000,PYG,0.463,0,0.9577,1,0,699,0.9577,140,0,0,944.69,551.23,0.9111,0,1,remax,https://www.remax.com.py/es-py/propiedades/casa/venta/nemby/143026092-48,Central,Ñemby
151,"Luque, Central",,casa,100,built,2,2,118515.67,690000000,PYG,0.463,0,0.9577,1,0,678,0.9577,140,0,0,1185.16,551.23,0.9889,0,1,remax,https://www.remax.com.py/es-py/propiedades/casa/venta/luque/143054045-84,Central,Luque
152,"Luque, Central",,casa,78,built,2,1,68703.02,399990000,PYG,0.462,0,1,0.9444,0,1352,1,140,0,0,880.81,551.23,0.8778,0,1,remax,https://www.remax.com.py/es-py/propiedades/casa/venta/luque/143063071-1,Central,Luque
153,"Encarnación, Itapúa",,terreno,544,land,,,200000,200000,USD,0.461,0,0.9531,1,0,1152,0.9531,286.5,0,0,367.65,80.44,0.9767,0,1,remax,https://www.remax.com.py/es-py/propiedades/terreno/venta/encarnacion/143011079-7,Itapúa,Encarnación
154,"Encarnación, Itapúa",,terreno,433,land,,,140000,140000,USD,0.461,0,0.9531,1,0,1235,0.9531,286.5,0,0,323.33,80.44,0.9767,0,1,remax,https://www.remax.com.py/es-py/propiedades/terreno/venta/encarnacion/143085019-65,Itapúa,Encarnación
155,"Encarnación, Itapúa",,terreno,1678,land,,,320000,320000,USD,0.461,0,0.9531,1,0,1171,0.9531,286.5,0,0,190.7,80.44,0.9767,0,1,remax,https://www.remax.com.py/es-py/propiedades/terreno/venta/encarnacion/143011024-292,Itapúa,Encarnación
156,"San Lorenzo, Central",,casa,140,built,3,4,165000,165000,USD,0.461,0,0.9524,1,0,623,0.9524,140,0,0,1178.57,551.23,0.9889,0,2,remax,https://www.remax.com.py/es-py/propiedades/casa/venta/san-lorenzo/143063128-173,Central,San Lorenzo
157,"San Lorenzo, Central",,casa,140,built,3,4,185000,185000,USD,0.461,0,0.9524,1,0,623,0.9524,140,0,0,1321.43,551.23,1,0,1,remax,https://www.remax.com.py/es-py/propiedades/casa/venta/san-lorenzo/143063128-172,Central,San Lorenzo
158,"Cambyretá, Itapúa",,terreno,1242,land,,,214702.3,1250000000,PYG,0.461,0,0.9844,0.9593,0,2134,0.9844,286.5,0,0,172.87,80.44,0.8837,0,1,remax,https://www.remax.com.py/es-py/propiedades/terreno/venta/cambyreta/143011030-80,Itapúa,
159,"San Lorenzo, Central",,terreno,427,land,,,145997.56,850000000,PYG,0.461,0,0.951,1,0,518,0.951,126,0,0,341.91,93.41,0.947,0,1,remax,https://www.remax.com.py/es-py/propiedades/terreno/venta/san-lorenzo/143063076-77,Central,San Lorenzo
160,"Presidente Franco, Alto Paraná",,terreno,456,land,,,200000,200000,USD,0.461,0,0.9504,1,0,554,0.9504,130,0,0,438.6,80.9,1,0,1,remax,https://www.remax.com.py/es-py/propiedades/terreno/venta/presidente-franco/143050169-1,Alto Paraná,
161,"Ciudad del Este, Alto Paraná",,terreno,459,land,,,128821.38,750000000,PYG,0.461,0,0.9504,1,0,489,0.9504,130,0,0,280.66,80.9,0.9268,0,1,remax,https://www.remax.com.py/es-py/propiedades/terreno/venta/ciudad-del-este/143107020-9,Alto Paraná,Ciudad del Este
162,"Presidente Franco, Alto Paraná",,terreno,1094,land,,,280000,280000,USD,0.461,0,0.9504,1,0,504,0.9504,130,0,0,255.94,80.9,0.9268,0,1,remax,https://www.remax.com.py/es-py/propiedades/terreno/venta/presidente-franco/143050056-122,Alto Paraná,
163,"Luque, Central",,casa,78,built,2,1,68704.74,400000000,PYG,0.461,0,0.9947,0.9444,0,941,0.9947,140,0,0,880.83,551.23,0.8778,0,1,remax,https://www.remax.com.py/es-py/propiedades/casa/venta/luque/143005023-137,Central,Luque
164,"Fernando de la Mora, Central",,terreno,714,land,,,178000,178000,USD,0.46,0,0.9608,0.9851,0,598,0.9608,126,0,0,249.3,93.41,0.894,0,1,remax,https://www.remax.com.py/es-py/propiedades/terreno/venta/fernando-de-la-mora/143098123-50,Central,Fernando de la Mora
165,Asunción,Las Lomas (Carmelitas),departamento,42,total,1,1,119000,119000,USD,0.46,0,0.9487,1,0,484,0.9487,66.5,0,0,2833.33,1671.33,0.9773,0,1,remax,https://www.remax.com.py/es-py/propiedades/departamento/venta/asuncion/143054045-82,Asunción,
166,"Luque, Central",,casa,180,built,3,3,163173.75,950000000,PYG,0.46,0,0.9577,0.9861,0,702,0.9577,140,0,0,906.52,551.23,0.8944,0,1,remax,https://www.remax.com.py/es-py/propiedades/casa/venta/luque/143063068-89,Central,Luque
167,"Luque, Central",,casa,84,built,2,2,73857.59,430000000,PYG,0.459,0,1,0.9306,0,1352,1,140,0,0,879.26,551.23,0.8722,0,1,remax,https://www.remax.com.py/es-py/propiedades/casa/venta/luque/143063071-2,Central,Luque
168,Asunción,Tembetary,casa,100,built,2,2,190000,190000,USD,0.459,0,0.9432,1,0,795,0.9432,189.5,0,0,1900,649.09,0.9882,0,1,remax,https://www.remax.com.py/es-py/propiedades/casa/venta/asuncion/143005074-41,Asunción,
169,Asunción,Loma Pytá,casa,90,built,2,1,120233.29,700000000,PYG,0.459,0,0.9432,1,0,775,0.9432,189.5,0,0,1335.93,649.09,0.9059,0,1,remax,https://www.remax.com.py/es-py/propiedades/casa/venta/asuncion/143037112-56,Asunción,
170,"Villa Elisa, Central",,casa,71,built,2,2,65784.78,383000000,PYG,0.458,0,0.9418,1,0,588,0.9418,140,0,0,926.55,551.23,0.9111,0,1,remax,https://www.remax.com.py/es-py/propiedades/casa/venta/villa-elisa/143071054-467,Central,Villa Elisa
171,"Villa Elisa, Central",,casa,66,built,2,2,67845.93,395000000,PYG,0.458,0,0.9418,1,0,589,0.9418,140,0,0,1027.97,551.23,0.9444,0,1,remax,https://www.remax.com.py/es-py/propiedades/casa/venta/villa-elisa/143071054-465,Central,Villa Elisa
172,"San Bernardino, Cordillera",,terreno,600,land,,,65000,65000,USD,0.458,0,0.9412,1,0,643,0.9412,146,0,0,108.33,23.03,0.9565,0,1,remax,https://www.remax.com.py/es-py/propiedades/terreno/venta/san-bernardino/143098126-401,Cordillera,San Bernardino
173,"San Bernardino, Cordillera",,terreno,522,land,,,60116.64,350000000,PYG,0.458,0,0.9412,1,0,637,0.9412,146,0,0,115.17,23.03,0.9565,0,1,remax,https://www.remax.com.py/es-py/propiedades/terreno/venta/san-bernardino/143063159-61,Cordillera,San Bernardino
174,"Luque, Central",,casa,255,built,3,3,223290.39,1300000000,PYG,0.458,0,0.9947,0.9306,0,1238,0.9947,140,0,0,875.65,551.23,0.8722,0,1,remax,https://www.remax.com.py/es-py/propiedades/casa/venta/luque/143010040-194,Central,Luque
175,"Luque, Central",,casa,84,built,2,2,73857.59,430000000,PYG,0.458,0,0.9947,0.9306,0,941,0.9947,140,0,0,879.26,551.23,0.8722,0,1,remax,https://www.remax.com.py/es-py/propiedades/casa/venta/luque/143005023-138,Central,Luque
176,"Fernando de la Mora, Central",,casa,270,built,4,4,231878.48,1350000000,PYG,0.458,0,0.9947,0.9306,0,1015,0.9947,140,0,0,858.81,551.23,0.8722,0,1,remax,https://www.remax.com.py/es-py/propiedades/casa/venta/fernando-de-la-mora/143063068-80,Central,Fernando de la Mora
177,"Ñemby, Central",,casa,80,built,3,1,68704.74,400000000,PYG,0.458,0,0.9947,0.9306,0,1079,0.9947,140,0,0,858.81,551.23,0.8722,0,1,remax,https://www.remax.com.py/es-py/propiedades/casa/venta/nemby/143061046-44,Central,Ñemby
178,"Caacupé, Cordillera",,terreno,772,land,,,37787.6,220000000,PYG,0.458,0,1,0.9239,0,1351,1,146,0,0,48.95,23.03,0.8696,0,1,remax,https://www.remax.com.py/es-py/propiedades/terreno/venta/caacupe/143028058-1,Cordillera,Caacupé
179,"Fram, Itapúa",,casa,200,built,6,3,210000,210000,USD,0.458,0,1,0.9239,0,1942,1,178,0,0,1050,537.5,0.8696,0,1,remax,https://www.remax.com.py/es-py/propiedades/casa/venta/fram/143011036-52,Itapúa,
180,"Lambaré, Central",,terreno,709,land,3,2,154585.65,900000000,PYG,0.458,0,0.9902,0.9354,0,751,0.9902,126,0,0,218.03,93.41,0.8742,0,1,remax,https://www.remax.com.py/es-py/propiedades/terreno/venta/lambare/143063146-116,Central,Lambaré
181,"Cambyretá, Itapúa",,terreno,741,land,,,160000,160000,USD,0.457,0,0.9375,1,0,1080,0.9375,286.5,0,0,215.92,80.44,0.9767,0,1,remax,https://www.remax.com.py/es-py/propiedades/terreno/venta/cambyreta/143011030-170,Itapúa,
182,"San Lorenzo, Central",,casa,115,built,3,2,113362.81,660000000,PYG,0.457,0,0.9365,1,0,582,0.9365,140,0,0,985.76,551.23,0.9278,0,1,remax,https://www.remax.com.py/es-py/propiedades/casa/venta/san-lorenzo/143063146-133,Central,San Lorenzo
183,"Luque, Central",,casa,240,built,4,4,242000,242000,USD,0.457,0,0.9365,1,0,574,0.9365,140,0,0,1008.33,551.23,0.9333,0,3,remax,https://www.remax.com.py/es-py/propiedades/casa/venta/luque/143048016-211,Central,Luque
184,"San Lorenzo, Central",,casa,150,built,3,4,185000,185000,USD,0.457,0,0.9365,1,0,580,0.9365,140,0,0,1233.33,551.23,0.9889,0,1,remax,https://www.remax.com.py/es-py/propiedades/casa/venta/san-lorenzo/143098009-628,Central,San Lorenzo
185,"Encarnación, Itapúa",,terreno,418,land,,,66128.31,385000000,PYG,0.457,0,0.9688,0.9593,0,1376,0.9688,286.5,0,0,158.2,80.44,0.8837,0,1,remax,https://www.remax.com.py/es-py/propiedades/terreno/venta/encarnacion/143011043-133,Itapúa,Encarnación
186,"Lambaré, Central",,terreno,736,land,,,188938.02,1100000000,PYG,0.456,0,0.9346,1,0,462,0.9346,126,0,0,256.71,93.41,0.9007,0,1,remax,https://www.remax.com.py/es-py/propiedades/terreno/venta/lambare/143063080-131,Central,Lambaré
187,"Fernando de la Mora, Central",,terreno,400,land,,,103057.1,600000000,PYG,0.456,0,0.9346,1,0,463,0.9346,126,0,0,257.64,93.41,0.9007,0,1,remax,https://www.remax.com.py/es-py/propiedades/terreno/venta/fernando-de-la-mora/143025084-116,Central,Fernando de la Mora
188,Asunción,Barrio Jara,departamento,94,total,2,2,162900,162900,USD,0.456,0.75,0.6154,0.0852,0,108,0.6154,66.5,1,0.1093,1732.98,1671.33,0.5341,0,1,remax,https://www.remax.com.py/es-py/propiedades/departamento/venta/asuncion/143098009-750,Asunción,
189,Asunción,Santa Rosa,casa,150,built,6,5,257642.76,1500000000,PYG,0.456,0,0.9318,1,0,729,0.9318,189.5,0,0,1717.62,649.09,0.9765,0,1,remax,https://www.remax.com.py/es-py/propiedades/casa/venta/asuncion/143100014-4,Asunción,
190,Asunción,Mbocayaty,casa,100,built,3,2,163173.75,950000000,PYG,0.456,0,0.9318,1,0,725,0.9318,189.5,0,0,1631.74,649.09,0.9765,0,1,remax,https://www.remax.com.py/es-py/propiedades/casa/venta/asuncion/143036008-106,Asunción,
191,"Altos, Cordillera",,casa,245,built,5,5,330000,330000,USD,0.456,0,0.931,1,0,634,0.931,160,0,0,1346.94,739.88,0.9259,0,1,remax,https://www.remax.com.py/es-py/propiedades/casa/venta/altos/143025155-158,Cordillera,Altos
192,"Luque, Central",,casa,253,built,4,4,220000,220000,USD,0.455,0,0.9841,0.9306,0,815,0.9841,140,0,0,869.57,551.23,0.8722,0,1,remax,https://www.remax.com.py/es-py/propiedades/casa/venta/luque/143010091-73,Central,Luque
193,"San Lorenzo, Central",,terreno,384,land,3,2,137409.47,800000000,PYG,0.455,0,0.9281,1,0,437,0.9281,126,0,0,357.84,93.41,0.947,0,1,remax,https://www.remax.com.py/es-py/propiedades/terreno/venta/san-lorenzo/143063208-1,Central,San Lorenzo
194,"San Lorenzo, Central",,casa,156,built,6,6,109927.58,640000000,PYG,0.454,0.3269,0.8571,0.5139,0,431,0.8571,140,1,0.0154,704.66,551.23,0.7056,0,1,remax,https://www.remax.com.py/es-py/propiedades/casa/venta/san-lorenzo/143068120-33,Central,San Lorenzo
195,"San Lorenzo, Central",,casa,200,built,3,3,302300.84,1760000000,PYG,0.454,0,0.9259,1,0,542,0.9259,140,0,0,1511.5,551.23,1,0,1,remax,https://www.remax.com.py/es-py/propiedades/casa/venta/san-lorenzo/143080002-333,Central,San Lorenzo
196,"Lambaré, Central",,casa,144,built,4,3,137409.47,800000000,PYG,0.454,0,0.9259,1,0,540,0.9259,140,0,0,954.23,551.23,0.9111,0,1,remax,https://www.remax.com.py/es-py/propiedades/casa/venta/lambare/143075155-1,Central,Lambaré
197,"Luque, Central",,casa,100,built,3,2,180349.93,1050000000,PYG,0.454,0,0.9259,1,0,536,0.9259,140,0,0,1803.5,551.23,1,0,1,remax,https://www.remax.com.py/es-py/propiedades/casa/venta/luque/143025084-104,Central,Luque
198,Asunción,Itá Enramada,casa,170,built,3,3,171590.08,999000000,PYG,0.454,0.4005,0.6818,0.6029,0,310,0.6818,189.5,1,0.0301,1009.35,649.09,0.7412,0,1,remax,https://www.remax.com.py/es-py/propiedades/casa/venta/asuncion/143098038-37,Asunción,
199,"Encarnación, Itapúa",,casa,220,built,4,2,264000,264000,USD,0.453,0,0.9231,1,0,687,0.9231,178,0,0,1200,537.5,0.913,0,1,remax,https://www.remax.com.py/es-py/propiedades/casa/venta/encarnacion/143085019-361,Itapúa,Encarnación
200,"Fernando de la Mora, Central",,terreno,599,land,1,1,145997.56,850000000,PYG,0.453,0,0.9608,0.952,0,612,0.9608,126,0,0,243.74,93.41,0.8808,0,1,remax,https://www.remax.com.py/es-py/propiedades/terreno/venta/fernando-de-la-mora/143026205-8,Central,Fernando de la Mora
201,"Lambaré, Central",,terreno,1055,land,,,250000,250000,USD,0.453,0,0.9608,0.952,0,606,0.9608,126,0,0,236.97,93.41,0.8808,0,1,remax,https://www.remax.com.py/es-py/propiedades/terreno/venta/lambare/143071067-69,Central,Lambaré
202,"Encarnación, Itapúa",,terreno,971,land,,,350000,350000,USD,0.453,0,0.9219,1,0,1053,0.9219,286.5,0,0,360.45,80.44,0.9767,0,1,remax,https://www.remax.com.py/es-py/propiedades/terreno/venta/encarnacion/143011007-1682,Itapúa,Encarnación
203,"San Lorenzo, Central",,terreno,390.45,land,,,116798.05,680000000,PYG,0.453,0,0.9216,1,0,431,0.9216,126,0,0,299.14,93.41,0.9404,0,1,remax,https://www.remax.com.py/es-py/propiedades/terreno/venta/san-lorenzo/143068129-126,Central,San Lorenzo
204,"Lambaré, Central",,casa,240,built,4,3,219855.15,1280000000,PYG,0.453,0,0.9206,1,0,535,0.9206,140,0,0,916.06,551.23,0.9056,0,1,remax,https://www.remax.com.py/es-py/propiedades/casa/venta/lambare/143075005-29,Central,Lambaré
205,"San Juan del Paraná, Itapúa",,terreno,1000,land,,,155000,155000,USD,0.453,0,0.9531,0.9593,0,1206,0.9531,286.5,0,0,155,80.44,0.8837,0,1,remax,https://www.remax.com.py/es-py/propiedades/terreno/venta/san-juan-del-parana/143011043-155,Itapúa,San Juan del Paraná
206,"Encarnación, Itapúa",,terreno,366,land,,,65269.5,380000000,PYG,0.453,0,0.9531,0.9593,0,1355,0.9531,286.5,0,0,178.33,80.44,0.8837,0,1,remax,https://www.remax.com.py/es-py/propiedades/terreno/venta/encarnacion/143011003-373,Itapúa,Encarnación
207,Asunción,Virgen de la Asunción,casa,100,built,3,2,128821.38,750000000,PYG,0.453,0,0.9318,0.9853,0,686,0.9318,189.5,0,0,1288.21,649.09,0.8941,0,1,remax,https://www.remax.com.py/es-py/propiedades/casa/venta/asuncion/143037148-12,Asunción,
208,"Piribebuy, Cordillera",,terreno,666,land,,,37787.6,220000000,PYG,0.453,0,0.9804,0.9239,0,909,0.9804,146,0,0,56.74,23.03,0.8696,0,1,remax,https://www.remax.com.py/es-py/propiedades/terreno/venta/piribebuy/143063112-22,Cordillera,
209,"Piribebuy, Cordillera",,terreno,1226,land,,,66128.31,385000000,PYG,0.453,0,0.9804,0.9239,0,909,0.9804,146,0,0,53.94,23.03,0.8696,0,1,remax,https://www.remax.com.py/es-py/propiedades/terreno/venta/piribebuy/143063112-23,Cordillera,
210,"Piribebuy, Cordillera",,terreno,560,land,,,30917.13,180000000,PYG,0.453,0,0.9804,0.9239,0,910,0.9804,146,0,0,55.21,23.03,0.8696,0,1,remax,https://www.remax.com.py/es-py/propiedades/terreno/venta/piribebuy/143063112-21,Cordillera,
211,"San Bernardino, Cordillera",,terreno,1200,land,,,60116.64,350000000,PYG,0.453,0,0.9804,0.9239,0,928,0.9804,146,0,0,50.1,23.03,0.8696,0,1,remax,https://www.remax.com.py/es-py/propiedades/terreno/venta/san-bernardino/143075005-37,Cordillera,San Bernardino
212,"San Bernardino, Cordillera",,terreno,1080,land,,,57196.69,333000000,PYG,0.453,0,0.9804,0.9239,0,991,0.9804,146,0,0,52.96,23.03,0.8696,0,1,remax,https://www.remax.com.py/es-py/propiedades/terreno/venta/san-bernardino/143063116-45,Cordillera,San Bernardino
213,"San Bernardino, Cordillera",,terreno,768,land,,,42940.46,250000000,PYG,0.453,0,0.9804,0.9239,0,934,0.9804,146,0,0,55.91,23.03,0.8696,0,1,remax,https://www.remax.com.py/es-py/propiedades/terreno/venta/san-bernardino/143010159-114,Cordillera,San Bernardino
214,"Luque, Central",,terreno,424,land,3,3,111645.2,650000000,PYG,0.452,0,0.9183,1,0,419,0.9183,126,0,0,263.31,93.41,0.9205,0,1,remax,https://www.remax.com.py/es-py/propiedades/terreno/venta/luque/143063138-46,Central,Luque
215,Asunción,Villa Morra,departamento,51.42,total,1,1,130000,130000,USD,0.452,0,0.9179,1,0,417,0.9179,66.5,0,0,2528.2,1671.33,0.9375,0,1,remax,https://www.remax.com.py/es-py/propiedades/departamento/venta/asuncion/143038046-163,Asunción,
216,"Presidente Franco, Alto Paraná",,terreno,360,land,,,100000,100000,USD,0.452,0,0.9174,1,0,372,0.9174,130,0,0,277.78,80.9,0.9268,0,1,remax,https://www.remax.com.py/es-py/propiedades/terreno/venta/presidente-franco/143050175-12,Alto Paraná,
217,"Presidente Franco, Alto Paraná",,terreno,415.19,land,,,100000,100000,USD,0.452,0,0.9174,1,0,369,0.9174,130,0,0,240.85,80.9,0.9024,0,1,remax,https://www.remax.com.py/es-py/propiedades/terreno/venta/presidente-franco/143050175-15,Alto Paraná,
218,"Luque, Central",,casa,95,built,3,2,79869.25,465000000,PYG,0.452,0,0.9947,0.9028,0,941,0.9947,140,0,0,840.73,551.23,0.8611,0,1,remax,https://www.remax.com.py/es-py/propiedades/casa/venta/luque/143005023-139,Central,Luque
219,"Villa Elisa, Central",,casa,65,built,2,2,54104.98,315000000,PYG,0.452,0,0.9947,0.9028,0,861,0.9947,140,0,0,832.38,551.23,0.8611,0,1,remax,https://www.remax.com.py/es-py/propiedades/casa/venta/villa-elisa/143096011-32,Central,Villa Elisa
220,"San Lorenzo, Central",,casa,90,built,3,2,145000,145000,USD,0.451,0,0.9153,1,0,528,0.9153,140,0,0,1611.11,551.23,1,0,1,remax,https://www.remax.com.py/es-py/propiedades/casa/venta/san-lorenzo/143063128-205,Central,San Lorenzo
221,"Limpio, Central",,casa,64,built,2,1,60116.64,350000000,PYG,0.451,0,0.9153,1,0,522,0.9153,140,0,0,939.32,551.23,0.9111,0,1,remax,https://www.remax.com.py/es-py/propiedades/casa/venta/limpio/143094007-76,Central,Limpio
222,"Mariano Roque Alonso, Central",,duplex,161,built,4,4,154585.65,900000000,PYG,0.451,0,0.9403,0.967,0,637,0.9403,150,0,0,960.16,740.46,0.8868,0,1,remax,https://www.remax.com.py/es-py/propiedades/duplex/venta/mariano-roque-alonso/143013001-121,Central,Mariano Roque Alonso
223,"Lambaré, Central",,duplex,161,built,3,3,154585.65,900000000,PYG,0.451,0,0.9403,0.967,0,667,0.9403,150,0,0,960.16,740.46,0.8868,0,1,remax,https://www.remax.com.py/es-py/propiedades/duplex/venta/lambare/143063138-32,Central,Lambaré
224,"Luque, Central",,casa,219,built,2,1,94469.01,550000000,PYG,0.45,0.75,0.6614,0,0,227,0.6614,140,1,0.1667,431.37,551.23,0.2944,0,1,remax,https://www.remax.com.py/es-py/propiedades/casa/venta/luque/143095031-3,Central,Luque
225,"Luque, Central",,casa,96,built,3,2,78149.92,454990000,PYG,0.45,0,1,0.8889,0,1352,1,140,0,0,814.06,551.23,0.8556,0,1,remax,https://www.remax.com.py/es-py/propiedades/casa/venta/luque/143063071-3,Central,Luque
226,"Encarnación, Itapúa",,duplex,150,built,3,3,157162.08,915000000,PYG,0.45,0,0.9884,0.9028,0,1236,0.9884,150.5,0,0,1047.75,742.23,0.8611,0,1,remax,https://www.remax.com.py/es-py/propiedades/duplex/venta/encarnacion/143011043-269,Itapúa,Encarnación
227,"Luque, Central",,duplex,141,built,3,2,155000,155000,USD,0.45,0,0.9104,1,0,549,0.9104,150,0,0,1099.29,740.46,0.9623,0,1,remax,https://www.remax.com.py/es-py/propiedades/duplex/venta/luque/143071067-76,Central,Luque
228,"Luque, Central",,duplex,111,built,3,2,128821.38,750000000,PYG,0.45,0,0.9104,1,0,526,0.9104,150,0,0,1160.55,740.46,0.9623,0,1,remax,https://www.remax.com.py/es-py/propiedades/duplex/venta/luque/143028003-168,Central,Luque
229,Asunción,San Jorge,departamento,80,built,1,1,176000,176000,USD,0.45,0,0.9641,0.9325,0,548,0.9641,66.5,0,0,2200,1402.44,0.873,0,1,remax,https://www.remax.com.py/es-py/propiedades/departamento/venta/asuncion/143063204-22,Asunción,
230,"Luque, Central",,terreno,576,land,2,1,128821.38,750000000,PYG,0.45,0,0.9477,0.952,0,487,0.9477,126,0,0,223.65,93.41,0.8808,0,1,remax,https://www.remax.com.py/es-py/propiedades/terreno/venta/luque/143063204-30,Central,Luque
231,"Ciudad del Este, Alto Paraná",,casa,220,built,4,3,350000,350000,USD,0.45,0,0.9091,1,0,399,0.9091,178.5,0,0,1590.91,693.27,0.9189,0,1,remax,https://www.remax.com.py/es-py/propiedades/casa/venta/ciudad-del-este/143050179-2,Alto Paraná,Ciudad del Este
232,"Presidente Franco, Alto Paraná",,terreno,360,land,,,116798.05,680000000,PYG,0.45,0,0.9091,1,0,336,0.9091,130,0,0,324.44,80.9,0.9756,0,1,remax,https://www.remax.com.py/es-py/propiedades/terreno/venta/presidente-franco/143050174-10,Alto Paraná,
233,Asunción,Mburucuyá,casa,217,built,2,3,265000,265000,USD,0.449,0,0.9432,0.9559,0,766,0.9432,189.5,0,0,1221.2,649.09,0.8824,0,1,remax,https://www.remax.com.py/es-py/propiedades/casa/venta/asuncion/143063159-8,Asunción,
234,Asunción,Las Lomas (Carmelitas),departamento,45,built,1,1,95000,95000,USD,0.449,0,0.9923,0.8929,0,909,0.9923,66.5,0,0,2111.11,1402.44,0.8571,0,1,remax,https://www.remax.com.py/es-py/propiedades/departamento/venta/asuncion/143010038-295,Asunción,
235,"Fernando de la Mora, Central",,terreno,811,land,3,3,207831.82,1210000000,PYG,0.449,0,0.9183,0.9851,0,420,0.9183,126,0,0,256.27,93.41,0.894,0,1,remax,https://www.remax.com.py/es-py/propiedades/terreno/venta/fernando-de-la-mora/143071055-291,Central,Fernando de la Mora
236,"Cambyretá, Itapúa",,terreno,360,land,,,76434.02,445000000,PYG,0.449,0,0.9063,1,0,921,0.9063,286.5,0,0,212.32,80.44,0.9767,0,1,remax,https://www.remax.com.py/es-py/propiedades/terreno/venta/cambyreta/143085019-205,Itapúa,
237,"Lambaré, Central",,casa,260,built,3,2,211267.06,1230000000,PYG,0.449,0,0.9947,0.8889,0,963,0.9947,140,0,0,812.57,551.23,0.8556,0,1,remax,https://www.remax.com.py/es-py/propiedades/casa/venta/lambare/143100058-1,Central,Lambaré
238,"Fernando de la Mora, Central",,terreno,410,land,,,128821.38,750000000,PYG,0.449,0,0.9052,1,0,407,0.9052,126,0,0,314.2,93.41,0.9404,0,1,remax,https://www.remax.com.py/es-py/propiedades/terreno/venta/fernando-de-la-mora/143098052-20,Central,Fernando de la Mora
239,"Luque, Central",,casa,90,built,2,1,85880.92,500000000,PYG,0.449,0,0.9048,1,0,507,0.9048,140,0,0,954.23,551.23,0.9111,0,1,remax,https://www.remax.com.py/es-py/propiedades/casa/venta/luque/143063206-18,Central,Luque
240,Asunción,Mariscal Estigarribia,departamento,72,built,3,2,151527,151527,USD,0.448,0,0.9897,0.8929,0,832,0.9897,66.5,0,0,2104.54,1402.44,0.8571,0,1,remax,https://www.remax.com.py/es-py/propiedades/departamento/venta/asuncion/143098017-33,Asunción,
241,Asunción,Las Lomas (Carmelitas),departamento,66,total,2,2,152000,152000,USD,0.448,0,0.9872,0.8949,0,787,0.9872,66.5,0,0,2303.03,1671.33,0.858,0,1,remax,https://www.remax.com.py/es-py/propiedades/departamento/venta/asuncion/143010038-312,Asunción,
242,Asunción,Las Lomas (Carmelitas),departamento,46,built,1,1,104000,104000,USD,0.448,0,0.9564,0.9325,0,536,0.9564,66.5,0,0,2260.87,1402.44,0.873,0,1,remax,https://www.remax.com.py/es-py/propiedades/departamento/venta/asuncion/143098130-232,Asunción,
243,"Fernando de la Mora, Central",,casa,300,built,3,4,257642.76,1500000000,PYG,0.448,0,0.9577,0.9306,0,702,0.9577,140,0,0,858.81,551.23,0.8722,0,1,remax,https://www.remax.com.py/es-py/propiedades/casa/venta/fernando-de-la-mora/143063068-90,Central,Fernando de la Mora
244,"Loma Grande, Cordillera",,terreno,360,land,,,49467.41,288000000,PYG,0.448,0,0.902,1,0,519,0.902,146,0,0,137.41,23.03,1,0,1,remax,https://www.remax.com.py/es-py/propiedades/terreno/venta/loma-grande/143063096-13,Cordillera,
245,"Altos, Cordillera",,terreno,740,land,,,180000,180000,USD,0.448,0,0.902,1,0,612,0.902,146,0,0,243.24,23.03,1,0,1,remax,https://www.remax.com.py/es-py/propiedades/terreno/venta/altos/143071054-458,Cordillera,Altos
246,"San Bernardino, Cordillera",,terreno,360,land,,,22329.04,130000000,PYG,0.448,0,0.902,1,0,518,0.902,146,0,0,62.03,23.03,0.913,0,1,remax,https://www.remax.com.py/es-py/propiedades/terreno/venta/san-bernardino/143098129-4,Cordillera,San Bernardino
247,"San Bernardino, Cordillera",,terreno,1080,land,11,11,140000,140000,USD,0.448,0,0.902,1,0,550,0.902,146,0,0,129.63,23.03,0.9565,0,1,remax,https://www.remax.com.py/es-py/propiedades/terreno/venta/san-bernardino/143063153-16,Cordillera,San Bernardino
248,"San Bernardino, Cordillera",,terreno,756,land,,,70000,70000,USD,0.448,0,0.902,1,0,598,0.902,146,0,0,92.59,23.03,0.9565,0,1,remax,https://www.remax.com.py/es-py/propiedades/terreno/venta/san-bernardino/143098052-11,Cordillera,San Bernardino
249,"San Bernardino, Cordillera",,terreno,680,land,,,75000,75000,USD,0.448,0,0.902,1,0,513,0.902,146,0,0,110.29,23.03,0.9565,0,1,remax,https://www.remax.com.py/es-py/propiedades/terreno/venta/san-bernardino/143098126-424,Cordillera,San Bernardino
250,"San Bernardino, Cordillera",,terreno,1022.71,land,,,81817,81817,USD,0.448,0,0.902,1,0,592,0.902,146,0,0,80,23.03,0.9565,0,1,remax,https://www.remax.com.py/es-py/propiedades/terreno/venta/san-bernardino/143063136-288,Cordillera,San Bernardino
251,"San Bernardino, Cordillera",,terreno,378,land,,,35000,35000,USD,0.448,0,0.902,1,0,598,0.902,146,0,0,92.59,23.03,0.9565,0,1,remax,https://www.remax.com.py/es-py/propiedades/terreno/venta/san-bernardino/143098052-10,Cordillera,San Bernardino
252,Asunción,Madame Lynch,terreno,412.86,land,3,2,330000,330000,USD,0.447,0,0.913,0.984,0,539,0.913,155.5,0,0,799.3,428.57,0.8936,0,1,remax,https://www.remax.com.py/es-py/propiedades/terreno/venta/asuncion/143038002-280,Asunción,
253,Asunción,Las Lomas (Carmelitas),departamento,41,total,1,1,125000,125000,USD,0.447,0,0.9,1,0,385,0.9,66.5,0,0,3048.78,1671.33,0.9886,0,1,remax,https://www.remax.com.py/es-py/propiedades/departamento/venta/asuncion/143063031-292,Asunción,
254,Asunción,Villa Morra,departamento,45,built,1,1,125042.62,728000000,PYG,0.447,0,0.9,1,0,385,0.9,66.5,0,0,2778.72,1402.44,0.9841,0,1,remax,https://www.remax.com.py/es-py/propiedades/departamento/venta/asuncion/143098121-141,Asunción,
255,"San Lorenzo, Central",,casa,146,built,3,2,257642.76,1500000000,PYG,0.447,0,0.8995,1,0,492,0.8995,140,0,0,1764.68,551.23,1,0,1,remax,https://www.remax.com.py/es-py/propiedades/casa/venta/san-lorenzo/143078018-60,Central,San Lorenzo
256,"Fernando de la Mora, Central",,casa,222.5,built,3,2,291995.13,1700000000,PYG,0.447,0.5278,0.1587,1,0,53,0.1587,140,1,0.0556,1312.34,551.23,1,0,1,remax,https://www.remax.com.py/es-py/propiedades/casa/venta/fernando-de-la-mora/143108002-7,Central,Fernando de la Mora
257,Asunción,Carmelitas,departamento,42,total,1,1,95000,95000,USD,0.447,0,0.9923,0.8807,0,865,0.9923,66.5,0,0,2261.9,1671.33,0.8523,0,1,remax,https://www.remax.com.py/es-py/propiedades/departamento/venta/asuncion/143010155-51,Asunción,
258,"Encarnación, Itapúa",,departamento,52,total,1,1,105000,105000,USD,0.446,0,0.8966,1,0,751,0.8966,135,0,0,2019.23,1471.21,0.9167,0,2,remax,https://www.remax.com.py/es-py/propiedades/departamento/venta/encarnacion/143032069-18,Itapúa,Encarnación
259,"Encarnación, Itapúa",,departamento,43,total,1,1,93000,93000,USD,0.446,0,0.8966,1,0,665,0.8966,135,0,0,2162.79,1471.21,0.9167,0,1,remax,https://www.remax.com.py/es-py/propiedades/departamento/venta/encarnacion/143056031-171,Itapúa,Encarnación
260,"Encarnación, Itapúa",,departamento,43,total,1,1,90000,90000,USD,0.446,0,0.8966,1,0,785,0.8966,135,0,0,2093.02,1471.21,0.9167,0,1,remax,https://www.remax.com.py/es-py/propiedades/departamento/venta/encarnacion/143085028-2,Itapúa,Encarnación
261,Asunción,Ytay,casa,123,built,2,2,145997.56,850000000,PYG,0.446,0,0.9545,0.9265,0,912,0.9545,189.5,0,0,1186.97,649.09,0.8706,0,1,remax,https://www.remax.com.py/es-py/propiedades/casa/venta/asuncion/143054001-273,Asunción,
262,"Fernando de la Mora, Central",,casa,126,built,3,4,163173.75,950000000,PYG,0.446,0,0.8942,1,0,481,0.8942,140,0,0,1295.03,551.23,1,0,1,remax,https://www.remax.com.py/es-py/propiedades/casa/venta/fernando-de-la-mora/143091036-78,Central,Fernando de la Mora
263,"Luque, Central",,terreno,420,land,,,85880.92,500000000,PYG,0.445,0,0.9706,0.9023,0,667,0.9706,126,0,0,204.48,93.41,0.8609,0,1,remax,https://www.remax.com.py/es-py/propiedades/terreno/venta/luque/143010004-101,Central,Luque
264,"Fernando de la Mora, Central",,terreno,334,land,1,1,68017.69,396000000,PYG,0.445,0,0.9706,0.9023,0,700,0.9706,126,0,0,203.65,93.41,0.8609,0,1,remax,https://www.remax.com.py/es-py/propiedades/terreno/venta/fernando-de-la-mora/143026171-27,Central,Fernando de la Mora
265,"San Lorenzo, Central",,terreno,439,land,,,84163.3,490000000,PYG,0.445,0,0.9967,0.8692,0,1190,0.9967,126,0,0,191.72,93.41,0.8477,0,1,remax,https://www.remax.com.py/es-py/propiedades/terreno/venta/san-lorenzo/143005023-159,Central,San Lorenzo
266,Asunción,Mariscal López,terreno,361,land,,,250000,250000,USD,0.445,0,0.9891,0.8777,0,842,0.9891,155.5,0,0,692.52,428.57,0.8511,0,1,remax,https://www.remax.com.py/es-py/propiedades/terreno/venta/asuncion/143098113-10,Asunción,
267,Asunción,Mburucuyá,terreno,507,land,4,3,350000,350000,USD,0.445,0,0.9891,0.8777,0,860,0.9891,155.5,0,0,690.34,428.57,0.8511,0,2,remax,https://www.remax.com.py/es-py/propiedades/terreno/venta/asuncion/143010038-300,Asunción,
268,"Encarnación, Itapúa",,terreno,399,land,,,135000,135000,USD,0.445,0,0.8906,1,0,841,0.8906,286.5,0,0,338.35,80.44,0.9767,0,1,remax,https://www.remax.com.py/es-py/propiedades/terreno/venta/encarnacion/143085019-288,Itapúa,Encarnación
269,"Encarnación, Itapúa",,terreno,372,land,,,118000,118000,USD,0.445,0,0.8906,1,0,812,0.8906,286.5,0,0,317.2,80.44,0.9767,0,1,remax,https://www.remax.com.py/es-py/propiedades/terreno/venta/encarnacion/143011007-1839,Itapúa,Encarnación
270,"Encarnación, Itapúa",,terreno,725,land,,,170000,170000,USD,0.445,0,0.8906,1,0,807,0.8906,286.5,0,0,234.48,80.44,0.9767,0,1,remax,https://www.remax.com.py/es-py/propiedades/terreno/venta/encarnacion/143085019-300,Itapúa,Encarnación
271,"Luque, Central",,casa,130,built,2,3,106492.34,620000000,PYG,0.445,0,0.9788,0.8889,0,743,0.9788,140,0,0,819.17,551.23,0.8556,0,1,remax,https://www.remax.com.py/es-py/propiedades/casa/venta/luque/143094007-46,Central,Luque
272,Asunción,Las Lomas (Carmelitas),terreno,414,land,5,7,326347.49,1900000000,PYG,0.445,0,0.9022,0.984,0,464,0.9022,155.5,0,0,788.28,428.57,0.8936,0,1,remax,https://www.remax.com.py/es-py/propiedades/terreno/venta/asuncion/143100035-5,Asunción,
273,"Lambaré, Central",,casa,300,built,3,3,171761.84,1000000000,PYG,0.445,0.75,0.5503,0.1111,0,155,0.5503,140,1,0.2,572.54,551.23,0.5444,0,1,remax,https://www.remax.com.py/es-py/propiedades/casa/venta/lambare/143061085-23,Central,Lambaré
274,"Ciudad del Este, Alto Paraná",,casa,75,built,3,1,120000,120000,USD,0.444,0,0.8864,1,0,360,0.8864,178.5,0,0,1600,693.27,0.9189,0,1,remax,https://www.remax.com.py/es-py/propiedades/casa/venta/ciudad-del-este/143050002-230,Alto Paraná,Ciudad del Este
275,Asunción,Ciudad Nueva,casa,190,built,3,3,350000,350000,USD,0.444,0,0.8864,1,0,549,0.8864,189.5,0,0,1842.11,649.09,0.9882,0,1,remax,https://www.remax.com.py/es-py/propiedades/casa/venta/asuncion/143094028-30,Asunción,
276,"Fernando de la Mora, Central",,casa,420,built,3,3,350000,350000,USD,0.443,0,0.963,0.9028,0,715,0.963,140,0,0,833.33,551.23,0.8611,0,1,remax,https://www.remax.com.py/es-py/propiedades/casa/venta/fernando-de-la-mora/143010155-71,Central,Fernando de la Mora
277,"Encarnación, Itapúa",,casa,170,built,4,4,250000,250000,USD,0.443,0,0.8846,1,0,664,0.8846,178,0,0,1470.59,537.5,1,0,1,remax,https://www.remax.com.py/es-py/propiedades/casa/venta/encarnacion/143085032-66,Itapúa,Encarnación
278,Asunción,San Vicente,duplex,150,built,3,3,145997.56,850000000,PYG,0.443,0,0.9884,0.8681,0,968,0.9884,150.5,0,0,973.32,742.23,0.8472,0,1,remax,https://www.remax.com.py/es-py/propiedades/duplex/venta/asuncion/143010040-238,Asunción,
279,"Fernando de la Mora, Central",,casa,200,built,3,4,180000,180000,USD,0.443,0,0.9048,0.9722,0,507,0.9048,140,0,0,900,551.23,0.8889,0,1,remax,https://www.remax.com.py/es-py/propiedades/casa/venta/fernando-de-la-mora/143063076-79,Central,Fernando de la Mora
280,"Caraguatay, Cordillera",,terreno,566,land,,,60000,60000,USD,0.443,0,0.8824,1,0,499,0.8824,146,0,0,106.01,23.03,0.9565,0,1,remax,https://www.remax.com.py/es-py/propiedades/terreno/venta/caraguatay/143098116-89,Cordillera,
281,"Luque, Central",,casa,75,built,2,1,62693.07,365000000,PYG,0.442,0.5097,0.2434,0.9028,0,71,0.2434,140,1,0.0519,835.91,551.23,0.8611,0,1,remax,https://www.remax.com.py/es-py/propiedades/casa/venta/luque/143061002-208,Central,Luque
282,"Areguá, Central",,casa,109,built,2,1,139000,139000,USD,0.442,0,0.8783,1,0,464,0.8783,140,0,0,1275.23,551.23,0.9944,0,1,remax,https://www.remax.com.py/es-py/propiedades/casa/venta/aregua/143054093-27,Central,Areguá
283,Asunción,Nazareth,casa,220,built,3,2,316041.78,1840000000,PYG,0.441,0,0.875,1,0,515,0.875,189.5,0,0,1436.55,649.09,0.9647,0,1,remax,https://www.remax.com.py/es-py/propiedades/casa/venta/asuncion/143098017-85,Asunción,
284,Asunción,San Vicente,departamento,41.65,built,1,1,85000,85000,USD,0.441,0,0.9923,0.8532,0,906,0.9923,66.5,0,0,2040.82,1402.44,0.8413,0,1,remax,https://www.remax.com.py/es-py/propiedades/departamento/venta/asuncion/143094007-31,Asunción,
285,Asunción,Santa Librada,casa,100,built,2,1,130539,760000000,PYG,0.441,0,0.8864,0.9853,0,541,0.8864,189.5,0,0,1305.39,649.09,0.8941,0,1,remax,https://www.remax.com.py/es-py/propiedades/casa/venta/asuncion/143063204-23,Asunción,
286,"Filadelfia, Boquerón",,casa,209,built,5,2,151751.58,883500000,PYG,0.44,0.569,0.5527,0.4052,0,178,0.5527,155,1,0.0638,726.08,585.35,0.6621,0,1,remax,https://www.remax.com.py/es-py/propiedades/casa/venta/filadelfia/143016029-103,Boquerón,
287,"Lambaré, Central",,terreno,360,land,,,84163.3,490000000,PYG,0.44,0,0.9118,0.952,0,415,0.9118,126,0,0,233.79,93.41,0.8808,0,2,remax,https://www.remax.com.py/es-py/propiedades/terreno/venta/lambare/143063148-157,Central,Lambaré
288,"Villa Elisa, Central",,casa,65,built,2,1,85022.11,495000000,PYG,0.44,0,0.873,1,0,449,0.873,140,0,0,1308.03,551.23,1,0,1,remax,https://www.remax.com.py/es-py/propiedades/casa/venta/villa-elisa/143028077-2,Central,Villa Elisa
289,"Luque, Central",,casa,155,built,3,3,139900,139900,USD,0.44,0,0.8942,0.9722,0,486,0.8942,140,0,0,902.58,551.23,0.8889,0,1,remax,https://www.remax.com.py/es-py/propiedades/casa/venta/luque/143098023-21,Central,Luque
290,"Encarnación, Itapúa",,duplex,155,built,3,3,154585.65,900000000,PYG,0.44,0,0.9767,0.8681,0,876,0.9767,150.5,0,0,997.33,742.23,0.8472,0,1,remax,https://www.remax.com.py/es-py/propiedades/duplex/venta/encarnacion/143011089-1,Itapúa,Encarnación
291,"Luque, Central",,terreno,362,land,,,95000,95000,USD,0.44,0.3531,0.3758,1,0,86,0.3758,126,1,0.0206,262.43,93.41,0.9139,0,1,remax,https://www.remax.com.py/es-py/propiedades/terreno/venta/luque/143098023-43,Central,Luque
292,"Presidente Franco, Alto Paraná",,casa,100,built,3,1,120000,120000,USD,0.439,0.45,0.3636,0.8446,0,160,0.3636,178.5,1,0.04,1200,693.27,0.8378,0,1,remax,https://www.remax.com.py/es-py/propiedades/casa/venta/presidente-franco/143050100-47,Alto Paraná,
293,"Luque, Central",,terreno,1296,land,,,380000,380000,USD,0.439,0,0.8693,1,0,354,0.8693,126,0,0,293.21,93.41,0.9404,0,1,remax,https://www.remax.com.py/es-py/propiedades/terreno/venta/luque/143098056-15,Central,Luque
294,"San Bernardino, Cordillera",,casa,186,built,4,5,210000,210000,USD,0.439,0,0.9655,0.8796,0,663,0.9655,160,0,0,1129.03,739.88,0.8519,0,1,remax,https://www.remax.com.py/es-py/propiedades/casa/venta/san-bernardino/143061003-88,Cordillera,San Bernardino
295,"Lambaré, Central",,terreno,1132,land,,,230000,230000,USD,0.438,0,0.9575,0.8858,0,583,0.9575,126,0,0,203.18,93.41,0.8543,0,1,remax,https://www.remax.com.py/es-py/propiedades/terreno/venta/lambare/143063199-9,Central,Lambaré
296,"Luque, Central",,terreno,360,land,,,68704.74,400000000,PYG,0.438,0,0.9967,0.8361,0,934,0.9967,126,0,0,190.85,93.41,0.8344,0,1,remax,https://www.remax.com.py/es-py/propiedades/terreno/venta/luque/143010150-21,Central,Luque
297,"Lambaré, Central",,terreno,360,land,,,68704.74,400000000,PYG,0.438,0,0.9967,0.8361,0,1380,0.9967,126,0,0,190.85,93.41,0.8344,0,1,remax,https://www.remax.com.py/es-py/propiedades/terreno/venta/lambare/143028009-66,Central,Lambaré
298,Asunción,Herrera,casa,150,built,2,2,326347.49,1900000000,PYG,0.438,0,0.8636,1,0,501,0.8636,189.5,0,0,2175.65,649.09,0.9882,0,1,remax,https://www.remax.com.py/es-py/propiedades/casa/venta/asuncion/143061085-6,Asunción,
299,"San Bernardino, Cordillera",,terreno,388.8,land,,,36928.8,215000000,PYG,0.438,0,0.8627,1,0,427,0.8627,146,0,0,94.98,23.03,0.9565,0,1,remax,https://www.remax.com.py/es-py/propiedades/terreno/venta/san-bernardino/143061061-109,Cordillera,San Bernardino
300,"San Bernardino, Cordillera",,terreno,1200,land,,,120000,120000,USD,0.438,0,0.8627,1,0,420,0.8627,146,0,0,100,23.03,0.9565,0,1,remax,https://www.remax.com.py/es-py/propiedades/terreno/venta/san-bernardino/143038046-161,Cordillera,San Bernardino
301,"San Bernardino, Cordillera",,terreno,2500,land,,,220713.96,1285000000,PYG,0.438,0,0.8627,1,0,420,0.8627,146,0,0,88.29,23.03,0.9565,0,1,remax,https://www.remax.com.py/es-py/propiedades/terreno/venta/san-bernardino/143063029-51,Cordillera,San Bernardino
302,"San Bernardino, Cordillera",,terreno,620,land,,,59500,59500,USD,0.438,0,0.8627,1,0,381,0.8627,146,0,0,95.97,23.03,0.9565,0,1,remax,https://www.remax.com.py/es-py/propiedades/terreno/venta/san-bernardino/143096038-9,Cordillera,San Bernardino
303,"San Bernardino, Cordillera",,terreno,775,land,,,95000,95000,USD,0.438,0,0.8627,1,0,382,0.8627,146,0,0,122.58,23.03,0.9565,0,1,remax,https://www.remax.com.py/es-py/propiedades/terreno/venta/san-bernardino/143075156-51,Cordillera,San Bernardino
304,"Luque, Central",,terreno,1440,land,1,1,274818.94,1600000000,PYG,0.437,0,0.9935,0.8361,0,889,0.9935,126,0,0,190.85,93.41,0.8344,0,1,remax,https://www.remax.com.py/es-py/propiedades/terreno/venta/luque/143005023-147,Central,Luque
305,"Encarnación, Itapúa",,casa,300,built,3,4,320000,320000,USD,0.437,0,0.9231,0.9239,0,676,0.9231,178,0,0,1066.67,537.5,0.8696,0,1,remax,https://www.remax.com.py/es-py/propiedades/casa/venta/encarnacion/143085019-365,Itapúa,Encarnación
306,"Encarnación, Itapúa",,departamento,73,total,2,1,155000,155000,USD,0.437,0,0.8621,1,0,605,0.8621,135,0,0,2123.29,1471.21,0.9167,0,1,remax,https://www.remax.com.py/es-py/propiedades/departamento/venta/encarnacion/143032069-27,Itapúa,Encarnación
307,"Encarnación, Itapúa",,departamento,48,total,1,1,96000,96000,USD,0.437,0,0.8621,1,0,561,0.8621,135,0,0,2000,1471.21,0.9167,0,1,remax,https://www.remax.com.py/es-py/propiedades/departamento/venta/encarnacion/143032069-40,Itapúa,Encarnación
308,"Encarnación, Itapúa",,departamento,48,total,1,1,105000,105000,USD,0.437,0,0.8621,1,0,553,0.8621,135,0,0,2187.5,1471.21,0.9167,0,1,remax,https://www.remax.com.py/es-py/propiedades/departamento/venta/encarnacion/143032069-42,Itapúa,Encarnación
309,"San Bernardino, Cordillera",,casa,260,built,5,4,330000,330000,USD,0.437,0,0.8621,1,0,416,0.8621,160,0,0,1269.23,739.88,0.9259,0,1,remax,https://www.remax.com.py/es-py/propiedades/casa/venta/san-bernardino/143026092-65,Cordillera,San Bernardino
310,Asunción,Villa Morra,departamento,58,total,2,2,155000,155000,USD,0.437,0,0.8615,1,0,337,0.8615,66.5,0,0,2672.41,1671.33,0.9659,0,1,remax,https://www.remax.com.py/es-py/propiedades/departamento/venta/asuncion/143098133-670,Asunción,
311,"Luque, Central",,casa,84.6,built,3,2,67674.16,394000000,PYG,0.437,0,0.9947,0.8333,0,875,0.9947,140,0,0,799.93,551.23,0.8333,0,1,remax,https://www.remax.com.py/es-py/propiedades/casa/venta/luque/143005083-12,Central,Luque
312,Asunción,Ciudad Nueva,duplex,120,built,2,1,140000,140000,USD,0.437,0,0.8605,1,0,449,0.8605,150.5,0,0,1166.67,742.23,0.9306,0,1,remax,https://www.remax.com.py/es-py/propiedades/duplex/venta/asuncion/143100026-24,Asunción,
313,"Encarnación, Itapúa",,terreno,549,land,,,165000,165000,USD,0.437,0,0.8594,1,0,759,0.8594,286.5,0,0,300.55,80.44,0.9767,0,1,remax,https://www.remax.com.py/es-py/propiedades/terreno/venta/encarnacion/143085019-328,Itapúa,Encarnación
314,"Fernando de la Mora, Central",,terreno,1217,land,,,231878.48,1350000000,PYG,0.437,0,0.9902,0.8361,0,786,0.9902,126,0,0,190.53,93.41,0.8344,0,1,remax,https://www.remax.com.py/es-py/propiedades/terreno/venta/fernando-de-la-mora/143005020-149,Central,Fernando de la Mora
315,"Ñemby, Central",,casa,150,built,4,4,122809.71,715000000,PYG,0.436,0,0.9471,0.8889,0,604,0.9471,140,0,0,818.73,551.23,0.8556,0,1,remax,https://www.remax.com.py/es-py/propiedades/casa/venta/nemby/143001176-5,Central,Ñemby
316,"Cambyretá, Itapúa",,terreno,360,land,2,1,61834.26,360000000,PYG,0.436,0,0.8906,0.9593,0,865,0.8906,286.5,0,0,171.76,80.44,0.8837,0,1,remax,https://www.remax.com.py/es-py/propiedades/terreno/venta/cambyreta/143085018-58,Itapúa,
317,"Encarnación, Itapúa",,terreno,460,land,,,77292.83,450000000,PYG,0.436,0,0.8906,0.9593,0,827,0.8906,286.5,0,0,168.03,80.44,0.8837,0,1,remax,https://www.remax.com.py/es-py/propiedades/terreno/venta/encarnacion/143085019-290,Itapúa,Encarnación
318,"Luque, Central",,casa,219,built,3,4,220000,220000,USD,0.436,0,0.8571,1,0,441,0.8571,140,0,0,1004.57,551.23,0.9333,0,1,remax,https://www.remax.com.py/es-py/propiedades/casa/venta/luque/143063049-38,Central,Luque
319,"Ciudad del Este, Alto Paraná",,terreno,434,land,,,68704.74,400000000,PYG,0.434,0,0.9917,0.8232,0,1109,0.9917,130,0,0,158.31,80.9,0.8293,0,1,remax,https://www.remax.com.py/es-py/propiedades/terreno/venta/ciudad-del-este/143005060-8,Alto Paraná,Ciudad del Este
320,"Capiatá, Central",,casa,188,built,3,1,186361.59,1085000000,PYG,0.433,0,0.8466,1,0,424,0.8466,140,0,0,991.29,551.23,0.9278,0,1,remax,https://www.remax.com.py/es-py/propiedades/casa/venta/capiata/143025151-74,Central,Capiatá
321,"Hohenau, Itapúa",,casa,130,built,3,2,165000,165000,USD,0.433,0,0.8462,1,0,464,0.8462,178,0,0,1269.23,537.5,0.9565,0,1,remax,https://www.remax.com.py/es-py/propiedades/casa/venta/hohenau/143011043-229,Itapúa,
322,"San Juan del Paraná, Itapúa",,casa,200,built,3,2,360000,360000,USD,0.433,0,0.8462,1,0,612,0.8462,178,0,0,1800,537.5,1,0,1,remax,https://www.remax.com.py/es-py/propiedades/casa/venta/san-juan-del-parana/143085019-400,Itapúa,San Juan del Paraná
323,"Encarnación, Itapúa",,casa,180,built,2,3,250000,250000,USD,0.433,0,0.8462,1,0,604,0.8462,178,0,0,1388.89,537.5,1,0,1,remax,https://www.remax.com.py/es-py/propiedades/casa/venta/encarnacion/143011043-215,Itapúa,Encarnación
324,"Encarnación, Itapúa",,casa,140,built,3,2,250000,250000,USD,0.433,0,0.8462,1,0,598,0.8462,178,0,0,1785.71,537.5,1,0,1,remax,https://www.remax.com.py/es-py/propiedades/casa/venta/encarnacion/143032072-9,Itapúa,Encarnación
325,"Ciudad del Este, Alto Paraná",,terreno,377,land,,,94469.01,550000000,PYG,0.432,0,0.843,1,0,271,0.843,130,0,0,250.58,80.9,0.9268,0,1,remax,https://www.remax.com.py/es-py/propiedades/terreno/venta/ciudad-del-este/143050172-4,Alto Paraná,Ciudad del Este
326,"Areguá, Central",,casa,160,built,4,2,128821.38,750000000,PYG,0.432,0,0.9524,0.8611,0,606,0.9524,140,0,0,805.13,551.23,0.8444,0,1,remax,https://www.remax.com.py/es-py/propiedades/casa/venta/aregua/143054048-77,Central,Areguá
327,"San Bernardino, Cordillera",,terreno,3179,land,,,190000,190000,USD,0.432,0,0.902,0.9239,0,624,0.902,146,0,0,59.77,23.03,0.8696,0,1,remax,https://www.remax.com.py/es-py/propiedades/terreno/venta/san-bernardino/143063002-263,Cordillera,San Bernardino
328,"San Bernardino, Cordillera",,terreno,2000,land,,,115000,115000,USD,0.432,0,0.902,0.9239,0,609,0.902,146,0,0,57.5,23.03,0.8696,0,1,remax,https://www.remax.com.py/es-py/propiedades/terreno/venta/san-bernardino/143054048-75,Cordillera,San Bernardino
329,"Piribebuy, Cordillera",,terreno,962,land,,,55822.6,325000000,PYG,0.432,0,0.902,0.9239,0,563,0.902,146,0,0,58.03,23.03,0.8696,0,1,remax,https://www.remax.com.py/es-py/propiedades/terreno/venta/piribebuy/143063128-203,Cordillera,
330,"Lambaré, Central",,terreno,385.77,land,,,85880.92,500000000,PYG,0.432,0,0.8791,0.952,0,375,0.8791,126,0,0,222.62,93.41,0.8808,0,1,remax,https://www.remax.com.py/es-py/propiedades/terreno/venta/lambare/143071088-8,Central,Lambaré
331,"Itauguá, Central",,casa,100,built,3,2,71796.45,418000000,PYG,0.432,0.3324,0.7302,0.5556,0,259,0.7302,140,1,0.0165,717.96,551.23,0.7222,0,1,remax,https://www.remax.com.py/es-py/propiedades/casa/venta/itaugua/143036126-35,Central,Itauguá
332,"Luque, Central",,departamento,70,built,2,2,97000,97000,USD,0.431,0,0.9587,0.8468,0,689,0.9587,48,0,0,1385.71,1104.4,0.8387,0,1,remax,https://www.remax.com.py/es-py/propiedades/departamento/venta/luque/143056050-10,Central,Luque
333,Asunción,Barrio Jara,casa,218,built,3,4,250000,250000,USD,0.43,0,0.9886,0.8088,0,1879,0.9886,189.5,0,0,1146.79,649.09,0.8235,0,1,remax,https://www.remax.com.py/es-py/propiedades/casa/venta/asuncion/143081004-23,Asunción,
334,"Altos, Cordillera",,terreno,360,land,,,15458.57,90000000,PYG,0.43,0,0.9804,0.8152,0,865,0.9804,146,0,0,42.94,23.03,0.8261,0,1,remax,https://www.remax.com.py/es-py/propiedades/terreno/venta/altos/143005083-36,Cordillera,Altos
335,"San Bernardino, Cordillera",,terreno,945,land,,,42940.46,250000000,PYG,0.43,0,0.9804,0.8152,0,861,0.9804,146,0,0,45.44,23.03,0.8261,0,1,remax,https://www.remax.com.py/es-py/propiedades/terreno/venta/san-bernardino/143094018-11,Cordillera,San Bernardino
336,"Luque, Central",,casa,164,built,3,2,163603.15,952500000,PYG,0.429,0,0.8307,1,0,402,0.8307,140,0,0,997.58,551.23,0.9278,0,1,remax,https://www.remax.com.py/es-py/propiedades/casa/venta/luque/143071067-87,Central,Luque
337,"Encarnación, Itapúa",,terreno,404,land,,,111645.2,650000000,PYG,0.428,0,0.8281,1,0,731,0.8281,286.5,0,0,276.35,80.44,0.9767,0,1,remax,https://www.remax.com.py/es-py/propiedades/terreno/venta/encarnacion/143085019-475,Itapúa,Encarnación
338,"San Bernardino, Cordillera",,casa,117,built,2,1,216419.92,1260000000,PYG,0.428,0,0.8276,1,0,371,0.8276,160,0,0,1849.74,739.88,1,0,1,remax,https://www.remax.com.py/es-py/propiedades/casa/venta/san-bernardino/143063059-76,Cordillera,San Bernardino
339,"Piribebuy, Cordillera",,casa,62,built,2,2,83304.49,485000000,PYG,0.428,0,0.8276,1,0,367,0.8276,160,0,0,1343.62,739.88,0.9259,0,1,remax,https://www.remax.com.py/es-py/propiedades/casa/venta/piribebuy/143063128-222,Cordillera,
340,"Hohenau, Itapúa",,terreno,493,land,,,69000,69000,USD,0.428,0,0.9531,0.843,0,1297,0.9531,286.5,0,0,139.96,80.44,0.8372,0,1,remax,https://www.remax.com.py/es-py/propiedades/terreno/venta/hohenau/143085019-14,Itapúa,
341,"Encarnación, Itapúa",,terreno,600,land,,,85880.92,500000000,PYG,0.428,0,0.9063,0.9012,0,952,0.9063,286.5,0,0,143.13,80.44,0.8605,0,1,remax,https://www.remax.com.py/es-py/propiedades/terreno/venta/encarnacion/143011007-1749,Itapúa,Encarnación
342,"Limpio, Central",,casa,83,built,3,2,68704.74,400000000,PYG,0.428,0,0.9153,0.8889,0,521,0.9153,140,0,0,827.77,551.23,0.8556,0,1,remax,https://www.remax.com.py/es-py/propiedades/casa/venta/limpio/143094007-77,Central,Limpio
343,"Capiatá, Central",,casa,139,built,2,2,111645.2,650000000,PYG,0.428,0,0.9471,0.8472,0,598,0.9471,140,0,0,803.2,551.23,0.8389,0,1,remax,https://www.remax.com.py/es-py/propiedades/casa/venta/capiata/143100026-1,Central,Capiatá
344,"Fernando de la Mora, Central",,casa,400,built,3,3,320000,320000,USD,0.427,0,0.9577,0.8333,0,655,0.9577,140,0,0,800,551.23,0.8333,0,1,remax,https://www.remax.com.py/es-py/propiedades/casa/venta/fernando-de-la-mora/143025184-4,Central,Fernando de la Mora
345,"Caacupé, Cordillera",,terreno,600,land,,,42081.65,245000000,PYG,0.427,0,0.8235,1,0,340,0.8235,146,0,0,70.14,23.03,0.9565,0,1,remax,https://www.remax.com.py/es-py/propiedades/terreno/venta/caacupe/143094043-21,Cordillera,Caacupé
346,"Piribebuy, Cordillera",,terreno,962,land,2,2,94469.01,550000000,PYG,0.427,0,0.8235,1,0,361,0.8235,146,0,0,98.2,23.03,0.9565,0,1,remax,https://www.remax.com.py/es-py/propiedades/terreno/venta/piribebuy/143063128-223,Cordillera,
347,"San Bernardino, Cordillera",,terreno,791,land,,,153726.85,895000000,PYG,0.427,0,0.8235,1,0,357,0.8235,146,0,0,194.34,23.03,1,0,1,remax,https://www.remax.com.py/es-py/propiedades/terreno/venta/san-bernardino/143063147-109,Cordillera,San Bernardino
348,"Luque, Central",,terreno,775,land,1,1,145997.56,850000000,PYG,0.427,0,0.9542,0.8361,0,556,0.9542,126,0,0,188.38,93.41,0.8344,0,1,remax,https://www.remax.com.py/es-py/propiedades/terreno/venta/luque/143063109-69,Central,Luque
349,"Luque, Central",,casa,75,built,2,1,66987.12,390000000,PYG,0.426,0,0.8413,0.9722,0,407,0.8413,140,0,0,893.16,551.23,0.8889,0,1,remax,https://www.remax.com.py/es-py/propiedades/casa/venta/luque/143061002-180,Central,Luque
350,"Areguá, Central",,terreno,360,land,,,16317.37,95000000,PYG,0.426,0.5,0.9183,0,0,423,0.9183,126,1,0.05,45.33,93.41,0.1921,0,1,remax,https://www.remax.com.py/es-py/propiedades/terreno/venta/aregua/143068091-120,Central,Areguá
351,"Luque, Central",,casa,80,built,2,1,68704.74,400000000,PYG,0.426,0,0.873,0.9306,0,449,0.873,140,0,0,858.81,551.23,0.8722,0,1,remax,https://www.remax.com.py/es-py/propiedades/casa/venta/luque/143105005-1,Central,Luque
352,"San Lorenzo, Central",,casa,64,built,2,2,66128.31,385000000,PYG,0.425,0,0.8148,1,0,374,0.8148,140,0,0,1033.25,551.23,0.9444,0,1,remax,https://www.remax.com.py/es-py/propiedades/casa/venta/san-lorenzo/143020119-7,Central,San Lorenzo
353,"San Lorenzo, Central",,casa,229.7,built,5,4,255000,255000,USD,0.425,0,0.8148,1,0,359,0.8148,140,0,0,1110.14,551.23,0.9667,0,1,remax,https://www.remax.com.py/es-py/propiedades/casa/venta/san-lorenzo/143063128-225,Central,San Lorenzo
354,"Itauguá, Central",,casa,90,built,3,2,148573.99,865000000,PYG,0.425,0,0.8148,1,0,366,0.8148,140,0,0,1650.82,551.23,1,0,1,remax,https://www.remax.com.py/es-py/propiedades/casa/venta/itaugua/143080127-33,Central,Itauguá
355,"Cambyretá, Itapúa",,casa,68,built,1,2,66987.12,390000000,PYG,0.425,0,0.9615,0.8152,0,954,0.9615,178,0,0,985.1,537.5,0.8261,0,1,remax,https://www.remax.com.py/es-py/propiedades/casa/venta/cambyreta/143011008-291,Itapúa,
356,"Encarnación, Itapúa",,casa,240,built,3,2,230000,230000,USD,0.425,0,0.9615,0.8152,0,918,0.9615,178,0,0,958.33,537.5,0.8261,0,1,remax,https://www.remax.com.py/es-py/propiedades/casa/venta/encarnacion/143085019-207,Itapúa,Encarnación
357,"Encarnación, Itapúa",,casa,120,built,4,3,120233.29,700000000,PYG,0.425,0,0.9615,0.8152,0,1187,0.9615,178,0,0,1001.94,537.5,0.8261,0,1,remax,https://www.remax.com.py/es-py/propiedades/casa/venta/encarnacion/143011071-31,Itapúa,Encarnación
358,"Carmen del Paraná, Itapúa",,casa,200,built,3,1,171000,171000,USD,0.425,0,0.9615,0.8152,0,986,0.9615,178,0,0,855,537.5,0.8261,0,1,remax,https://www.remax.com.py/es-py/propiedades/casa/venta/carmen-del-parana/143011007-1713,Itapúa,
359,"Encarnación, Itapúa",,casa,180,built,3,2,180000,180000,USD,0.425,0,0.9615,0.8152,0,1130,0.9615,178,0,0,1000,537.5,0.8261,0,1,remax,https://www.remax.com.py/es-py/propiedades/casa/venta/encarnacion/143011043-163,Itapúa,Encarnación
360,"Encarnación, Itapúa",,casa,150,built,2,2,133974.23,780000000,PYG,0.425,0,0.9615,0.8152,0,1201,0.9615,178,0,0,893.16,537.5,0.8261,0,1,remax,https://www.remax.com.py/es-py/propiedades/casa/venta/encarnacion/143085019-91,Itapúa,Encarnación
361,"Lambaré, Central",,terreno,910,land,,,180000,180000,USD,0.425,0,0.9183,0.8692,0,421,0.9183,126,0,0,197.8,93.41,0.8477,0,1,remax,https://www.remax.com.py/es-py/propiedades/terreno/venta/lambare/143071067-83,Central,Lambaré
362,Asunción,Itá Enramada,casa,200,built,3,2,111645.2,650000000,PYG,0.425,0.4706,0.9545,0,0,945,0.9545,189.5,1,0.0441,558.23,649.09,0.3176,0,1,remax,https://www.remax.com.py/es-py/propiedades/casa/venta/asuncion/143080002-289,Asunción,
363,"San Bernardino, Cordillera",,terreno,600,land,,,25764.28,150000000,PYG,0.424,0,0.9608,0.8152,0,681,0.9608,146,0,0,42.94,23.03,0.8261,0,1,remax,https://www.remax.com.py/es-py/propiedades/terreno/venta/san-bernardino/143098017-69,Cordillera,San Bernardino
364,Asunción,Las Lomas (Carmelitas),departamento,63,total,1,2,138849,138849,USD,0.424,0,0.9538,0.8239,0,500,0.9538,66.5,0,0,2203.95,1671.33,0.8295,0,1,remax,https://www.remax.com.py/es-py/propiedades/departamento/venta/asuncion/143063187-34,Asunción,
365,"Cambyretá, Itapúa",,terreno,360,land,,,100000,100000,USD,0.424,0,0.8125,1,0,707,0.8125,286.5,0,0,277.78,80.44,0.9767,0,1,remax,https://www.remax.com.py/es-py/propiedades/terreno/venta/cambyreta/143011043-207,Itapúa,
366,"Encarnación, Itapúa",,departamento,60,total,1,1,115000,115000,USD,0.424,0,0.8621,0.9375,0,464,0.8621,135,0,0,1916.67,1471.21,0.875,0,1,remax,https://www.remax.com.py/es-py/propiedades/departamento/venta/encarnacion/143011024-358,Itapúa,Encarnación
367,"Lambaré, Central",,terreno,360,land,,,91033.77,530000000,PYG,0.424,0,0.8235,0.9851,0,304,0.8235,126,0,0,252.87,93.41,0.894,0,2,remax,https://www.remax.com.py/es-py/propiedades/terreno/venta/lambare/143071088-9,Central,Lambaré
368,"Mariano Roque Alonso, Central",,departamento,54,built,1,2,90000,90000,USD,0.424,0,0.8099,1,0,163,0.8099,48,0,0,1666.67,1104.4,0.9355,0,1,remax,https://www.remax.com.py/es-py/propiedades/departamento/venta/mariano-roque-alonso/143036139-96,Central,Mariano Roque Alonso
369,"Luque, Central",,casa,120,built,3,3,140000,140000,USD,0.424,0,0.8095,1,0,352,0.8095,140,0,0,1166.67,551.23,0.9889,0,1,remax,https://www.remax.com.py/es-py/propiedades/casa/venta/luque/143080105-123,Central,Luque
370,"San Lorenzo, Central",,duplex,115,built,2,2,99621.87,580000000,PYG,0.423,0,0.9851,0.7783,0,875,0.9851,150,0,0,866.28,740.46,0.8113,0,1,remax,https://www.remax.com.py/es-py/propiedades/duplex/venta/san-lorenzo/143010160-9,Central,San Lorenzo
371,Asunción,Villa Morra,departamento,45,total,1,1,110000,110000,USD,0.423,0,0.8077,1,0,267,0.8077,66.5,0,0,2444.44,1671.33,0.9091,0,1,remax,https://www.remax.com.py/es-py/propiedades/departamento/venta/asuncion/143063068-105,Asunción,
372,Asunción,Santísima Trinidad,departamento,55,built,1,1,107500,107500,USD,0.423,0,0.9872,0.7738,0,805,0.9872,66.5,0,0,1954.55,1402.44,0.8095,0,1,remax,https://www.remax.com.py/es-py/propiedades/departamento/venta/asuncion/143026171-16,Asunción,
373,"Luque, Central",,casa,170,built,3,2,140844.71,820000000,PYG,0.422,0,0.8942,0.8889,0,484,0.8942,140,0,0,828.5,551.23,0.8556,0,1,remax,https://www.remax.com.py/es-py/propiedades/casa/venta/luque/143038060-7,Central,Luque
374,Asunción,Ycuá Satí,terreno,384,land,,,275000,275000,USD,0.422,0,0.9022,0.8777,0,493,0.9022,155.5,0,0,716.15,428.57,0.8511,0,1,remax,https://www.remax.com.py/es-py/propiedades/terreno/venta/asuncion/143061056-107,Asunción,
375,"Encarnación, Itapúa",,duplex,120,built,2,3,110000,110000,USD,0.422,0,0.9651,0.7986,0,833,0.9651,150.5,0,0,916.67,742.23,0.8194,0,1,remax,https://www.remax.com.py/es-py/propiedades/duplex/venta/encarnacion/143085028-1,Itapúa,Encarnación
376,"San Bernardino, Cordillera",,terreno,1768,land,1,1,85880.92,500000000,PYG,0.422,0,0.8627,0.9239,0,459,0.8627,146,0,0,48.58,23.03,0.8696,0,1,remax,https://www.remax.com.py/es-py/propiedades/terreno/venta/san-bernardino/143063068-104,Cordillera,San Bernardino
377,"San Lorenzo, Central",,terreno,369,land,,,135691.85,790000000,PYG,0.421,0,0.8007,1,0,266,0.8007,126,0,0,367.73,93.41,0.947,0,1,remax,https://www.remax.com.py/es-py/propiedades/terreno/venta/san-lorenzo/143098061-45,Central,San Lorenzo
378,"Fernando de la Mora, Central",,terreno,1050,land,,,295000,295000,USD,0.421,0,0.8007,1,0,261,0.8007,126,0,0,280.95,93.41,0.9272,0,1,remax,https://www.remax.com.py/es-py/propiedades/terreno/venta/fernando-de-la-mora/143098133-671,Central,Fernando de la Mora
379,"San Lorenzo, Central",,casa,65,built,2,1,77292.83,450000000,PYG,0.421,0,0.7989,1,0,343,0.7989,140,0,0,1189.12,551.23,0.9889,0,1,remax,https://www.remax.com.py/es-py/propiedades/casa/venta/san-lorenzo/143068113-7,Central,San Lorenzo
380,Asunción,Ycuá Satí,departamento,81.5,total,2,2,176750,176750,USD,0.42,0,0.9718,0.7813,0,662,0.9718,66.5,0,0,2168.71,1671.33,0.8125,0,1,remax,https://www.remax.com.py/es-py/propiedades/departamento/venta/asuncion/143056031-635,Asunción,
381,"Mariano Roque Alonso, Central",,casa,167,built,3,5,225500,225500,USD,0.419,0,0.7937,1,0,331,0.7937,140,0,0,1350.3,551.23,1,0,1,remax,https://www.remax.com.py/es-py/propiedades/casa/venta/mariano-roque-alonso/143068136-7,Central,Mariano Roque Alonso
382,"Luque, Central",,casa,200,built,3,2,188938.02,1100000000,PYG,0.419,0,0.7937,1,0,332,0.7937,140,0,0,944.69,551.23,0.9111,0,1,remax,https://www.remax.com.py/es-py/propiedades/casa/venta/luque/143063226-19,Central,Luque
383,"Ciudad del Este, Alto Paraná",,terreno,480,land,,,175000,175000,USD,0.419,0,0.7934,1,0,249,0.7934,130,0,0,364.58,80.9,0.9756,0,1,remax,https://www.remax.com.py/es-py/propiedades/terreno/venta/ciudad-del-este/143050072-52,Alto Paraná,Ciudad del Este
384,"Encarnación, Itapúa",,departamento,46.76,total,1,1,123909,123909,USD,0.419,0,0.7931,1,0,288,0.7931,135,0,0,2649.89,1471.21,1,0,1,remax,https://www.remax.com.py/es-py/propiedades/departamento/venta/encarnacion/143011101-16,Itapúa,Encarnación
385,"Capiatá, Central",,casa,75,built,2,2,59257.83,345000000,PYG,0.419,0,0.9259,0.8333,0,558,0.9259,140,0,0,790.1,551.23,0.8333,0,1,infocasas,https://www.infocasas.com.py/en-venta-4-chalet-en-capiata-/192759549,Central,Capiatá
386,"Lambaré, Central",,terreno,360,land,,,62693.07,365000000,PYG,0.417,0,0.9967,0.7368,0,1173,0.9967,126,0,0,174.15,93.41,0.7947,0,1,remax,https://www.remax.com.py/es-py/propiedades/terreno/venta/lambare/143005023-117,Central,Lambaré
387,"Lambaré, Central",,terreno,454,land,,,77292.83,450000000,PYG,0.417,0,0.9967,0.7368,0,1214,0.9967,126,0,0,170.25,93.41,0.7947,0,1,remax,https://www.remax.com.py/es-py/propiedades/terreno/venta/lambare/143005060-1,Central,Lambaré
388,"Fernando de la Mora, Central",,casa,250,built,5,4,214702.3,1250000000,PYG,0.417,0,0.8413,0.9306,0,415,0.8413,140,0,0,858.81,551.23,0.8722,0,1,remax,https://www.remax.com.py/es-py/propiedades/casa/venta/fernando-de-la-mora/143025117-43,Central,Fernando de la Mora
389,"Cambyretá, Itapúa",,casa,309,built,7,6,317759.4,1850000000,PYG,0.417,0,0.8462,0.9239,0,491,0.8462,178,0,0,1028.35,537.5,0.8696,0,1,remax,https://www.remax.com.py/es-py/propiedades/casa/venta/cambyreta/143032061-113,Itapúa,
390,"Cambyretá, Itapúa",,casa,160,built,3,2,160597.32,935000000,PYG,0.417,0,0.8462,0.9239,0,521,0.8462,178,0,0,1003.73,537.5,0.8696,0,1,remax,https://www.remax.com.py/es-py/propiedades/casa/venta/cambyreta/143032061-110,Itapúa,
391,Asunción,Villa Aurelia,duplex,192,built,3,2,195000,195000,USD,0.417,0.375,0.3372,0.9028,0,101,0.3372,150.5,1,0.025,1015.63,742.23,0.8611,0,1,remax,https://www.remax.com.py/es-py/propiedades/duplex/venta/asuncion/143098027-135,Asunción,
392,"San Lorenzo, Central",,casa,180,built,3,1,145997.56,850000000,PYG,0.417,0,0.873,0.8889,0,459,0.873,140,0,0,811.1,551.23,0.8556,0,1,remax,https://www.remax.com.py/es-py/propiedades/casa/venta/san-lorenzo/143063068-103,Central,San Lorenzo
393,Asunción,Mburucuyá,departamento,42,total,1,1,89900,89900,USD,0.417,0,0.9923,0.7386,0,896,0.9923,66.5,0,0,2140.48,1671.33,0.7955,0,1,remax,https://www.remax.com.py/es-py/propiedades/departamento/venta/asuncion/143010075-202,Asunción,
394,"Limpio, Central",,casa,140,built,3,2,155000,155000,USD,0.417,0,0.7831,1,0,318,0.7831,140,0,0,1107.14,551.23,0.9611,0,1,remax,https://www.remax.com.py/es-py/propiedades/casa/venta/limpio/143105005-6,Central,Limpio
395,Asunción,Madame Lynch,departamento,47,total,1,1,120000,120000,USD,0.416,0,0.7821,1,0,231,0.7821,66.5,0,0,2553.19,1671.33,0.9432,0,1,remax,https://www.remax.com.py/es-py/propiedades/departamento/venta/asuncion/143063179-48,Asunción,
396,"Luque, Central",,casa,350,built,3,3,274818.94,1600000000,PYG,0.416,0,0.9259,0.8194,0,551,0.9259,140,0,0,785.2,551.23,0.8278,0,1,remax,https://www.remax.com.py/es-py/propiedades/casa/venta/luque/143025149-220,Central,Luque
397,"Ñemby, Central",,casa,77,built,3,1,60116.64,350000000,PYG,0.416,0,0.9259,0.8194,0,555,0.9259,140,0,0,780.74,551.23,0.8278,0,1,remax,https://www.remax.com.py/es-py/propiedades/casa/venta/nemby/143091036-22,Central,Ñemby
398,Asunción,San Vicente,casa,200,built,3,2,231878.48,1350000000,PYG,0.416,0,0.9091,0.8382,0,569,0.9091,189.5,0,0,1159.39,649.09,0.8353,0,1,remax,https://www.remax.com.py/es-py/propiedades/casa/venta/asuncion/143068099-13,Asunción,
399,"Fernando de la Mora, Central",,casa,400,built,7,7,334935.59,1950000000,PYG,0.416,0,0.8571,0.9028,0,428,0.8571,140,0,0,837.34,551.23,0.8611,0,1,remax,https://www.remax.com.py/es-py/propiedades/casa/venta/fernando-de-la-mora/143019010-216,Central,Fernando de la Mora
400,"Capiatá, Central",,terreno,685,land,,,34352.37,200000000,PYG,0.415,0.7045,0.5915,0,0,155,0.5915,126,1,0.0909,50.15,93.41,0.2252,0,1,remax,https://www.remax.com.py/es-py/propiedades/terreno/venta/capiata/143068141-6,Central,Capiatá
401,Asunción,Villa Morra,departamento,45,built,1,1,87000,87000,USD,0.415,0,0.9897,0.7341,0,835,0.9897,66.5,0,0,1933.33,1402.44,0.7937,0,1,remax,https://www.remax.com.py/es-py/propiedades/departamento/venta/asuncion/143075004-60,Asunción,
402,Asunción,Villa Morra,departamento,45,total,1,1,100000,100000,USD,0.415,0,0.9179,0.8239,0,424,0.9179,66.5,0,0,2222.22,1671.33,0.8295,0,1,remax,https://www.remax.com.py/es-py/propiedades/departamento/venta/asuncion/143100042-58,Asunción,
403,"Ciudad del Este, Alto Paraná",,casa,229.42,built,4,4,250000,250000,USD,0.415,0,0.9545,0.777,0,561,0.9545,178.5,0,0,1089.7,693.27,0.8108,0,1,remax,https://www.remax.com.py/es-py/propiedades/casa/venta/ciudad-del-este/143107020-17,Alto Paraná,Ciudad del Este
404,"Fernando de la Mora, Central",,duplex,160,built,3,2,180000,180000,USD,0.415,0,0.7761,1,0,350,0.7761,150,0,0,1125,740.46,0.9623,0,2,remax,https://www.remax.com.py/es-py/propiedades/duplex/venta/fernando-de-la-mora/143084038-74,Central,Fernando de la Mora
405,"Cambyretá, Itapúa",,casa,230,built,2,2,200000,200000,USD,0.415,0,0.9231,0.8152,0,676,0.9231,178,0,0,869.57,537.5,0.8261,0,1,remax,https://www.remax.com.py/es-py/propiedades/casa/venta/cambyreta/143085019-364,Itapúa,
406,"Lambaré, Central",,duplex,157,built,3,3,121950.91,710000000,PYG,0.415,0.5167,0.4179,0.5425,0,134,0.4179,150,1,0.0533,776.76,740.46,0.717,0,1,remax,https://www.remax.com.py/es-py/propiedades/duplex/venta/lambare/143098020-94,Central,Lambaré
407,Asunción,Herrera,terreno,469,land,,,280000,280000,USD,0.414,0,1,0.7181,0,1499,1,155.5,0,0,597.01,428.57,0.7872,0,1,remax,https://www.remax.com.py/es-py/propiedades/terreno/venta/asuncion/143080002-63,Asunción,
408,"San Bernardino, Cordillera",,departamento,73,built,2,2,139966,139966,USD,0.414,0,0.9838,0.7372,0,831,0.9838,53,0,0,1917.34,1335.64,0.7949,0,1,remax,https://www.remax.com.py/es-py/propiedades/departamento/venta/san-bernardino/143098017-38,Cordillera,San Bernardino
409,"Fernando de la Mora, Central",,terreno,1520,land,,,270000,270000,USD,0.414,0,0.9706,0.7533,0,662,0.9706,126,0,0,177.63,93.41,0.8013,0,1,remax,https://www.remax.com.py/es-py/propiedades/terreno/venta/fernando-de-la-mora/143098017-73,Central,Fernando de la Mora
410,"Ñemby, Central",,terreno,917,land,,,163173.75,950000000,PYG,0.414,0,0.9706,0.7533,0,708,0.9706,126,0,0,177.94,93.41,0.8013,0,1,remax,https://www.remax.com.py/es-py/propiedades/terreno/venta/nemby/143010138-227,Central,Ñemby
411,Asunción,Sajonia,casa,368,built,5,4,180349.93,1050000000,PYG,0.414,0.75,0.5227,0,0,210,0.5227,189.5,1,0.125,490.08,649.09,0.2588,0,1,remax,https://www.remax.com.py/es-py/propiedades/casa/venta/asuncion/143098119-31,Asunción,
412,Asunción,Las Lomas (Carmelitas),departamento,51.5,total,1,1,110000,110000,USD,0.414,0,0.9923,0.7244,0,891,0.9923,66.5,0,0,2135.92,1671.33,0.7898,0,1,remax,https://www.remax.com.py/es-py/propiedades/departamento/venta/asuncion/143025149-177,Asunción,
413,"Lambaré, Central",,casa,260,built,4,4,206114.21,1200000000,PYG,0.414,0,0.9048,0.8333,0,505,0.9048,140,0,0,792.75,551.23,0.8333,0,1,remax,https://www.remax.com.py/es-py/propiedades/casa/venta/lambare/143036107-15,Central,Lambaré
414,"Hernandarias, Alto Paraná",,terreno,1500,land,,,77292.83,450000000,PYG,0.413,0.75,0.5207,0,0,135,0.5207,130,1,0.1,51.53,80.9,0.2927,0,1,remax,https://www.remax.com.py/es-py/propiedades/terreno/venta/hernandarias/143099032-7,Alto Paraná,Hernandarias
415,"San Lorenzo, Central",,terreno,810,land,,,137409.47,800000000,PYG,0.413,0,0.9935,0.7202,0,840,0.9935,126,0,0,169.64,93.41,0.7881,0,1,remax,https://www.remax.com.py/es-py/propiedades/terreno/venta/san-lorenzo/143005023-166,Central,San Lorenzo
416,"Encarnación, Itapúa",,casa,245,built,4,3,310000,310000,USD,0.413,0,0.7692,1,0,295,0.7692,178,0,0,1265.31,537.5,0.9565,0,1,remax,https://www.remax.com.py/es-py/propiedades/casa/venta/encarnacion/143080171-16,Itapúa,Encarnación
417,"Ciudad del Este, Alto Paraná",,terreno,360,land,,,60116.64,350000000,PYG,0.413,0,0.9091,0.8232,0,352,0.9091,130,0,0,166.99,80.9,0.8293,0,1,remax,https://www.remax.com.py/es-py/propiedades/terreno/venta/ciudad-del-este/143099018-37,Alto Paraná,Ciudad del Este
418,"Hernandarias, Alto Paraná",,terreno,850,land,,,137409.47,800000000,PYG,0.413,0,0.9091,0.8232,0,354,0.9091,130,0,0,161.66,80.9,0.8293,0,1,remax,https://www.remax.com.py/es-py/propiedades/terreno/venta/hernandarias/143099004-58,Alto Paraná,Hernandarias
419,"San Lorenzo, Central",,casa,120,built,2,1,111645.2,650000000,PYG,0.412,0,0.7672,1,0,310,0.7672,140,0,0,930.38,551.23,0.9111,0,1,remax,https://www.remax.com.py/es-py/propiedades/casa/venta/san-lorenzo/143054126-80,Central,San Lorenzo
420,"Encarnación, Itapúa",,terreno,365.66,land,,,46375.7,270000000,PYG,0.412,0,0.9844,0.7267,0,1956,0.9844,286.5,0,0,126.83,80.44,0.7907,0,1,remax,https://www.remax.com.py/es-py/propiedades/terreno/venta/encarnacion/143011043-53,Itapúa,Encarnación
421,"Doctor J. Eulogio Estigarribia, Caaguazú",,terreno,570,land,,,120000,120000,USD,0.412,0,0.9855,0.7253,0,965,0.9855,134,0,0,210.53,91.87,0.7901,0,1,remax,https://www.remax.com.py/es-py/propiedades/terreno/venta/doctor-j-eulogio-estigarribia/143078001-124,Caaguazú,
422,"Cambyretá, Itapúa",,terreno,360,land,,,66987.12,390000000,PYG,0.412,0,0.7656,1,0,613,0.7656,286.5,0,0,186.08,80.44,0.9767,0,2,remax,https://www.remax.com.py/es-py/propiedades/terreno/venta/cambyreta/143085019-398,Itapúa,
423,"Encarnación, Itapúa",,terreno,937,land,,,380000,380000,USD,0.412,0,0.7656,1,0,609,0.7656,286.5,0,0,405.55,80.44,0.9767,0,1,remax,https://www.remax.com.py/es-py/propiedades/terreno/venta/encarnacion/143011036-98,Itapúa,Encarnación
424,"Mariano Roque Alonso, Central",,casa,80,built,3,1,70422.35,410000000,PYG,0.412,0,0.8095,0.9444,0,354,0.8095,140,0,0,880.28,551.23,0.8778,0,1,remax,https://www.remax.com.py/es-py/propiedades/casa/venta/mariano-roque-alonso/143084005-95,Central,Mariano Roque Alonso
425,"Piribebuy, Cordillera",,terreno,962,land,2,2,65269.5,380000000,PYG,0.412,0,0.7647,1,0,303,0.7647,146,0,0,67.85,23.03,0.9565,0,1,remax,https://www.remax.com.py/es-py/propiedades/terreno/venta/piribebuy/143063128-236,Cordillera,
426,Asunción,Villa Morra,departamento,51,built,1,1,99000,99000,USD,0.412,0,0.9769,0.7341,0,708,0.9769,66.5,0,0,1941.18,1402.44,0.7937,0,1,remax,https://www.remax.com.py/es-py/propiedades/departamento/venta/asuncion/143010038-330,Asunción,
427,"Luque, Central",,departamento,65,built,2,2,83304.49,485000000,PYG,0.411,0,0.9504,0.7661,0,515,0.9504,48,0,0,1281.61,1104.4,0.8065,0,2,remax,https://www.remax.com.py/es-py/propiedades/departamento/venta/luque/143075156-12,Central,Luque
428,"Fernando de la Mora, Central",,departamento,47,built,1,1,59990,59990,USD,0.411,0,0.9504,0.7661,0,668,0.9504,48,0,0,1276.38,1104.4,0.8065,0,1,remax,https://www.remax.com.py/es-py/propiedades/departamento/venta/fernando-de-la-mora/143071051-28,Central,Fernando de la Mora
429,"Mariano Roque Alonso, Central",,casa,100,built,2,1,137409.47,800000000,PYG,0.411,0,0.7619,1,0,303,0.7619,140,0,0,1374.09,551.23,1,0,1,remax,https://www.remax.com.py/es-py/propiedades/casa/venta/mariano-roque-alonso/143100032-2,Central,Mariano Roque Alonso
430,Asunción,Villa Aurelia,terreno,493.74,land,5,3,326347.49,1900000000,PYG,0.411,0,0.9022,0.8245,0,422,0.9022,155.5,0,0,660.97,428.57,0.8298,0,1,remax,https://www.remax.com.py/es-py/propiedades/terreno/venta/asuncion/143100044-3,Asunción,
431,"Luque, Central",,terreno,360,land,,,60116.64,350000000,PYG,0.41,0,0.9967,0.7036,0,1376,0.9967,126,0,0,166.99,93.41,0.7815,0,2,remax,https://www.remax.com.py/es-py/propiedades/terreno/venta/luque/143010117-30,Central,Luque
432,"Fernando de la Mora, Central",,casa,150,built,2,2,128821.38,750000000,PYG,0.41,0,0.8148,0.9306,0,359,0.8148,140,0,0,858.81,551.23,0.8722,0,1,remax,https://www.remax.com.py/es-py/propiedades/casa/venta/fernando-de-la-mora/143100042-10,Central,Fernando de la Mora
433,"Limpio, Central",,casa,124,built,3,2,67845.93,395000000,PYG,0.41,0.75,0.5079,0,0,142,0.5079,140,1,0.1222,547.14,551.23,0.4944,0,1,remax,https://www.remax.com.py/es-py/propiedades/casa/venta/limpio/143037043-132,Central,Limpio
434,"San Bernardino, Cordillera",,departamento,84,built,3,2,158960,158960,USD,0.41,0,0.9838,0.7158,0,831,0.9838,53,0,0,1892.38,1335.64,0.7863,0,1,remax,https://www.remax.com.py/es-py/propiedades/departamento/venta/san-bernardino/143098017-39,Cordillera,San Bernardino
435,"Mariano Roque Alonso, Central",,terreno,360,land,,,60116.64,350000000,PYG,0.41,0,0.9935,0.7036,0,893,0.9935,126,0,0,166.99,93.41,0.7815,0,1,remax,https://www.remax.com.py/es-py/propiedades/terreno/venta/mariano-roque-alonso/143005074-23,Central,Mariano Roque Alonso
436,Asunción,Pettirossi,casa,341,built,6,3,120233.29,700000000,PYG,0.409,0.5833,0.7386,0,0,346,0.7386,189.5,1,0.0667,352.59,649.09,0.0941,0,1,remax,https://www.remax.com.py/es-py/propiedades/casa/venta/asuncion/143061088-7,Asunción,
437,Asunción,Ycuá Satí,departamento,44,total,1,1,105000,105000,USD,0.409,0,0.7821,0.9659,0,232,0.7821,66.5,0,0,2386.36,1671.33,0.8864,0,1,remax,https://www.remax.com.py/es-py/propiedades/departamento/venta/asuncion/143056032-490,Asunción,
438,"Caacupé, Cordillera",,terreno,1750,land,1,1,79010.45,460000000,PYG,0.409,0,0.902,0.8152,0,525,0.902,146,0,0,45.15,23.03,0.8261,0,1,remax,https://www.remax.com.py/es-py/propiedades/terreno/venta/caacupe/143063146-139,Cordillera,Caacupé
439,"Fernando de la Mora, Central",,casa,250,built,3,3,207831.82,1210000000,PYG,0.409,0,0.8307,0.9028,0,400,0.8307,140,0,0,831.33,551.23,0.8611,0,1,remax,https://www.remax.com.py/es-py/propiedades/casa/venta/fernando-de-la-mora/143071055-300,Central,Fernando de la Mora
440,"Lambaré, Central",,casa,264,built,3,3,291995.13,1700000000,PYG,0.408,0,0.7513,1,0,283,0.7513,140,0,0,1106.04,551.23,0.9611,0,1,remax,https://www.remax.com.py/es-py/propiedades/casa/venta/lambare/143094036-36,Central,Lambaré
441,"Luque, Central",,casa,82,built,3,2,74716.4,435000000,PYG,0.408,0,0.7513,1,0,284,0.7513,140,0,0,911.18,551.23,0.9,0,1,remax,https://www.remax.com.py/es-py/propiedades/casa/venta/luque/143071054-535,Central,Luque
442,"Luque, Central",,casa,65,built,2,1,72139.97,420000000,PYG,0.408,0,0.7513,1,0,283,0.7513,140,0,0,1109.85,551.23,0.9667,0,2,remax,https://www.remax.com.py/es-py/propiedades/casa/venta/luque/143063059-84,Central,Luque
443,"Cambyretá, Itapúa",,terreno,567,land,,,180349.93,1050000000,PYG,0.408,0,0.75,1,0,536,0.75,286.5,0,0,318.08,80.44,0.9767,0,1,remax,https://www.remax.com.py/es-py/propiedades/terreno/venta/cambyreta/143011030-216,Itapúa,
444,"Cambyretá, Itapúa",,terreno,720,land,,,140000,140000,USD,0.408,0,0.75,1,0,596,0.75,286.5,0,0,194.44,80.44,0.9767,0,1,remax,https://www.remax.com.py/es-py/propiedades/terreno/venta/cambyreta/143011030-212,Itapúa,
445,Asunción,Villa Morra,departamento,42,total,1,1,93600,93600,USD,0.407,0,0.8872,0.8239,0,365,0.8872,66.5,0,0,2228.57,1671.33,0.8295,0,1,remax,https://www.remax.com.py/es-py/propiedades/departamento/venta/asuncion/143025033-460,Asunción,
446,"Luque, Central",,duplex,170,built,3,3,226725.63,1320000000,PYG,0.407,0,0.7463,1,0,303,0.7463,150,0,0,1333.68,740.46,1,0,1,remax,https://www.remax.com.py/es-py/propiedades/duplex/venta/luque/143063128-237,Central,Luque
447,"Altos, Cordillera",,terreno,360,land,,,15115.04,88000000,PYG,0.407,0,0.9804,0.7065,0,923,0.9804,146,0,0,41.99,23.03,0.7826,0,1,remax,https://www.remax.com.py/es-py/propiedades/terreno/venta/altos/143005083-2,Cordillera,Altos
448,"Altos, Cordillera",,terreno,720,land,,,30230.08,176000000,PYG,0.407,0,0.9804,0.7065,0,923,0.9804,146,0,0,41.99,23.03,0.7826,0,1,remax,https://www.remax.com.py/es-py/propiedades/terreno/venta/altos/143005083-1,Cordillera,Altos
449,Asunción,La Encarnación,casa,160,built,4,3,180000,180000,USD,0.406,0,0.9432,0.75,0,814,0.9432,189.5,0,0,1125,649.09,0.8,0,1,remax,https://www.remax.com.py/es-py/propiedades/casa/venta/asuncion/143071070-50,Asunción,
450,Asunción,Las Mercedes,departamento,48,total,1,1,99900,99900,USD,0.405,0,0.9923,0.6818,0,970,0.9923,66.5,0,0,2081.25,1671.33,0.7727,0,1,remax,https://www.remax.com.py/es-py/propiedades/departamento/venta/asuncion/143010075-163,Asunción,
451,Asunción,Las Mercedes,departamento,69,total,2,1,144279.94,840000000,PYG,0.405,0,0.9923,0.6818,0,848,0.9923,66.5,0,0,2091.01,1671.33,0.7727,0,2,remax,https://www.remax.com.py/es-py/propiedades/departamento/venta/asuncion/143038046-115,Asunción,
452,"Presidente Franco, Alto Paraná",,terreno,487,land,,,118515.67,690000000,PYG,0.404,0,0.7355,1,0,193,0.7355,130,0,0,243.36,80.9,0.9024,0,1,remax,https://www.remax.com.py/es-py/propiedades/terreno/venta/presidente-franco/143099038-1,Alto Paraná,
453,"Cambyretá, Itapúa",,terreno,1428,land,,,171761.84,1000000000,PYG,0.404,0,0.9531,0.7267,0,1141,0.9531,286.5,0,0,120.28,80.44,0.7907,0,1,remax,https://www.remax.com.py/es-py/propiedades/terreno/venta/cambyreta/143011022-95,Itapúa,
454,"Cambyretá, Itapúa",,terreno,764,land,,,94469.01,550000000,PYG,0.404,0,0.9531,0.7267,0,1214,0.9531,286.5,0,0,123.65,80.44,0.7907,0,1,remax,https://www.remax.com.py/es-py/propiedades/terreno/venta/cambyreta/143085019-81,Itapúa,
455,Asunción,Villa Morra,departamento,58,total,2,2,129500,129500,USD,0.403,0,0.8615,0.8381,0,337,0.8615,66.5,0,0,2232.76,1671.33,0.8352,0,1,remax,https://www.remax.com.py/es-py/propiedades/departamento/venta/asuncion/143098133-592,Asunción,
456,"Ñemby, Central",,casa,70,built,2,1,58399.03,340000000,PYG,0.403,0,0.8095,0.9028,0,352,0.8095,140,0,0,834.27,551.23,0.8611,0,1,remax,https://www.remax.com.py/es-py/propiedades/casa/venta/nemby/143071054-520,Central,Ñemby
457,"Fernando de la Mora, Central",,terreno,528.7,land,,,99621.87,580000000,PYG,0.403,0,0.8627,0.8361,0,344,0.8627,126,0,0,188.43,93.41,0.8344,0,1,remax,https://www.remax.com.py/es-py/propiedades/terreno/venta/fernando-de-la-mora/143080211-6,Central,Fernando de la Mora
458,"San Lorenzo, Central",,duplex,100,built,3,3,111645.2,650000000,PYG,0.403,0,0.7313,1,0,290,0.7313,150,0,0,1116.45,740.46,0.9623,0,1,remax,https://www.remax.com.py/es-py/propiedades/duplex/venta/san-lorenzo/143096011-85,Central,San Lorenzo
459,"Fernando de la Mora, Central",,departamento,64,built,2,1,82560,82560,USD,0.403,0,0.9174,0.7661,0,302,0.9174,48,0,0,1290,1104.4,0.8065,0,1,remax,https://www.remax.com.py/es-py/propiedades/departamento/venta/fernando-de-la-mora/143100035-42,Central,Fernando de la Mora
460,"Limpio, Central",,casa,73.5,built,1,2,68704.74,400000000,PYG,0.403,0,0.7302,1,0,249,0.7302,140,0,0,934.76,551.23,0.9111,0,1,remax,https://www.remax.com.py/es-py/propiedades/casa/venta/limpio/143071092-17,Central,Limpio
461,"San Lorenzo, Central",,casa,80,built,3,1,84163.3,490000000,PYG,0.403,0,0.7302,1,0,259,0.7302,140,0,0,1052.04,551.23,0.95,0,1,remax,https://www.remax.com.py/es-py/propiedades/casa/venta/san-lorenzo/143019044-124,Central,San Lorenzo
462,"Encarnación, Itapúa",,casa,300,built,4,5,250000,250000,USD,0.402,0,0.9615,0.7065,0,1235,0.9615,178,0,0,833.33,537.5,0.7826,0,1,remax,https://www.remax.com.py/es-py/propiedades/casa/venta/encarnacion/143085019-64,Itapúa,Encarnación
463,"Encarnación, Itapúa",,casa,143,built,4,1,120233.29,700000000,PYG,0.402,0,0.9615,0.7065,0,970,0.9615,178,0,0,840.79,537.5,0.7826,0,1,remax,https://www.remax.com.py/es-py/propiedades/casa/venta/encarnacion/143085018-20,Itapúa,Encarnación
464,"Lambaré, Central",,casa,340,built,4,3,278254.18,1620000000,PYG,0.402,0,0.8148,0.8889,0,361,0.8148,140,0,0,818.39,551.23,0.8556,0,1,remax,https://www.remax.com.py/es-py/propiedades/casa/venta/lambare/143068032-195,Central,Lambaré
465,"San Bernardino, Cordillera",,casa,140,built,3,2,173000,173000,USD,0.401,0,0.7241,1,0,249,0.7241,160,0,0,1235.71,739.88,0.9259,0,1,remax,https://www.remax.com.py/es-py/propiedades/casa/venta/san-bernardino/143061061-134,Cordillera,San Bernardino
466,"Lambaré, Central",,terreno,456,land,,,77292.83,450000000,PYG,0.401,0,0.9477,0.7202,0,508,0.9477,126,0,0,169.5,93.41,0.7881,0,1,remax,https://www.remax.com.py/es-py/propiedades/terreno/venta/lambare/143098112-5,Central,Lambaré
467,"Lambaré, Central",,terreno,1200,land,,,200000,200000,USD,0.401,0,0.9608,0.7036,0,605,0.9608,126,0,0,166.67,93.41,0.7815,0,1,remax,https://www.remax.com.py/es-py/propiedades/terreno/venta/lambare/143071067-71,Central,Lambaré
468,"San Lorenzo, Central",,casa,105,built,3,1,77292.83,450000000,PYG,0.401,0,1,0.6528,0,1716,1,140,0,0,736.12,551.23,0.7611,0,1,remax,https://www.remax.com.py/es-py/propiedades/casa/venta/san-lorenzo/143080002-15,Central,San Lorenzo
469,Asunción,Mariscal López,casa,220,built,3,3,250000,250000,USD,0.4,0,0.8977,0.7794,0,557,0.8977,189.5,0,0,1136.36,649.09,0.8118,0,1,remax,https://www.remax.com.py/es-py/propiedades/casa/venta/asuncion/143028074-18,Asunción,
